price,km,Fuel,Gears,age,Previous_Owners,hp_kW,Inspection_new,Displacement_cc,Weight_kg,cons_comb
15770,56013.0,Diesel,7,3,2,66,1,1422,1220,3.8
14500,80000.0,Benzine,7,2,1,141,0,1798,1255,5.6
14640,83450.0,Diesel,7,3,1,85,0,1598,1135,3.8
14500,73000.0,Diesel,6,3,1,66,0,1422,1195,3.8
16790,16200.0,Diesel,7,3,1,66,1,1422,1135,4.1
15090,63668.0,Diesel,7,3,1,85,0,1598,1135,3.5
16422,62111.0,Diesel,7,3,1,85,1,1598,1195,3.7
14480,14986.0,Diesel,7,3,1,66,1,1422,1180,3.7
16700,57000.0,Diesel,7,3,1,85,0,1598,1275,3.7
17990,16103.0,Benzine,7,2,1,70,0,999,1135,4.2
18500,11300.0,Diesel,7,1,1,85,0,1598,1250,4.0
17990,26415.0,Benzine,7,3,1,92,1,1395,1135,4.9
18380,31600.0,Benzine,7,3,1,92,0,1395,1135,4.9
18399,45764.0,Benzine,7,3,1,112,0,1395,1135,4.2
17990,34914.0,Benzine,7,3,1,70,0,999,1135,4.2
18700,27000.0,Diesel,7,3,1,85,0,1598,1275,3.7
18900,9752.0,Diesel,5,1,1,85,0,1598,1175,3.5
18500,28408.0,Diesel,7,2,1,66,0,1422,1220,3.8
18400,50280.0,Benzine,7,3,1,70,0,999,1065,4.5
18500,13406.0,Diesel,7,1,1,85,0,1598,1135,3.8
18500,51160.0,Diesel,7,2,1,85,0,1598,1275,4.0
18500,15850.0,Benzine,7,3,1,92,1,1395,1180,4.9
18900,17000.0,Benzine,7,3,1,92,0,1395,1190,4.9
18850,9077.0,Diesel,7,1,1,85,0,1598,1630,3.7
18500,3000.0,Benzine,7,1,1,70,0,999,1165,4.4
8999,115000.0,Benzine,5,3,1,70,0,999,1135,4.2
11444,84029.0,Benzine,5,3,1,70,1,999,1180,4.2
11300,67800.0,Benzine,5,3,1,70,0,999,1135,4.2
18900,14556.0,Diesel,7,1,1,66,0,1422,1135,4.3
11290,22000.0,Benzine,5,3,1,70,0,999,1180,4.4
11290,38400.0,Diesel,5,3,1,66,0,1422,1195,3.0
11440,83307.0,Diesel,5,3,1,66,0,1422,1195,3.6
11445,39668.0,Benzine,5,3,1,70,1,999,1180,4.4
11700,30353.0,Diesel,5,3,1,66,0,1422,1195,3.7
11900,126000.0,Diesel,5,3,1,66,0,1422,1205,3.7
11949,57500.0,Benzine,5,3,1,70,1,999,1180,4.4
11890,73945.0,Benzine,5,3,1,70,1,999,1110,4.4
11600,96000.0,Diesel,5,2,1,66,0,1422,1195,3.7
11900,43120.0,Benzine,5,3,2,60,0,999,1110,4.2
11630,110715.0,Diesel,5,3,1,66,0,1422,1180,4.4
11880,31971.0,Benzine,5,3,1,60,1,999,1110,4.4
11800,94800.0,Diesel,5,3,1,66,1,1422,1180,3.4
11850,85000.0,Diesel,5,3,1,66,1,1422,1180,3.4
11569,111265.0,Diesel,5,3,1,66,0,1422,1180,4.4
11490,44120.0,Diesel,5,3,1,66,0,1422,1135,3.6
11490,97976.0,Benzine,5,3,1,70,0,999,1110,4.2
11500,106000.0,Diesel,5,3,1,66,0,1422,1195,3.7
11790,60000.0,Diesel,5,3,0,85,0,1598,1250,3.7
11490,58000.0,Benzine,5,3,2,60,1,999,1180,4.4
11470,57454.0,Benzine,5,3,1,60,1,999,1675,4.4
11480,94055.0,Diesel,5,3,1,66,0,1422,1180,4.4
11180,56000.0,Benzine,5,3,1,70,0,999,1135,4.2
11450,27600.0,Benzine,5,3,1,70,0,999,1135,4.2
11100,111670.0,Diesel,5,3,1,85,0,1598,1250,3.0
10900,30500.0,Diesel,5,3,1,66,0,1422,1180,3.8
10999,69500.0,Benzine,5,2,1,70,0,999,1180,4.4
10900,43500.0,Benzine,5,3,1,60,0,999,1180,4.2
10950,45696.0,Benzine,5,3,1,70,0,999,1135,4.4
10800,34000.0,Diesel,5,3,2,66,0,1422,1165,3.8
10600,55000.0,Benzine,5,3,2,70,0,999,1110,4.2
10800,99000.0,Diesel,5,3,1,66,0,1422,1205,3.7
9950,118500.0,Benzine,5,3,1,70,1,999,1110,4.4
10300,85000.0,Benzine,5,3,1,70,0,999,1135,4.2
10000,192000.0,Diesel,5,3,1,85,1,1598,1250,3.9
10490,130000.0,Diesel,5,3,1,66,1,1422,1180,3.9
18900,41294.0,Benzine,7,3,1,71,0,999,1065,4.4
18900,64000.0,Diesel,7,2,1,85,0,1598,1720,4.2
18900,13135.0,Benzine,7,1,1,70,0,999,1625,4.2
18900,4250.0,Benzine,7,2,1,70,0,999,1135,4.4
18890,2949.0,Benzine,7,1,1,70,0,999,1135,4.4
18890,17861.0,Benzine,7,2,1,71,0,999,1135,4.2
18890,22800.0,Benzine,7,2,1,92,0,1395,1180,5.1
18880,5108.0,Benzine,7,2,1,70,1,999,1165,4.4
18880,11335.0,Benzine,7,1,1,70,1,999,1135,4.4
18880,6396.0,Benzine,7,1,1,70,0,999,1135,4.4
18880,47800.0,Diesel,7,3,1,85,1,1598,1180,3.8
18880,7021.0,Benzine,7,1,1,70,0,929,1180,4.4
18880,30952.0,Benzine,7,3,1,92,0,1395,1180,5.2
18880,33991.0,Benzine,7,3,1,92,1,1395,1135,5.2
18870,35800.0,Diesel,7,2,1,66,1,1422,1135,3.8
18850,7672.0,Diesel,7,1,1,85,0,1598,1630,3.7
18870,8430.0,Benzine,7,1,1,70,1,999,1180,4.6
18497,40488.0,Diesel,5,3,1,85,1,1598,1250,4.0
18490,24200.0,Diesel,7,2,2,66,0,1422,1195,4.1
18490,26500.0,Diesel,7,2,2,66,1,1422,1180,4.0
18490,58806.0,Benzine,7,3,1,71,0,999,1065,4.4
18500,39000.0,Diesel,7,3,1,85,0,1598,1250,3.8
18490,16700.0,Benzine,7,2,1,92,0,1395,1215,5.1
18490,41900.0,Benzine,7,3,1,92,0,1395,1135,5.1
18480,15093.0,Benzine,7,3,1,92,0,1395,1180,4.9
18480,5211.0,Diesel,7,1,1,66,0,1422,1135,4.0
18470,12000.0,Benzine,7,1,2,70,1,999,1180,4.6
18444,50066.0,Benzine,7,3,1,92,0,1395,1180,4.9
18400,51484.0,Benzine,7,2,1,71,0,999,1065,4.4
18400,14770.0,Diesel,7,1,2,85,0,1598,1135,3.8
18900,12415.0,Diesel,7,1,2,85,0,1598,1275,4.0
18900,26064.0,Diesel,7,1,2,85,0,1598,1275,4.0
18900,16500.0,Diesel,7,1,1,85,0,1598,1275,4.0
18900,9000.0,Benzine,7,3,1,92,0,1395,1215,4.9
18900,12402.0,Diesel,7,1,1,85,0,1598,1275,4.0
18900,14702.0,Diesel,7,1,1,85,0,1598,1275,4.0
18900,14523.0,Diesel,7,1,1,85,0,1598,1275,4.0
18900,9082.0,Diesel,7,1,1,85,0,1598,1275,4.0
18900,9580.0,Diesel,5,1,1,85,0,1598,1175,3.5
18900,10013.0,Diesel,5,1,1,85,0,1598,1175,3.5
18900,10450.0,Diesel,5,1,1,85,0,1598,1175,3.5
18900,14878.0,Diesel,7,1,1,85,0,1598,1275,4.0
18900,10273.0,Diesel,5,1,1,85,0,1598,1175,3.5
18900,47500.0,Benzine,7,3,1,71,0,999,1065,4.4
18900,9466.0,Diesel,5,1,1,85,0,1598,1175,3.5
18900,18971.0,Diesel,7,1,1,85,0,1598,1200,3.7
18900,31877.0,Benzine,7,1,1,70,0,999,1165,4.5
18900,9878.0,Diesel,5,1,1,85,0,1598,1175,3.5
18900,17535.0,Benzine,7,1,1,70,0,999,1180,4.6
18850,76264.0,Benzine,7,3,1,92,0,1395,1115,4.9
18850,6695.0,Benzine,7,1,1,70,0,999,1180,4.6
18850,21275.0,Benzine,7,3,1,92,1,1395,1135,4.9
18850,12261.0,Diesel,7,1,1,66,0,1422,1665,3.9
18840,3620.0,Benzine,7,1,1,70,0,999,1135,4.4
18800,8330.0,Diesel,5,1,1,85,1,1598,1250,3.5
18750,20306.0,Benzine,7,1,1,70,0,999,1165,4.4
18730,1.0,Benzine,7,0,1,85,0,999,1200,4.8
18690,31750.0,Benzine,7,3,1,92,1,1395,1180,4.2
18600,19800.0,Benzine,7,2,1,70,0,999,1165,4.4
18500,52000.0,Diesel,7,3,1,85,0,1598,1275,4.0
18500,15500.0,Benzine,7,1,1,70,0,999,1135,4.4
18620,25977.0,Benzine,7,3,1,92,1,1395,1180,5.0
18500,9000.0,Benzine,7,2,1,70,0,999,1135,4.4
18500,65000.0,Diesel,7,2,1,66,0,1422,1250,3.8
18500,14493.0,Diesel,7,1,1,85,0,1598,1275,4.0
18500,33500.0,Benzine,7,2,1,92,0,1395,1215,4.9
18333,4800.0,Benzine,7,1,1,70,1,999,1165,4.4
18350,51000.0,Benzine,7,3,1,70,0,999,1040,4.4
18349,7307.0,Benzine,7,2,1,70,1,999,1165,4.4
18333,5500.0,Benzine,7,1,1,70,1,999,1165,4.4
18300,35500.0,Diesel,7,1,1,66,0,1422,1220,4.0
18300,18000.0,Benzine,7,2,2,92,0,1395,1135,4.9
18290,40000.0,Benzine,7,2,2,92,0,1395,1660,4.2
18250,14551.0,Diesel,7,1,1,85,0,1598,1135,4.0
18200,16500.0,Diesel,6,1,1,85,0,999,1135,4.2
18185,26700.0,Diesel,7,3,1,85,1,1598,1180,3.8
18150,8000.0,Benzine,7,2,2,70,0,999,1165,4.4
18000,15000.0,Diesel,6,1,1,85,0,1598,1225,3.8
17998,14436.0,Benzine,7,2,2,92,1,1395,1180,5.2
17998,72624.0,Benzine,7,3,2,92,1,1395,1180,5.2
17990,13960.0,Diesel,7,3,1,66,1,1422,1195,3.9
17990,40301.0,Benzine,7,3,1,92,1,1395,1135,5.2
17990,19990.0,Benzine,7,2,2,71,0,999,1135,4.2
17990,3087.0,Benzine,7,1,1,70,0,999,1180,4.4
17989,37626.0,Diesel,7,3,1,66,0,1422,1195,4.1
17980,22980.0,Benzine,7,2,1,70,1,999,1135,4.4
17980,57926.0,Diesel,7,3,1,66,1,1422,1180,3.8
17970,3900.0,Benzine,7,2,2,92,0,1395,1215,4.9
17980,7924.0,Benzine,7,3,1,92,1,1395,1135,4.9
17970,6257.0,Diesel,7,2,1,85,0,1598,1250,4.0
17950,29800.0,Diesel,7,3,1,85,0,1598,1200,3.7
17950,35816.0,Benzine,7,3,1,70,0,999,1065,4.4
17950,12960.0,Benzine,7,1,1,92,1,1395,1135,4.9
17950,8600.0,Benzine,7,1,1,70,1,999,1165,4.4
17950,14300.0,Diesel,7,2,2,70,0,999,1090,4.2
17944,9463.0,Benzine,7,1,1,70,1,999,1165,4.4
17940,20326.0,Benzine,7,3,1,92,1,1395,1180,4.9
17950,70000.0,Benzine,7,3,2,70,0,999,1180,4.4
17500,23664.0,Diesel,7,1,2,66,0,1422,1135,4.2
17500,51900.0,Diesel,7,3,1,66,1,1422,1195,3.8
17500,15000.0,Benzine,7,2,2,70,0,999,1165,4.4
17500,33000.0,Benzine,7,3,1,92,0,1395,1215,4.9
17450,12000.0,Diesel,7,3,1,66,0,1422,1217,3.8
17500,42000.0,Diesel,7,2,2,66,0,1422,1220,3.8
17930,25976.0,Diesel,7,2,1,85,0,1598,1275,4.0
17500,26299.0,Benzine,5,2,1,70,0,999,1135,4.2
17495,40000.0,Benzine,7,2,2,70,0,999,1135,4.4
17490,36530.0,Diesel,7,2,1,66,0,1422,1220,3.8
17490,29159.0,Diesel,7,2,1,67,0,1422,1135,4.2
17490,55000.0,Benzine,7,3,2,141,0,1798,1255,5.8
17449,40133.0,Benzine,7,3,1,70,1,999,1165,4.4
17445,38562.0,Benzine,7,2,2,92,1,1395,1215,4.9
17444,7300.0,Benzine,7,1,1,70,1,999,1165,4.4
17440,10457.0,Benzine,7,2,2,92,0,1395,1215,4.9
17420,27058.0,Benzine,7,3,1,70,1,999,1180,4.4
17450,38344.0,Benzine,7,3,1,70,1,999,1180,4.4
17445,45276.0,Benzine,7,3,1,110,1,1395,1135,4.7
17370,16607.0,Benzine,7,1,1,70,1,999,1180,4.4
17350,26462.0,Benzine,7,3,1,70,1,999,1180,4.4
17900,62000.0,Diesel,7,2,1,66,0,1422,1195,3.8
17930,40257.0,Diesel,7,2,1,85,1,1598,1250,3.8
17920,36709.0,Diesel,7,3,1,85,1,1598,1180,3.8
17900,25330.0,Benzine,7,2,1,70,0,999,1610,4.5
17900,11300.0,Diesel,7,3,1,66,0,999,1180,4.4
17900,10170.0,Benzine,7,1,1,70,1,999,1180,4.6
17900,12260.0,Diesel,7,1,1,85,0,1598,1275,4.0
17900,44604.0,Benzine,7,3,1,70,0,999,1180,4.2
17900,25751.0,Benzine,7,2,1,71,0,999,1135,4.2
17900,13000.0,Benzine,7,2,1,70,0,999,1165,4.4
17900,63136.0,Benzine,7,3,1,70,0,999,1135,4.4
17900,21900.0,Diesel,7,2,1,85,0,1598,1175,4.2
17900,23357.0,Benzine,7,3,1,70,0,999,1580,4.4
17900,40000.0,Benzine,7,3,2,110,0,1395,1180,5.0
17900,63136.0,Benzine,7,3,2,70,0,999,1135,4.4
17890,27950.0,Benzine,7,3,1,92,1,1395,1180,4.9
16900,3150.0,Benzine,7,3,1,70,0,999,1165,4.4
17900,4810.0,Benzine,7,1,1,70,1,999,1180,4.6
16900,32700.0,Diesel,7,2,1,66,0,1422,1135,4.0
16900,67790.0,Diesel,7,3,2,66,0,1422,1165,4.0
17890,63500.0,Diesel,7,2,2,85,1,1598,1135,3.8
17900,37702.0,Benzine,7,2,2,93,0,1395,1135,4.2
17900,40164.0,Diesel,7,2,1,66,0,1422,1220,3.8
16900,47750.0,Benzine,7,3,2,71,0,999,1135,4.2
16890,39600.0,Benzine,7,3,1,92,1,1395,1180,5.2
16890,29200.0,Benzine,7,3,1,70,1,999,1135,4.4
16880,32103.0,Benzine,7,3,1,70,1,999,1135,4.4
16880,19700.0,Benzine,7,2,1,70,0,999,1180,4.4
16880,6680.0,Benzine,8,2,1,70,1,999,1180,4.4
16880,49100.0,Benzine,6,3,1,92,1,1395,1155,5.1
16879,30348.0,Benzine,7,3,1,92,1,1395,1215,5.2
16870,7680.0,Diesel,7,2,1,66,0,1422,1195,4.1
16850,36400.0,Diesel,7,3,1,66,1,1422,1195,4.0
16840,49800.0,Benzine,7,3,2,92,0,1395,1135,4.9
16830,50200.0,Benzine,7,3,1,92,0,1395,1180,4.9
16876,47500.0,Benzine,7,3,1,92,1,1395,1215,4.9
16820,24762.0,Benzine,7,2,1,70,1,999,1180,4.4
16800,36236.0,Benzine,5,3,1,70,0,999,1135,5.1
16790,38831.0,Benzine,7,3,1,92,0,1395,1180,5.2
16780,18556.0,Diesel,7,2,1,66,0,1422,1220,3.7
16530,36625.0,Diesel,7,3,1,85,0,1598,1180,4.0
16500,25000.0,Benzine,7,3,1,92,0,1395,1660,4.9
16500,36041.0,Diesel,7,2,1,85,0,1598,1275,4.0
16500,36500.0,Diesel,7,3,1,85,0,1598,1275,3.7
16500,66000.0,Diesel,7,3,1,85,0,1598,1275,3.7
16490,90000.0,Diesel,7,3,1,67,0,1422,1135,4.2
16490,14000.0,Benzine,7,3,1,70,1,999,1135,4.4
16490,16081.0,Benzine,7,3,1,70,1,999,1135,4.4
16480,32863.0,Benzine,6,3,1,92,1,1395,1135,4.2
16480,54889.0,Benzine,7,3,1,70,1,999,1135,4.4
16450,18392.0,Benzine,7,3,1,70,1,999,1165,4.4
16480,40800.0,Benzine,7,3,1,92,1,1395,1180,4.9
16480,60490.0,Diesel,7,3,1,66,0,1422,1195,4.1
16444,33142.0,Benzine,7,3,2,70,1,999,1180,4.4
16430,40500.0,Benzine,6,3,2,92,1,1395,1155,5.1
16443,13819.0,Benzine,7,3,1,92,0,1395,1180,4.9
17300,18800.0,Diesel,7,3,1,66,0,1422,1220,3.8
17240,40550.0,Benzine,7,3,1,92,1,1395,1135,4.9
17150,25000.0,Benzine,7,3,1,70,0,999,1140,4.4
17000,46000.0,Diesel,7,2,1,85,0,1598,1135,3.7
16999,31987.0,Diesel,7,2,1,85,0,1598,1180,4.0
16999,52800.0,Benzine,7,3,1,110,1,1395,1230,4.7
16995,57178.0,Diesel,7,3,1,67,0,1422,1135,4.2
16990,36500.0,Diesel,7,2,2,85,0,1598,1275,4.0
16990,14000.0,Benzine,7,2,2,70,0,999,1157,4.4
16980,59500.0,Benzine,7,3,1,92,0,1395,1180,5.1
16970,26861.0,Diesel,7,3,1,85,0,1598,1275,3.9
16950,13200.0,Benzine,7,1,1,70,1,999,1165,4.4
16975,19177.0,Benzine,7,2,2,70,1,999,1180,4.4
16950,19044.0,Benzine,7,2,1,70,0,999,1180,4.6
16930,40500.0,Benzine,7,3,1,70,1,999,1180,4.4
16900,33000.0,Diesel,7,2,2,66,0,1422,1220,4.0
16900,21000.0,Diesel,7,2,2,66,0,1422,1180,3.8
16900,58033.0,Diesel,7,3,1,85,0,1598,1135,3.7
16900,32000.0,Diesel,7,2,2,85,0,1598,1200,3.7
17890,12500.0,Benzine,7,3,1,70,1,999,1135,4.5
17890,36530.0,Diesel,7,2,1,66,0,1422,1135,3.8
17880,5991.0,Benzine,7,1,1,70,0,999,1135,4.4
17880,33306.0,Benzine,7,2,1,70,1,999,1140,4.4
17850,52896.0,Benzine,7,3,2,92,1,1395,1180,4.9
17750,32000.0,Diesel,7,2,1,85,0,1598,1275,4.0
17820,9998.0,Benzine,7,2,1,92,1,1395,1180,4.9
17790,49198.0,Diesel,7,3,2,67,0,1422,1135,4.2
17777,28600.0,Diesel,7,2,1,66,0,1422,1135,3.8
17820,59000.0,Benzine,7,2,1,92,0,1395,1135,5.0
17770,10300.0,Benzine,7,1,1,70,0,999,1135,4.4
17700,24550.0,Benzine,7,2,1,70,0,999,1610,4.4
17700,26000.0,Diesel,7,3,2,85,0,1596,1135,3.6
17700,40800.0,Benzine,7,3,2,70,0,999,1090,4.4
17700,24550.0,Benzine,7,2,1,70,0,999,1165,4.4
17660,7701.0,Benzine,7,1,1,70,0,999,1165,4.4
17650,19500.0,Benzine,7,2,2,92,0,1395,1215,4.9
17650,45605.0,Diesel,7,2,1,66,0,1422,1220,3.8
17530,45200.0,Benzine,7,3,1,92,1,1395,1135,4.9
17500,22500.0,Benzine,5,2,2,70,0,999,1135,4.2
15420,44585.0,Diesel,7,3,1,85,0,1598,1180,3.8
15250,32750.0,Benzine,7,3,1,70,1,999,1135,4.4
15250,61980.0,Diesel,7,3,1,66,1,1422,1165,3.8
15190,37500.0,Benzine,7,2,1,70,0,999,1135,4.2
15200,49600.0,Diesel,5,3,1,66,0,1422,1205,3.9
15180,76275.0,Diesel,7,3,1,85,0,1598,1225,4.0
15380,46900.0,Diesel,7,3,1,85,1,1598,1135,4.0
14250,10000.0,Benzine,7,3,1,70,0,999,1165,4.4
14450,49466.0,Diesel,7,3,1,66,1,1422,1135,4.1
14470,48800.0,Benzine,7,3,2,70,1,999,1180,4.6
14350,94300.0,Diesel,7,3,1,85,1,1598,1135,3.8
14210,18600.0,Benzine,7,3,1,70,1,999,1110,4.4
14300,67278.0,Diesel,7,3,1,66,0,1422,1120,3.6
13892,69850.0,Diesel,7,3,1,66,1,1422,1135,3.8
13990,46000.0,Diesel,7,3,1,85,1,1598,1792,4.0
13950,10000.0,Benzine,7,3,1,70,0,999,1065,4.4
13900,108000.0,Diesel,7,3,1,66,0,1422,1250,3.8
14990,35367.0,Benzine,7,3,1,70,1,999,1180,4.4
15000,78000.0,Diesel,7,2,1,85,0,1598,1275,3.9
14998,137066.0,Diesel,7,3,1,85,1,1598,1180,4.0
14990,34000.0,Diesel,7,3,1,85,1,1598,1275,4.1
14990,9600.0,Benzine,7,2,1,70,0,999,1180,4.6
13880,88800.0,Diesel,7,3,1,66,0,1422,1180,3.8
13500,59150.0,Diesel,7,3,1,66,0,1422,1205,3.4
13480,110375.0,Diesel,7,3,1,66,0,1422,1135,3.8
13450,26310.0,Benzine,7,1,1,70,0,999,1165,4.4
13250,65000.0,Benzine,7,3,2,70,1,999,1110,4.4
14990,49351.0,Diesel,7,3,2,66,0,1422,1180,4.0
13599,58380.0,Diesel,7,3,1,66,1,1422,1135,3.8
15700,31100.0,Diesel,5,3,1,85,0,1598,1135,4.2
15680,79244.0,Benzine,7,3,1,92,1,1395,1135,4.2
15750,58722.0,Diesel,7,3,1,85,1,1598,1135,3.8
15660,11725.0,Benzine,7,3,1,70,0,999,1635,4.4
15750,41600.0,Diesel,7,3,2,85,1,1598,1135,3.8
11000,56000.0,Diesel,7,3,2,85,0,1598,1275,3.9
14990,60000.0,Diesel,7,3,2,66,0,1422,1165,3.6
14959,56967.0,Benzine,7,3,2,70,1,999,1135,4.4
14959,56967.0,Benzine,7,3,2,70,1,999,1180,4.4
14930,87300.0,Benzine,7,3,1,92,1,1395,1180,4.9
14930,86698.0,Benzine,7,3,2,70,1,999,1135,4.4
14950,70000.0,Diesel,7,3,2,66,0,1422,1250,3.8
14930,87300.0,Benzine,7,3,1,92,1,1395,1135,4.9
14900,115900.0,Diesel,7,2,2,85,0,1598,1135,3.8
14850,25000.0,Benzine,7,3,1,70,0,999,1180,4.6
14890,58718.0,Diesel,7,3,1,85,0,1598,1180,4.0
14700,35730.0,Benzine,7,3,1,92,1,1395,1180,5.1
14799,75000.0,Diesel,7,3,1,66,0,1422,1165,3.8
16395,58525.0,Benzine,7,3,1,70,0,999,1135,4.4
16250,37000.0,Benzine,7,3,1,70,0,999,1165,4.4
16400,42000.0,Benzine,7,3,1,92,0,1395,1215,4.9
16290,53000.0,Diesel,7,3,2,85,0,1598,1180,4.0
16199,31235.0,Benzine,7,3,2,70,1,999,1165,4.4
15998,72761.0,Benzine,7,3,2,71,0,999,1090,4.4
15990,73575.0,Diesel,7,3,2,85,0,1598,1135,4.3
16000,19000.0,Diesel,7,2,1,66,0,1422,1250,4.0
16150,19068.0,Benzine,7,2,1,70,0,999,1165,4.4
16000,11000.0,Diesel,7,3,1,85,0,1598,1275,3.7
15993,33200.0,Benzine,7,3,1,92,1,1395,1180,5.2
15990,45000.0,Diesel,7,3,1,85,0,1598,1275,4.0
15990,42900.0,Diesel,7,3,1,66,0,1422,1180,3.8
15980,52900.0,Diesel,7,3,1,66,0,1422,1220,3.7
15590,40500.0,Benzine,7,3,1,70,0,999,1180,4.4
15990,146140.0,Diesel,7,3,1,85,0,1598,1275,3.7
15980,44300.0,Diesel,7,3,2,85,1,1598,1135,3.8
15990,9300.0,Benzine,7,1,1,70,1,999,1180,4.4
15980,72192.0,Diesel,7,3,1,85,0,1598,1225,4.0
15990,46123.0,Benzine,7,3,1,92,1,1395,1180,5.1
15580,18150.0,Diesel,7,2,1,66,1,1422,1135,3.8
15490,42979.0,Benzine,7,3,1,70,0,999,1135,4.4
15500,24000.0,Diesel,7,3,1,66,0,999,1135,4.2
15490,40528.0,Diesel,7,2,1,66,0,1422,1195,3.4
15500,104000.0,Benzine,7,3,1,70,0,999,1065,4.4
15500,63473.0,Diesel,7,3,1,85,0,1598,1275,4.0
15490,29950.0,Benzine,7,3,1,110,0,1395,1205,4.7
15480,25320.0,Benzine,7,3,1,92,0,1395,1155,5.1
15450,24030.0,Diesel,7,2,1,66,0,1422,1180,4.0
15450,36590.0,Benzine,7,3,1,70,1,999,1180,4.4
15450,34011.0,Diesel,7,3,1,85,0,999,1135,3.0
15450,25600.0,Diesel,7,3,1,66,0,1422,1220,4.0
15444,13776.0,Benzine,7,3,1,70,0,999,1180,4.4
15960,34400.0,Benzine,7,3,1,70,1,999,1180,4.4
15960,34400.0,Benzine,7,3,1,70,1,999,1135,4.4
15930,66844.0,Diesel,7,3,1,85,0,1598,1275,4.0
15900,58000.0,Diesel,7,3,0,66,0,1598,1210,3.9
15900,40000.0,Diesel,7,3,0,85,0,1598,1250,3.8
15900,41500.0,Benzine,7,3,1,70,1,999,1165,4.4
15425,43255.0,Benzine,7,3,1,70,1,999,1180,4.4
15889,42023.0,Benzine,7,3,2,70,1,999,1180,4.4
15970,36950.0,Benzine,7,3,1,70,1,999,1135,4.4
15889,106829.0,Diesel,7,3,1,85,1,1598,1275,4.0
15880,49880.0,Diesel,7,2,2,66,1,1422,1135,3.8
15850,50272.0,Benzine,7,3,1,70,1,999,1165,4.4
15850,69900.0,Diesel,7,3,1,66,1,1422,1195,4.0
15800,19582.0,Benzine,7,3,1,70,0,999,1135,4.4
15790,43954.0,Benzine,7,3,1,70,1,999,1135,4.4
15840,32910.0,Benzine,7,3,1,70,0,999,1135,4.4
15830,23327.0,Benzine,7,3,1,70,0,999,1165,4.6
15790,32814.0,Benzine,7,3,2,70,0,999,1135,4.4
15789,59702.0,Diesel,7,3,1,85,1,1598,1135,3.8
15784,65838.0,Diesel,7,3,1,67,0,1422,1135,4.2
15780,23211.0,Benzine,7,3,1,70,0,999,1135,4.4
12170,97930.0,Diesel,5,3,1,66,1,1422,1180,3.9
12490,70000.0,Diesel,5,3,1,66,1,1422,1195,3.7
12820,54392.0,Benzine,5,3,1,70,0,999,1180,4.2
11950,73000.0,Benzine,5,3,1,70,0,999,1135,4.2
12480,111380.0,Diesel,5,3,1,85,0,1598,1135,3.7
12480,63350.0,Benzine,5,3,1,70,1,999,1135,4.2
12480,129550.0,Diesel,5,3,2,85,0,1598,1135,3.7
12900,28978.0,Diesel,5,3,2,66,0,1422,1640,3.7
13420,61220.0,Benzine,5,3,1,70,1,999,1135,4.4
13490,71000.0,Diesel,5,2,2,66,0,1422,1135,3.7
13490,24999.0,Benzine,5,3,1,70,0,999,1135,4.2
13490,46400.0,Benzine,5,3,1,70,0,999,1110,4.2
12900,62400.0,Diesel,5,3,1,66,1,1422,1135,3.7
13680,81600.0,Diesel,5,3,1,66,1,1422,1135,3.7
13640,65500.0,Benzine,5,3,1,60,0,999,1135,4.2
13650,25950.0,Benzine,5,3,1,60,0,999,1135,4.2
13490,32779.0,Benzine,5,3,1,70,1,999,1180,4.4
13660,75800.0,Diesel,5,3,1,85,1,1598,1180,3.8
13680,23450.0,Benzine,5,3,1,92,1,1395,1180,5.1
13750,63952.0,Benzine,5,3,1,70,1,999,1135,4.2
13900,34000.0,Benzine,5,3,1,60,0,999,1110,4.2
13900,47155.0,Benzine,5,3,1,70,1,999,1135,4.4
13900,80000.0,Diesel,5,3,1,66,0,1422,1205,3.4
13900,39838.0,Benzine,6,3,1,92,0,1395,1180,5.2
13890,29600.0,Benzine,5,3,1,70,0,999,1060,4.2
13890,30000.0,Benzine,5,3,1,70,1,999,1180,4.4
13890,22223.0,Benzine,5,2,1,60,0,999,1180,4.4
13890,107592.0,Diesel,5,3,1,85,1,1598,1180,4.0
13890,125000.0,Diesel,5,3,1,85,1,1598,1180,3.9
13900,20000.0,Benzine,5,2,1,60,0,999,1135,4.2
13890,38900.0,Diesel,5,3,1,85,0,1598,1175,3.5
13890,18371.0,Diesel,5,2,1,67,0,1422,1195,3.7
13940,84708.0,Diesel,5,3,2,66,1,1422,1135,3.7
13940,115000.0,Diesel,5,3,1,85,1,1598,1135,3.7
13940,58011.0,Diesel,5,3,1,66,0,1422,1180,3.7
13900,56989.0,Diesel,5,3,1,66,0,1422,1195,3.7
13900,65000.0,Benzine,5,3,1,70,0,999,1135,4.3
13900,40200.0,Benzine,5,3,1,70,1,999,1180,4.4
13900,59000.0,Benzine,5,3,1,70,0,999,1135,4.2
13900,24978.0,Diesel,5,3,1,85,0,1598,1225,3.7
13900,10000.0,Diesel,5,2,1,66,0,1422,1205,3.7
13900,100000.0,Diesel,5,3,1,85,0,1598,1250,3.8
13900,44000.0,Benzine,5,3,1,60,0,999,1110,4.2
13900,36040.0,Benzine,5,3,1,70,1,999,1135,4.4
13900,84500.0,Diesel,5,3,1,66,0,1422,1180,3.6
13900,45521.0,Diesel,5,3,1,66,0,1422,1105,3.7
13900,61582.0,Diesel,5,3,1,66,0,1422,1105,3.7
13900,67992.0,Diesel,5,3,1,66,0,1422,1105,3.7
13900,54000.0,Benzine,5,3,1,70,0,999,1155,4.2
13900,100816.0,Diesel,5,3,1,85,0,1598,1135,3.8
13900,49000.0,Benzine,5,3,1,70,0,999,1135,4.3
13880,69347.0,Diesel,5,3,1,66,1,1422,1135,4.1
13888,80120.0,Benzine,5,3,1,70,0,999,1180,4.4
13880,88483.0,Diesel,5,3,1,66,1,1422,1205,3.7
13880,51400.0,Benzine,5,3,1,70,1,999,1135,4.4
13880,63150.0,Benzine,5,3,1,70,0,999,1135,4.2
13880,41961.0,Benzine,5,3,1,70,0,999,1135,4.4
13750,63608.0,Benzine,5,3,1,70,1,999,1135,4.2
13750,41515.0,Diesel,5,3,1,66,0,1422,1105,3.7
13750,91500.0,Diesel,5,3,1,66,0,1422,1205,3.9
13720,62400.0,Diesel,5,3,1,66,1,1422,1180,3.7
13719,31255.0,Benzine,5,3,1,70,1,999,1135,4.2
13700,37000.0,Diesel,5,3,1,66,0,1422,1195,3.7
13710,55850.0,Benzine,5,3,1,70,1,999,1110,4.4
13700,70000.0,Diesel,5,3,2,66,0,1422,1135,4.2
13700,70000.0,Diesel,5,3,2,66,0,1422,1205,3.9
13700,87500.0,Benzine,5,3,2,70,0,999,1180,4.4
13700,62500.0,Diesel,5,3,1,66,0,1422,1205,3.9
13700,77000.0,Benzine,5,3,1,70,0,999,1135,4.2
13700,53000.0,Benzine,5,3,1,70,0,999,1135,5.1
13700,39283.0,Benzine,5,3,1,70,1,999,1135,4.4
13700,56539.0,Benzine,5,3,1,70,0,999,1135,4.4
13690,32894.0,Benzine,5,3,1,70,0,999,1135,4.4
13685,100200.0,Diesel,5,3,1,85,1,1598,1180,4.0
13680,15100.0,Benzine,5,3,2,60,1,999,1135,4.2
13880,51218.0,Diesel,5,3,1,66,1,1422,1180,4.4
13000,88879.0,Benzine,6,3,1,92,0,1395,1180,5.1
13000,29000.0,Benzine,5,3,2,60,0,999,1110,4.2
13000,29000.0,Diesel,5,3,2,66,0,1422,1640,3.7
13000,37500.0,Benzine,5,3,1,60,0,999,1110,4.2
13000,28500.0,Benzine,5,3,1,70,0,999,1110,4.2
13000,46689.0,Benzine,5,3,1,70,0,999,1110,4.2
12999,21600.0,Benzine,5,3,2,70,0,999,1135,4.2
12999,16885.0,Benzine,5,3,1,60,1,999,1135,4.4
12999,22500.0,Diesel,5,3,1,66,0,1422,1165,3.8
12999,80050.0,Benzine,5,3,1,70,1,999,1135,4.2
12990,17631.0,Benzine,5,3,1,70,1,999,1135,4.2
12990,65550.0,Benzine,5,3,1,70,1,999,1135,4.2
12990,66115.0,Diesel,5,3,1,66,0,1422,1135,4.2
12990,56355.0,Diesel,5,3,1,66,0,1422,1135,4.2
13680,93543.0,Diesel,5,3,1,66,0,1422,1195,4.1
13680,79854.0,Diesel,5,3,1,85,0,1598,1250,3.5
12990,118200.0,Diesel,5,3,1,66,0,1422,1135,4.2
12990,62079.0,Benzine,5,3,1,70,1,999,1135,4.2
13680,33928.0,Benzine,5,3,1,60,0,999,1285,4.4
12990,41200.0,Benzine,5,3,1,70,1,999,1180,4.4
13860,92602.0,Diesel,5,3,1,85,1,1598,1180,4.0
13840,20680.0,Benzine,5,3,1,60,0,999,1135,4.2
13850,31284.0,Benzine,5,3,1,70,1,999,1180,4.2
13850,45258.0,Benzine,5,3,1,70,0,999,1135,4.2
13830,46460.0,Benzine,5,3,1,70,1,999,1180,4.2
13820,22033.0,Benzine,5,3,1,70,1,999,1180,4.2
13820,67359.0,Benzine,5,3,1,70,0,999,1180,4.2
13800,94800.0,Diesel,5,3,1,66,0,1422,1105,3.4
13800,85000.0,Diesel,5,3,1,66,0,1422,1105,3.4
13800,53000.0,Diesel,5,3,1,85,1,1598,1250,4.0
13799,31779.0,Benzine,6,3,1,92,1,1395,1180,5.1
13794,32264.0,Benzine,5,3,1,70,1,999,1135,4.4
13790,57000.0,Diesel,5,3,1,66,0,1422,1195,3.7
13790,49400.0,Benzine,5,3,1,60,1,999,1135,4.2
12990,59835.0,Diesel,5,3,1,66,0,1422,1195,3.7
13780,51400.0,Benzine,5,3,1,70,1,999,1135,4.2
13560,63250.0,Diesel,5,3,1,66,1,1422,1135,3.7
13550,61129.0,Diesel,5,3,1,66,0,1422,1195,3.7
13770,28235.0,Benzine,5,3,1,70,1,999,1180,4.2
13400,103195.0,Diesel,5,3,1,66,0,1422,1205,3.9
13400,56917.0,Benzine,5,3,1,70,0,999,1135,4.2
13400,88497.0,Diesel,5,3,1,66,0,1422,1105,3.7
13400,81431.0,Diesel,5,3,1,66,0,1422,1105,3.7
13400,96063.0,Diesel,5,3,1,66,0,1422,1105,3.7
13400,69815.0,Diesel,5,3,1,66,0,1422,1105,3.7
13400,82813.0,Diesel,5,3,1,66,0,1422,1105,3.7
13390,17900.0,Benzine,5,2,2,70,0,999,1135,4.2
13390,28600.0,Benzine,5,3,1,70,1,999,1180,4.4
13350,40365.0,Diesel,5,3,1,66,0,1422,1195,3.7
13290,59000.0,Diesel,5,3,1,85,0,1600,1135,4.2
13380,50437.0,Benzine,5,3,1,70,0,999,1135,4.4
13360,52706.0,Diesel,5,3,1,85,1,1598,1250,3.7
13300,82089.0,Diesel,5,3,1,85,0,1598,1250,3.7
13295,35237.0,Benzine,5,3,1,70,1,999,1135,4.3
13290,64000.0,Diesel,5,3,1,66,0,1422,1195,3.7
13260,19500.0,Benzine,5,3,1,70,0,999,1180,4.4
13200,29136.0,Diesel,5,3,1,66,0,1422,1195,3.7
13200,53000.0,Benzine,5,3,1,70,0,999,1110,4.2
13550,55800.0,Benzine,5,3,1,92,1,1395,1180,5.1
13500,103000.0,Diesel,5,3,1,85,0,1598,1250,3.8
13500,46664.0,Diesel,5,3,1,66,0,1422,1105,3.7
13500,100000.0,Benzine,5,2,1,70,0,1000,1500,4.4
13500,8400.0,Benzine,5,1,1,60,0,999,1110,4.2
13500,92449.0,Benzine,5,3,1,70,0,999,1110,4.2
13500,34100.0,Benzine,5,3,2,70,0,999,1180,4.4
13500,50707.0,Benzine,5,3,0,70,0,999,1135,5.1
13500,81340.0,Benzine,5,3,1,70,0,999,1135,4.2
13200,66500.0,Diesel,5,3,2,66,0,1422,1165,3.8
12989,46200.0,Benzine,5,3,2,70,1,999,1110,4.2
12985,65849.0,Diesel,5,3,1,66,1,1422,1135,3.8
12980,92350.0,Benzine,5,3,1,70,0,999,1135,4.2
12980,42906.0,Benzine,5,3,1,60,0,999,1135,4.4
12980,53980.0,Diesel,5,3,1,66,0,1422,1135,3.7
12980,70017.0,Benzine,5,3,2,70,0,999,1135,4.4
12980,79650.0,Diesel,5,3,2,66,0,1422,1135,4.2
12950,100000.0,Diesel,5,3,1,85,0,1598,1235,3.8
12960,28860.0,Benzine,5,3,1,70,1,999,1110,4.2
12950,41250.0,Diesel,5,3,1,66,0,1422,1165,3.8
12950,27600.0,Benzine,5,3,1,70,0,999,1135,4.2
12950,23311.0,Benzine,5,3,1,60,1,999,1135,4.4
12950,95000.0,Diesel,5,3,1,66,0,1422,1195,3.4
12950,168000.0,Diesel,5,3,1,85,1,1598,1180,3.9
12950,55100.0,Benzine,5,3,1,70,1,999,1135,4.2
12930,52291.0,Benzine,5,3,2,60,1,999,1110,4.2
12900,76000.0,Diesel,5,3,2,66,0,1422,1180,3.7
12920,31619.0,Benzine,5,3,1,70,1,999,1180,4.2
12920,30251.0,Benzine,5,3,1,70,1,999,1180,4.2
13490,33983.0,Benzine,5,3,1,70,0,999,1180,4.4
13490,137145.0,Diesel,5,3,1,85,1,1598,1250,4.0
13480,66200.0,Benzine,5,3,1,92,1,1395,1155,4.9
13480,66200.0,Benzine,5,3,1,92,0,1395,1155,4.9
13480,4381.0,Benzine,5,3,2,70,0,999,1135,4.2
13490,45733.0,Diesel,5,3,1,67,0,1422,1135,4.2
13475,58680.0,Benzine,6,3,2,92,1,1395,1180,5.2
13470,51300.0,Benzine,5,3,1,70,0,999,1135,4.2
13470,52811.0,Diesel,5,3,1,66,1,1422,1180,4.4
13450,27997.0,Benzine,5,3,1,60,0,999,1088,4.2
13450,84530.0,Benzine,5,3,1,70,0,999,1110,4.2
13450,24768.0,Diesel,5,3,1,66,1,1422,1165,3.8
13430,58500.0,Benzine,5,3,1,70,0,999,1135,4.2
13430,57300.0,Benzine,5,3,1,70,0,999,1135,4.2
13430,57300.0,Benzine,5,3,1,70,0,999,1180,4.2
12790,96000.0,Benzine,5,3,1,70,0,999,1625,4.2
12788,28642.0,Benzine,5,3,1,60,1,999,1135,4.4
12780,64000.0,Benzine,5,3,1,70,1,999,1180,4.4
12740,91875.0,Diesel,5,3,1,66,1,1422,1135,3.4
12736,17100.0,Benzine,5,3,2,70,1,999,1180,4.4
12720,31705.0,Benzine,5,3,1,70,1,999,1180,4.2
12750,75287.0,Diesel,5,3,1,66,1,1422,1180,4.1
12750,47000.0,Diesel,5,3,1,66,0,1422,1205,3.9
12700,36621.0,Benzine,5,3,1,70,1,999,1180,4.4
12700,146710.0,Diesel,5,3,1,66,0,1422,1205,3.7
12550,95000.0,Diesel,5,3,1,85,0,1598,1250,3.8
12500,59000.0,Benzine,5,3,1,60,0,999,1135,4.2
12699,37000.0,Benzine,5,3,1,60,0,999,1135,4.2
12600,46580.0,Diesel,5,3,1,66,0,999,1135,4.2
12600,53000.0,Benzine,5,3,1,70,1,999,1135,4.2
12699,124521.0,Diesel,5,3,1,66,0,1422,1205,3.4
12550,98000.0,Benzine,6,3,2,92,0,1395,1180,5.1
12900,42000.0,Benzine,5,3,2,70,0,999,1110,4.2
12900,105139.0,Diesel,5,3,2,66,0,1422,1165,3.6
12900,148257.0,Diesel,5,2,1,85,0,1598,1180,3.9
12500,65000.0,Benzine,5,3,2,70,0,999,1135,4.2
12500,64000.0,Diesel,5,3,2,66,0,1422,1205,3.7
12900,44638.0,Benzine,5,3,1,70,1,999,1135,4.2
12900,64000.0,Diesel,5,3,1,66,0,1422,1195,3.4
12900,95729.0,Diesel,5,3,1,66,0,1422,1165,3.6
12900,64000.0,Diesel,5,3,0,66,0,1422,1205,3.9
12899,26559.0,Benzine,5,3,1,70,1,999,1110,4.2
12890,64500.0,Benzine,5,3,1,70,0,999,1135,4.2
12888,23337.0,Benzine,5,3,2,60,1,999,1675,4.2
12890,18699.0,Benzine,5,3,1,70,1,999,1135,4.2
12890,76950.0,Diesel,5,3,2,85,1,1598,1225,3.5
12888,28043.0,Benzine,5,3,1,60,1,999,1135,4.4
12880,68048.0,Diesel,5,3,1,66,0,1422,1180,3.4
12500,37170.0,Diesel,5,3,1,66,0,1422,1640,3.7
12860,19600.0,Benzine,5,3,1,70,1,999,1135,4.2
12850,39900.0,Benzine,5,3,1,70,1,999,1135,4.2
12840,28970.0,Benzine,5,3,1,70,0,999,1135,4.2
12820,31945.0,Benzine,5,3,1,70,1,999,1180,4.2
12000,103000.0,Diesel,5,3,1,66,0,1422,1195,3.7
12000,60000.0,Diesel,5,3,1,85,0,1598,1250,3.7
12000,57100.0,Benzine,5,3,2,70,0,999,1135,4.2
11999,79000.0,Benzine,5,3,1,70,0,999,1110,5.1
11990,77764.0,Diesel,5,2,1,67,0,1422,1135,4.2
11990,85636.0,Diesel,5,3,1,85,0,1598,1180,3.8
11999,95000.0,Diesel,5,3,1,85,1,1598,1250,3.8
11990,100000.0,Benzine,5,3,1,70,0,999,1110,4.2
11999,69000.0,Diesel,5,3,1,66,0,1422,1195,3.7
11993,102816.0,Diesel,5,3,1,85,0,1598,1180,4.4
11990,72973.0,Diesel,5,2,1,67,0,1422,1135,4.2
11990,64976.0,Diesel,5,3,1,66,0,1422,1165,3.8
11990,36200.0,Benzine,5,3,1,70,0,999,1135,4.55
11990,40300.0,Benzine,5,3,1,70,0,999,1097,4.2
11982,47625.0,Benzine,5,3,1,60,1,999,1180,4.4
11950,39500.0,Benzine,5,3,1,70,1,999,1135,4.2
11950,100000.0,Benzine,5,3,1,60,0,999,1110,4.2
12500,38994.0,Diesel,5,3,1,66,0,1422,1640,3.7
11990,45000.0,Benzine,5,3,3,60,1,999,1180,4.4
11980,87195.0,Diesel,5,3,1,66,0,1422,1135,3.7
12479,136000.0,Diesel,5,3,1,85,1,1598,1250,3.5
12400,83000.0,Diesel,5,3,1,66,1,1422,1180,3.4
12470,29700.0,Benzine,5,3,1,60,1,999,1110,4.2
12499,39020.0,Diesel,5,3,1,66,1,1422,1180,3.9
12451,35100.0,Benzine,5,3,1,70,1,999,1110,4.4
12440,25308.0,Benzine,5,3,1,70,1,999,1135,4.4
12400,72000.0,Benzine,5,3,1,70,0,999,1135,4.3
12490,28000.0,Benzine,5,2,1,60,1,999,1180,4.4
12390,47685.0,Diesel,5,3,1,66,0,1422,1135,4.2
12380,27100.0,Benzine,5,3,1,70,1,999,1110,4.4
12380,33455.0,Benzine,5,3,1,70,1,999,1180,4.2
12350,45000.0,Diesel,5,2,1,66,0,1422,1165,3.8
12200,58112.0,Benzine,5,3,1,70,0,999,1110,4.0
12200,28500.0,Benzine,5,3,1,70,1,999,1180,4.2
13945,98299.0,Diesel,5,3,1,85,0,1598,1125,3.7
13979,55600.0,Benzine,6,3,1,92,1,1395,1195,5.1
13980,12746.0,Benzine,5,1,1,70,1,999,1135,4.4
13980,111792.0,Diesel,5,3,1,85,0,1598,1180,4.4
13980,71313.0,Benzine,5,3,1,92,0,1395,1180,4.4
13990,21200.0,Benzine,5,2,1,70,1,999,1180,4.2
13990,21200.0,Benzine,5,2,1,70,1,999,1135,4.2
13990,21200.0,Benzine,5,2,2,60,0,999,1110,4.2
13990,78935.0,Diesel,5,3,1,66,0,1422,1135,4.2
13990,81600.0,Benzine,5,3,1,70,0,999,1135,4.2
14340,79600.0,Diesel,5,3,1,85,1,1598,1250,3.8
22150,4650.0,Benzine,7,2,2,70,0,999,1180,4.4
32000,1.0,Benzine,7,0,1,85,0,999,1230,4.8
17999,26000.0,Diesel,7,3,1,85,0,1598,1275,3.7
22090,7600.0,Benzine,7,1,1,85,0,999,1230,4.8
31990,10.0,Benzine,7,0,1,85,0,999,1180,4.4
13990,65594.0,Diesel,5,3,1,66,0,1422,1165,3.4
14200,66900.0,Diesel,5,3,1,66,0,1422,1135,3.7
37900,7000.0,Benzine,6,0,1,147,0,1984,1240,6.0
14340,26090.0,Benzine,5,3,1,70,0,999,1135,4.2
14330,48900.0,Diesel,5,3,1,85,1,1598,1180,3.7
14330,45163.0,Diesel,5,3,1,66,1,1422,1195,3.9
14300,44770.0,Benzine,5,3,1,60,0,999,1135,4.2
14300,57337.0,Benzine,5,3,1,70,1,999,1180,4.4
14300,52369.0,Diesel,5,3,1,66,0,1422,1195,3.7
14295,71240.0,Diesel,5,2,2,86,0,1598,1180,4.4
14280,23311.0,Benzine,5,3,1,70,1,999,1580,4.4
14280,34663.0,Benzine,5,3,1,70,1,999,1180,4.2
14275,29237.0,Benzine,5,3,1,70,0,999,1135,4.4
14250,47750.0,Benzine,5,3,1,70,0,999,1135,4.2
14240,52820.0,Benzine,5,3,2,70,1,999,1180,4.2
14220,11707.0,Benzine,5,1,1,60,1,999,1110,4.2
14220,15767.0,Benzine,5,2,2,70,0,999,1110,4.2
14200,31056.0,Benzine,5,2,1,70,0,999,1135,4.2
14200,49298.0,Diesel,5,3,1,66,0,1422,1165,3.4
14200,66900.0,Diesel,5,3,1,66,0,1422,1120,3.7
14200,40000.0,Benzine,5,3,1,70,1,999,1180,4.4
35900,200.0,Benzine,7,0,1,85,0,999,1230,4.8
33900,1.0,Benzine,7,1,1,85,0,999,1230,4.8
30000,0.0,Benzine,7,0,0,85,0,999,1230,4.8
14200,80400.0,Diesel,5,3,1,85,0,1598,1250,3.7
26400,1.0,Benzine,7,0,1,85,0,999,1230,4.8
26500,50.0,Benzine,7,0,1,85,0,999,1230,4.8
26500,20.0,Benzine,7,0,1,85,0,999,1230,4.8
27900,100.0,Benzine,7,0,1,85,0,999,1230,4.8
26900,1000.0,Benzine,7,0,1,85,0,999,1255,4.8
28290,5.0,Benzine,7,0,1,85,0,999,1135,4.2
26900,100.0,Benzine,7,0,1,85,0,999,1230,4.8
25900,1647.362609,Benzine,7,0,0,85,0,999,1255,4.8
23490,22001.0,Benzine,7,2,1,140,0,999,1205,5.8
22500,8000.0,Diesel,7,2,1,66,0,1422,1220,4.0
14200,44000.0,Diesel,5,3,1,85,0,1598,1250,3.8
14200,40887.0,Diesel,5,3,1,85,0,1598,1175,3.5
22500,10500.0,Diesel,7,1,1,85,0,1598,1275,4.0
14199,61846.0,Benzine,5,3,1,60,0,999,1135,4.2
14200,47300.0,Diesel,5,3,2,66,0,1422,1180,3.6
14000,29343.0,Diesel,5,2,1,85,0,1598,1695,3.7
14000,4500.0,Benzine,5,3,1,60,0,999,1110,4.2
14000,12500.0,Benzine,5,2,1,70,0,999,1110,4.2
14000,40000.0,Benzine,5,3,1,70,0,999,1110,4.2
14000,40000.0,Benzine,5,2,1,70,0,999,1110,4.3
14000,49200.0,Benzine,5,3,2,70,0,999,1135,4.2
14000,61000.0,Diesel,5,3,1,66,0,1422,1205,3.9
14000,46000.0,Diesel,5,3,1,66,0,1422,1205,3.7
13999,46892.0,Benzine,5,3,1,70,1,999,1135,4.3
13999,76000.0,Diesel,5,3,1,66,0,1422,1195,3.4
13990,15757.0,Benzine,5,2,1,70,1,999,1135,4.2
13990,24000.0,Benzine,5,3,2,60,1,999,1180,4.2
14000,55000.0,Benzine,6,3,1,92,0,1395,1180,5.1
21000,22000.0,Diesel,7,2,1,66,0,1422,1195,3.8
20900,15097.0,Benzine,7,1,1,70,0,999,1135,4.2
20800,19594.0,Diesel,7,2,1,85,0,1598,1135,3.7
20000,33500.0,Benzine,7,2,1,141,0,1798,1280,5.6
19900,64000.0,Diesel,7,3,1,66,0,1422,1220,3.6
19000,16500.0,Benzine,7,2,1,70,0,999,1165,4.4
20500,14400.0,Diesel,7,1,1,85,0,1598,1275,3.7
19000,60000.0,Diesel,7,3,1,66,0,1422,1250,3.8
18900,5000.0,Diesel,7,1,1,66,0,1422,1220,4.0
18500,30000.0,Diesel,7,2,1,66,0,1422,1220,3.6
18500,6718.0,Diesel,7,1,1,66,0,1422,1250,4.0
18500,26792.0,Diesel,7,3,1,85,0,1598,1135,3.7
18000,9950.0,Benzine,7,2,1,70,0,999,1165,4.4
18000,15000.0,Diesel,7,1,1,85,0,1598,1275,3.7
18300,12500.0,Diesel,7,1,1,66,0,1422,1250,3.8
18000,70000.0,Diesel,7,3,1,66,0,1422,1250,3.8
18000,30000.0,Diesel,7,2,1,66,0,1422,1220,3.8
17945,53694.0,Benzine,7,3,1,70,0,999,1065,4.4
17500,29000.0,Diesel,7,3,1,66,0,1422,1250,3.6
17000,15000.0,Benzine,7,3,1,70,0,999,1165,4.4
16900,41000.0,Diesel,7,3,1,66,0,1422,1250,3.8
16800,19200.0,Diesel,7,1,1,85,0,1598,1275,4.0
16500,44000.0,Diesel,7,3,1,66,0,1422,1250,3.8
16500,43000.0,Diesel,7,3,1,85,0,1598,1275,4.0
16500,55000.0,Diesel,7,3,1,66,0,1422,1250,3.6
15999,45000.0,Diesel,7,2,1,85,0,1598,1275,3.7
15980,27448.0,Benzine,7,2,2,70,0,999,1135,4.2
15950,53900.0,Diesel,7,3,1,66,0,1422,1250,4.0
15900,55300.0,Diesel,7,3,1,85,0,1598,1275,3.7
15900,49000.0,Diesel,7,3,1,85,0,1598,1275,4.0
15800,65000.0,Diesel,7,3,1,85,0,1598,1275,3.7
15500,8900.0,Benzine,7,3,1,70,0,999,1140,4.4
14440,27015.0,Benzine,5,3,1,70,1,999,1580,4.2
14300,92000.0,Diesel,7,3,1,85,0,1598,1275,3.7
12999,92470.0,Diesel,7,3,1,85,0,1598,1250,4.0
15000,32000.0,Diesel,7,3,1,66,0,1422,1195,3.6
14450,51052.0,Benzine,5,3,2,92,0,1395,1180,4.9
14440,59722.0,Diesel,5,3,1,85,0,1598,1135,3.7
15000,50000.0,Diesel,7,3,1,66,0,1598,1275,4.2
14450,25025.0,Benzine,5,3,1,60,1,999,1135,4.4
14430,34600.0,Benzine,5,3,1,70,1,999,1135,4.2
14430,34600.0,Benzine,5,3,1,70,1,999,1180,4.2
14405,33400.0,Benzine,5,3,2,70,1,999,1135,4.2
14400,4679.0,Diesel,5,2,2,66,0,999,1180,4.4
14391,30553.0,Diesel,5,2,2,85,0,1598,1225,3.0
14430,13990.0,Benzine,5,2,2,70,1,999,1180,4.2
14400,37534.0,Diesel,5,2,2,85,0,1598,1250,3.7
14390,101087.0,Benzine,5,3,2,70,0,999,1035,4.2
14390,14350.0,Benzine,5,3,2,60,0,999,1110,4.2
14390,62104.0,Benzine,5,3,2,71,0,999,1135,4.2
14390,64350.0,Diesel,5,3,1,66,1,1422,1180,3.7
14390,18455.0,Diesel,5,2,1,85,0,1598,1250,3.7
14388,25684.0,Benzine,5,3,1,66,1,1422,1135,4.2
14380,16988.0,Benzine,5,3,1,70,0,999,1135,4.4
14350,21740.0,Diesel,5,2,1,66,0,1422,1165,3.6
13990,47300.0,Diesel,5,3,2,85,1,1598,1135,3.7
13990,73000.0,Benzine,6,3,2,92,0,1395,1155,4.9
13990,78556.0,Diesel,5,3,1,66,0,1422,1195,3.4
13990,57250.0,Diesel,5,3,1,66,0,999,1180,4.4
13989,56200.0,Diesel,5,3,2,85,1,1598,1180,4.4
13980,12437.0,Benzine,5,2,1,60,1,999,1135,4.2
13990,56150.0,Diesel,5,3,1,85,0,999,1135,4.2
13990,30000.0,Benzine,5,3,1,70,0,999,1110,4.2
13990,26300.0,Benzine,5,3,1,70,1,999,1135,4.4
13980,27070.0,Benzine,5,3,1,70,0,999,1180,4.4
13970,49289.0,Diesel,5,3,1,66,0,1422,1180,4.1
13970,49289.0,Diesel,5,3,1,66,0,1422,1135,4.1
13950,53956.0,Benzine,5,3,1,70,1,999,1135,4.2
13960,89000.0,Benzine,5,3,1,70,0,999,1135,4.2
13960,15700.0,Benzine,5,3,1,70,1,999,1180,4.4
13955,60000.0,Benzine,5,2,1,70,0,999,1135,4.2
13950,50000.0,Diesel,5,3,1,66,0,1422,1195,3.7
13950,29275.0,Benzine,5,3,1,70,0,999,1135,4.2
13950,34701.0,Benzine,5,3,2,70,1,999,1135,4.2
13950,52284.0,Benzine,5,3,1,70,1,999,1135,4.2
13950,27300.0,Benzine,5,3,2,70,0,999,1010,4.2
13950,99990.0,Benzine,5,3,2,70,0,999,1135,4.0
13950,105099.0,Diesel,5,3,1,85,1,1598,1135,3.8
13950,59896.0,Benzine,5,3,1,70,1,999,1135,4.2
13950,47588.0,Benzine,5,2,1,70,1,999,1135,4.2
13950,75072.0,Benzine,5,3,1,70,1,999,1135,4.2
13950,86000.0,Diesel,5,3,1,66,0,1422,1195,3.7
13980,85775.0,Diesel,5,3,1,66,1,1422,1205,3.7
13950,52300.0,Diesel,5,2,1,66,0,1422,1205,3.4
13950,26776.0,Benzine,5,3,1,60,1,999,1180,4.2
18990,20700.0,Benzine,7,2,1,70,0,999,1090,4.4
18980,9619.0,Benzine,7,1,1,70,0,999,1135,4.4
18990,12796.0,Diesel,7,1,1,85,0,1598,1175,3.7
19120,13256.0,Benzine,7,2,1,70,0,999,1610,4.5
19875,13011.0,Benzine,7,1,1,92,0,1395,1180,4.9
19890,23033.0,Benzine,7,2,2,70,0,999,1223,4.4
19887,5394.0,Benzine,7,1,1,70,1,999,1180,4.4
20450,14500.0,Benzine,7,1,1,70,1,999,1180,4.4
20500,14405.0,Diesel,7,1,1,66,0,1422,1220,4.0
20500,25400.0,Benzine,7,2,2,70,0,999,1135,4.4
20900,9392.0,Benzine,6,1,1,71,0,999,1090,4.4
20790,15870.0,Benzine,7,2,1,92,0,1395,1180,5.1
20990,18892.0,Benzine,7,1,1,71,0,999,1135,4.2
21350,1414.0,Diesel,7,1,1,85,0,1598,1660,3.9
21400,29987.0,Benzine,7,2,1,70,0,999,1065,4.4
20900,13009.0,Diesel,7,1,1,85,0,1598,1180,4.0
21300,1647.362609,Benzine,7,0,0,85,0,999,1165,4.4
21300,1.0,Benzine,7,0,1,85,0,999,1165,4.4
21380,8668.0,Benzine,7,1,1,70,0,999,1180,4.4
20900,6256.0,Benzine,7,2,1,92,1,1395,1215,4.9
14890,15400.0,Diesel,5,2,1,66,0,1422,1180,4.4
14950,24497.0,Benzine,5,2,1,70,0,999,1010,4.2
14950,32978.0,Benzine,5,2,1,60,0,999,1530,4.2
14950,42645.0,Diesel,5,2,1,66,0,1422,1540,4.2
21500,13000.0,Diesel,7,1,1,85,0,1598,1275,3.8
14950,48200.0,Benzine,5,2,1,70,0,999,1110,4.2
21500,1125.0,Diesel,7,1,1,67,0,1422,1135,4.2
14931,13978.0,Benzine,5,2,1,60,1,999,1135,4.2
14931,13978.0,Benzine,5,2,1,60,1,999,1180,4.2
14910,15800.0,Benzine,5,2,2,60,0,999,1135,4.4
14900,58000.0,Diesel,5,2,2,85,0,1598,1250,3.8
14900,9000.0,Benzine,5,1,1,70,0,999,1580,4.3
14900,8992.0,Benzine,5,2,1,60,1,999,1110,4.2
14900,19200.0,Diesel,5,1,1,85,0,1598,1695,3.7
14900,10400.0,Benzine,5,1,1,70,0,999,1580,4.3
14900,67899.0,Diesel,5,2,1,66,0,1422,1135,3.7
14900,39450.0,Benzine,5,2,1,70,0,999,1180,4.4
14900,3000.0,Benzine,5,0,1,70,1,999,1134,4.2
14899,5900.0,Benzine,5,1,1,70,0,999,1110,4.4
14885,22000.0,Benzine,5,2,2,60,1,999,1135,4.2
14880,13650.0,Diesel,5,2,1,66,1,1422,1135,3.7
14900,47800.0,Benzine,5,2,1,70,0,999,1180,4.2
14880,11700.0,Benzine,5,2,1,60,1,999,1135,4.4
14500,25700.0,Benzine,5,2,1,70,0,999,1110,4.2
14500,15000.0,Benzine,5,1,1,70,0,999,1110,4.2
14880,12800.0,Diesel,5,2,1,66,1,1422,1165,4.1
14879,42973.0,Diesel,5,2,1,85,0,1598,1135,3.5
14500,34000.0,Benzine,6,2,1,92,0,1395,1180,5.0
14500,21400.0,Benzine,5,2,1,60,0,999,1135,4.2
14500,89000.0,Diesel,5,2,1,85,0,1598,1225,3.8
14500,12900.0,Benzine,5,2,1,70,0,999,1135,4.2
14500,64000.0,Benzine,5,2,1,70,0,999,1135,4.2
14500,27000.0,Benzine,5,2,1,60,0,999,1110,4.2
14500,17442.0,Benzine,5,1,1,70,0,999,1180,4.4
14500,20000.0,Diesel,5,2,1,85,0,1598,1250,3.7
21500,3937.0,Benzine,7,2,1,70,0,999,1135,4.4
21490,14029.0,Benzine,7,2,1,92,1,1395,1155,4.9
21490,25900.0,Benzine,7,2,1,110,1,1395,1180,4.7
21490,11400.0,Benzine,7,1,1,92,1,1395,1180,5.2
21480,4936.0,Benzine,7,1,1,92,0,1395,1135,4.9
21460,2819.0,Benzine,7,1,1,92,1,1395,1180,4.9
21460,14653.0,Benzine,7,1,1,70,1,999,1135,4.4
14790,18900.0,Benzine,5,2,1,70,1,999,1135,4.2
14790,89500.0,Diesel,5,2,1,66,1,1422,1195,3.7
21480,4212.0,Benzine,7,1,1,92,0,1395,1180,4.9
14790,26400.0,Diesel,5,2,2,66,1,1422,1135,3.7
14780,16527.0,Diesel,5,2,1,66,1,1422,1135,3.7
14780,11619.0,Diesel,5,2,1,66,1,1422,1135,3.7
14780,37064.0,Benzine,5,2,1,60,1,999,1135,4.2
14750,5200.0,Benzine,5,2,1,60,1,999,1135,4.2
14700,42700.0,Diesel,5,2,1,66,0,1422,1165,3.6
14750,25600.0,Diesel,5,2,1,66,1,1422,1195,3.7
14750,100800.0,Benzine,5,2,1,60,0,999,1625,4.2
14730,14700.0,Benzine,5,2,1,70,1,999,1135,4.2
14680,10783.0,Benzine,5,1,1,60,1,999,1135,4.2
14499,34000.0,Benzine,5,2,1,60,0,999,1135,4.2
14551,17973.0,Diesel,5,2,2,85,1,1598,1180,3.5
14500,25500.0,Diesel,5,2,2,85,0,1598,1600,3.7
14490,30757.0,Benzine,5,1,1,71,0,999,1135,4.3
14490,46450.0,Diesel,5,2,1,66,0,1422,1195,3.7
14490,53000.0,Diesel,5,2,1,85,0,999,1180,3.7
14490,26158.0,Diesel,5,2,1,87,0,1598,1250,3.7
21460,14653.0,Benzine,7,1,1,70,0,999,1135,4.4
21460,26800.0,Benzine,7,2,1,110,1,1395,1135,4.7
21450,5962.0,Benzine,7,1,1,92,0,1395,1215,4.9
21445,11042.0,Benzine,7,1,1,70,1,999,1180,4.4
21430,9900.0,Benzine,7,2,1,141,0,1798,1255,5.6
21406,1647.362609,Benzine,7,0,1,110,0,1498,1180,5.0
21420,24146.0,Benzine,7,2,1,92,1,1395,1135,5.9
21400,12000.0,Benzine,7,1,1,70,0,999,1090,4.4
21400,15201.0,Benzine,7,2,1,92,0,1395,1135,5.2
14500,15000.0,Benzine,5,2,1,60,0,999,1135,4.2
14490,77685.0,Diesel,5,2,1,66,0,1422,1195,3.7
20990,9410.0,Benzine,7,2,1,70,0,999,1157,4.4
20990,12500.0,Benzine,7,1,1,70,0,999,1180,4.4
20990,12756.0,Benzine,7,1,1,71,0,999,1135,4.2
20990,28000.0,Benzine,7,2,2,92,1,1395,1180,5.1
20990,16974.0,Benzine,7,2,1,70,0,999,1135,4.2
20990,28000.0,Benzine,7,2,2,92,0,1395,1135,5.1
20985,14300.0,Benzine,7,1,1,92,1,1395,1135,4.9
20985,6200.0,Benzine,7,1,1,70,1,999,1180,4.4
20980,1.0,Benzine,7,0,1,110,0,1498,1240,5.1
20950,32115.0,Benzine,7,2,2,71,0,999,1065,4.4
20950,6822.0,Diesel,7,1,1,85,0,1598,1660,3.9
20950,10447.0,Benzine,7,1,1,70,1,999,1180,4.4
20950,10384.0,Benzine,7,1,1,70,0,999,1135,4.4
20950,6500.0,Benzine,7,1,1,70,0,999,1165,4.4
20950,17500.0,Benzine,7,1,1,71,0,999,1065,4.4
20950,7439.0,Benzine,7,1,1,70,0,999,1165,4.4
20940,10000.0,Benzine,7,1,1,70,0,999,1195,4.5
20940,28383.0,Benzine,6,2,2,71,0,999,1065,4.4
20939,13187.0,Benzine,7,1,1,70,1,999,1180,4.4
20900,6630.0,Benzine,7,2,1,92,0,1395,1180,4.9
21300,19700.0,Benzine,7,2,4,92,0,1395,1215,4.9
21290,1200.0,Benzine,7,0,1,70,0,999,1165,4.4
21290,1.0,Benzine,7,0,1,85,0,999,1200,4.8
21285,6500.0,Benzine,7,1,1,70,1,999,1180,4.4
21275,9649.0,Benzine,7,2,1,92,1,1395,1155,4.9
21200,1647.362609,Benzine,7,0,1,85,0,999,1180,4.8
21200,28319.0,Benzine,7,1,1,92,0,1395,1135,4.9
21140,20.0,Diesel,7,1,1,66,1,1422,1135,4.0
21100,1647.362609,Benzine,6,0,0,85,0,999,1180,4.4
20999,18035.13007,Diesel,7,1,1,66,0,1422,1135,4.2
20999,8064.0,Benzine,7,2,1,92,0,1395,1660,4.2
20995,15706.0,Benzine,7,1,1,71,0,999,1135,4.2
20990,5990.0,Benzine,7,1,1,70,1,999,1135,4.4
20990,13000.0,Benzine,7,2,1,70,0,999,1135,4.2
20900,14070.0,Benzine,7,1,1,71,0,999,1135,4.2
20900,2658.0,Benzine,7,1,1,70,1,999,1165,4.4
20900,24350.0,Benzine,7,1,1,92,0,999,1135,4.2
20900,15108.0,Benzine,7,1,1,71,0,999,1135,4.2
20900,20350.0,Benzine,7,2,1,93,0,1395,1115,4.9
20900,14270.0,Benzine,7,2,1,71,0,999,1135,4.2
20900,15000.0,Diesel,7,1,1,85,0,1598,1275,4.0
20890,1450.0,Benzine,7,1,1,70,0,999,1135,4.4
20890,9385.0,Benzine,7,1,1,70,1,999,1135,4.4
20885,8885.0,Benzine,7,1,1,141,1,1798,1705,5.6
20879,6117.0,Diesel,7,1,1,66,1,1422,1135,4.0
20840,9000.0,Diesel,7,1,1,85,0,1598,1180,4.0
20860,30589.0,Diesel,7,1,1,66,1,1422,1180,4.1
20800,6476.0,Diesel,7,1,1,85,0,1598,1275,4.0
20500,12000.0,Diesel,7,2,1,66,1,1422,1220,4.0
20500,11000.0,Benzine,7,1,1,70,0,999,1090,4.4
20500,10600.0,Diesel,7,1,1,85,0,1598,1180,3.7
20800,28500.0,Benzine,7,2,1,92,0,1395,1215,4.9
20500,7000.0,Benzine,7,2,1,92,0,1395,1155,4.9
20500,12345.0,Benzine,7,2,1,110,1,1395,1230,4.7
20490,8885.0,Benzine,7,1,1,70,0,999,1180,4.4
20490,29619.0,Benzine,7,2,1,92,0,1395,1180,4.4
20490,45000.0,Benzine,7,2,1,141,0,1798,1280,5.6
20490,11570.0,Benzine,7,2,1,70,0,999,1135,4.2
20480,5110.0,Benzine,7,1,1,70,0,999,1180,4.4
20488,13000.0,Benzine,7,1,1,70,1,999,1180,4.5
20480,5000.0,Benzine,7,1,2,70,1,999,1135,4.4
20479,4879.0,Benzine,7,1,1,70,1,999,1135,4.4
20457,12123.0,Benzine,7,2,1,92,1,1395,1180,5.2
20780,15000.0,Diesel,7,1,1,66,0,1422,1180,4.0
20750,24047.0,Benzine,7,2,1,71,0,999,1065,4.4
20730,2551.0,Diesel,7,1,1,66,1,1422,1220,4.1
20700,2700.0,Benzine,7,2,1,141,0,1798,1280,5.6
20700,13500.0,Benzine,7,1,1,70,1,999,1135,4.4
20700,9990.0,Benzine,7,1,1,70,1,999,1135,4.4
20700,3254.0,Diesel,7,1,1,85,0,1598,1275,3.0
20669,6050.0,Benzine,7,1,1,92,1,1395,1215,5.1
20685,6200.0,Benzine,7,1,1,70,1,999,1180,4.4
20680,8101.0,Benzine,7,1,1,92,0,1395,1135,4.9
20650,24900.0,Benzine,7,2,2,110,1,1395,1215,4.7
20570,3300.0,Diesel,7,1,1,66,0,1422,1135,4.0
20550,1156.0,Diesel,7,1,1,85,0,1598,1660,3.9
20550,5193.0,Diesel,7,1,1,85,0,1598,1660,3.9
20500,3000.0,Benzine,8,1,1,60,0,999,1650,4.9
20500,12642.0,Diesel,7,1,1,85,0,1598,1135,4.2
20500,12903.0,Diesel,7,1,1,85,0,1598,1275,4.0
20500,9394.0,Benzine,7,2,2,70,0,999,1625,4.2
20500,12842.0,Diesel,7,1,1,85,0,1598,1135,3.7
20582,1647.362609,Benzine,7,0,0,110,0,1498,1180,5.0
19950,26208.0,Benzine,7,2,2,71,0,999,1065,4.4
19950,10771.0,Diesel,7,1,1,85,0,1598,1660,3.9
19900,20294.0,Diesel,7,2,1,85,0,1598,1200,3.7
19930,7650.0,Benzine,7,1,1,70,0,999,1180,4.4
19900,9140.0,Benzine,7,1,1,70,1,999,1135,4.4
19900,11380.0,Diesel,7,1,1,85,0,1598,1135,4.0
19900,14010.0,Diesel,7,1,1,85,0,1598,1135,3.7
19900,26144.0,Diesel,7,1,1,85,0,1598,1660,3.9
19900,16000.0,Benzine,7,2,2,92,0,1395,1215,4.9
19900,11100.0,Diesel,7,1,1,85,0,1598,1135,4.0
19900,6460.0,Benzine,7,1,1,70,0,999,1135,4.4
19900,9083.0,Benzine,7,1,1,70,0,999,1135,4.4
19900,28815.0,Benzine,7,2,2,71,0,999,1065,4.4
19890,8400.0,Benzine,7,1,1,70,1,999,1180,4.6
19900,12688.0,Benzine,7,1,1,71,0,999,1135,4.2
19890,2949.0,Benzine,7,1,1,70,0,999,1135,4.4
19890,14350.0,Benzine,7,1,1,70,1,999,1180,4.4
19890,12900.0,Benzine,7,1,1,70,1,999,1180,4.6
19890,9577.0,Benzine,7,2,1,70,1,999,1165,4.4
20450,10958.0,Benzine,7,2,1,92,0,1395,1135,4.9
20444,7476.0,Benzine,7,1,1,70,0,999,1180,4.4
20441,2830.0,Benzine,7,1,1,92,0,1395,1135,4.9
20400,9564.0,Benzine,7,1,1,70,1,999,1165,4.4
20400,16280.0,Benzine,7,2,1,71,0,999,1135,4.2
20380,1647.362609,Benzine,7,0,0,85,0,999,1180,4.8
20350,10.0,Diesel,7,1,1,85,0,1598,1660,3.9
20290,48300.0,Benzine,7,2,1,92,1,1395,1215,4.9
20090,7595.0,Benzine,7,1,1,92,0,1395,1215,4.9
20000,26000.0,Diesel,7,1,1,66,0,1422,1250,3.8
20000,11000.0,Benzine,7,2,1,70,0,999,1165,4.4
20000,17606.0,Benzine,7,1,1,92,0,1395,1135,4.2
20080,1.0,Benzine,7,0,0,85,0,999,1200,4.8
19999,21500.0,Benzine,7,2,2,70,0,999,1165,4.4
19999,35000.0,Diesel,7,2,2,85,0,1598,1275,4.0
19999,7890.0,Diesel,7,1,1,66,1,1422,1135,4.0
19999,18035.13007,Diesel,7,1,1,66,0,1422,1135,4.2
19999,6448.0,Benzine,7,1,1,92,0,1395,1565,4.2
19990,17000.0,Benzine,7,2,1,92,0,1395,1215,5.0
19990,18800.0,Diesel,7,2,1,66,0,1422,1145,3.9
19990,7500.0,Benzine,7,1,1,70,0,999,1165,4.4
19990,12000.0,Benzine,7,1,1,70,1,999,1135,4.4
19990,6722.0,Benzine,7,1,1,70,0,999,1135,4.4
19990,1918.0,Benzine,7,2,1,70,1,999,1180,4.4
19990,6118.0,Benzine,7,1,1,70,1,999,1135,4.4
19990,10057.0,Benzine,7,1,1,70,0,999,1135,4.4
19990,5516.0,Benzine,7,2,1,92,1,1395,1155,4.9
19990,13300.0,Benzine,7,1,1,70,0,999,1165,4.4
19990,16030.0,Benzine,7,1,1,71,0,999,1135,4.2
19990,18000.0,Benzine,7,1,1,71,0,999,1135,4.2
19990,15000.0,Benzine,7,1,1,71,0,999,1135,4.2
19990,7961.0,Benzine,7,1,1,92,1,1395,1180,4.9
19988,16500.0,Benzine,7,1,1,70,1,999,1180,4.4
19980,10.0,Benzine,7,2,1,70,1,999,1165,4.4
19980,6200.0,Benzine,7,1,1,70,0,999,1180,4.4
19980,15700.0,Diesel,7,1,1,66,1,1422,1135,4.0
19700,18900.0,Diesel,7,2,1,85,0,1598,1180,3.7
19977,10775.0,Diesel,7,1,1,85,1,1598,1135,4.0
19990,1647.362609,Benzine,7,0,0,85,0,999,1180,4.8
19700,15000.0,Diesel,7,1,0,85,0,1598,1275,4.0
19690,15781.0,Benzine,7,1,1,70,0,999,1135,4.5
19959,4500.0,Benzine,7,1,1,70,0,999,1135,4.4
19640,17740.0,Benzine,7,1,1,92,0,1395,1215,5.2
19600,6256.0,Benzine,7,1,1,70,0,999,1135,4.4
19640,7860.0,Diesel,7,1,1,66,1,1422,1195,4.1
19560,10870.0,Benzine,7,1,1,70,1,999,1135,4.3
19550,12984.0,Benzine,7,1,1,70,0,999,1610,4.5
19500,17000.0,Benzine,7,2,2,92,0,1395,1135,4.9
19500,13731.0,Diesel,7,1,1,85,0,1598,1275,4.0
19500,21000.0,Benzine,7,2,1,70,0,999,1165,4.4
19500,8361.0,Benzine,7,1,1,70,0,999,1135,4.4
19490,9.0,Benzine,6,1,1,92,0,1395,1180,5.2
19450,7693.0,Benzine,7,1,1,70,0,999,1135,4.4
19449,14672.0,Benzine,7,1,1,70,1,999,1135,4.5
19449,8945.0,Benzine,7,1,1,70,1,999,1265,4.5
19449,9805.0,Benzine,7,1,1,70,1,999,1135,4.2
19440,12900.0,Benzine,7,1,1,70,1,999,1135,4.4
19880,5601.0,Benzine,7,1,1,70,0,999,1180,4.4
19878,7979.0,Benzine,7,1,1,70,1,999,1135,4.4
19400,11837.0,Diesel,7,2,1,66,0,1422,1135,4.0
19870,9800.0,Benzine,7,1,1,70,0,999,1165,4.4
19850,23150.0,Diesel,7,1,1,85,0,1598,1250,4.0
19840,33306.0,Benzine,7,2,1,70,1,999,1140,4.4
19840,5995.0,Diesel,7,1,1,66,0,1422,1135,4.0
19838,1647.362609,Benzine,7,0,0,85,0,999,1200,4.0
19800,11218.0,Benzine,7,1,1,70,0,999,1165,4.4
19800,7422.0,Diesel,7,1,2,66,1,1422,1135,4.1
19780,8081.0,Benzine,7,1,1,70,0,999,1135,4.4
19770,5000.0,Benzine,7,1,1,70,1,999,1180,4.4
19779,7370.0,Benzine,7,1,1,70,1,999,1135,4.4
19700,24400.0,Diesel,7,2,1,85,0,1598,1180,3.7
19770,8300.0,Diesel,7,1,1,66,0,1422,1135,4.0
19390,8820.0,Benzine,7,1,1,70,0,999,1165,4.4
19388,10.0,Benzine,7,0,0,85,1,999,1200,4.9
19377,8176.0,Benzine,7,2,1,70,0,999,1135,4.4
19350,7200.0,Benzine,7,1,1,70,1,999,1165,4.4
19214,1647.362609,Benzine,7,0,0,85,0,999,1200,4.0
19190,11400.0,Benzine,7,1,1,70,0,999,1180,4.4
19100,16711.0,Benzine,7,1,1,71,0,999,1135,4.2
19229,8263.0,Benzine,7,1,1,70,1,999,1180,4.6
19200,13186.0,Diesel,7,1,1,85,0,1598,1135,4.0
19300,3360.0,Benzine,5,1,1,70,0,999,1110,4.2
19100,13400.0,Diesel,7,1,1,85,0,1598,1250,3.8
19000,12100.0,Diesel,7,1,1,85,0,1598,1135,4.0
18990,3038.0,Benzine,7,1,1,71,0,999,1135,4.2
19000,6900.0,Benzine,7,2,1,70,0,999,1065,4.5
18980,8329.0,Benzine,7,1,1,70,1,999,1135,4.4
18980,24778.0,Benzine,7,2,1,70,0,999,1135,4.4
19000,10900.0,Diesel,7,2,1,66,0,1422,1220,4.0
18990,5700.0,Benzine,7,2,1,92,1,1395,1180,4.9
18980,15650.0,Benzine,7,1,1,70,1,999,1135,4.4
18970,2900.0,Benzine,7,2,1,70,1,999,1135,4.2
18950,22224.0,Benzine,7,2,1,71,0,999,1065,4.4
18970,2792.0,Benzine,7,1,1,70,0,999,1135,4.4
18950,18950.0,Benzine,7,2,1,92,0,1395,1135,4.9
18910,11100.0,Benzine,7,1,1,70,1,999,1180,4.4
18900,19710.0,Diesel,7,2,1,66,0,1422,1135,3.8
15300,10057.0,Benzine,5,1,1,60,1,999,1110,4.2
14950,12637.0,Benzine,5,2,2,70,1,999,1135,4.2
15450,25844.0,Diesel,5,2,2,85,0,1598,1250,3.7
15450,21169.0,Diesel,5,2,2,85,0,1598,1250,3.7
15450,33217.0,Diesel,5,2,2,85,0,1598,1250,3.7
15290,21258.0,Diesel,5,2,2,66,0,1422,1195,3.7
15450,27800.0,Benzine,5,2,1,70,1,999,1135,4.4
15188,13229.0,Diesel,5,2,1,66,1,1422,1135,3.7
15000,22000.0,Benzine,5,2,1,70,0,999,1135,4.2
15450,25483.0,Diesel,5,2,1,85,0,1598,1250,3.7
15290,25630.0,Diesel,5,2,1,66,0,1422,1195,3.7
15799,14560.0,Benzine,5,1,1,60,0,999,1180,4.2
15740,21937.0,Diesel,5,1,1,66,0,1422,1195,4.1
15679,22627.0,Diesel,5,1,1,85,0,1598,1135,3.5
15799,14560.0,Benzine,5,1,1,60,0,999,1135,4.2
15690,20050.0,Diesel,5,1,1,85,0,1598,1250,3.7
15690,16209.0,Benzine,5,1,1,70,0,999,1135,4.3
15690,12119.0,Benzine,5,2,1,60,0,999,1180,4.4
15890,54846.0,Diesel,5,2,1,66,0,1422,1205,3.7
15900,5700.0,Diesel,5,1,1,66,0,1422,1640,3.7
15900,15200.0,Diesel,5,2,1,85,0,1598,1695,3.7
15900,13000.0,Benzine,5,2,2,70,0,999,1135,4.2
15850,17768.0,Benzine,5,2,2,92,0,1395,1180,5.1
15900,1100.0,Diesel,5,1,1,66,0,1422,1640,3.7
15900,7182.0,Benzine,5,2,1,60,0,999,1135,4.2
15920,10772.0,Benzine,5,1,1,60,1,999,1180,4.2
15900,3000.0,Benzine,5,0,1,70,1,999,1134,4.2
15900,18000.0,Diesel,5,2,1,85,0,1598,1695,3.7
15900,4100.0,Diesel,5,1,1,66,0,1422,1640,3.7
15900,45000.0,Diesel,5,2,1,66,0,1422,1165,3.8
15900,42636.0,Diesel,5,2,1,85,0,1598,1250,3.7
15900,12261.0,Diesel,5,2,2,66,1,1422,1180,4.1
15900,68002.0,Diesel,5,2,0,66,0,1422,1263,3.8
15900,36616.0,Benzine,5,2,0,70,0,999,1485,4.3
15900,19000.0,Diesel,5,2,0,85,0,1598,1250,3.8
15900,9459.0,Diesel,5,2,0,85,0,1598,1600,3.7
15900,34796.0,Diesel,5,2,0,85,0,1598,1135,3.8
15900,62329.0,Benzine,5,2,0,70,0,999,1035,4.2
15900,13650.0,Benzine,5,1,1,70,0,999,1580,4.3
15900,21900.0,Benzine,5,2,0,70,0,999,1135,4.2
15900,12383.0,Diesel,5,2,0,85,0,1598,1600,3.7
15900,50000.0,Diesel,5,2,0,85,0,1598,1010,4.2
15900,7650.0,Diesel,5,1,1,66,0,1422,1640,3.7
15900,6500.0,Diesel,5,1,1,66,0,1422,1640,3.7
15900,500.0,Diesel,5,1,1,66,0,1422,1640,3.7
15900,7060.0,Diesel,5,1,1,85,0,1598,1695,3.7
15900,6100.0,Diesel,5,1,1,66,0,1422,1640,3.7
15900,9900.0,Benzine,5,1,1,70,0,999,1580,4.3
15900,12600.0,Diesel,5,1,1,66,0,1422,1640,3.7
15900,24000.0,Benzine,5,2,1,70,0,999,1135,4.2
15889,10072.0,Benzine,5,1,1,70,1,999,1134,4.2
15888,11903.0,Benzine,5,2,1,60,0,999,1135,4.2
15880,22000.0,Diesel,5,1,1,66,1,1422,1180,3.9
15880,21000.0,Benzine,5,2,1,70,1,999,1135,4.2
15880,7400.0,Benzine,5,1,1,60,1,999,1135,4.4
15880,9300.0,Benzine,5,1,1,70,0,999,1094,4.2
15880,27255.0,Diesel,5,1,1,66,0,1422,1345,4.1
15880,8900.0,Benzine,5,2,2,70,0,999,1180,4.4
15880,24725.0,Diesel,5,1,1,66,1,1422,1135,3.9
15875,27550.0,Benzine,5,2,1,70,1,999,1135,4.4
15870,23555.0,Diesel,5,1,1,66,0,1422,1345,4.1
15870,27030.0,Diesel,5,1,1,66,1,1422,1180,4.1
15870,24250.0,Diesel,5,1,1,66,1,1422,1180,4.1
15870,13010.0,Benzine,5,1,1,60,1,999,1180,4.4
15860,3718.0,Benzine,5,2,1,70,1,999,1180,4.4
15850,10700.0,Benzine,5,2,2,70,0,999,1135,4.2
15869,15184.0,Benzine,5,2,1,70,0,999,1110,4.3
15900,7631.0,Diesel,5,2,1,85,0,1598,1250,3.5
15900,38000.0,Diesel,5,2,1,66,0,1422,1165,3.6
15500,28000.0,Diesel,7,2,1,66,0,1598,1200,4.2
15500,29343.0,Diesel,5,2,1,85,0,1598,1695,3.7
15900,8830.0,Diesel,5,2,1,85,0,1598,1600,3.7
15890,5400.0,Benzine,5,1,1,60,0,999,1195,4.4
15890,63494.0,Benzine,5,2,1,71,0,999,1035,4.2
15900,44188.0,Benzine,5,2,1,71,0,999,1035,4.2
15890,15800.0,Diesel,5,1,1,66,0,1422,1205,3.9
15500,21000.0,Benzine,5,2,1,70,0,999,1135,4.2
15700,10150.0,Benzine,5,1,1,70,0,999,1134,4.4
15500,44300.0,Benzine,5,2,1,70,0,999,1580,4.3
15700,11000.0,Benzine,5,2,1,70,0,999,1135,4.2
15700,4490.0,Benzine,5,1,1,70,0,999,1180,4.4
15500,40500.0,Diesel,5,2,1,66,0,1422,1195,3.4
15500,28414.0,Benzine,5,2,1,60,0,999,1135,4.0
15495,11500.0,Benzine,5,1,1,70,1,999,1135,5.1
15499,5023.0,Benzine,5,1,1,60,1,999,1110,3.9
15499,24500.0,Diesel,5,1,1,66,1,1422,1135,3.9
15500,9200.0,Benzine,5,2,1,60,0,999,1110,4.2
15500,11284.0,Diesel,5,1,1,70,0,999,1180,4.4
15490,1500.0,Benzine,5,2,1,70,0,999,1180,4.2
15490,47853.0,Benzine,5,2,1,70,0,999,1135,5.1
15490,10900.0,Benzine,5,2,1,70,1,999,1135,4.2
15490,7985.0,Benzine,5,2,1,60,0,999,1135,4.2
15490,29937.0,Benzine,5,2,1,70,0,999,1135,4.2
15490,23100.0,Benzine,5,2,1,70,1,999,1135,4.3
15480,10123.0,Benzine,5,2,1,60,0,929,1180,4.2
15480,19550.0,Diesel,5,2,1,66,1,1422,1180,3.9
15690,22250.0,Benzine,5,1,1,60,0,999,1180,4.2
15690,19014.0,Benzine,5,1,1,70,0,999,1135,4.3
15690,34600.0,Diesel,5,2,1,66,0,1422,1180,3.9
15690,16425.0,Benzine,5,1,1,70,0,999,1135,4.3
15689,32571.0,Benzine,5,2,1,70,1,999,1135,4.4
15680,26946.0,Diesel,5,2,1,85,0,1598,1135,3.5
15680,62936.0,Diesel,5,2,1,85,0,1598,1225,3.7
15680,22627.0,Diesel,5,2,1,85,0,1598,1135,3.5
15680,22627.0,Diesel,5,2,1,85,0,1598,1180,3.5
15680,19893.0,Diesel,5,2,1,85,0,1598,1135,3.5
15680,22627.0,Diesel,5,1,1,85,0,1598,1135,3.5
15680,26946.0,Diesel,5,2,1,85,0,1598,1180,3.5
15480,18890.0,Benzine,5,2,3,70,1,999,1135,4.2
15670,21083.0,Benzine,5,2,1,60,1,999,1135,4.4
15679,26946.0,Diesel,5,2,1,85,0,1598,1135,3.5
15667,21036.0,Diesel,5,1,1,66,1,1422,1135,3.9
15639,9885.0,Benzine,5,1,1,70,0,999,1110,5.1
15620,6266.0,Benzine,5,1,1,60,1,999,1135,4.2
15790,22900.0,Diesel,5,1,1,66,0,1422,1130,3.4
15780,21306.0,Diesel,5,1,1,66,1,1422,1135,3.9
15770,25300.0,Diesel,5,1,1,66,1,1422,1135,3.9
15780,21911.0,Diesel,5,1,1,66,1,1422,1180,3.9
15600,29899.0,Diesel,5,2,1,85,0,1598,1695,3.7
15750,12103.0,Benzine,5,2,1,60,0,999,1135,4.2
15750,22600.0,Diesel,5,2,1,66,1,1422,1205,3.7
15750,9767.0,Benzine,5,2,1,70,0,999,1135,5.1
15750,46146.0,Benzine,5,2,1,70,0,999,1135,4.4
15750,27749.0,Diesel,5,1,1,66,1,1422,1205,3.9
15750,30000.0,Benzine,5,2,1,60,0,999,1135,4.2
15740,4990.0,Benzine,5,1,1,60,0,999,1110,4.4
15740,25634.0,Diesel,5,1,1,66,0,1422,1195,4.1
15600,20071.0,Diesel,5,2,1,85,0,1598,1695,3.7
15600,20587.0,Diesel,5,2,1,85,0,1598,1695,3.7
15600,23500.0,Diesel,5,2,1,85,0,1598,1695,3.7
15600,17410.0,Benzine,5,1,1,70,0,999,1485,4.3
15600,17400.0,Benzine,5,1,1,70,0,999,1135,4.3
15590,10007.0,Benzine,5,2,1,70,1,999,1180,4.4
15599,5334.0,Benzine,5,2,2,70,0,999,1180,4.2
15585,15560.0,Diesel,5,2,1,66,1,1596,1205,3.7
15555,4900.0,Benzine,5,2,1,60,1,999,1135,4.2
15580,7528.0,Diesel,5,2,1,66,0,1422,1165,4.1
15580,2450.0,Benzine,5,2,1,70,1,999,1135,4.2
15550,200.0,Benzine,5,2,1,70,0,999,1097,4.2
15550,8001.0,Benzine,5,0,1,70,1,999,1134,4.2
15740,27338.0,Diesel,5,1,1,66,0,1422,1195,4.1
15740,26354.0,Diesel,5,1,1,66,0,1422,1195,4.1
15700,8700.0,Benzine,5,1,1,60,0,999,1110,4.2
15700,8200.0,Benzine,5,2,1,70,0,999,1135,4.3
15700,15599.0,Benzine,5,1,1,70,1,999,1180,4.2
15550,22390.0,Benzine,5,1,1,60,0,999,1180,4.4
15850,24.0,Benzine,5,1,1,60,1,999,1135,4.2
15850,52030.0,Benzine,5,2,1,70,0,999,1135,4.2
15850,22336.0,Diesel,5,1,1,66,1,1422,1165,3.9
15850,19899.0,Diesel,5,1,1,66,1,1422,1205,3.9
15844,13521.0,Benzine,5,2,2,70,1,999,1180,4.4
15840,18481.0,Diesel,5,1,1,66,0,1422,1195,4.1
15838,4623.0,Benzine,5,1,1,60,0,999,1135,4.2
15840,9900.0,Benzine,5,1,1,70,1,999,1135,4.4
15834,26991.0,Diesel,5,1,1,66,1,1422,1135,3.9
15834,26289.0,Diesel,5,1,1,66,1,1422,1135,3.9
15834,23858.0,Diesel,5,1,1,66,1,1422,1135,3.9
15834,20590.0,Diesel,5,1,1,66,1,1422,1135,3.9
15834,22225.0,Diesel,5,1,1,66,1,1422,1135,3.9
15290,27930.0,Benzine,5,2,2,70,0,999,1135,4.3
15834,20436.0,Diesel,5,1,1,66,1,1422,1135,3.9
15290,26905.0,Benzine,5,2,2,70,0,999,1135,4.3
15290,15500.0,Diesel,5,2,2,66,0,1422,1195,3.7
15290,9900.0,Benzine,5,2,1,70,0,999,1180,4.4
15280,16222.0,Benzine,5,2,1,70,0,999,1125,4.2
15250,37568.0,Benzine,5,2,1,70,0,999,1135,4.2
15249,12642.0,Benzine,5,2,1,70,0,1000,1110,4.4
15199,17500.0,Benzine,5,1,1,60,0,999,1135,4.2
15200,23510.0,Diesel,5,2,1,85,0,1598,1225,3.7
15180,16357.0,Diesel,5,2,2,66,0,1422,1180,3.8
15100,21745.0,Benzine,5,1,1,70,0,999,1485,4.3
15000,55000.0,Benzine,5,2,2,70,0,999,1135,4.2
15000,80000.0,Diesel,5,2,2,66,0,1422,1205,3.7
15000,17000.0,Benzine,5,2,1,70,0,999,1135,4.2
15000,24000.0,Benzine,5,2,1,70,0,999,1485,4.3
15450,13300.0,Benzine,5,2,2,70,0,999,1180,4.4
15450,26495.0,Diesel,5,1,1,66,1,1422,1195,3.9
15450,14518.0,Benzine,5,2,2,70,0,999,1035,4.2
15450,26650.0,Benzine,5,1,1,70,0,999,1135,4.2
15444,3300.0,Benzine,5,1,1,70,1,999,1135,4.2
15444,4300.0,Benzine,5,1,1,70,1,999,1135,4.2
15400,17873.0,Benzine,5,2,2,70,0,999,1135,4.2
15440,6240.0,Benzine,5,1,1,60,0,999,1110,4.4
15400,1478.0,Benzine,5,2,1,60,1,999,1110,4.2
15400,15900.0,Benzine,6,2,1,92,0,1395,1180,5.1
15400,17000.0,Benzine,5,1,1,60,0,999,1135,4.2
15390,5900.0,Benzine,5,1,1,60,1,999,1110,4.4
15350,18330.0,Benzine,5,1,1,60,0,999,1135,4.2
14999,13790.0,Diesel,5,2,1,66,1,1422,1135,3.4
14999,16644.0,Diesel,5,2,1,66,1,1422,1135,3.7
14999,12500.0,Benzine,5,1,1,60,0,999,1135,4.4
14999,43881.0,Benzine,5,2,1,70,0,999,1625,4.2
14990,8900.0,Benzine,5,2,1,70,1,999,1135,4.2
14990,19335.0,Diesel,5,2,1,66,1,1422,1135,3.7
14990,23500.0,Benzine,5,2,1,70,0,999,1097,4.2
14990,11720.0,Diesel,5,2,1,66,1,1422,1135,3.7
14990,14942.0,Diesel,5,2,1,66,1,1422,1135,4.2
14990,14200.0,Benzine,5,2,1,70,0,999,1097,4.2
14990,32700.0,Diesel,5,2,1,66,1,1422,1135,4.1
14990,41989.0,Benzine,5,2,1,70,0,999,1110,4.2
14990,43341.0,Diesel,5,2,1,85,0,1598,1250,3.7
14980,13938.0,Benzine,5,2,1,60,0,929,1180,4.2
14980,6302.0,Benzine,5,2,1,60,1,999,1135,4.2
14970,15900.0,Benzine,5,2,2,60,0,999,1110,4.2
14960,11000.0,Benzine,5,1,2,60,0,999,1135,4.2
14980,10000.0,Benzine,5,1,1,60,1,999,1135,4.4
15980,1647.362609,Benzine,5,0,1,70,0,1197,1135,4.2
15970,16692.0,Diesel,5,1,1,66,0,1422,1345,4.1
15990,28956.0,Diesel,5,2,1,87,0,1598,1135,4.2
15990,20761.0,Benzine,5,2,1,70,0,999,1135,4.2
15990,17365.0,Benzine,5,1,1,60,0,999,1135,4.2
15990,24265.0,Benzine,5,2,1,60,0,999,1135,4.2
15990,5400.0,Benzine,5,2,1,60,1,999,1135,4.4
15990,44880.0,Benzine,5,2,1,70,0,999,1134,4.3
15990,20010.0,Diesel,5,2,2,66,1,1422,1180,3.7
15990,39600.0,Diesel,5,2,1,66,0,1422,1195,3.9
15949,24850.0,Benzine,5,2,2,60,1,999,1180,4.4
15990,18258.0,Benzine,5,2,2,70,0,999,1135,4.2
15990,1382.0,Benzine,5,0,1,70,1,999,1135,4.2
15960,14900.0,Diesel,5,2,2,66,0,1422,1205,3.9
15970,28000.0,Diesel,5,2,2,85,0,1598,1250,3.8
15960,12200.0,Benzine,5,2,1,60,1,999,1135,4.4
15960,4339.0,Benzine,5,2,1,60,1,999,1180,4.4
15960,8900.0,Benzine,5,1,1,70,0,999,1135,4.2
15960,21216.0,Benzine,5,2,1,70,1,999,1180,4.4
15950,12571.0,Diesel,5,2,1,66,1,1422,1135,3.9
15950,15981.0,Diesel,5,1,1,66,1,1422,1135,3.9
15950,19000.0,Benzine,5,1,1,70,0,999,1110,4.2
15950,21800.0,Benzine,5,1,1,70,0,999,1110,4.2
15950,20600.0,Benzine,5,1,1,70,0,999,1110,4.2
15950,20700.0,Benzine,5,1,1,70,0,999,1110,4.2
15950,14800.0,Benzine,5,1,1,70,0,999,1110,4.2
15950,42908.0,Benzine,5,2,1,70,0,999,1135,4.2
15950,8265.0,Benzine,5,1,1,60,0,999,1180,4.2
15990,18000.0,Benzine,5,2,1,70,0,999,1060,4.2
15950,17355.0,Benzine,5,2,1,60,0,999,1135,4.4
15950,29163.0,Benzine,5,2,1,70,0,999,1010,4.2
15950,45000.0,Diesel,5,2,1,66,0,1422,1195,3.7
15990,50589.0,Benzine,5,2,1,70,0,999,1625,4.4
15985,4800.0,Benzine,5,1,1,60,1,999,1135,4.2
15985,8000.0,Benzine,5,1,1,60,1,999,1135,4.2
15983,7966.0,Benzine,5,1,1,60,0,999,1135,4.2
15980,21443.0,Benzine,5,2,1,70,0,999,1135,4.2
15980,5375.0,Benzine,5,1,1,60,0,999,1135,4.2
15980,8217.0,Benzine,5,1,1,60,1,999,1135,4.4
15980,11940.0,Diesel,5,2,1,66,0,1422,1205,3.7
15980,25268.0,Diesel,5,1,1,66,1,1422,1135,3.9
15980,19546.0,Diesel,5,1,1,66,1,1422,1135,3.9
15980,43200.0,Benzine,5,2,1,70,1,999,1180,4.4
15980,26704.0,Diesel,5,1,1,66,0,1422,1345,4.1
15980,39680.0,Benzine,5,2,1,60,1,999,1180,4.4
15980,17000.0,Benzine,5,1,1,60,1,999,1135,4.4
15980,2943.0,Benzine,5,1,1,60,1,999,1135,4.2
15980,15648.0,Benzine,5,2,1,70,1,999,1180,4.4
15976,11677.0,Diesel,5,1,1,66,1,1422,1135,3.9
15975,9371.0,Benzine,5,2,1,70,1,999,1180,4.4
15972,24886.0,Diesel,5,1,1,66,1,1422,1135,3.9
15972,20772.0,Diesel,5,1,1,66,1,1422,1135,3.9
15972,26920.0,Diesel,5,1,1,66,1,1422,1135,3.9
15972,24517.0,Diesel,5,1,1,66,1,1422,1135,3.9
15970,25044.0,Diesel,5,1,1,66,1,1422,1180,4.1
15970,16137.0,Diesel,5,2,1,66,0,1422,1135,3.8
15970,14539.0,Diesel,5,1,1,66,0,1422,1180,4.1
15970,15000.0,Benzine,5,1,1,60,1,999,1135,4.2
15970,25416.0,Diesel,5,1,1,66,0,1422,1180,4.1
21550,10.0,Diesel,7,1,1,85,0,1598,1660,3.9
21900,8279.0,Benzine,7,1,1,92,1,1395,1215,5.0
21999,3400.0,Benzine,7,1,1,92,0,1395,1135,5.1
21995,7181.0,Benzine,7,1,1,93,0,1395,1180,4.4
21990,19999.0,Benzine,7,1,1,71,0,999,1135,4.2
22000,200.0,Benzine,7,0,1,85,0,999,1230,4.8
22980,3500.0,Benzine,7,0,1,85,0,999,1180,4.9
23550,22688.0,Benzine,7,1,1,71,0,999,1065,4.4
22980,7987.0,Benzine,7,1,1,141,0,1798,1135,5.6
23880,6100.0,Benzine,7,1,1,85,0,999,1200,4.8
23880,3000.0,Benzine,7,1,1,85,1,999,1180,4.8
22950,20605.0,Benzine,7,1,1,71,0,999,1065,4.4
23540,1647.362609,Benzine,7,0,1,85,0,999,1180,4.8
23500,20700.0,Diesel,7,1,1,85,0,1598,1180,3.7
16100,22210.0,Diesel,5,1,1,85,0,1598,1250,3.7
16261,26749.0,Diesel,5,1,1,66,1,1422,1135,3.9
16000,12000.0,Benzine,5,1,1,70,0,999,1135,4.2
16249,16066.0,Benzine,5,1,1,60,0,999,1110,4.4
16240,10840.0,Benzine,5,1,1,60,0,929,1180,4.2
16370,6381.0,Benzine,5,1,1,60,1,999,1180,4.4
16000,19000.0,Diesel,5,1,1,85,0,1598,1250,3.8
16370,6141.0,Benzine,5,1,1,60,1,999,1180,4.4
16400,24336.0,Benzine,5,1,1,70,0,999,1580,4.3
16400,10703.0,Diesel,5,1,1,85,0,1598,1695,3.7
16400,33360.0,Benzine,5,1,1,70,0,999,1285,4.4
16380,11900.0,Benzine,5,1,1,70,1,999,1135,5.1
16390,23800.0,Benzine,5,1,1,70,1,999,1135,4.2
16390,22100.0,Diesel,5,1,1,66,1,1422,1135,3.9
16445,19181.0,Diesel,5,1,1,66,1,1422,1195,3.9
16445,26619.0,Diesel,5,1,1,66,1,1422,1195,3.9
16445,20321.0,Diesel,5,1,1,66,1,1422,1195,3.9
16430,10784.0,Diesel,5,1,1,66,0,1422,1345,4.1
16430,24193.0,Diesel,5,1,1,66,0,1422,1195,4.1
16440,22680.0,Diesel,5,1,1,66,1,1422,1195,4.1
16430,26512.0,Diesel,5,1,1,66,0,1422,1195,4.1
16430,23528.0,Diesel,5,1,1,66,0,1422,1195,4.1
16440,20600.0,Benzine,5,1,1,70,1,999,1135,4.4
16430,26731.0,Diesel,5,1,1,66,0,1422,1195,4.1
16430,20413.0,Diesel,5,1,1,66,1,1422,1195,4.1
16470,22664.0,Diesel,5,1,1,66,0,1422,1180,4.1
16405,19894.0,Diesel,5,1,1,66,1,1422,1195,3.9
16472,3053.0,Benzine,5,1,1,60,0,999,1135,4.2
16470,5907.0,Benzine,5,1,1,70,0,999,1285,4.4
16470,20407.0,Diesel,5,1,1,66,0,1422,1345,4.1
16450,7500.0,Benzine,5,1,1,70,1,999,1180,4.2
16450,25468.0,Benzine,5,1,1,70,1,999,1135,4.2
16450,17671.0,Diesel,5,1,1,66,1,1422,1135,3.9
16450,8100.0,Benzine,5,1,1,70,0,999,1180,4.4
16450,7478.0,Benzine,5,1,1,60,1,999,1135,4.2
16448,9647.0,Benzine,5,1,1,70,0,999,1135,4.2
16445,26307.0,Diesel,5,1,1,66,1,1422,1195,3.9
16390,26700.0,Diesel,5,1,1,66,1,1422,1180,3.9
16445,23934.0,Diesel,5,1,1,66,1,1422,1195,3.9
16445,26596.0,Diesel,5,1,1,66,1,1422,1195,3.9
16445,23987.0,Diesel,5,1,1,66,1,1422,1195,3.9
16445,22511.0,Diesel,5,1,1,66,1,1422,1195,3.9
16445,25542.0,Diesel,5,1,1,66,1,1422,1195,3.9
16445,26475.0,Diesel,5,1,1,66,1,1422,1195,3.9
16445,27763.0,Diesel,5,1,1,66,1,1422,1195,3.9
16445,29884.0,Diesel,5,1,1,66,1,1422,1195,3.9
16445,12494.0,Benzine,5,1,1,70,0,999,1180,4.2
15990,1001.0,Benzine,5,1,1,60,1,999,1110,4.4
16100,23687.0,Benzine,5,1,1,70,0,999,1135,4.3
15990,8900.0,Benzine,5,1,1,60,0,999,1135,4.2
15990,26800.0,Diesel,5,1,1,66,1,1422,1135,3.9
15990,26212.0,Benzine,5,1,1,70,1,999,1135,5.1
15990,17922.0,Diesel,5,1,1,66,1,1422,1180,4.1
15990,26600.0,Diesel,5,1,1,66,0,1422,1135,3.9
16360,9999.0,Benzine,5,1,1,70,1,999,1135,5.1
16321,22212.0,Diesel,5,1,1,66,1,1422,1135,3.9
16321,24909.0,Diesel,5,1,1,66,1,1422,1135,3.9
16300,7756.0,Diesel,5,1,1,66,0,1422,1135,3.6
16300,25800.0,Benzine,5,1,1,70,0,999,1580,4.3
16370,4100.0,Benzine,5,1,1,60,1,999,1180,4.4
16300,16147.0,Benzine,5,1,1,70,0,999,1580,4.3
16300,17442.0,Benzine,5,1,1,70,0,999,1580,4.3
16290,26292.0,Diesel,5,1,1,66,1,1422,1205,3.9
16290,26738.0,Diesel,5,1,1,66,1,1422,1135,3.9
16280,10600.0,Benzine,5,1,1,70,1,999,1135,4.4
16261,26077.0,Diesel,5,1,1,66,1,1422,1135,3.9
16261,27634.0,Diesel,5,1,1,66,1,1422,1135,3.9
16261,26126.0,Diesel,5,1,1,66,1,1422,1135,3.9
16270,12411.0,Benzine,5,1,1,60,1,999,1180,4.4
16261,25862.0,Diesel,5,1,1,66,1,1422,1135,3.9
16261,23926.0,Diesel,5,1,1,66,1,1422,1135,3.9
16261,26977.0,Diesel,5,1,1,66,1,1422,1135,3.9
16261,24296.0,Diesel,5,1,1,66,1,1422,1180,3.9
16250,9883.0,Diesel,5,1,1,85,0,1598,1250,3.8
16240,7312.0,Benzine,5,1,1,60,0,929,1180,4.2
16240,26180.0,Diesel,5,1,1,66,1,1422,1195,4.1
16220,1647.362609,Benzine,5,0,1,70,0,999,1165,4.0
16210,6400.0,Benzine,5,1,1,60,1,999,1135,4.2
16200,18000.0,Diesel,5,1,1,66,0,1422,1120,3.4
16200,22000.0,Benzine,5,1,1,70,0,999,1035,4.2
16200,12736.0,Benzine,5,1,1,70,0,999,1580,4.3
16200,14936.0,Benzine,5,1,1,70,0,999,1580,4.3
16200,15577.0,Benzine,5,1,1,70,0,999,1580,4.3
16200,16622.0,Benzine,5,1,1,70,0,999,1580,4.3
16140,13800.0,Diesel,5,1,1,66,1,1422,1135,3.9
16135,18805.0,Diesel,5,1,1,66,1,1422,1135,3.9
16135,19724.0,Diesel,5,1,1,66,1,1422,1135,3.9
23500,3525.0,Diesel,7,1,1,66,0,1422,1145,4.0
23500,80.0,Benzine,7,1,1,85,0,999,1135,4.8
23500,6398.0,Benzine,7,1,1,85,0,999,1680,4.8
23480,5000.0,Benzine,7,0,1,85,0,999,1200,4.8
23475,6.0,Benzine,7,0,1,85,0,999,1180,4.9
23450,14338.0,Benzine,7,0,1,110,0,1395,1230,4.7
23467,6100.0,Benzine,7,0,1,85,0,999,1180,4.9
23450,9175.0,Benzine,7,1,1,92,0,1395,1215,5.0
23440,10500.0,Benzine,7,1,1,70,0,999,1135,4.5
23400,1.0,Benzine,7,0,1,85,0,999,1230,4.8
23300,10.0,Benzine,7,0,1,85,0,999,1255,4.8
22950,11000.0,Benzine,7,1,1,85,0,999,1680,4.2
23300,900.0,Benzine,7,0,1,85,0,999,1680,4.8
22940,18900.0,Benzine,7,1,1,71,0,999,1090,4.4
22940,5272.0,Diesel,7,1,1,85,0,1598,1180,4.0
22930,6740.0,Diesel,7,1,1,85,1,1598,1135,4.0
22930,6740.0,Diesel,7,1,1,85,0,1598,1135,4.0
23880,9999.0,Benzine,7,1,1,70,0,999,1135,4.2
22900,3500.0,Benzine,7,0,1,85,0,999,1180,4.8
22900,5050.0,Benzine,7,1,1,141,1,1798,1135,5.6
22900,4560.0,Diesel,7,1,1,66,1,1422,1195,4.0
23829,7232.0,Benzine,7,1,1,110,1,1395,1180,4.7
23880,7952.0,Benzine,7,1,1,70,0,999,1135,4.2
23800,300.0,Benzine,7,0,1,85,0,1000,1135,4.2
23777,9000.0,Benzine,7,1,1,70,0,999,1165,4.4
23750,5891.0,Benzine,7,1,1,141,1,1798,1135,4.2
23750,5911.0,Benzine,7,1,1,141,1,1798,1135,4.2
23700,10700.0,Diesel,7,1,1,66,0,1422,1180,4.0
23700,10.0,Benzine,7,0,1,85,0,999,1180,4.8
23660,253.0,Benzine,7,0,1,85,0,999,1166,4.8
22900,13550.0,Benzine,7,1,1,70,0,1000,1065,4.5
22900,2598.0,Benzine,7,1,1,85,0,999,1680,4.8
23690,9000.0,Benzine,7,0,1,85,1,999,1200,4.8
23660,10.0,Benzine,7,0,1,85,0,999,1166,4.8
23650,4847.0,Benzine,7,1,1,85,0,999,1200,4.8
23630,1177.0,Benzine,7,1,1,92,0,1395,1180,5.2
22900,20.0,Benzine,7,0,0,70,0,999,1165,4.4
22830,3109.0,Benzine,7,1,1,70,0,999,1135,4.4
22805,9750.0,Benzine,7,1,1,92,1,1395,1135,4.9
22880,9600.0,Benzine,7,0,1,70,1,999,1135,4.4
22800,10876.0,Benzine,5,1,1,71,0,999,1090,4.4
22800,20000.0,Benzine,7,1,1,71,0,999,1065,4.4
22840,1050.0,Benzine,7,1,1,85,0,999,1180,4.9
22830,3109.0,Benzine,7,1,1,70,1,999,1135,4.4
22450,24435.0,Benzine,7,1,1,70,0,999,1065,4.5
22444,7000.0,Benzine,7,1,1,70,1,999,1135,4.5
22440,4560.0,Benzine,7,1,1,110,0,1395,1220,4.7
22440,4200.0,Benzine,7,1,1,92,0,1395,1180,5.2
22400,13705.0,Benzine,7,1,1,71,0,999,1065,4.4
22400,26663.0,Benzine,7,1,1,71,0,999,1065,4.4
22400,31468.0,Benzine,7,1,1,71,0,999,1065,4.4
22400,31407.0,Benzine,7,1,1,71,0,999,1065,4.4
22400,31642.0,Benzine,7,1,1,71,0,999,1065,4.4
22300,5000.0,Benzine,7,0,1,85,0,999,1230,4.8
22260,1.0,Benzine,7,0,1,110,0,1498,1240,5.1
22399,16270.0,Benzine,7,1,1,71,0,999,1065,4.4
22390,6078.0,Diesel,7,1,1,66,0,1422,1180,4.1
22330,4794.0,Benzine,7,1,1,92,1,1395,1135,4.9
22330,4794.0,Benzine,7,1,1,92,0,1395,1135,4.9
22200,20.0,Benzine,7,0,0,70,0,999,1165,4.4
22247,13894.0,Diesel,7,1,2,85,0,1598,1135,4.0
23250,22929.0,Benzine,7,1,2,70,0,999,1065,4.5
22000,6600.0,Diesel,7,1,2,66,0,1422,1135,4.0
23250,19627.0,Benzine,7,1,2,70,0,999,1065,4.5
23250,19399.0,Benzine,7,1,2,70,0,999,1065,4.5
23200,80.0,Benzine,7,1,2,85,0,999,1135,4.8
22000,27000.0,Benzine,7,1,1,92,0,1395,1215,4.9
23200,80.0,Benzine,7,1,1,85,0,999,1135,4.8
23200,1.0,Benzine,7,0,0,110,0,1498,1240,5.1
23090,9821.0,Benzine,7,1,1,141,1,1798,1180,5.8
23000,15000.0,Benzine,7,1,1,70,0,999,1140,4.4
23032,1647.362609,Benzine,7,0,0,110,0,1498,1180,5.0
23000,16000.0,Benzine,7,1,2,141,0,1798,1280,5.6
21990,10000.0,Benzine,7,1,1,92,0,1395,1180,5.2
22991,3600.0,Benzine,7,1,1,92,1,1395,1180,5.2
22990,1647.362609,Benzine,7,0,0,85,1,995,1180,4.9
22990,3792.0,Benzine,7,0,0,85,0,999,1680,4.2
21980,15980.0,Benzine,7,1,1,70,1,999,1180,4.5
22990,1060.0,Benzine,7,1,1,92,0,1395,1180,4.4
21980,4860.0,Benzine,7,1,1,70,0,999,1135,4.4
22990,4900.0,Benzine,6,1,1,85,1,999,1200,4.8
21950,8913.0,Benzine,7,1,1,92,0,1395,1180,5.2
21950,6200.0,Benzine,7,1,1,70,0,999,1065,4.6
21950,11800.0,Benzine,7,1,2,92,0,1395,1180,5.1
21949,7500.0,Benzine,7,1,2,70,0,999,1180,4.4
21940,9998.0,Benzine,7,1,1,110,0,1395,1135,4.7
21940,4990.0,Benzine,7,1,1,70,0,999,1140,4.4
21900,512.0,Benzine,7,0,0,85,0,999,1680,4.8
21900,13417.0,Benzine,7,1,1,71,0,999,1135,4.2
21900,973.0,Benzine,7,1,1,141,1,1798,1180,5.8
21890,6600.0,Diesel,7,1,1,85,1,1598,1135,4.0
21900,8098.0,Benzine,7,1,1,70,0,999,1165,4.4
21900,17000.0,Benzine,7,1,1,70,0,999,1530,4.2
21900,28.0,Diesel,7,1,1,66,0,1422,1220,4.0
21888,7856.0,Benzine,7,1,1,92,0,1395,1135,4.9
21790,16556.0,Benzine,7,1,1,70,0,999,1065,4.4
21880,7400.0,Benzine,7,1,1,70,1,999,1165,4.4
21790,23050.0,Benzine,7,1,1,70,0,999,1065,4.4
21790,5000.0,Benzine,7,0,1,85,1,999,1180,4.9
21780,6163.0,Benzine,7,1,1,92,1,1395,1180,4.9
21790,6900.0,Benzine,7,1,1,70,1,999,1135,4.4
21790,21298.0,Benzine,7,1,1,70,0,999,1065,4.4
21770,6700.0,Diesel,7,1,1,85,0,1598,1275,4.0
21770,6700.0,Diesel,7,1,1,85,1,1598,1275,4.0
21750,6450.0,Diesel,7,1,1,85,1,999,1135,3.9
21700,2060.0,Benzine,7,1,1,92,1,1395,1180,4.9
21690,5903.0,Benzine,7,1,1,92,1,1395,1180,4.9
21670,15251.0,Diesel,7,1,1,85,0,1598,1135,4.0
21664,1647.362609,Benzine,7,0,1,85,0,999,1200,4.0
21660,11432.0,Diesel,7,1,1,66,0,1422,1135,4.1
21590,31275.0,Benzine,7,1,1,70,0,999,1065,4.4
22790,7850.0,Benzine,7,1,1,92,0,1395,1215,5.1
22789,15184.0,Benzine,7,1,1,71,0,999,1135,4.2
22750,3827.0,Benzine,7,1,1,92,0,1395,1115,4.9
22690,20520.0,Benzine,7,1,1,70,1,999,1135,4.4
22690,6892.0,Benzine,7,1,1,141,1,1798,1135,5.6
22731,8208.0,Benzine,7,1,1,92,0,1395,1135,4.9
22730,7400.0,Benzine,7,1,1,70,1,999,1180,4.4
22683,9544.0,Benzine,7,1,1,141,0,1798,1135,5.6
22595,5880.0,Benzine,7,1,1,70,0,999,1135,4.4
22570,8500.0,Benzine,7,1,1,110,0,1395,1135,4.7
22568,6461.0,Benzine,7,1,1,110,0,1395,1135,4.7
22560,17300.0,Benzine,7,1,1,70,1,999,1135,4.4
22500,15000.0,Benzine,7,1,1,70,0,999,1140,4.4
22500,19200.0,Diesel,7,1,1,85,0,1598,1180,3.7
22491,1647.362609,Benzine,7,0,1,85,0,999,1200,4.0
22490,1647.362609,Benzine,7,0,1,85,0,999,1180,4.8
22490,1013.0,Benzine,7,0,1,85,1,999,1200,4.8
22480,5021.0,Diesel,7,1,1,85,0,1598,1135,4.0
22480,9530.0,Diesel,7,1,1,85,0,1598,1135,4.0
22450,10340.0,Benzine,7,1,1,71,0,999,1090,4.4
16480,16310.0,Diesel,5,1,1,66,1,1422,1135,3.9
16490,24621.0,Diesel,5,1,1,66,1,1422,1195,4.2
16485,6030.0,Benzine,5,1,1,60,1,999,1135,4.4
16490,100.0,Benzine,5,1,1,70,0,999,1135,4.2
16480,18100.0,Benzine,5,1,1,70,1,999,1135,4.4
16490,11836.0,Benzine,5,1,1,70,0,999,1135,4.2
16490,5731.0,Benzine,5,1,1,60,0,999,1235,4.4
16480,4150.0,Benzine,5,1,1,60,0,999,1195,4.4
16499,29443.0,Benzine,5,1,1,70,0,999,1135,4.0
16490,14200.0,Diesel,5,1,1,66,0,1422,1120,3.4
16490,9000.0,Benzine,5,1,1,70,0,999,1035,4.2
16480,24000.0,Diesel,5,1,1,66,0,1422,1205,3.9
16480,6786.0,Benzine,5,1,1,60,0,999,1135,4.2
16480,16998.0,Diesel,5,1,1,66,1,1422,1205,3.9
16480,22940.0,Diesel,5,1,1,66,0,1422,1345,4.1
16669,9970.0,Benzine,5,1,1,60,0,999,1110,4.2
16500,9500.0,Diesel,5,1,1,66,0,1422,1195,3.7
16550,25000.0,Diesel,5,1,1,66,0,1422,1135,4.2
16500,9000.0,Diesel,5,1,1,66,0,1422,1195,3.7
16500,24696.0,Benzine,5,1,1,70,0,999,1580,4.3
16500,11000.0,Benzine,5,1,1,70,0,999,1135,4.2
16500,11186.0,Diesel,5,1,1,85,0,1598,1695,3.7
16500,11300.0,Diesel,5,1,1,66,0,1422,1195,3.7
16650,24780.0,Diesel,5,1,1,66,0,1422,1165,3.8
16950,5500.0,Diesel,5,1,1,66,0,1422,1205,3.9
16950,23130.0,Diesel,5,1,1,66,0,1422,1205,3.9
16950,24990.0,Diesel,5,1,1,66,0,1422,1165,3.8
16950,20690.0,Diesel,5,1,1,66,0,1422,1165,3.8
16950,10237.0,Benzine,5,1,1,60,0,999,1135,4.2
16950,22900.0,Diesel,5,1,1,66,1,1422,1180,3.9
16950,8270.0,Benzine,5,1,1,60,0,999,1135,4.4
16980,10000.0,Benzine,5,1,2,70,0,999,1180,4.4
16985,1050.0,Benzine,5,0,1,70,1,999,1135,5.1
16985,1100.0,Benzine,5,0,1,70,1,999,1135,4.2
16985,6153.0,Benzine,5,1,1,60,0,999,1135,4.2
16980,5000.0,Benzine,5,1,1,70,1,999,1135,4.4
16980,15052.0,Benzine,5,1,1,70,1,999,1135,5.1
16980,11205.0,Benzine,5,1,1,70,1,999,1180,4.2
16980,25444.0,Diesel,5,1,1,66,0,1422,1180,4.1
16980,25427.0,Diesel,5,1,1,66,0,1422,1180,4.1
16980,26550.0,Diesel,5,1,1,66,0,1422,1180,4.1
16980,26888.0,Diesel,5,1,1,66,0,1422,1180,4.1
16980,25743.0,Diesel,5,1,1,85,0,1598,1180,3.8
16978,2650.0,Benzine,5,1,1,60,1,999,1180,4.2
16960,23499.0,Benzine,5,1,1,70,1,999,1180,4.4
16950,7000.0,Benzine,5,1,1,70,0,999,1180,4.4
16950,13000.0,Benzine,5,1,1,70,0,999,1114,4.3
16960,9500.0,Benzine,5,1,2,60,1,999,1180,4.2
16949,25687.0,Diesel,5,1,1,66,1,1422,1135,3.9
16950,19900.0,Benzine,5,1,1,70,1,999,1180,4.2
16949,23053.0,Diesel,5,1,1,66,1,1422,1135,3.9
16650,26340.0,Diesel,5,1,1,66,0,1422,1165,3.8
16649,22900.0,Diesel,5,1,1,66,0,1422,1135,3.9
16649,25900.0,Diesel,5,1,1,66,1,1422,1180,3.9
16649,26100.0,Diesel,5,1,1,66,1,1422,1135,3.9
16600,10306.0,Diesel,5,1,1,85,0,1598,1695,3.7
16594,3963.0,Benzine,5,1,1,60,1,999,1180,4.2
16630,6677.0,Benzine,5,1,1,60,0,999,1135,4.4
16559,6617.0,Benzine,5,1,1,70,1,999,1135,4.4
16590,5300.0,Benzine,5,1,1,60,0,999,1135,4.2
16900,19000.0,Diesel,5,1,1,66,0,1422,1130,3.4
16900,15600.0,Diesel,5,1,1,66,0,1598,1135,4.2
16900,20082.0,Diesel,5,1,1,85,0,1598,1250,3.8
16900,10457.0,Benzine,5,1,1,70,0,999,1580,4.3
16900,9921.0,Diesel,5,1,1,85,0,1598,1695,3.7
16900,28456.0,Benzine,5,1,1,70,0,999,1135,4.3
16900,18600.0,Diesel,5,1,1,85,0,1598,1135,3.8
16900,18524.0,Benzine,5,1,1,70,0,999,1135,4.3
16900,27595.0,Benzine,5,1,1,70,0,999,1135,4.3
16900,9600.0,Benzine,5,1,1,60,0,999,1625,4.2
16900,10000.0,Benzine,5,1,1,60,0,999,1110,4.2
16920,17406.0,Benzine,5,1,1,60,1,999,1180,4.2
16949,22601.0,Diesel,5,1,1,66,1,1422,1135,3.9
16949,26133.0,Diesel,5,1,1,66,1,1422,1135,3.9
16940,6436.0,Benzine,5,1,1,60,1,999,1180,4.4
16940,27297.0,Diesel,5,1,1,66,1,1422,1180,3.9
16940,4290.0,Benzine,5,1,1,60,0,999,1135,4.2
16940,26261.0,Diesel,5,1,1,66,1,1422,1180,3.9
16920,27550.0,Diesel,5,1,1,66,0,1422,1180,3.9
16920,26900.0,Diesel,5,1,1,66,1,1422,1135,3.9
16500,9088.0,Benzine,5,1,1,60,0,999,1135,4.0
16500,18000.0,Benzine,5,1,1,70,0,999,1135,4.0
16900,21619.0,Diesel,5,1,1,85,0,1598,1250,3.8
16900,20951.0,Diesel,5,1,1,85,0,1598,1250,3.8
16920,27600.0,Diesel,5,1,1,66,1,1422,1135,3.9
16900,14864.0,Diesel,5,1,1,85,0,1598,1250,3.8
16900,19000.0,Diesel,5,1,1,66,0,1422,1205,3.9
16900,18950.0,Diesel,5,1,1,85,0,1598,1135,3.8
16900,25100.0,Diesel,5,1,1,85,0,1598,1250,3.8
16800,17565.0,Benzine,5,1,1,70,0,1000,1135,4.3
16790,22191.0,Diesel,5,1,1,66,1,1422,1135,3.9
16788,21900.0,Diesel,5,1,1,66,1,1422,1135,3.9
16760,26172.0,Benzine,5,1,1,70,1,999,1135,4.2
16750,22995.0,Diesel,5,1,1,66,0,1422,1205,3.7
16750,19805.0,Diesel,5,1,1,85,0,1598,1250,3.8
16900,30150.0,Benzine,5,1,1,70,0,999,1135,4.3
16900,19000.0,Diesel,5,1,1,85,0,1598,1180,3.8
16900,20490.0,Diesel,5,1,1,85,0,1598,1135,4.0
16900,19800.0,Diesel,5,1,1,85,0,1598,1135,4.0
16900,10318.0,Diesel,5,1,1,85,0,1598,1250,3.8
16889,6383.0,Benzine,5,1,1,60,0,999,1135,4.2
16880,27200.0,Benzine,5,1,1,70,1,999,1135,4.4
16880,8200.0,Benzine,5,1,1,70,1,999,1135,4.4
16880,12000.0,Benzine,5,1,1,70,0,999,1195,4.2
16880,6870.0,Benzine,5,1,1,70,1,999,1135,4.2
16881,3898.0,Benzine,5,1,1,60,0,999,1135,4.2
16850,9274.0,Benzine,5,1,1,70,0,999,1580,4.3
16920,9600.0,Benzine,5,1,1,60,0,999,1180,4.2
16850,15757.0,Benzine,5,1,1,70,0,999,1180,4.4
16700,13457.0,Benzine,5,1,1,70,0,999,1580,4.3
16850,10101.0,Benzine,5,1,1,70,1,999,1135,4.2
16500,18000.0,Diesel,5,1,1,85,0,1598,1195,4.3
16900,26980.0,Diesel,5,1,1,85,0,1598,1250,3.8
16750,20049.0,Diesel,5,1,1,85,0,1598,1250,3.8
16700,12446.0,Benzine,5,1,1,70,1,999,1134,4.2
16700,10975.0,Diesel,5,1,1,85,0,1598,1695,3.7
16690,15925.0,Benzine,5,1,1,70,1,999,1180,4.4
16690,12900.0,Benzine,5,1,1,70,0,999,1235,4.4
16690,20900.0,Diesel,5,1,1,66,1,1422,1180,3.9
16689,25711.0,Diesel,5,1,1,66,1,1422,1205,3.9
16680,8650.0,Benzine,5,1,1,60,1,999,1135,4.4
16680,26600.0,Diesel,5,1,1,66,1,1422,1180,3.9
16680,6800.0,Benzine,5,1,1,70,0,999,1135,4.2
16680,26123.0,Diesel,5,1,1,66,0,1422,1180,4.1
16670,6000.0,Benzine,5,1,1,70,0,999,1135,4.2
16900,4400.0,Benzine,5,1,1,70,1,999,1134,4.2
16899,9220.0,Benzine,5,1,1,60,0,999,1180,4.2
16895,22261.0,Diesel,5,1,1,66,1,1422,1135,3.9
16890,26271.0,Diesel,5,1,1,66,1,1422,1135,3.9
16890,10000.0,Diesel,5,1,1,85,0,1598,1250,3.8
16900,7931.0,Benzine,5,1,1,70,0,999,1135,4.2
16899,7800.0,Benzine,5,1,1,60,0,999,1135,4.2
16890,26275.0,Diesel,5,1,1,66,1,1422,1260,3.9
16890,7819.0,Benzine,5,1,1,70,1,999,1165,4.2
16890,47000.0,Diesel,5,1,2,66,1,1422,1195,3.9
16890,22650.0,Diesel,5,1,1,66,1,1422,1180,3.9
16880,27300.0,Diesel,5,1,1,66,1,1422,1180,3.9
16890,23950.0,Diesel,5,1,1,66,1,1422,1180,3.9
16890,21800.0,Diesel,5,1,1,66,1,1422,1180,3.9
16890,3300.0,Benzine,5,1,1,70,0,999,1135,4.2
16880,26618.0,Diesel,5,1,1,66,1,1422,1135,3.9
16879,15000.0,Benzine,5,1,1,70,1,999,1110,4.2
16876,7200.0,Benzine,5,1,1,70,1,999,1135,4.2
16871,19081.0,Diesel,5,1,1,66,1,1422,1135,3.9
16871,19809.0,Diesel,5,1,1,66,1,1422,1135,3.9
16871,15008.0,Diesel,5,1,1,66,1,1422,1135,3.9
16871,16298.0,Diesel,5,1,1,66,1,1422,1135,3.9
16870,26600.0,Diesel,5,1,1,66,1,1422,1135,3.9
16869,21108.0,Diesel,5,1,1,66,0,1422,1180,4.1
16860,13900.0,Diesel,5,1,1,85,1,1598,1135,3.8
16856,8682.0,Diesel,5,1,1,66,0,1422,1135,3.9
16850,17685.0,Benzine,5,1,1,70,0,999,1580,4.3
16850,11569.0,Benzine,5,1,1,70,0,999,1580,4.3
16845,26819.0,Benzine,5,1,1,70,1,999,1180,4.2
16845,26936.0,Benzine,5,1,1,70,1,999,1180,4.2
16844,1647.362609,Benzine,5,0,1,70,0,999,1165,4.0
16840,3110.0,Benzine,5,1,1,70,0,999,1135,4.4
16820,24950.0,Diesel,5,1,1,66,1,1422,1135,3.9
16814,5382.0,Benzine,5,1,1,70,1,999,1135,4.4
16810,6900.0,Benzine,5,1,1,70,1,999,1135,4.2
16800,16900.0,Diesel,5,1,1,66,0,1422,1130,3.4
16800,12000.0,Benzine,5,1,1,70,0,999,1035,4.2
16800,14500.0,Diesel,5,1,1,66,0,1422,1120,3.4
16800,16700.0,Diesel,5,1,1,66,0,1422,1120,3.4
16800,11300.0,Benzine,5,1,1,70,0,999,1035,4.2
16800,21196.0,Benzine,5,1,1,71,0,999,1035,4.2
16800,14364.0,Benzine,5,1,1,70,0,1000,1135,4.2
16889,9916.0,Benzine,5,1,1,60,0,999,1135,4.2
16850,19492.0,Benzine,5,1,1,70,0,999,1135,4.3
16800,15346.0,Diesel,5,1,1,85,0,1600,1250,3.7
16500,22200.0,Diesel,5,1,1,66,0,1422,1640,3.7
16500,29566.0,Diesel,5,1,1,85,0,1598,1695,3.7
16490,9522.0,Benzine,5,1,1,70,0,999,1135,4.4
16490,15870.0,Benzine,5,1,1,70,0,999,1180,4.4
16500,15853.0,Benzine,5,1,1,70,0,999,1135,4.0
16445,23524.0,Diesel,5,1,1,66,1,1422,1195,3.9
23900,1.0,Benzine,7,0,1,85,0,999,1255,4.8
23900,300.0,Benzine,7,0,1,85,0,999,1230,4.8
23900,14999.0,Benzine,7,0,1,85,0,999,1200,4.8
23900,10.0,Benzine,7,0,1,85,0,999,1680,4.2
23950,3500.0,Benzine,7,0,1,85,0,999,1135,4.8
24706,1647.362609,Benzine,7,0,1,110,0,1498,1180,5.0
23950,100.0,Benzine,7,0,1,85,0,999,1135,4.8
24990,1647.362609,Benzine,7,0,1,85,0,999,1180,4.9
24970,18000.0,Benzine,7,0,1,85,1,999,1135,4.8
25190,256.0,Benzine,7,0,1,85,0,999,1173,4.8
26680,2998.0,Benzine,7,0,1,85,0,999,1200,4.9
26660,250.0,Benzine,7,0,1,85,0,999,1195,4.8
26500,11.0,Benzine,7,0,1,85,0,999,1135,5.0
26500,15.0,Benzine,7,0,1,85,0,999,1680,4.2
26500,10.0,Benzine,7,0,1,85,0,999,1135,4.8
27380,2998.0,Benzine,7,0,1,85,0,999,1200,4.9
27380,1647.362609,Benzine,7,0,1,85,0,999,1200,4.9
27200,900.0,Benzine,7,0,1,85,0,999,1135,4.8
27700,281.0,Benzine,7,0,1,85,0,999,1135,4.8
27650,1647.362609,Benzine,7,0,1,85,0,999,1255,4.8
27650,10.0,Benzine,7,0,1,92,0,999,1135,4.8
27650,20.0,Benzine,7,0,1,85,0,999,1255,4.8
28500,50.0,Benzine,7,0,1,85,0,999,1255,4.8
28280,6999.0,Benzine,7,0,1,85,1,999,1200,4.9
28240,11.0,Benzine,7,0,1,85,0,999,1200,4.9
28780,1647.362609,Benzine,7,0,1,85,1,999,1180,4.8
28750,4500.0,Benzine,7,0,1,85,0,1000,1180,4.9
28755,1647.362609,Benzine,7,0,1,85,0,999,1200,4.8
28800,10.0,Benzine,7,0,1,85,0,999,1255,4.8
28750,5000.0,Benzine,7,0,1,85,0,999,1100,4.4
28710,1647.362609,Benzine,7,0,1,85,0,999,1180,4.9
28690,3000.0,Benzine,6,0,1,85,0,999,1230,4.8
28600,10.0,Benzine,7,0,1,85,0,999,1550,4.8
28690,1647.362609,Benzine,7,0,1,85,0,999,1200,4.8
28690,3333.0,Benzine,7,0,1,85,0,1000,1135,4.9
28650,1647.362609,Benzine,7,0,1,85,0,999,1230,4.8
28650,7.0,Benzine,7,0,0,85,0,999,1180,4.4
28600,1647.362609,Benzine,7,0,0,85,0,999,1255,4.8
28600,4000.0,Benzine,7,0,0,85,0,999,1180,4.8
28560,10.0,Benzine,7,0,0,147,0,1984,1335,6.0
28500,3500.0,Benzine,6,0,1,85,0,999,1230,4.8
28200,1647.362609,Benzine,7,0,1,147,0,1984,1180,6.0
28190,1647.362609,Benzine,7,0,1,85,1,999,1180,4.8
28515,11.0,Benzine,7,0,1,85,0,999,1200,4.9
28500,1647.362609,Benzine,7,0,0,85,0,999,1255,4.8
28500,4000.0,Benzine,7,0,0,85,0,999,1680,4.2
28499,1647.362609,Benzine,7,0,1,85,0,999,1135,4.2
28150,1647.362609,Benzine,7,0,1,85,0,999,1230,4.8
28490,1647.362609,Benzine,7,0,1,85,0,999,1200,4.8
27980,1647.362609,Benzine,7,0,1,85,0,999,1200,4.9
27930,15.0,Benzine,7,0,1,85,0,999,1207,4.8
27995,8000.0,Benzine,7,0,1,85,1,999,1135,4.9
27990,1647.362609,Benzine,7,0,1,85,0,999,1200,4.8
27990,3800.0,Benzine,7,0,1,85,0,999,1135,4.8
27990,3006.0,Benzine,7,0,1,85,1,999,1200,4.8
27980,50.0,Benzine,7,0,1,85,1,999,1275,4.7
27980,9000.0,Benzine,7,0,1,85,1,999,1200,4.8
27980,1647.362609,Benzine,7,0,1,85,0,999,1180,4.9
27980,1647.362609,Benzine,7,0,1,85,0,999,1200,4.8
28490,5555.0,Benzine,7,0,1,85,0,999,1250,4.9
28490,5000.0,Benzine,7,0,1,85,0,999,1680,4.2
28480,1647.362609,Benzine,7,0,1,85,0,999,1200,4.8
28480,2900.0,Benzine,7,0,1,85,0,999,1200,4.8
28475,100.0,Benzine,7,0,1,85,0,999,1135,4.8
28460,9999.0,Benzine,7,0,1,147,0,1984,1180,6.0
28460,5000.0,Benzine,7,0,1,110,1,1498,1240,5.1
28427,1647.362609,Benzine,7,0,1,85,0,999,1180,4.9
28400,1000.0,Benzine,7,0,1,85,0,999,1180,4.8
28400,10.0,Benzine,7,0,1,85,0,999,1180,4.8
28400,10.0,Benzine,7,0,1,85,0,999,1135,4.8
27900,1647.362609,Benzine,7,0,1,85,0,999,1255,4.8
27900,1647.362609,Benzine,7,0,1,85,0,999,1230,4.8
27878,4000.0,Benzine,7,0,1,85,1,999,1200,4.8
27870,1150.0,Benzine,7,0,1,85,0,999,1135,4.9
27845,1120.0,Benzine,7,0,1,85,1,999,1200,4.8
27800,2835.0,Benzine,7,0,1,85,0,999,1550,4.8
27800,10.0,Benzine,7,0,1,85,0,999,1135,4.8
27800,1647.362609,Benzine,7,0,1,85,0,999,1135,4.8
27796,1647.362609,Benzine,7,0,1,85,0,999,1255,4.8
27780,1647.362609,Benzine,7,0,1,85,0,999,1200,4.9
27600,196.0,Benzine,7,0,1,85,0,999,1135,4.8
27550,2000.0,Benzine,7,0,1,85,0,999,1179,4.8
27500,251.0,Benzine,7,0,1,85,0,999,1190,4.8
27500,4999.0,Benzine,7,0,1,85,1,999,1135,4.8
27500,6000.0,Benzine,7,0,1,85,0,999,1180,4.8
27490,1647.362609,Benzine,7,0,1,85,0,999,1180,4.9
27490,3011.0,Benzine,7,0,1,85,1,999,1135,4.8
27450,220.0,Benzine,7,0,1,85,0,999,1176,4.2
27450,220.0,Benzine,7,0,1,85,0,999,1176,4.8
27400,10.0,Benzine,7,0,1,85,0,999,1180,4.8
27370,9900.0,Benzine,7,0,1,85,1,999,1135,4.8
27300,10.0,Benzine,7,0,1,85,0,999,1230,4.8
27200,100.0,Benzine,7,0,1,85,0,999,1165,4.4
28380,1647.362609,Benzine,7,0,1,110,1,1498,1180,5.1
27290,201.0,Benzine,7,0,1,85,0,999,1169,4.8
28390,1647.362609,Benzine,7,0,1,85,0,999,1200,4.8
27777,222.0,Benzine,7,0,1,85,0,999,1179,4.8
27750,1647.362609,Benzine,7,0,1,85,0,999,1200,4.8
27750,1647.362609,Benzine,7,0,1,85,0,999,1180,4.9
27200,100.0,Benzine,7,0,1,85,0,999,1135,4.8
27200,100.0,Benzine,7,0,1,85,0,999,1230,4.8
27175,1647.362609,Benzine,7,0,1,85,0,999,1200,4.8
27040,1647.362609,Benzine,7,0,1,85,0,999,1180,4.8
26990,9000.0,Benzine,7,0,1,85,1,999,1200,4.8
26990,1647.362609,Benzine,7,0,1,85,0,999,1200,4.8
27000,900.0,Benzine,7,0,1,85,0,999,1230,4.8
26980,1647.362609,Benzine,7,0,1,85,0,999,1180,4.9
26990,2000.0,Benzine,7,0,1,85,0,999,1179,4.8
27720,2257.0,Benzine,7,0,1,85,0,999,1182,4.8
27000,1.0,Benzine,7,0,1,85,0,999,1135,4.8
26930,5000.0,Benzine,7,0,1,85,0,999,1200,4.8
26680,1647.362609,Benzine,7,0,1,85,1,999,1180,4.8
26990,1000.0,Benzine,7,0,1,85,0,999,1200,4.8
26990,1647.362609,Benzine,7,0,1,85,0,999,1255,4.8
26990,1647.362609,Benzine,7,0,1,85,0,999,1230,4.8
26990,10.0,Benzine,7,0,1,85,0,999,1180,4.9
26980,2998.0,Benzine,7,0,1,85,0,999,1200,4.9
26990,20.0,Benzine,7,0,1,85,0,999,1255,4.8
26980,1647.362609,Benzine,7,0,1,85,0,999,1180,4.8
26900,150.0,Benzine,7,0,1,85,0,999,1200,4.8
26900,3900.0,Benzine,7,0,1,85,0,999,1180,4.8
26900,1500.0,Benzine,7,0,1,85,0,999,1180,4.8
26900,2000.0,Benzine,7,0,1,85,0,999,1135,4.8
26900,10.0,Benzine,7,0,1,85,0,999,1180,4.8
26890,12.0,Benzine,7,0,1,85,0,999,1200,4.8
26890,15.0,Benzine,7,0,1,85,0,999,1200,4.8
26850,3000.0,Benzine,7,0,1,85,1,999,1200,4.8
26830,5000.0,Benzine,7,0,1,85,0,999,1200,4.8
26890,1647.362609,Benzine,7,0,1,85,0,999,1200,4.8
26800,1647.362609,Benzine,7,0,1,85,0,999,1255,4.8
26740,7500.0,Benzine,7,0,1,85,1,999,1180,4.9
26500,5000.0,Benzine,7,0,1,85,0,999,1680,4.8
26494,6900.0,Benzine,7,0,1,85,0,999,1180,4.8
26450,50.0,Benzine,7,0,1,85,0,999,1180,4.9
26500,10.0,Benzine,7,0,1,85,0,999,1255,4.8
26450,15.0,Benzine,7,0,1,110,0,1498,1240,5.1
26490,1647.362609,Benzine,7,0,1,85,1,999,1200,4.9
26450,1647.362609,Benzine,7,0,1,85,0,999,1230,4.8
26450,5000.0,Benzine,7,0,1,85,0,999,1178,4.8
26300,10.0,Benzine,7,0,1,85,0,999,1135,4.8
26300,15.0,Benzine,7,0,1,85,0,999,1680,4.8
26400,30.0,Benzine,7,0,1,85,0,999,1135,4.8
26360,547.0,Benzine,7,0,1,85,0,999,1171,4.8
25490,3134.0,Benzine,7,0,1,85,0,999,1680,4.2
26300,10.0,Benzine,7,0,1,85,0,999,1100,4.4
25490,1647.362609,Benzine,7,0,1,85,0,999,1200,4.8
26200,1.0,Benzine,7,0,1,85,0,999,1230,4.8
26100,11.0,Benzine,7,0,1,85,0,999,1230,4.8
26200,50.0,Benzine,7,0,1,85,0,999,1680,4.8
26100,11.0,Benzine,7,0,1,85,0,999,1135,5.0
25900,10.0,Benzine,7,0,1,85,0,999,1230,4.8
26130,3050.0,Benzine,7,0,1,85,0,999,1180,4.9
25880,1647.362609,Benzine,7,0,1,85,1,999,1200,4.8
24700,300.0,Benzine,7,0,1,85,0,999,1230,4.8
26700,10.0,Benzine,7,0,1,85,0,999,1135,4.8
24690,164.0,Benzine,7,0,1,85,0,999,1680,4.8
25490,5500.0,Benzine,7,0,1,85,0,999,1680,4.2
24660,2200.0,Benzine,7,0,1,85,1,999,1180,4.8
25490,2500.0,Benzine,7,0,1,85,1,999,1200,4.8
25490,5660.0,Benzine,7,0,1,85,1,999,1280,4.9
25200,10.0,Benzine,7,0,1,85,0,999,1180,4.8
25400,1.0,Benzine,7,0,1,85,0,999,1230,4.8
25190,255.0,Benzine,7,0,1,85,0,999,1173,4.8
25256,5000.0,Benzine,5,0,1,71,0,999,1090,4.2
25190,267.0,Benzine,7,0,1,85,0,999,1173,4.8
26040,1647.362609,Benzine,7,0,1,85,0,999,1180,4.8
26000,3900.0,Benzine,7,0,1,85,0,999,1230,4.8
25990,1647.362609,Benzine,7,0,1,85,0,999,1200,4.8
25990,1647.362609,Benzine,7,0,1,85,1,999,1200,4.8
25990,1032.0,Benzine,7,0,1,85,1,999,1200,4.8
25900,1990.0,Benzine,7,0,1,85,0,999,1166,4.2
25900,1990.0,Benzine,7,0,1,85,0,999,1166,4.8
25900,6700.0,Benzine,7,0,1,85,0,999,1135,4.8
25900,3000.0,Benzine,7,0,1,85,0,999,1680,4.8
25900,55.0,Benzine,7,0,1,85,0,999,1135,4.8
25900,1.0,Benzine,7,0,1,70,0,999,1165,4.6
25800,1.0,Benzine,7,0,1,85,0,999,1230,4.8
25800,1647.362609,Benzine,7,0,1,85,0,999,1135,4.8
25780,8000.0,Benzine,7,0,1,85,1,999,1180,4.8
25750,1647.362609,Benzine,7,0,1,85,0,999,1180,4.8
25700,10.0,Benzine,7,0,1,85,0,999,1255,4.8
25690,6100.0,Benzine,7,0,1,85,1,999,1180,4.8
25600,1647.362609,Benzine,7,0,1,85,0,999,1135,4.8
25550,1647.362609,Benzine,7,0,1,85,0,999,1230,4.8
25690,50.0,Benzine,7,0,1,85,1,999,1200,4.8
25500,1647.362609,Benzine,7,0,1,85,0,999,1135,4.8
25500,10.0,Benzine,7,0,1,85,0,999,1135,4.8
25500,10.0,Benzine,7,0,1,85,0,999,1680,4.8
25500,100.0,Benzine,7,0,1,85,0,999,1135,4.8
25500,11.0,Benzine,7,0,1,85,0,999,1680,4.2
24540,1647.362609,Benzine,7,0,1,85,0,999,1180,4.8
24500,50.0,Benzine,7,0,1,85,0,999,1230,4.8
24490,1647.362609,Benzine,7,0,1,85,0,999,1180,4.9
24450,10000.0,Benzine,7,0,1,85,0,999,1200,4.8
24500,1.0,Benzine,7,0,1,85,0,999,1135,4.8
24490,3000.0,Benzine,7,0,1,85,1,999,1135,4.8
24480,5000.0,Benzine,7,0,1,85,0,999,1200,4.8
24490,15500.0,Benzine,7,0,1,85,0,999,1680,4.8
24490,6000.0,Benzine,7,0,1,85,1,999,1135,4.8
24300,680.0,Benzine,7,0,1,85,0,999,1680,4.8
24200,1647.362609,Benzine,7,0,1,85,0,999,1135,4.8
24240,1647.362609,Benzine,7,0,1,85,1,999,1200,4.9
24059,1647.362609,Benzine,7,0,1,110,0,1498,1180,5.0
24290,5000.0,Benzine,7,0,1,85,0,999,1680,4.2
25190,263.0,Benzine,7,0,1,85,0,999,1173,4.8
23980,6000.0,Benzine,7,0,1,85,1,999,1135,4.8
25190,259.0,Benzine,7,0,1,85,0,999,1173,4.8
25100,10.0,Benzine,7,0,1,85,0,999,1680,4.8
25000,10.0,Benzine,7,0,1,85,0,999,1135,4.8
24999,7500.0,Benzine,7,0,1,85,0,999,1680,4.2
24990,123.0,Benzine,7,0,1,85,0,999,1680,4.2
24990,3900.0,Benzine,7,0,1,85,1,999,1135,4.8
25900,178.0,Benzine,7,0,1,85,0,999,1680,4.8
25500,6000.0,Benzine,7,0,1,85,0,999,1230,4.8
24950,8000.0,Benzine,7,0,1,85,0,999,1680,4.2
24900,1.0,Benzine,7,0,1,85,0,999,1230,4.8
24930,3200.0,Benzine,7,0,1,85,0,999,1180,4.8
24900,14900.0,Benzine,7,0,1,85,1,999,1180,4.8
24900,10.0,Benzine,7,0,1,85,0,999,1255,4.8
24800,10.0,Benzine,7,0,1,85,0,999,1255,4.8
24900,1.0,Benzine,7,0,0,85,0,999,1200,4.8
24880,5000.0,Benzine,7,0,1,85,1,999,1135,4.8
24800,1647.362609,Benzine,7,0,1,85,0,999,1135,4.8
24870,5000.0,Benzine,7,0,1,85,1,999,1200,4.8
24799,251.0,Benzine,7,0,1,85,0,999,1173,4.8
24750,1647.362609,Benzine,7,0,1,85,0,999,1180,4.8
28800,50.0,Benzine,7,0,0,85,1,999,1200,4.8
28880,6800.0,Benzine,7,0,0,92,1,1395,1180,5.2
28880,1647.362609,Benzine,7,0,0,85,1,999,1180,4.8
28880,2665.0,Benzine,7,0,1,85,1,999,1135,4.8
28880,4999.0,Benzine,7,0,1,147,0,1984,1135,6.0
28860,1647.362609,Benzine,6,0,1,147,0,1984,1180,6.0
28875,15.0,Benzine,7,0,1,110,0,1498,1240,5.1
28880,3100.0,Benzine,7,0,1,147,1,1984,1135,6.0
19450,10.0,Benzine,5,0,1,60,0,999,1105,4.3
28880,6100.0,Benzine,7,0,1,85,1,1000,1135,4.8
28990,12.0,Benzine,7,0,1,85,0,999,1200,4.8
19850,1647.362609,Benzine,5,0,1,85,0,999,1180,4.9
19990,251.0,Benzine,5,0,1,70,0,999,1144,4.6
19870,2500.0,Benzine,5,0,1,85,1,999,1180,4.8
19990,1647.362609,Benzine,5,0,1,70,0,999,1180,4.6
19999,2690.0,Benzine,5,0,1,85,0,999,1180,4.8
19995,18.0,Benzine,6,0,1,70,0,999,1165,4.6
19999,1647.362609,Benzine,5,0,1,85,0,999,1180,4.9
21390,1647.362609,Benzine,5,0,1,70,0,999,1165,4.6
20900,5.0,Benzine,6,0,1,85,0,999,1655,4.2
21490,9999.0,Benzine,5,0,1,70,0,999,1136,4.6
21490,1647.362609,Benzine,5,0,1,70,0,999,1165,4.6
21490,10.0,Benzine,5,0,1,70,0,999,1144,4.6
21490,10.0,Benzine,5,0,1,70,0,999,1138,4.6
21390,1647.362609,Benzine,5,0,0,70,0,999,1140,4.2
20990,3000.0,Benzine,5,0,1,85,1,999,1180,4.8
21390,1.0,Benzine,5,0,0,70,0,999,1140,4.2
21700,1647.362609,Benzine,5,0,0,70,0,999,1135,4.2
21700,1647.362609,Benzine,6,0,0,85,0,999,1135,4.8
21670,10.0,Benzine,5,0,0,85,1,999,1135,4.9
21620,9900.0,Benzine,5,0,1,85,1,999,1180,4.9
20990,1647.362609,Benzine,5,0,1,70,0,999,1135,4.2
21500,1.0,Benzine,5,0,1,70,0,999,1165,4.6
21590,1647.362609,Benzine,5,0,1,85,1,999,1180,4.9
21590,15.0,Benzine,6,0,1,85,0,999,1180,4.9
21500,100.0,Benzine,5,0,1,70,0,999,1165,4.6
21499,15.0,Benzine,5,0,0,70,0,999,1180,4.6
21330,3000.0,Benzine,5,0,1,85,1,999,1180,4.8
21280,1.0,Benzine,5,0,0,70,0,999,1140,4.2
21200,15000.0,Benzine,5,0,0,70,0,999,1144,4.6
21222,10000.0,Benzine,5,0,1,85,1,999,1180,4.8
21200,1.0,Benzine,5,0,1,70,0,999,1165,4.6
21190,1647.362609,Benzine,5,0,1,70,1,999,1165,4.7
21190,50.0,Benzine,5,0,1,70,0,999,1133,4.6
21090,1647.362609,Benzine,5,0,1,85,0,999,1180,4.9
21000,6000.0,Benzine,6,0,1,85,0,999,1180,4.8
21000,10000.0,Benzine,6,0,1,85,0,999,1655,4.2
21000,1.0,Benzine,5,0,1,70,0,999,1165,4.6
20990,2500.0,Benzine,5,0,1,70,0,999,1110,4.6
20990,4900.0,Benzine,6,0,1,85,1,999,1180,4.8
20990,150.0,Benzine,5,0,1,85,1,999,1180,4.9
20990,10.0,Benzine,5,0,1,85,0,999,1180,4.8
20988,10.0,Benzine,6,0,1,85,1,999,1180,4.9
20990,50.0,Benzine,5,0,1,70,0,999,1133,4.6
20985,6000.0,Benzine,5,0,1,85,1,999,1135,4.8
20980,9900.0,Benzine,5,0,1,70,1,999,1180,4.6
20980,1000.0,Benzine,5,0,1,70,0,999,1135,4.3
21490,1500.0,Benzine,6,0,1,85,0,999,1180,4.8
20980,1647.362609,Benzine,5,0,0,70,0,999,1140,4.2
21490,1056.0,Benzine,6,0,1,85,1,999,1180,4.8
21490,1071.0,Benzine,6,0,1,85,1,999,1180,4.8
21490,15.0,Benzine,6,0,1,85,0,999,1180,4.9
21490,3990.0,Benzine,6,0,1,85,0,999,1133,4.2
21490,3990.0,Benzine,5,0,1,85,0,999,1133,4.8
20990,1647.362609,Benzine,5,0,1,85,1,995,1180,4.2
21490,10.0,Benzine,5,0,1,70,1,999,1180,4.6
20990,1.0,Benzine,5,0,1,70,0,998,1135,4.2
20900,25.0,Benzine,5,0,1,70,0,999,1630,4.6
20900,14999.0,Benzine,6,0,1,85,0,999,1180,4.8
20900,1.0,Benzine,5,0,1,70,0,999,1165,4.6
20900,1.0,Benzine,6,0,1,85,0,999,1180,4.8
20885,15.0,Benzine,6,0,1,85,0,999,1180,4.9
21490,10.0,Benzine,5,0,1,70,0,999,1135,4.2
20900,4800.0,Benzine,6,0,1,85,0,999,1180,4.8
21490,50.0,Benzine,5,0,1,70,0,999,1133,4.6
21480,1647.362609,Benzine,5,0,1,70,0,999,1165,4.6
21450,25.0,Benzine,6,0,1,85,0,999,1110,4.8
21435,15.0,Benzine,6,0,1,85,0,999,1180,4.9
20900,1647.362609,Benzine,5,0,1,85,0,999,1180,4.9
20900,12.0,Benzine,5,0,1,85,0,999,1144,4.8
21400,10000.0,Benzine,5,0,1,85,0,999,1180,4.9
20400,6000.0,Benzine,5,0,1,70,0,999,1165,4.6
20388,10.0,Benzine,6,0,1,85,1,999,1180,4.9
20990,6000.0,Benzine,6,0,1,85,0,999,1180,4.9
20881,1670.0,Benzine,6,0,1,85,1,999,1180,4.8
20880,3000.0,Benzine,5,0,1,85,1,999,1180,4.8
20440,5500.0,Benzine,5,0,1,70,1,999,1135,4.6
20420,20.0,Benzine,5,0,1,70,1,999,1135,5.1
20344,1647.362609,Benzine,5,0,1,70,0,999,1165,4.0
20380,9900.0,Benzine,5,0,1,70,1,999,1135,4.6
20299,5000.0,Benzine,5,0,1,70,0,999,1645,4.2
20288,10.0,Benzine,6,0,1,85,1,999,1180,4.9
20000,4500.0,Diesel,5,0,1,66,0,1422,1135,3.8
20850,1.0,Benzine,5,0,0,70,0,999,1165,4.6
20288,10.0,Benzine,6,0,0,85,1,999,1180,4.9
20750,10000.0,Benzine,5,0,0,85,0,999,1144,4.9
20700,10.0,Benzine,5,0,0,70,0,999,1165,4.6
20690,10.0,Benzine,6,0,0,92,0,1395,1135,5.3
20690,6000.0,Benzine,5,0,1,85,1,999,1180,4.8
20653,1647.362609,Benzine,6,0,1,85,0,999,1180,4.0
20590,1647.362609,Diesel,5,0,0,85,0,1598,1250,3.7
20590,9900.0,Benzine,5,0,1,70,1,999,1135,4.6
20500,251.0,Benzine,5,0,1,70,0,999,1144,4.6
19990,1647.362609,Benzine,5,0,1,70,0,999,1180,4.7
19990,3000.0,Benzine,5,0,1,85,1,999,1180,4.8
19990,2500.0,Benzine,5,0,1,70,0,999,1144,4.6
19990,1647.362609,Benzine,5,0,1,70,1,999,1180,4.7
19950,6500.0,Benzine,5,0,1,85,1,999,1135,4.8
19949,1075.0,Benzine,6,0,1,85,0,999,1135,4.8
19900,11000.0,Benzine,6,0,1,85,0,999,1180,4.0
19900,141.0,Benzine,5,0,0,70,0,999,1165,4.6
19890,5900.0,Benzine,5,0,0,70,1,999,1135,4.4
19890,1.0,Benzine,6,0,0,85,0,999,1180,4.9
19890,5000.0,Benzine,6,0,1,85,0,999,1180,4.8
19888,35.0,Benzine,5,0,1,70,0,999,1180,5.6
19850,2900.0,Benzine,6,0,1,85,1,999,1180,4.8
19826,1647.362609,Benzine,6,0,1,85,0,999,1180,4.0
19690,1647.362609,Benzine,5,0,0,70,0,999,1135,4.3
19650,1.0,Benzine,5,0,1,70,0,999,1165,4.6
19588,10.0,Benzine,6,0,1,85,1,999,1180,4.9
19500,50.0,Benzine,5,0,1,70,0,999,1630,4.6
19500,24.0,Benzine,5,0,1,70,0,999,1630,4.6
19550,1.0,Benzine,6,0,1,85,0,999,1165,4.4
19497,1647.362609,Benzine,5,0,1,70,0,999,1165,4.0
19490,1585.0,Benzine,6,0,1,85,1,999,1180,4.9
19490,665.0,Benzine,6,0,1,85,1,999,1180,4.9
19550,1647.362609,Benzine,6,0,0,85,0,999,1165,4.4
19490,7.0,Benzine,5,0,0,85,0,999,1180,4.4
18800,1647.362609,Benzine,5,0,0,85,0,999,1180,4.9
18775,6150.0,Benzine,5,0,1,70,0,999,1135,4.2
28990,161.0,Benzine,7,0,1,85,0,999,1181,4.8
18900,1647.362609,Benzine,6,0,1,85,1,999,1180,4.8
28990,100.0,Benzine,7,0,1,85,0,999,1135,4.8
18880,1647.362609,Benzine,5,0,1,85,0,999,1180,4.7
18680,1.0,Benzine,6,0,1,85,0,999,1180,4.9
28980,4500.0,Benzine,7,0,1,85,1,999,1200,4.9
28990,4900.0,Benzine,6,0,1,147,1,1984,1335,6.0
28980,10.0,Benzine,7,0,1,85,0,999,1185,4.8
28990,6001.0,Benzine,7,0,1,85,0,1000,1135,4.9
28990,3900.0,Benzine,7,0,1,85,1,999,1135,4.8
28980,15.0,Benzine,7,0,1,85,0,999,1180,4.9
28980,1647.362609,Benzine,7,0,1,85,0,999,1200,4.8
28980,1647.362609,Benzine,7,0,1,110,1,1498,1240,5.1
28960,11000.0,Benzine,7,0,1,85,1,999,1180,4.8
28960,8999.0,Benzine,7,0,1,85,1,999,1180,4.9
28950,3000.0,Benzine,7,0,1,85,1,999,1135,4.8
28940,10.0,Benzine,7,0,1,147,0,1984,1335,6.0
28900,6000.0,Benzine,7,0,1,85,0,999,1180,4.8
28960,9999.0,Benzine,7,0,1,85,0,999,1180,4.8
28900,1900.0,Benzine,7,0,1,110,0,1498,1655,5.0
18670,1647.362609,Benzine,5,0,1,70,0,999,1165,4.0
18400,1.0,Benzine,5,0,1,70,0,999,1110,5.1
18325,6150.0,Benzine,5,0,1,70,0,999,1135,4.2
18288,10.0,Benzine,6,0,1,85,1,999,1180,4.9
18200,10.0,Benzine,5,0,1,70,0,999,1135,4.6
18480,6900.0,Benzine,5,0,1,70,0,999,1180,4.2
18300,1647.362609,Benzine,6,0,1,85,1,999,1180,4.8
17999,0.0,Benzine,5,0,0,70,0,999,1135,4.3
17880,3000.0,Benzine,5,0,1,70,0,999,1135,4.4
29197,3001.0,Benzine,7,0,1,85,1,999,1180,4.8
18175,1.0,Benzine,5,0,0,70,0,999,1165,4.6
29190,10.0,Benzine,7,0,0,85,1,999,1180,4.8
18000,1647.362609,Benzine,6,0,0,85,0,999,1180,4.0
29181,1647.362609,Benzine,7,0,0,147,0,1984,1180,6.0
17900,12900.0,Diesel,5,0,0,85,0,1598,1695,3.7
29137,1647.362609,Benzine,7,0,0,85,1,999,1200,4.9
29179,3000.0,Benzine,7,0,1,147,0,1984,1180,6.0
29150,1647.362609,Benzine,7,0,1,85,0,999,1180,4.8
29000,6000.0,Benzine,6,0,1,85,0,999,1230,4.8
29000,3000.0,Benzine,6,0,1,147,0,1984,1135,4.4
29000,10.0,Benzine,7,0,1,110,0,1498,1135,5.0
28999,15.0,Benzine,7,0,1,85,0,999,1180,4.9
28999,1700.0,Benzine,7,0,1,85,0,999,1125,5.8
28990,50.0,Benzine,7,0,1,85,0,999,1200,4.8
28998,5000.0,Benzine,6,0,1,147,1,1984,1335,6.0
28990,4500.0,Benzine,7,0,1,85,1,1000,1135,4.9
28997,1500.0,Benzine,7,0,1,147,1,1984,1335,6.0
28990,6000.0,Benzine,7,0,1,70,0,999,1180,4.9
17600,1647.362609,Benzine,5,0,0,70,1,999,1165,4.7
17600,11200.0,Benzine,5,1,1,70,1,999,1134,4.2
17399,1647.362609,Benzine,5,0,0,70,0,999,1165,4.6
17376,1647.362609,Benzine,6,0,0,85,0,999,1180,4.0
17330,1.0,Benzine,6,0,0,85,0,999,1180,4.8
17250,1647.362609,Benzine,6,0,0,70,1,999,1180,4.8
17173,1647.362609,Benzine,5,0,0,70,0,999,1165,4.6
28890,100.0,Benzine,7,0,1,85,0,999,1135,4.8
17780,1647.362609,Benzine,5,0,1,70,0,999,1180,4.2
19388,10.0,Benzine,6,0,1,85,1,999,1180,4.9
19400,7000.0,Benzine,5,0,1,70,0,999,1165,4.6
19364,10.0,Benzine,6,0,1,92,0,1395,1135,5.3
19250,1647.362609,Benzine,5,0,0,70,0,999,1135,4.2
19388,10.0,Benzine,6,0,0,85,1,999,1180,4.9
19000,1.0,Benzine,5,0,1,70,0,999,1165,4.6
18999,10.0,Benzine,6,0,1,85,0,999,1230,4.8
18990,1.0,Benzine,5,0,1,70,0,999,1206,4.6
18950,1.0,Benzine,5,0,1,70,0,999,1165,4.6
18950,1647.362609,Benzine,5,0,0,70,0,999,1165,4.6
18990,10.0,Diesel,5,0,0,66,0,1422,1130,3.7
28890,4500.0,Benzine,7,0,1,85,0,999,1350,4.9
18990,10.0,Benzine,6,0,1,92,0,1395,1135,5.3
28840,1647.362609,Benzine,7,0,1,85,0,999,1180,4.9
28820,1647.362609,Benzine,7,0,1,85,0,999,1180,4.9
28819,1647.362609,Benzine,7,0,1,85,0,999,1135,4.9
28819,1647.362609,Benzine,7,0,1,85,0,999,1180,4.9
28800,1647.362609,Benzine,7,0,1,85,0,999,1180,4.9
22250,100.0,Benzine,6,0,1,85,0,999,1135,4.8
21990,1010.0,Benzine,6,0,1,85,0,999,1180,4.9
21900,50.0,Benzine,5,0,1,70,0,999,1630,4.6
21740,18000.0,Benzine,6,0,1,85,1,999,1135,4.8
22300,5000.0,Benzine,6,0,1,85,0,999,1655,4.8
22300,100.0,Benzine,6,0,1,85,0,999,1135,4.8
22290,3000.0,Benzine,6,0,1,85,1,999,1180,4.9
22290,1647.362609,Benzine,6,0,1,85,0,999,1180,4.9
22290,4000.0,Benzine,5,0,1,85,1,999,1180,4.9
22289,1647.362609,Benzine,5,0,1,70,0,999,1135,4.6
22400,1647.362609,Benzine,5,0,0,70,1,999,1165,4.7
22048,1647.362609,Benzine,5,0,0,70,0,999,1165,4.6
22028,1647.362609,Benzine,6,0,0,85,1,999,1180,4.9
22590,1647.362609,Benzine,6,0,0,85,1,999,1180,4.9
22490,4000.0,Benzine,5,0,1,85,0,999,1180,4.9
22900,1500.0,Benzine,5,0,1,70,0,999,1630,4.6
22900,10.0,Benzine,6,0,1,85,0,999,1230,4.8
22800,10.0,Benzine,6,0,1,85,0,999,1135,4.8
22900,1647.362609,Benzine,5,0,0,70,1,999,1165,4.7
22700,10.0,Benzine,6,0,1,85,0,999,1230,4.8
22700,1.0,Benzine,5,0,1,70,0,999,1165,4.6
22900,17.0,Benzine,6,0,1,85,0,999,1655,4.8
22980,1647.362609,Benzine,5,0,1,70,0,999,1165,4.7
22980,6000.0,Benzine,5,0,1,70,0,999,1150,4.7
22970,1150.0,Benzine,6,0,1,85,0,999,1135,4.9
22990,1647.362609,Benzine,5,0,1,70,0,999,1180,4.7
22990,50.0,Benzine,5,0,1,70,0,999,1147,4.6
22990,1647.362609,Benzine,5,0,1,70,1,999,1165,4.6
22980,3000.0,Benzine,6,0,1,85,1,999,1135,4.9
22959,1647.362609,Benzine,5,0,1,85,0,999,1180,4.8
22950,1647.362609,Benzine,6,0,1,85,1,999,1180,4.9
22919,1647.362609,Benzine,5,0,1,70,1,999,1180,4.3
22989,6000.0,Benzine,6,0,1,85,1,999,1180,4.9
22989,6000.0,Benzine,6,0,1,85,1,999,1135,4.9
22950,1000.0,Benzine,5,0,1,70,0,999,1135,4.2
22919,1647.362609,Benzine,5,0,1,70,1,999,1180,4.0
22900,3900.0,Benzine,6,0,1,85,0,999,1180,4.9
22900,10.0,Benzine,6,0,1,85,0,999,1655,4.9
22900,12.0,Benzine,6,0,1,85,0,999,1655,4.9
22900,11.0,Benzine,6,0,1,85,0,999,1655,4.9
22880,9700.0,Benzine,6,0,1,85,1,999,1180,4.9
22880,12700.0,Benzine,6,0,1,85,1,999,1180,4.9
22800,22.0,Benzine,6,0,1,85,0,999,1655,4.9
22900,4000.0,Benzine,6,0,1,85,0,999,1180,4.8
22900,2900.0,Benzine,6,0,1,85,0,999,1135,4.9
22890,1000.0,Benzine,5,0,1,85,0,999,1180,4.9
22850,1647.362609,Benzine,6,0,1,85,1,999,1180,4.9
22800,20.0,Benzine,6,0,1,85,0,999,1655,4.8
22800,19.0,Benzine,6,0,1,85,0,999,1655,4.9
22800,28.0,Benzine,6,0,1,85,0,999,1655,4.9
22790,1647.362609,Benzine,5,0,1,70,0,999,1180,4.7
22720,0.0,Benzine,6,0,0,85,1,999,1180,4.9
22730,1647.362609,Benzine,5,0,0,85,1,999,1180,4.8
22790,1647.362609,Benzine,5,0,0,70,0,999,1180,4.7
22785,1647.362609,Benzine,6,0,0,85,1,999,1180,4.8
22750,10.0,Benzine,5,0,0,70,0,999,1165,4.7
22720,1647.362609,Benzine,6,0,0,85,1,999,1180,4.9
22690,1647.362609,Benzine,5,0,0,70,1,999,1180,4.6
22650,3000.0,Benzine,5,0,1,70,1,999,1180,4.3
22600,10.0,Benzine,6,0,1,85,0,999,1230,4.8
22530,1647.362609,Benzine,5,0,1,70,0,999,1165,4.6
22550,1647.362609,Benzine,6,0,1,85,0,999,1180,4.8
22590,11.0,Benzine,5,0,1,70,0,999,1180,4.6
22590,1000.0,Benzine,5,0,1,85,0,999,1147,4.8
22590,1647.362609,Benzine,6,0,1,85,1,999,1180,4.9
22490,1647.362609,Benzine,5,0,1,70,1,999,1165,4.7
22490,10.0,Benzine,6,0,1,85,0,999,1180,4.8
22500,50.0,Benzine,5,0,1,70,0,999,1230,4.8
22500,3000.0,Benzine,6,0,1,85,0,999,1180,4.8
22500,1647.362609,Benzine,5,0,1,70,0,999,1135,4.6
22500,9.0,Benzine,5,0,1,70,0,999,1630,4.6
22490,5500.0,Benzine,5,0,1,70,1,999,1180,4.7
22490,10.0,Benzine,5,0,1,70,0,999,1135,4.2
22490,500.0,Benzine,5,0,1,70,0,999,1180,4.7
22490,10.0,Benzine,5,0,1,85,1,999,1180,4.9
22490,1647.362609,Benzine,5,0,1,70,1,999,1165,4.6
22220,50.0,Benzine,5,0,1,70,0,999,1630,4.6
22499,1647.362609,Benzine,5,0,1,70,1,999,1165,4.7
22494,10.0,Benzine,5,0,1,85,0,999,1180,4.8
22490,1647.362609,Benzine,6,0,1,85,0,1000,1180,4.4
22499,1.0,Benzine,5,0,1,71,0,999,1090,4.2
22499,1.0,Benzine,5,0,1,71,0,999,1040,4.2
22490,1647.362609,Benzine,5,0,1,85,1,999,1180,4.9
22490,6000.0,Benzine,6,0,1,85,0,999,1135,4.9
22490,200.0,Benzine,5,0,1,70,0,999,1146,4.6
22490,180.0,Benzine,5,0,1,70,0,999,1141,4.6
22400,1647.362609,Benzine,6,0,1,85,0,999,1135,4.8
22398,10.0,Benzine,5,0,1,70,0,999,1135,4.2
22390,5000.0,Benzine,5,0,1,60,0,999,1625,4.2
22380,4136.0,Benzine,5,0,1,85,0,999,1133,4.8
22360,1647.362609,Benzine,6,0,1,85,1,999,1180,4.8
22350,1647.362609,Benzine,5,0,1,85,0,999,1180,4.9
22350,1647.362609,Benzine,5,0,1,70,1,999,1180,4.6
22329,201.0,Benzine,5,0,1,70,0,999,1156,4.6
22300,10.0,Benzine,6,0,1,85,0,999,1655,4.8
22490,9000.0,Benzine,6,0,1,85,1,999,1180,4.9
22489,9000.0,Benzine,6,0,1,85,1,999,1135,4.9
22480,1090.0,Benzine,5,0,1,85,0,999,1133,4.8
22450,3990.0,Benzine,5,0,1,85,0,999,1133,4.8
22450,3990.0,Benzine,6,0,1,85,0,999,1133,4.2
22200,10.0,Benzine,6,0,0,85,0,999,1135,4.8
22200,10.0,Benzine,6,0,1,85,0,999,1230,4.8
22150,1647.362609,Benzine,6,0,1,85,0,999,1180,4.8
22140,50.0,Benzine,5,0,1,70,0,999,1138,4.6
22100,5700.0,Benzine,6,0,1,85,1,999,1180,4.9
22100,10000.0,Benzine,6,0,1,85,0,999,1655,4.2
22080,1647.362609,Benzine,5,0,1,70,1,999,1165,4.6
21990,12.0,Benzine,6,0,1,85,0,999,1180,4.8
21990,1647.362609,Benzine,5,0,1,70,0,999,1165,4.6
21990,11.0,Benzine,6,0,1,85,0,999,1655,4.2
21900,10.0,Benzine,5,0,0,70,0,999,1165,4.6
21890,1647.362609,Benzine,5,0,0,70,1,999,1165,4.6
21880,10.0,Benzine,6,0,0,85,0,999,1180,4.9
21880,3500.0,Benzine,5,0,1,70,0,999,1165,4.7
21877,10.0,Benzine,5,0,1,85,1,999,1135,4.9
22000,10.0,Benzine,6,0,1,85,0,999,1135,4.8
22000,500.0,Benzine,5,0,1,85,0,999,1136,4.8
22000,1647.362609,Benzine,5,0,1,70,0,999,1090,4.0
21999,10.0,Benzine,5,0,1,85,0,999,1142,4.8
21999,261.0,Benzine,5,0,1,85,0,999,1142,4.8
21990,15.0,Benzine,6,0,1,85,0,999,1180,4.9
21985,3500.0,Benzine,6,0,1,85,1,999,1180,4.4
21980,250.0,Benzine,5,0,1,70,0,999,1118,5.1
21920,3050.0,Benzine,5,0,1,85,0,999,1180,4.9
21900,3317.0,Benzine,5,0,1,70,0,999,1115,5.1
21900,3100.0,Benzine,6,0,1,85,0,999,1180,4.9
21920,1699.0,Benzine,5,0,1,85,0,999,1180,4.9
21900,32.0,Benzine,5,0,1,71,0,999,1035,4.2
21900,12.0,Benzine,5,0,1,70,0,999,1134,4.6
21850,6000.0,Benzine,6,0,1,85,0,999,1180,4.9
21850,1647.362609,Benzine,5,0,1,70,1,999,1165,4.7
21850,1647.362609,Benzine,6,0,1,85,0,999,1180,4.8
21800,4000.0,Benzine,6,0,1,85,0,999,1180,4.9
21800,10.0,Benzine,6,0,1,85,0,999,1135,4.8
21900,5000.0,Benzine,6,0,1,85,0,999,1655,4.8
21800,50.0,Benzine,5,0,1,85,0,999,1135,4.2
21800,1647.362609,Benzine,6,0,1,85,0,999,1180,4.8
21800,1.0,Benzine,5,0,1,70,0,999,1165,4.6
21800,1647.362609,Benzine,5,0,1,70,0,999,1135,4.6
21789,10.0,Benzine,6,0,1,92,0,1395,1135,5.3
21750,1647.362609,Benzine,5,0,0,70,0,1000,1135,4.2
21760,3000.0,Benzine,5,0,2,70,1,999,1180,4.4
21750,390.0,Benzine,5,0,2,70,0,999,1136,4.6
28200,26166.0,Diesel,6,1,1,85,0,1598,1135,4.9
10893,19800.0,Benzine,7,1,1,110,0,1498,1470,5.1
13000,36792.0,Diesel,7,2,1,81,0,1598,1255,4.0
15450,149006.0,Diesel,7,3,1,81,0,1598,1360,4.0
15680,141147.0,Diesel,7,3,1,110,0,1968,1360,4.0
16490,44500.0,Diesel,7,3,1,110,0,1598,1360,4.0
16900,35000.0,Diesel,7,3,1,81,0,1598,1355,3.0
16490,79999.0,Diesel,7,3,1,81,0,1598,1360,3.8
16500,122584.0,Diesel,7,3,1,81,0,1598,1355,3.65
16900,44000.0,Diesel,7,3,1,81,0,1598,1355,3.8
16990,36147.0,Diesel,7,3,1,81,0,1598,1355,4.0
17490,22978.0,Diesel,7,2,1,82,0,1598,1360,3.9
17690,27155.0,Diesel,7,2,1,87,0,1598,1360,4.0
17640,67080.0,Diesel,7,3,1,110,0,1968,1360,4.5
17900,42800.0,Diesel,7,3,1,81,0,1598,1360,4.0
17900,87999.0,Diesel,7,3,1,81,0,1598,1355,3.6
17950,75000.0,Diesel,6,3,1,110,1,1968,1305,4.1
17930,72288.0,Diesel,7,3,1,81,0,1598,1280,3.9
17930,20300.0,Benzine,7,3,1,81,1,1197,1360,4.8
17900,106944.0,Diesel,6,3,1,81,0,1598,1335,3.8
17900,70000.0,Diesel,7,2,1,81,0,1598,1285,3.8
18500,70000.0,Diesel,7,3,1,81,0,1598,1355,3.8
18500,158300.0,Diesel,7,3,1,135,0,1968,1525,4.9
18000,70000.0,Diesel,7,3,1,81,0,1600,1355,5.3
18322,29477.0,Benzine,7,3,2,81,1,1197,1360,4.9
18300,24666.0,Diesel,7,3,2,81,0,1598,1360,4.0
18290,47400.0,Diesel,7,3,1,81,0,1598,1360,3.8
18280,91086.0,Diesel,7,3,1,110,0,1968,1360,4.0
18229,52750.0,Benzine,7,3,2,92,0,1395,1360,5.3
18222,43532.0,Diesel,7,3,1,81,1,1598,1360,4.0
18200,58000.0,Diesel,7,3,1,81,0,1598,1360,3.8
18200,104000.0,Diesel,7,3,1,81,0,1598,1355,3.8
18150,95117.0,LPG/CNG,7,3,1,81,0,1598,1360,4.0
18000,80000.0,Diesel,7,3,1,81,0,1598,1360,3.8
18000,42500.0,Diesel,7,3,1,81,0,1598,1360,3.8
18000,70000.0,Diesel,6,3,2,110,0,1968,1395,4.5
18000,30529.0,Diesel,7,2,1,81,0,1598,1285,3.8
18000,120000.0,Diesel,6,3,2,110,0,1968,1395,4.5
18000,80000.0,Diesel,7,3,2,81,0,1598,1360,3.8
18000,68025.0,Diesel,6,3,2,81,0,1598,1335,3.8
18460,121650.0,Diesel,7,3,1,110,1,1968,1360,4.6
18460,61900.0,Benzine,7,3,1,110,1,1395,1360,4.7
18500,144000.0,Diesel,6,2,1,110,0,1968,1400,4.5
18500,62000.0,Diesel,7,3,1,81,0,1598,1360,3.8
18500,99500.0,Diesel,6,3,1,110,0,1968,1880,4.5
18500,56000.0,Diesel,7,3,1,81,0,1598,1360,3.9
18500,62015.0,Diesel,7,3,1,110,0,1968,1360,4.7
18500,105000.0,LPG/CNG,7,3,1,81,0,1598,1365,4.5
18500,92000.0,LPG/CNG,7,3,1,81,0,1395,1355,5.3
18500,40000.0,Diesel,7,3,1,81,0,1598,1330,3.8
18450,58000.0,Diesel,7,3,1,81,0,1598,1365,3.7
18450,66045.0,Diesel,7,3,1,81,0,1598,1255,4.0
18450,87750.0,Diesel,6,3,1,110,0,1968,1041,5.5
18450,122381.0,Diesel,7,3,1,82,0,1598,1260,3.8
18415,94538.0,Diesel,7,3,1,81,1,1598,1420,4.1
18420,56993.0,Benzine,7,3,1,92,0,1395,1205,5.1
18400,87999.0,Diesel,7,3,1,81,0,1598,1355,3.6
18444,54067.0,Benzine,7,3,1,81,1,1197,1360,4.8
18400,48000.0,Diesel,7,3,1,81,0,1598,1360,3.8
18400,69717.0,Diesel,7,3,1,81,0,1598,1280,3.9
18390,49000.0,Diesel,7,2,1,85,0,1598,1285,3.9
18380,57193.0,Diesel,7,3,1,110,0,1968,1360,4.0
18376,51957.0,Diesel,7,3,1,81,1,1598,1360,4.0
18360,50000.0,Benzine,7,3,1,81,1,1197,1360,5.0
18500,62851.0,Diesel,6,3,1,110,0,1968,1400,4.5
18499,37500.0,Diesel,7,3,1,81,0,1598,1360,3.8
18499,98000.0,LPG/CNG,7,3,1,81,0,1395,1355,3.4
18495,39660.0,Benzine,7,3,1,82,0,1197,1280,4.1
18490,16000.0,Benzine,7,3,1,92,1,1395,1365,4.9
18490,36000.0,Diesel,7,2,1,81,0,1598,1360,3.8
18490,50000.0,Benzine,7,3,1,81,0,1197,1365,5.0
18490,120522.0,Diesel,6,3,2,135,0,1968,1360,4.8
18490,54250.0,Diesel,7,3,1,81,0,1598,1360,3.9
18339,46776.0,Benzine,7,3,1,81,0,1197,1360,4.8
18000,23080.0,Diesel,7,3,1,81,0,1598,1280,3.8
18000,81000.0,Diesel,7,2,1,81,0,1598,1360,3.8
18480,29140.0,Benzine,7,3,1,92,1,1395,1360,4.0
18000,45573.0,Diesel,7,2,1,85,0,1598,1285,4.0
18000,50134.0,Diesel,7,2,1,85,0,1598,1285,4.0
17999,40250.0,Benzine,7,3,2,110,0,1395,1320,4.7
17999,69734.0,Diesel,7,3,1,110,1,1968,1365,4.6
17990,86800.0,Diesel,7,3,2,110,0,1968,1360,4.4
17990,31900.0,Benzine,7,3,1,110,1,1395,1195,4.7
17990,97550.0,Diesel,6,3,1,110,1,1968,1395,4.4
17990,60500.0,Diesel,6,3,2,110,0,1968,1360,4.5
17990,94800.0,Diesel,6,3,1,110,0,1968,1395,4.5
17990,85449.0,Diesel,7,2,1,81,0,1598,1905,3.7
17980,30000.0,Benzine,7,3,1,92,1,1395,1360,4.9
17980,34491.0,Benzine,7,3,1,92,1,1395,1360,5.1
17980,80650.0,Diesel,7,3,1,110,1,1968,1365,4.5
17969,78939.0,Diesel,7,3,1,81,0,1598,1280,3.8
17965,85325.0,Diesel,7,3,1,110,1,1968,1360,4.4
17960,81791.0,Diesel,6,3,1,110,1,1968,1360,4.5
17900,79000.0,Diesel,6,3,1,110,0,1968,1400,4.4
17900,100812.0,Diesel,7,2,1,81,0,1598,1365,4.5
17900,63700.0,Diesel,7,3,1,110,0,1968,1365,4.4
17900,59512.0,Diesel,7,3,1,81,0,1598,1360,4.0
17950,120121.0,Diesel,7,3,1,82,0,1598,1255,3.9
17900,110812.0,Diesel,6,3,1,81,0,1598,1255,3.8
17900,27600.0,Benzine,7,3,3,92,0,1395,1300,4.9
17490,83994.0,Diesel,7,3,2,110,0,1968,1360,4.5
17490,90000.0,Diesel,7,3,2,82,0,1598,1280,4.1
17480,61765.0,Diesel,7,3,2,110,0,1968,1360,4.0
17470,97000.0,Diesel,7,3,2,81,0,1598,1355,3.8
17470,99000.0,Diesel,7,3,2,81,0,1598,1355,3.8
17450,72000.0,Diesel,7,3,2,81,0,1598,1355,3.5
17450,33000.0,Diesel,6,3,1,81,0,1598,1260,3.8
17444,80815.0,Diesel,7,3,1,110,0,1968,1360,4.4
17444,108435.0,Diesel,7,3,1,82,0,1598,1255,3.9
17440,43250.0,Benzine,7,3,1,81,1,1197,1360,4.8
17410,100600.0,Benzine,7,3,1,92,0,1395,1360,5.3
17400,80049.0,Benzine,7,3,1,92,1,1395,1360,5.3
17389,61109.0,Diesel,7,3,1,81,0,1598,1360,3.8
17300,108300.0,Diesel,7,3,1,81,0,1598,1840,4.0
17440,83954.0,Diesel,6,3,1,110,1,1968,1360,4.4
17380,161205.0,Diesel,7,3,1,110,0,1968,1360,4.0
17380,101614.0,Diesel,7,3,1,110,1,1968,1360,4.0
17300,59000.0,Diesel,7,3,1,81,0,1598,1355,3.8
17250,56200.0,Diesel,7,3,1,81,0,1598,1360,4.0
17900,68933.0,Diesel,7,3,1,81,0,1598,1280,3.9
17900,35755.0,Diesel,7,2,1,81,0,1598,1845,3.8
17900,76000.0,Diesel,6,3,1,81,0,1600,1280,4.1
17900,89325.0,Diesel,7,3,2,110,0,1968,1360,4.6
17900,76000.0,Diesel,7,3,2,81,0,1598,1360,3.8
17900,47812.0,Diesel,7,3,1,81,0,1598,1850,3.8
17900,84000.0,Diesel,7,3,1,81,0,1598,1360,3.8
17900,90527.0,Diesel,7,3,1,82,0,1598,1280,4.1
17899,94836.0,Diesel,7,3,1,82,0,1598,1255,3.9
17900,115137.0,Diesel,6,3,1,110,0,1968,1360,4.5
17894,75201.0,Benzine,7,3,1,112,0,1395,1280,4.1
17200,73484.0,Diesel,6,3,2,110,0,1968,1395,4.5
17895,94375.0,Diesel,7,3,1,110,1,1968,1360,4.5
17890,96217.0,Diesel,7,3,1,110,1,1968,1320,4.4
17890,43689.0,Benzine,7,3,1,81,1,1197,1360,4.8
17890,44000.0,Diesel,7,3,1,81,0,1598,1355,3.8
17890,52213.0,Benzine,7,3,1,81,0,1197,1275,4.8
17890,90089.0,Diesel,6,3,1,110,1,1968,1360,4.4
17890,59147.0,Benzine,7,3,1,92,0,1395,1360,4.9
17888,104146.0,Diesel,7,3,1,110,1,1968,1360,4.5
17880,97100.0,Benzine,7,3,1,110,1,1395,1305,4.7
17880,80504.0,Diesel,6,3,1,110,0,1968,1395,4.5
17880,62073.0,Benzine,7,3,1,92,1,1395,1360,5.1
17800,122000.0,LPG/CNG,7,3,1,81,0,1395,1335,3.4
17800,39000.0,Diesel,7,3,1,81,0,1598,1355,3.8
17800,103000.0,Diesel,7,3,1,81,0,1598,1360,3.8
17800,62250.0,Diesel,7,3,1,81,0,1598,1360,3.8
17790,123750.0,Diesel,7,3,1,110,1,1968,1365,4.6
17789,92600.0,Diesel,7,3,1,81,1,1598,1355,3.7
17740,86920.0,Diesel,6,3,1,110,1,1968,1360,4.5
17600,57000.0,Diesel,7,3,1,81,0,1598,1355,3.8
17600,53522.0,Diesel,7,3,1,81,0,1598,1355,4.0
17600,37985.0,Diesel,7,3,1,81,0,1598,1365,4.5
17580,86600.0,Diesel,7,3,1,110,1,1968,1360,4.0
17550,60000.0,Diesel,7,3,1,81,0,1598,1840,4.0
17500,31350.0,Benzine,7,3,1,92,1,1395,1365,4.9
17500,17000.0,Benzine,7,3,2,85,0,999,1280,4.4
17500,45000.0,Diesel,7,3,1,81,0,1598,1360,3.8
17500,103282.0,Diesel,7,2,1,81,0,1598,1360,3.8
17500,133000.0,Diesel,7,3,1,81,0,1598,1360,3.8
17500,48000.0,Diesel,7,2,1,85,0,1598,1360,3.9
17500,80000.0,Diesel,7,2,1,81,0,1598,1335,4.0
17499,53454.0,Diesel,7,3,1,81,0,1598,1890,4.0
17490,71900.0,Diesel,7,3,1,81,0,1598,1355,4.0
17150,60000.0,Diesel,6,2,1,81,0,1598,1335,4.0
17000,89193.0,Diesel,6,3,1,110,0,1968,1400,4.5
17000,99500.0,Diesel,6,3,1,110,0,1968,1880,4.5
17000,122584.0,Diesel,7,3,1,81,0,1598,1355,3.65
17000,59999.0,Diesel,6,2,1,81,0,1598,1335,4.0
17000,98000.0,Diesel,7,3,1,81,0,1598,1355,3.8
17000,171000.0,Diesel,6,3,1,110,0,1968,1400,4.5
17000,43000.0,Diesel,7,3,1,81,0,1598,1340,3.9
16999,69789.0,Diesel,7,3,1,135,1,1968,1360,4.8
16999,60000.0,Diesel,7,3,1,81,0,1598,1355,4.0
16999,136100.0,Diesel,7,3,1,135,1,1968,1360,4.9
16999,60000.0,Diesel,7,2,1,81,0,1598,1365,4.1
16999,65000.0,Diesel,7,3,1,81,0,1598,1355,4.0
16999,60000.0,Diesel,6,2,1,81,0,1598,1335,4.0
16999,115000.0,Diesel,7,3,1,81,0,1598,1360,3.8
16990,92295.0,Diesel,7,3,1,81,0,1598,1360,3.8
16990,115000.0,Diesel,7,3,1,110,0,1968,1415,4.4
16990,35000.0,Diesel,6,2,1,81,0,1598,1335,4.0
16990,99313.0,Diesel,7,3,1,110,1,1968,1365,4.4
16990,36700.0,Benzine,7,2,1,85,0,999,1225,4.5
16990,29718.0,Diesel,7,3,1,81,0,1598,1250,3.9
16990,63365.0,Diesel,7,3,1,81,0,1598,1280,4.1
16980,75500.0,Diesel,7,3,2,110,1,1968,1365,4.5
16980,144000.0,Diesel,7,3,1,110,0,1968,1365,4.6
16950,146503.0,Diesel,7,3,1,110,1,1968,1280,4.4
16970,100000.0,Diesel,7,3,1,81,0,1598,1360,3.8
16950,88067.0,Diesel,7,3,1,81,1,1598,1355,4.0
16900,124136.0,Benzine,7,3,1,92,0,1395,1300,4.9
16900,85100.0,Diesel,7,3,1,81,0,1598,1355,3.8
16900,142000.0,Diesel,7,3,1,81,0,1598,1360,3.8
16900,80000.0,Diesel,7,3,1,81,0,1598,1355,3.8
16900,105231.0,Diesel,7,3,1,81,0,1598,1255,3.9
16900,69054.0,Diesel,7,3,1,81,0,1598,1355,3.8
16500,73601.0,Diesel,7,3,1,81,0,1598,1840,3.8
16500,82770.0,Diesel,7,3,1,81,0,1598,1355,4.0
16500,170231.0,Diesel,6,3,1,110,0,1968,1400,4.5
16500,19000.0,Diesel,7,2,1,81,0,1598,1330,3.8
16500,42000.0,Diesel,7,3,1,81,0,1598,1355,3.8
16499,129000.0,Diesel,7,3,1,81,0,1598,1365,3.9
16900,112000.0,Diesel,7,3,1,110,0,1968,1360,4.4
16900,99000.0,Diesel,7,2,1,81,0,1598,1355,3.8
16900,101745.0,Diesel,7,3,1,81,0,1598,1360,3.8
16900,35.0,Diesel,7,3,1,81,0,1598,1355,3.0
16895,35000.0,Diesel,7,3,1,81,0,1598,1355,3.0
16760,67405.0,Benzine,7,3,1,81,1,1197,1360,4.8
16890,63200.0,Diesel,7,3,2,81,0,1598,1360,3.8
16890,30000.0,Benzine,7,3,1,81,1,1197,1360,4.8
16820,78700.0,Diesel,7,3,1,81,1,1598,1360,3.8
16780,77646.0,Diesel,7,3,1,81,0,1598,1360,4.0
16750,68532.0,Diesel,7,3,1,81,0,1598,1360,3.8
16739,61177.0,Benzine,7,3,1,92,1,1395,1300,5.1
16730,55246.0,Diesel,7,3,1,81,1,1598,1360,4.0
16690,101307.0,Diesel,7,3,1,110,0,1968,1360,4.4
16670,106656.0,Diesel,7,3,1,81,0,1598,1355,4.0
16720,104544.0,Diesel,7,2,1,81,1,1598,1360,3.8
16490,63252.0,Diesel,7,3,1,81,1,1598,1280,3.9
16490,39999.0,Diesel,7,3,1,81,0,1598,1355,3.8
16480,62000.0,Diesel,7,3,1,81,0,1598,1365,3.8
16450,87135.0,Diesel,7,3,2,81,1,1598,1360,3.8
16450,69467.0,Diesel,7,3,1,81,0,1598,1270,3.8
16450,101103.0,Diesel,6,3,1,81,1,1598,1355,3.8
16400,120454.0,Benzine,7,3,1,92,0,1395,1300,5.1
16400,123748.0,Benzine,7,3,1,81,0,1395,1255,4.1
16400,95300.0,Diesel,7,3,1,81,1,1598,1360,3.9
16400,41310.0,Diesel,7,2,1,81,0,1598,1360,4.1
16399,135600.0,Diesel,7,3,1,81,0,1598,1360,3.8
16380,138700.0,Diesel,7,3,2,110,0,1968,1360,4.0
16400,90000.0,Diesel,7,3,1,81,0,1598,1355,3.8
16350,40300.0,Diesel,7,3,1,81,0,1598,1355,3.9
16280,37459.0,Diesel,7,3,1,81,0,1598,1360,4.0
16280,126192.0,Diesel,7,3,1,81,0,1598,1360,4.0
16255,76019.0,Benzine,7,3,1,92,0,1400,1360,4.0
16250,65277.0,Benzine,7,3,1,92,0,1400,1360,4.0
15669,118290.0,Diesel,7,3,1,81,1,1598,1360,4.0
15500,92000.0,Diesel,7,3,1,81,0,1598,1355,3.8
15500,107560.0,Diesel,7,3,1,81,0,1598,1355,3.8
15500,99000.0,Diesel,7,3,1,81,0,1598,1355,3.8
15500,127022.0,Diesel,7,0,2,85,0,1598,1280,4.1
15490,120497.0,Diesel,6,3,1,110,0,1968,1385,4.1
15490,118000.0,Diesel,7,3,1,110,0,2000,1360,4.0
15490,123230.0,Diesel,6,3,1,110,0,1968,1390,4.0
15480,94300.0,Diesel,7,3,1,81,1,1598,1365,3.9
15480,134950.0,Diesel,7,3,1,110,0,1968,1360,4.4
15490,59000.0,Diesel,6,3,1,81,0,1598,1310,4.1
15000,101000.0,Diesel,7,3,1,81,0,1598,1355,3.9
16245,88302.0,Benzine,7,3,1,92,0,1400,1360,4.0
16225,70962.0,Benzine,7,3,1,92,0,1400,1360,4.0
15290,124950.0,Diesel,6,3,1,110,0,1968,1360,4.1
15200,144572.0,Diesel,6,3,1,110,0,1968,1385,4.1
16000,72484.0,Diesel,7,3,2,81,0,1598,1355,3.8
16210,84295.0,Benzine,7,3,2,92,0,1400,1360,4.0
16210,94892.0,Benzine,7,3,2,92,0,1400,1360,4.0
15999,49999.0,Benzine,7,3,2,81,0,1197,1275,5.0
15990,55365.0,Diesel,7,3,1,81,1,1598,1325,3.8
15990,74740.0,Diesel,6,3,2,110,1,1968,1320,4.4
15990,157300.0,Diesel,7,2,1,81,0,1598,1360,4.0
16000,91236.0,Diesel,7,3,1,81,0,1598,1845,3.9
15985,51904.0,Diesel,7,3,1,81,1,1598,1360,4.0
15980,101300.0,Diesel,6,3,2,110,0,1968,1360,4.5
15980,91861.0,Diesel,6,3,2,110,0,1968,1360,4.4
15980,87657.0,Diesel,6,3,1,110,1,1968,1365,4.5
15950,95270.0,Diesel,7,3,1,110,0,1968,1360,4.4
15940,85112.0,Diesel,7,3,2,81,1,1598,1360,3.8
15980,91252.0,Diesel,7,3,2,81,0,1598,1360,4.0
15980,70142.0,Diesel,7,3,1,81,0,1598,1360,4.0
15940,75100.0,Diesel,7,3,1,81,1,1598,1360,3.8
15930,119100.0,Diesel,7,3,1,81,0,1598,1360,3.8
15900,39400.0,Diesel,7,3,2,81,1,1598,1280,3.8
15900,94000.0,Diesel,7,3,1,81,1,1598,1365,3.9
15900,158500.0,Diesel,6,3,1,110,0,1968,1395,4.4
15900,114573.0,Benzine,7,3,1,110,1,1395,1365,4.8
15900,169501.0,Diesel,7,3,1,110,0,1968,1360,4.5
15900,93035.0,Diesel,6,3,1,81,0,1598,1335,3.8
15900,106400.0,Diesel,7,3,1,81,0,1598,1355,3.8
15900,95600.0,Diesel,7,3,2,110,0,1968,1365,4.4
15900,117000.0,Diesel,7,3,1,81,0,1598,1850,3.8
15900,133900.0,Diesel,6,3,1,81,0,1598,1335,3.8
15900,55000.0,Diesel,7,3,1,81,0,1598,1355,3.8
15899,126100.0,Diesel,7,3,1,81,0,1598,1360,3.8
15890,150000.0,Diesel,7,3,1,81,0,1598,1360,3.8
15899,106000.0,Diesel,7,3,1,81,0,1598,1355,3.8
15880,79779.0,Diesel,6,3,1,110,1,1968,1360,4.1
15700,88000.0,Diesel,7,3,1,81,0,1598,1355,3.8
15800,61233.0,Diesel,7,3,1,81,0,1598,1355,3.8
15780,110190.0,Diesel,7,3,2,110,0,1968,1360,4.5
15690,52284.0,Diesel,7,3,2,81,0,1598,1360,3.8
15000,101000.0,Diesel,7,3,2,81,0,1598,1355,3.9
14999,148818.0,Diesel,7,3,1,110,1,1968,1360,4.1
14980,115802.0,Diesel,7,3,1,81,0,1598,1360,3.8
14990,149800.0,Diesel,7,3,1,81,0,1598,1355,3.9
14950,121200.0,Benzine,7,3,1,92,0,1395,1360,4.9
14980,127324.0,Diesel,7,3,1,81,0,1598,1360,4.0
14950,119500.0,Diesel,7,3,1,81,0,1598,1330,3.8
14900,108000.0,Benzine,7,3,1,92,0,1395,1300,5.1
14900,175000.0,LPG/CNG,7,3,1,81,0,1395,1355,3.3
14980,86141.0,Diesel,7,3,1,81,0,1598,1360,4.0
14890,126000.0,Diesel,6,3,1,110,0,1968,1390,4.8
14490,120000.0,Diesel,7,3,1,81,0,1598,1280,3.9
14888,118366.0,Diesel,7,3,2,81,0,1598,1360,4.0
14600,170000.0,Diesel,7,3,1,110,0,1968,1360,4.0
14590,160385.0,Diesel,7,3,1,81,0,1598,1355,3.8
14500,162553.0,Diesel,7,3,1,110,0,1968,1360,4.4
14500,69900.0,Benzine,7,3,2,110,0,1395,1325,4.7
14450,144995.0,Diesel,7,3,2,82,0,1598,1255,3.9
13990,174100.0,Diesel,6,3,1,110,0,1968,1320,4.4
13950,113490.0,Benzine,7,3,1,92,0,1395,1300,5.0
13950,118032.0,Benzine,7,3,1,92,0,1395,1300,5.0
13900,140000.0,Diesel,6,3,1,110,0,1968,1400,4.5
13500,140000.0,Diesel,7,3,1,81,0,1598,1355,3.8
13950,121510.0,Benzine,7,3,1,92,0,1395,1300,5.0
13680,127335.0,Diesel,7,3,1,81,0,1598,1360,4.0
13500,145000.0,Diesel,7,3,1,110,1,1968,1365,4.4
13500,155000.0,Diesel,7,3,1,81,0,1598,1355,3.8
13500,108000.0,Diesel,7,3,1,81,0,1598,1355,3.8
14350,141000.0,Diesel,7,3,1,81,0,1598,1360,3.8
12880,163871.0,Diesel,7,3,1,81,0,1598,1360,4.0
12999,186000.0,Diesel,6,3,1,110,0,1968,1395,4.4
12995,126200.0,Diesel,7,3,1,81,0,1598,1365,3.9
12850,207000.0,Diesel,6,3,1,110,0,1968,1400,4.5
12680,132414.0,Diesel,7,3,1,81,0,1598,1360,4.0
12500,119000.0,Diesel,6,3,1,110,0,1968,1395,4.3
11980,126416.0,Diesel,7,3,1,81,0,1598,1360,4.0
13500,110396.0,Benzine,6,3,1,92,0,1395,1280,5.1
13500,100832.0,Benzine,6,3,1,92,0,1395,1280,5.1
13500,119529.0,Diesel,6,3,1,81,0,1598,1335,3.8
12990,179000.0,Diesel,6,3,1,110,1,1968,1365,4.5
14890,142011.0,Diesel,6,3,1,110,0,1968,1360,4.0
13730,87100.0,Diesel,6,3,1,81,0,1598,1360,3.8
14920,93307.0,Diesel,6,3,1,81,1,1598,1360,3.8
14920,119427.0,Diesel,6,3,1,110,1,1968,1360,4.1
14960,101287.0,Diesel,6,2,1,81,1,1598,1350,3.8
12400,170000.0,Diesel,6,3,1,81,0,1598,1385,3.8
14980,291800.0,Diesel,6,3,1,110,0,1968,1360,4.7
15000,160000.0,Diesel,6,3,1,110,0,1968,1385,4.0
14000,85000.0,Diesel,6,3,1,81,0,1598,1350,3.9
15000,36000.0,Benzine,6,3,1,81,0,1197,1255,5.0
14999,140229.0,Diesel,6,3,1,81,0,1598,1365,4.0
14999,113000.0,Diesel,6,3,1,81,0,1598,1385,4.0
14999,80781.0,Diesel,6,3,2,81,1,1598,1360,4.0
14999,86889.0,Diesel,6,3,2,81,0,1598,1360,3.8
15065,76082.0,Benzine,6,3,2,92,0,1400,1360,4.0
15500,30005.0,Diesel,6,3,2,81,0,1598,1360,4.0
15500,123226.0,Diesel,6,3,1,81,0,1598,1335,3.6
15500,78000.0,Diesel,6,3,1,81,0,1598,1335,3.8
15499,19557.0,Benzine,6,3,1,81,1,1197,1360,4.9
15480,86000.0,Diesel,6,3,1,81,0,1598,1322,3.95
15500,88000.0,Diesel,6,3,1,81,0,1598,1335,3.8
15620,90348.0,Diesel,6,3,1,110,1,1968,1360,4.1
15600,96288.0,Diesel,6,3,1,81,0,1598,1335,3.8
15600,50700.0,Diesel,6,3,1,81,0,1598,1335,3.8
15600,63900.0,Diesel,6,3,2,81,1,1598,1360,3.8
15500,138000.0,Diesel,6,3,1,110,0,1968,1465,4.8
15500,105149.0,Benzine,6,3,1,92,0,1395,1765,5.3
15500,67000.0,Diesel,6,3,1,81,0,1598,1345,3.5
15500,80500.0,Diesel,6,3,1,81,0,1598,1335,3.8
15500,80015.0,Diesel,6,3,1,81,0,1598,1315,4.0
15500,92000.0,Diesel,6,3,1,81,0,1598,1335,3.8
15333,43000.0,Benzine,6,3,2,81,0,1197,1360,4.9
15490,50700.0,Diesel,6,3,1,81,0,1598,1360,3.8
15320,92067.0,Diesel,6,3,1,81,1,1598,1350,3.8
15376,82033.0,Diesel,6,3,1,81,1,1598,1315,3.8
15499,120000.0,Diesel,6,3,1,81,0,1598,1335,3.8
15490,53852.0,Diesel,6,3,1,81,0,1598,1335,3.8
15490,53994.0,Diesel,6,3,1,81,0,1598,1260,3.8
15490,46928.0,Diesel,6,3,1,81,0,1598,1260,3.8
15490,88000.0,Diesel,6,3,1,81,0,1598,1260,4.0
15480,80800.0,Benzine,6,3,1,81,1,1197,1360,5.0
15490,87810.0,Diesel,6,3,1,110,1,1968,1360,4.1
15480,79548.0,Diesel,6,3,1,110,0,1968,1360,4.0
15310,53262.0,Diesel,6,3,2,81,0,1598,1360,4.0
15300,108000.0,Diesel,6,3,1,110,0,1968,1360,4.1
15260,44182.0,Benzine,6,3,1,81,1,1197,1360,4.9
15250,81236.0,Diesel,6,2,1,81,0,1598,1360,4.0
15145,76592.0,Benzine,6,3,1,92,0,1400,1360,4.0
15115,69994.0,Benzine,6,3,1,92,0,1400,1360,4.0
15105,88717.0,Benzine,6,3,1,92,0,1400,1360,4.0
15105,77536.0,Benzine,6,3,1,92,0,1400,1360,4.0
15105,72929.0,Benzine,6,3,1,92,0,1400,1360,4.0
15105,73382.0,Benzine,6,3,1,92,0,1400,1360,4.0
15100,109000.0,Diesel,6,3,1,81,0,1598,1260,4.0
15065,75780.0,Benzine,6,3,1,92,0,1400,1360,4.0
15065,73409.0,Benzine,6,3,1,92,0,1400,1360,4.0
15065,95177.0,Benzine,6,3,1,92,0,1400,1360,4.0
15065,88268.0,Benzine,6,3,1,92,0,1400,1360,4.0
15470,89652.0,Diesel,6,3,1,110,0,1968,1365,3.8
15475,57100.0,Diesel,6,3,2,81,1,1598,1360,3.8
15065,89564.0,Benzine,6,3,2,92,0,1400,1360,4.0
15450,107838.0,Diesel,6,3,1,81,0,1598,1360,4.0
15460,144450.0,Diesel,6,3,1,110,0,1968,1360,4.1
15470,61050.0,Diesel,6,3,1,81,0,1598,1360,4.0
15450,77500.0,Diesel,6,3,1,81,0,1598,1315,3.8
15450,116460.0,Diesel,6,3,1,81,0,1598,1235,3.8
15445,200814.0,Diesel,6,3,1,82,0,1598,1250,3.8
15430,83916.0,Diesel,6,3,1,81,0,1598,1410,4.0
15430,111800.0,Diesel,6,3,1,81,1,1598,1335,4.0
15400,59675.0,Diesel,6,3,1,81,0,1598,1315,3.4
15400,150000.0,Diesel,6,3,1,110,1,1968,1360,4.1
15380,124197.0,Diesel,6,3,1,110,0,1968,1360,4.0
15390,37100.0,Benzine,6,3,1,110,0,1395,1360,4.5
15380,76900.0,Diesel,6,3,1,110,1,1968,1305,4.0
14995,109295.0,Benzine,6,3,1,92,0,1598,1365,4.5
14990,88000.0,Diesel,6,3,1,81,0,1598,1335,3.8
14990,105700.0,Diesel,6,3,1,110,1,1968,1360,4.1
14990,105700.0,Diesel,6,3,1,110,1,1968,1365,4.1
14990,79900.0,Diesel,6,3,1,135,0,1968,1360,4.1
14990,35000.0,Benzine,6,3,2,81,0,1197,1360,4.9
14990,87000.0,Diesel,6,3,2,81,0,1598,1335,4.0
14990,79000.0,Diesel,6,3,2,81,0,1598,1280,4.1
14990,95235.0,Benzine,6,3,2,132,0,1798,1360,5.8
14990,63058.0,Diesel,6,3,1,81,0,1598,1800,3.4
14980,97834.0,Diesel,6,3,1,110,0,1968,1360,4.0
14980,65886.0,Diesel,6,3,1,81,0,1598,1360,3.8
14990,47400.0,Diesel,6,3,1,81,0,1598,1360,4.0
15380,69692.0,Diesel,6,3,2,81,0,1598,1260,3.8
14980,102124.0,Diesel,6,3,1,110,0,1968,1360,4.0
15030,95671.0,Benzine,6,3,1,92,0,1400,1360,4.0
15030,99233.0,Benzine,6,3,1,92,0,1400,1360,4.0
15025,92757.0,Benzine,6,3,1,92,0,1400,1360,4.0
15060,88346.0,Benzine,6,3,1,92,0,1400,1360,4.0
15025,79930.0,Benzine,6,3,1,92,0,1400,1360,4.0
15050,83273.0,Benzine,6,3,1,92,0,1400,1360,4.0
15030,92062.0,Benzine,6,3,1,92,0,1400,1360,4.0
15020,79403.0,Benzine,6,3,1,92,0,1400,1360,4.0
15000,160000.0,Diesel,6,3,1,81,0,1598,1335,3.8
15000,75000.0,Benzine,6,3,1,81,0,1197,1255,4.9
15020,83454.0,Benzine,6,3,1,92,0,1400,1360,4.0
15000,35000.0,Diesel,6,3,1,81,0,1598,1260,4.0
15000,174000.0,LPG/CNG,6,3,1,81,0,1395,1335,3.4
15000,50000.0,Diesel,6,3,1,81,0,1598,1260,4.2
15020,96638.0,Benzine,6,3,1,92,0,1400,1360,4.0
15000,70000.0,Diesel,6,3,2,81,0,1598,1335,3.8
15000,43000.0,Benzine,6,3,2,81,0,1197,1225,4.9
15000,75000.0,Diesel,6,3,2,81,0,1598,1335,4.0
13990,30000.0,Diesel,6,3,2,110,1,1968,1360,4.1
13990,119000.0,Diesel,6,3,1,110,0,1968,1360,4.1
13990,101280.0,Diesel,6,3,1,110,0,1968,1380,4.0
13950,149000.0,Diesel,6,2,1,110,0,1968,1385,4.2
13980,115694.0,Diesel,6,3,1,81,1,1598,1360,3.8
13950,72300.0,Diesel,6,3,1,81,1,1598,1360,3.8
13900,138717.0,Diesel,6,3,1,110,1,1968,1360,4.1
13900,68550.0,Diesel,6,3,2,81,0,1598,1335,3.8
13950,142000.0,Diesel,6,3,1,110,1,1968,1365,3.8
13900,109500.0,Diesel,6,3,1,110,0,1968,1385,4.2
13900,158000.0,Diesel,6,2,1,81,0,1598,1310,4.0
13900,127435.0,Diesel,6,3,1,81,1,1598,1365,3.8
13900,67500.0,Benzine,6,3,1,81,0,1197,1360,4.9
13900,99000.0,Diesel,6,3,1,81,1,1598,1365,3.8
13850,75357.0,Diesel,6,3,2,81,1,1598,1360,3.8
13800,62900.0,Diesel,6,3,1,81,1,1598,1360,3.8
13790,149170.0,Diesel,6,2,1,85,0,1598,1235,4.0
13780,141939.0,Diesel,6,3,1,110,0,1968,1360,4.0
13780,97200.0,Diesel,6,3,1,81,0,1598,1360,4.0
14888,93268.0,Diesel,6,3,1,81,0,1598,1260,3.8
13890,45450.0,Diesel,6,3,1,81,0,1598,1385,3.8
14880,68415.0,Diesel,6,3,1,81,1,1598,1360,4.0
14880,165650.0,Diesel,6,3,1,110,0,1968,1360,4.0
14850,48000.0,Diesel,6,3,1,81,0,1598,1355,3.8
14850,117000.0,Diesel,6,3,1,81,0,1598,1335,3.8
14844,32200.0,Diesel,6,3,2,81,1,1598,1360,4.0
14840,74590.0,Diesel,6,3,1,81,0,1598,1360,3.8
14850,80727.0,Diesel,6,3,1,81,1,1598,1360,3.8
14800,103000.0,Diesel,6,3,1,110,0,1968,1275,4.1
14840,95990.0,Diesel,6,3,1,81,0,1598,1360,3.8
14800,97386.0,Diesel,6,3,1,110,0,1968,1865,4.1
14800,89294.0,Diesel,6,3,1,110,0,1968,1865,4.1
14700,39800.0,Diesel,6,3,2,81,0,1598,1305,4.0
14780,179150.0,Diesel,6,3,1,110,0,1968,1360,4.0
14750,135887.0,Diesel,6,3,1,81,1,1598,1360,4.0
14700,99700.0,Diesel,6,3,1,81,0,1598,1340,3.9
14590,100500.0,Diesel,6,2,1,81,0,1598,1365,4.2
14500,93200.0,Diesel,6,3,1,81,0,1598,1385,3.8
14530,82712.0,Diesel,6,3,1,81,0,1598,1260,3.8
14500,89410.0,Diesel,6,3,1,81,1,1598,1360,4.0
14500,78000.0,Benzine,6,1,1,92,0,1395,1280,5.1
14490,92400.0,Diesel,6,3,1,110,1,1968,1360,4.1
14550,110747.0,Benzine,6,3,1,110,1,1395,1365,4.7
14499,114000.0,Diesel,6,3,1,81,0,1598,1335,3.8
14480,109040.0,Diesel,6,3,2,81,1,1598,1360,4.0
14400,113200.0,Diesel,6,3,2,81,1,1598,1360,3.8
14470,43721.0,Diesel,6,3,1,81,0,1598,1360,3.8
14450,135364.0,Diesel,6,3,1,81,0,1598,1360,4.0
14440,86100.0,Diesel,6,3,1,81,1,1598,1315,3.8
14400,119000.0,Diesel,6,3,1,81,0,1598,1385,3.8
14300,151800.0,Diesel,6,3,1,81,0,1598,1335,3.8
14180,82430.0,Diesel,6,3,1,81,1,1598,1360,4.0
14000,130000.0,Diesel,6,3,1,110,0,1968,1380,4.1
14950,98097.0,Diesel,6,3,1,81,1,1598,1360,3.8
14950,127896.0,Diesel,6,3,1,81,0,1598,1335,3.8
14290,65700.0,Diesel,6,3,1,81,0,1598,1335,3.8
14250,65900.0,Diesel,6,3,1,81,0,1598,1335,3.8
14250,6500.0,Diesel,6,1,1,81,0,1568,1360,4.0
14950,95000.0,Diesel,6,3,1,81,0,1598,1345,3.9
14900,66000.0,Diesel,6,3,1,81,0,1598,1260,3.0
14900,152000.0,Diesel,6,3,1,110,0,1968,1360,4.1
14900,131290.0,Diesel,6,3,1,81,0,1598,1360,3.8
14900,67776.0,Diesel,6,3,1,81,0,1598,1350,3.9
14940,72692.0,Diesel,6,3,1,81,0,1598,1410,4.0
14920,68450.0,Diesel,6,3,2,81,1,1598,1360,4.0
14900,41400.0,Benzine,6,3,2,92,1,1395,1250,5.3
13690,93259.0,Diesel,6,3,1,81,1,1598,1315,3.8
14890,112750.0,Diesel,6,3,1,81,0,1598,1360,4.0
14890,71168.0,Diesel,6,3,1,81,0,1598,1360,3.8
14890,54399.0,Diesel,6,3,1,81,0,1598,1360,3.8
14890,128429.0,Diesel,6,3,1,110,0,1968,1360,4.4
14890,53411.0,Diesel,6,3,1,81,0,1598,1260,3.8
13690,73769.0,Diesel,6,3,1,81,1,1598,1365,3.8
14890,128429.0,Diesel,6,3,1,110,0,1968,1380,4.0
13650,100619.0,Diesel,6,3,1,81,0,1598,1870,3.8
13590,87305.0,Diesel,6,3,1,81,1,1598,1365,3.8
13500,109571.0,Benzine,6,3,1,92,0,1395,1280,5.1
13680,154910.0,Diesel,6,3,1,110,0,1968,1360,4.0
13500,160000.0,Diesel,6,3,1,81,0,1598,1335,3.8
12900,217032.0,Diesel,6,3,1,81,0,1598,1180,3.4
12900,103000.0,Diesel,6,3,1,81,0,1598,1335,3.8
12900,138653.0,Diesel,6,3,1,81,0,1598,1335,3.8
12900,124800.0,Diesel,6,3,1,81,0,1598,1345,3.9
12550,119000.0,Diesel,6,3,1,81,0,1598,1360,4.0
12890,146900.0,Diesel,6,3,1,81,0,1598,1365,3.8
12880,123561.0,Diesel,6,3,1,81,0,1598,1360,4.0
12500,110000.0,Diesel,6,3,1,81,0,1598,1385,3.8
12480,165081.0,Diesel,6,3,1,81,0,1598,1360,4.0
11999,183000.0,Diesel,6,3,1,81,1,1598,1374,3.4
11790,209000.0,Diesel,6,3,1,81,1,1598,1365,3.8
11790,204000.0,Diesel,6,3,1,81,1,1598,1365,3.8
11990,193000.0,Diesel,6,3,1,110,0,1968,1365,4.0
11990,67000.0,Diesel,6,3,2,81,1,1598,1360,3.8
11990,156000.0,Diesel,6,3,1,81,0,1598,1335,3.8
10990,109678.0,Diesel,6,3,1,81,1,1598,1360,4.0
10950,122189.0,Diesel,6,3,1,81,0,1598,1360,4.0
5555,5558.0,Diesel,6,1,1,110,0,1968,1465,4.8
18790,64500.0,Benzine,7,3,1,110,1,1395,1360,4.7
18790,76500.0,Diesel,7,3,1,81,0,1598,1355,3.9
10550,31432.0,Diesel,6,2,1,81,0,1598,1335,4.0
18790,29110.0,Diesel,7,3,1,81,0,1598,1360,3.8
18790,48000.0,Diesel,7,3,1,110,0,1968,1360,4.0
18780,48835.0,Benzine,7,3,1,81,1,1197,1360,4.8
18780,91100.0,Diesel,7,3,1,110,1,1968,1365,4.5
18750,26100.0,Benzine,7,3,1,85,0,999,1280,4.6
18750,57962.0,Diesel,7,3,1,81,1,1598,1365,3.8
18750,58962.0,Diesel,7,3,1,81,0,1598,1360,3.8
18750,29800.0,Diesel,6,1,1,110,0,1968,1395,4.3
18750,135936.0,Diesel,7,3,1,110,1,1968,1360,4.5
18720,102234.0,Diesel,6,3,1,110,1,1968,1395,4.5
18700,31000.0,Diesel,6,3,1,110,0,1968,1360,4.1
18700,40700.0,Diesel,7,3,1,81,0,1598,1360,3.8
18500,90000.0,Diesel,7,3,1,81,0,1598,1360,4.5
18700,79000.0,Diesel,7,3,1,81,0,1598,1355,3.8
18640,41350.0,Diesel,6,3,1,110,1,1968,1360,4.4
18500,70000.0,Diesel,7,3,1,81,0,1598,1255,3.8
18500,80000.0,Benzine,7,2,2,110,0,1395,1280,4.7
13480,71028.0,Diesel,6,3,1,81,0,1598,1360,4.0
13479,69400.0,Diesel,6,3,1,81,1,1598,1365,3.8
13450,104355.0,Diesel,6,3,1,81,0,1598,1790,3.8
13444,88191.0,Diesel,6,3,1,81,0,1598,1260,3.8
13400,82100.0,Benzine,6,3,1,92,0,1395,1280,5.0
13399,152818.0,Diesel,6,3,1,81,0,1598,1345,3.8
13280,136819.0,Diesel,6,3,1,81,0,1598,1360,4.0
13250,79988.0,Diesel,6,3,1,81,0,1598,1365,3.8
13000,69800.0,Diesel,6,3,1,81,0,1598,1335,4.0
12980,92233.0,Diesel,6,3,1,81,0,1598,1360,4.0
13250,70000.0,Diesel,6,3,1,81,0,1598,1205,3.2
13100,116000.0,Diesel,6,3,3,81,0,1598,1335,4.0
13100,72265.0,Benzine,6,3,3,92,0,1395,1280,5.0
12990,136552.0,Diesel,6,3,1,81,1,1598,1260,3.8
12960,92146.0,Diesel,6,3,1,81,1,1598,1360,3.8
12950,149999.0,Diesel,6,3,1,81,1,1598,1360,3.8
12950,144000.0,Diesel,6,3,1,81,1,1598,1360,3.8
12949,96100.0,Diesel,5,3,1,81,1,1896,1360,3.2
15980,78190.0,Diesel,6,3,1,81,1,1598,1360,4.0
15840,70766.0,Diesel,6,3,1,110,0,1968,1455,4.0
15950,157000.0,Diesel,6,3,1,100,0,1968,1390,4.0
15990,79990.0,Diesel,6,3,1,81,0,1598,1360,4.0
15990,69800.0,Diesel,6,3,1,81,1,1598,1335,4.0
15980,71200.0,Diesel,6,3,1,85,1,1598,1360,3.8
15980,61925.0,Diesel,6,3,1,81,0,1598,1360,4.0
15830,81103.0,Diesel,6,3,1,110,0,1968,1455,4.1
15990,77452.0,Diesel,6,3,1,81,0,1598,1360,4.0
15680,70700.0,Benzine,6,3,1,81,1,1197,1360,5.0
15820,70028.0,Diesel,6,2,1,81,1,1598,1350,3.8
22500,49000.0,Diesel,7,2,2,81,0,1598,1360,3.8
19000,50500.0,Diesel,7,2,2,85,0,1598,1360,3.9
17600,133990.0,LPG/CNG,7,3,1,81,0,1395,1355,3.4
20000,73000.0,LPG/CNG,7,3,1,81,0,1395,1355,3.4
20000,37000.0,Diesel,6,3,1,110,0,1968,1555,4.7
20000,57000.0,Diesel,7,3,1,81,0,1598,1360,3.8
24900,73000.0,Diesel,6,3,1,110,0,1968,1395,4.5
23500,20000.0,Diesel,7,1,1,85,0,1598,1360,3.9
24900,13082.0,Benzine,7,2,1,110,0,1498,1315,4.9
24900,20933.0,Diesel,7,2,1,85,0,1598,1360,3.9
24860,46298.0,Benzine,7,3,1,110,0,1395,1210,4.6
24700,10800.0,Diesel,7,1,1,110,0,1968,1415,4.4
24500,23484.0,Diesel,7,1,1,85,0,1598,1360,3.9
24500,29000.0,Diesel,7,2,1,81,0,1598,1360,3.8
24500,20000.0,Diesel,7,1,1,110,0,1968,1415,4.4
28300,58444.0,Diesel,7,3,1,110,0,1968,1415,4.4
28300,16000.0,Diesel,7,1,1,110,0,1968,1325,4.3
27900,15.0,Diesel,7,1,1,85,0,1598,1360,3.9
28000,41.0,Diesel,7,1,1,85,0,1598,1360,3.9
27900,42000.0,Diesel,6,3,1,135,0,1968,1500,4.8
26900,70000.0,Diesel,7,2,1,110,0,1968,1415,4.4
28000,18800.0,Diesel,6,3,1,110,0,1968,1395,4.5
27500,38000.0,Diesel,6,2,1,110,0,1968,1400,4.5
27000,19000.0,Diesel,7,1,1,110,0,1968,1415,4.4
27500,11200.0,Diesel,7,1,1,85,0,1598,1360,3.9
27500,61000.0,Diesel,6,3,1,110,0,1968,1395,4.5
27150,7500.0,Diesel,7,0,1,85,0,1598,1360,4.0
27000,30000.0,Diesel,7,2,1,85,0,1598,1360,3.9
27000,1.0,Diesel,7,1,1,85,0,1598,1360,3.9
27000,13000.0,Diesel,7,2,1,110,0,1968,1415,4.4
27000,47000.0,Diesel,6,3,1,110,0,1968,1400,4.5
26990,1647.362609,Benzine,7,0,1,85,0,999,1360,4.0
26990,1.0,Diesel,7,0,1,85,0,1598,1360,3.9
26900,20.0,Diesel,7,1,1,85,0,1598,1360,4.0
26900,60000.0,Diesel,7,2,1,81,0,1598,1360,3.8
26500,16412.0,Diesel,6,2,1,110,0,1968,1360,4.6
26500,90000.0,Diesel,6,3,1,135,0,1968,1500,4.8
26890,1647.362609,LPG/CNG,7,0,0,96,0,1498,1385,3.5
26490,1647.362609,Benzine,7,0,0,85,0,999,1360,4.0
26200,14500.0,Diesel,7,1,1,85,0,1598,1360,3.9
26100,7000.0,Benzine,7,1,1,110,0,1498,1315,4.9
26000,59700.0,Diesel,6,3,1,110,0,1968,1395,4.5
26000,90000.0,Diesel,6,2,1,110,0,1968,1395,4.5
25890,16000.0,Diesel,7,2,1,110,0,1968,1415,4.4
26000,55000.0,LPG/CNG,7,2,1,81,0,1395,1355,3.3
26000,51000.0,Diesel,7,2,1,110,0,1968,1415,4.4
25500,7790.0,Diesel,6,3,1,110,0,1968,1360,4.4
25500,51000.0,Diesel,6,3,1,135,0,1968,1500,4.8
25400,17000.0,Diesel,7,2,1,81,0,1598,1360,3.8
25000,78000.0,Diesel,6,2,1,110,0,1968,1400,4.4
25000,2800.0,Diesel,7,1,1,85,0,1598,1360,3.9
25000,50000.0,Benzine,6,3,1,162,0,1798,1470,6.6
25000,47000.0,Diesel,7,2,1,85,0,1598,1360,3.9
24950,32000.0,Diesel,7,2,1,85,0,1598,1360,3.9
24950,57000.0,Electric,6,3,1,150,0,1400,1280,4.1
24000,22500.0,Benzine,7,3,1,110,0,1395,1325,4.7
23900,8250.0,Benzine,7,0,1,85,0,999,1275,5.1
23900,44400.0,Diesel,7,2,1,81,0,1598,1360,3.8
24500,36893.0,Diesel,7,2,1,110,0,1968,1415,4.4
24000,30000.0,Diesel,7,2,1,81,0,1598,1360,3.8
24000,47000.0,Diesel,7,2,1,85,0,1598,1360,3.9
23900,28000.0,Diesel,6,3,1,110,0,1968,1395,4.5
23900,25000.0,Diesel,7,3,1,81,0,1598,1365,3.9
22500,65700.0,Diesel,7,2,1,85,0,1598,1360,3.9
23900,133000.0,Diesel,7,3,1,135,0,1968,1525,4.9
23700,10000.0,Diesel,7,1,1,110,0,1968,1415,4.4
22500,10.0,Benzine,7,1,1,85,0,999,1275,5.1
23500,44000.0,Diesel,7,2,1,81,0,1598,1360,3.8
22500,19000.0,Diesel,7,2,1,85,0,1598,1360,3.9
22500,46000.0,Diesel,7,2,1,81,0,1598,1360,3.8
22500,36000.0,Diesel,7,2,1,85,0,1598,1360,3.9
22500,89000.0,LPG/CNG,7,3,1,81,0,1395,1355,3.4
22300,16800.0,Diesel,7,2,1,85,0,1598,1360,3.9
22400,15000.0,Diesel,7,1,1,110,0,1968,1415,4.4
22000,29000.0,Diesel,7,2,1,81,0,1598,1360,3.8
22250,29300.0,Benzine,7,2,1,85,0,999,1360,4.0
22100,51500.0,LPG/CNG,7,3,1,81,0,1395,1355,3.3
22400,28000.0,Diesel,7,1,1,85,0,1598,1360,3.9
22000,92000.0,LPG/CNG,7,2,1,81,0,1395,1355,3.3
22000,58000.0,Diesel,7,2,1,85,0,1598,1360,3.9
22000,60000.0,Diesel,6,3,1,110,0,1968,1395,4.5
22000,10000.0,Diesel,7,1,1,85,0,1598,1360,3.9
22000,63000.0,Diesel,6,3,1,110,0,1968,1370,4.5
23500,78500.0,LPG/CNG,7,3,1,81,0,1395,1355,3.4
22000,96000.0,LPG/CNG,7,2,1,81,0,1395,1355,3.3
22000,60000.0,Diesel,7,3,1,81,0,1598,1355,3.8
22000,78000.0,Diesel,6,3,1,110,0,1968,1395,4.5
23490,19000.0,Diesel,7,2,1,85,0,1598,1370,4.0
23500,30000.0,Diesel,6,3,1,110,0,1968,1400,4.5
23400,59000.0,LPG/CNG,7,2,1,81,0,1395,1355,3.3
23200,20000.0,Diesel,7,1,1,85,0,1598,1360,3.9
23000,44000.0,Diesel,7,2,1,81,0,1598,1360,3.8
23000,15000.0,Diesel,7,1,1,85,0,1598,1370,4.0
23000,55000.0,Diesel,6,2,1,110,0,1968,1395,4.5
23000,98000.0,Diesel,6,3,1,110,0,1968,1395,4.5
22950,55000.0,Diesel,6,3,1,110,0,1968,1395,4.5
22900,4300.0,Diesel,7,2,1,85,0,1598,1360,3.9
22900,15000.0,Diesel,7,1,1,85,0,1598,1360,3.9
22900,17588.0,Diesel,7,1,1,85,0,1598,1360,3.9
22900,13762.0,Diesel,7,1,1,85,0,1598,1360,3.9
22900,27000.0,Diesel,7,1,1,85,0,1598,1360,3.9
22800,61200.0,Diesel,6,3,1,110,0,1968,1400,4.5
20000,90000.0,Diesel,7,3,1,81,0,1598,1360,3.8
20000,81000.0,Diesel,7,2,1,81,0,1598,1360,3.8
20000,40000.0,Diesel,7,2,1,85,0,1598,1360,3.9
20000,27000.0,Diesel,7,2,1,81,0,1598,1355,3.8
19980,27100.0,Diesel,7,2,1,81,0,1598,1360,3.8
20000,96000.0,LPG/CNG,7,2,1,81,0,1395,1355,3.3
20000,54500.0,Diesel,7,3,1,81,0,1598,1355,3.8
19500,112000.0,Diesel,6,3,1,110,0,1968,1395,4.5
19800,60888.0,Diesel,7,2,1,85,0,1598,1360,3.9
19500,44000.0,Diesel,7,3,1,81,0,1598,1330,3.8
19900,82000.0,Diesel,6,3,1,110,0,1968,1395,4.5
19500,51000.0,Diesel,7,3,1,81,0,1598,1360,3.8
19300,59400.0,Diesel,7,3,1,81,0,1598,1355,3.8
19370,23862.0,Diesel,7,2,1,85,0,1598,1360,3.9
19200,57000.0,Diesel,7,3,1,81,0,1598,1355,3.8
19000,69000.0,Diesel,7,3,1,81,0,1598,1360,3.8
19000,40000.0,Diesel,7,2,1,81,0,1598,1360,3.8
21950,98857.0,Benzine,7,3,1,110,0,1395,1225,4.5
21500,73000.0,Diesel,7,2,1,85,0,1598,1360,3.9
21500,25600.0,Diesel,7,1,1,85,0,1598,1360,3.9
21500,67000.0,Diesel,7,3,1,81,0,1598,1330,3.8
21500,127000.0,Diesel,6,3,1,135,0,1968,1500,4.8
21500,48000.0,Diesel,7,2,1,81,0,1598,1365,3.9
21500,55000.0,Diesel,6,3,1,110,0,1968,1370,4.5
21500,20.0,Diesel,7,1,1,85,0,1598,1360,3.9
21499,41603.0,Diesel,7,2,1,81,0,1598,1360,3.8
21400,63000.0,Diesel,6,3,1,110,0,1968,1370,4.5
21000,94000.0,LPG/CNG,7,3,1,81,0,1395,1355,3.4
20999,85000.0,Diesel,7,2,1,110,0,1968,1415,4.4
20900,50900.0,Diesel,7,2,1,81,0,1598,1360,3.8
20900,39000.0,Diesel,7,1,1,85,0,1598,1360,3.9
20500,54000.0,Diesel,7,3,1,81,0,1598,1360,3.8
20400,31000.0,Diesel,7,2,1,85,0,1598,1360,3.9
20500,73000.0,LPG/CNG,7,3,1,81,0,1395,1355,3.3
20009,45000.0,Diesel,7,2,1,85,0,1598,1360,3.9
19000,45000.0,Diesel,7,2,1,85,0,1598,1360,3.9
19000,58000.0,Diesel,7,3,1,81,0,1598,1355,3.8
18900,119900.0,LPG/CNG,7,3,1,81,0,1395,1355,3.4
20200,62900.0,Diesel,7,2,1,110,0,1968,1415,4.4
18900,85480.0,Diesel,7,2,1,85,0,1598,1360,3.9
18500,100000.0,Diesel,7,3,1,81,0,1598,1355,3.8
18490,149000.0,Diesel,6,3,1,110,0,1968,1395,4.5
18500,54000.0,Diesel,7,2,1,81,0,1598,1360,3.8
18500,62000.0,Diesel,7,3,2,81,0,1598,1360,3.8
18500,61200.0,Diesel,7,3,2,81,0,1598,1360,3.8
18500,49045.0,Diesel,7,2,1,81,0,1598,1365,3.9
18300,50000.0,Diesel,7,3,1,81,0,1598,1355,3.8
18200,54000.0,Diesel,7,3,1,81,0,1598,1355,3.8
18000,49000.0,Diesel,7,3,1,81,0,1598,1355,3.8
18000,60000.0,Diesel,7,3,1,81,0,1598,1355,3.8
17800,114230.0,LPG/CNG,7,3,1,81,0,1395,1355,3.4
18000,75000.0,Diesel,7,3,1,81,0,1598,1355,3.8
17899,121000.0,Diesel,7,2,1,81,0,1598,1365,3.9
17890,39000.0,Diesel,7,3,1,81,0,1598,1355,3.8
17590,122000.0,Diesel,7,2,1,85,0,1598,1360,3.9
17500,55000.0,Diesel,7,3,1,81,0,1598,1360,3.8
17500,80000.0,Diesel,7,3,1,81,0,1598,1360,3.8
17490,62000.0,Diesel,7,3,1,81,0,1598,1360,3.8
17000,59000.0,Diesel,6,3,1,110,0,1968,1400,4.5
16800,83500.0,Diesel,7,3,1,81,0,1598,1355,3.8
16800,98500.0,Diesel,7,3,1,81,0,1598,1355,3.8
16700,95000.0,Diesel,7,3,1,81,0,1598,1360,3.8
16500,125000.0,Diesel,6,3,1,110,0,1968,1400,4.5
16500,56000.0,Diesel,7,3,1,81,0,1598,1355,3.8
16350,84000.0,Diesel,7,3,1,81,0,1598,1360,3.8
16200,96000.0,Diesel,7,3,1,81,0,1598,1360,3.8
16000,98000.0,Diesel,6,3,1,110,0,1968,1400,4.5
15900,165000.0,Diesel,7,3,1,81,0,1598,1365,3.9
15890,169000.0,Diesel,7,3,1,81,0,1598,1360,3.8
15500,161000.0,LPG/CNG,7,3,1,81,0,1395,1355,3.4
15500,150000.0,Diesel,6,3,1,110,0,1968,1395,4.5
15450,157000.0,Diesel,7,3,1,81,0,1598,1360,3.8
14800,150000.0,Diesel,7,3,1,81,0,1598,1360,4.0
14000,152000.0,Diesel,7,3,1,81,0,1598,1355,3.8
15790,87000.0,Diesel,6,2,1,81,0,1598,1365,4.2
15790,96400.0,Diesel,6,3,1,110,1,1968,1360,3.8
15800,94000.0,Diesel,6,3,1,81,0,1598,1360,3.6
15799,70000.0,Diesel,6,3,1,81,0,1598,1335,3.8
15780,53500.0,Benzine,6,3,1,81,1,1197,1255,4.9
15780,80617.0,Diesel,6,3,1,81,0,1598,1410,3.8
15750,84386.0,Diesel,6,3,1,81,0,1598,1335,3.8
15750,87330.0,Diesel,6,3,1,81,1,1598,1360,4.0
15700,101000.0,Diesel,6,3,1,81,0,1598,1345,3.7
15750,142036.0,Diesel,6,3,1,110,0,1968,1365,4.5
15700,89991.0,Diesel,6,2,1,81,0,1598,1360,4.1
15700,83000.0,Diesel,6,3,1,81,0,1598,1315,4.0
15700,61100.0,Diesel,6,3,1,81,1,1598,1365,4.0
15700,57809.0,Diesel,6,3,1,81,0,1598,1360,3.8
15700,89138.0,Diesel,6,3,1,81,0,1598,1335,3.8
15699,108000.0,Diesel,6,2,1,85,0,1598,1360,4.1
15680,116593.0,Diesel,6,3,1,135,0,1968,1360,4.0
15930,92816.0,Diesel,6,2,1,85,1,1598,1335,4.0
15930,111900.0,Diesel,6,3,1,110,1,1968,1360,4.0
15930,81295.0,Diesel,6,3,1,81,1,1598,1360,4.0
15990,50000.0,Diesel,6,3,1,81,0,1598,1360,3.8
15990,89812.0,Diesel,6,3,1,81,0,1598,1315,3.3
15990,42152.0,Diesel,6,2,1,81,0,1598,1890,4.0
15930,111900.0,Diesel,6,3,1,110,1,1968,1365,4.0
15900,98000.0,Diesel,6,3,1,81,0,1598,1335,3.8
15900,142800.0,Diesel,6,3,1,110,0,1968,1360,4.1
15900,100000.0,Diesel,6,3,1,81,0,1598,1335,3.8
15900,97000.0,LPG/CNG,6,3,1,81,0,1395,1335,3.4
15900,32472.0,Diesel,6,3,1,81,0,1598,1365,3.8
15900,55927.0,Diesel,6,3,1,81,0,1598,1820,3.8
15900,79575.0,Diesel,6,3,1,81,0,1598,1335,3.8
15900,108500.0,Diesel,6,3,1,81,0,1598,1800,4.0
15900,42000.0,Diesel,6,3,1,81,0,1598,1335,3.8
15900,47000.0,Diesel,6,3,1,81,0,1598,1315,4.0
15900,129800.0,Diesel,6,3,1,110,0,1968,1385,4.0
15900,61446.0,Diesel,6,3,1,110,0,1968,1840,4.1
15900,50000.0,Benzine,6,2,1,85,1,999,1255,4.8
15900,118982.0,Diesel,6,3,1,81,0,1598,1235,3.8
15990,42378.0,Benzine,6,3,1,81,0,1197,1180,4.9
15990,53000.0,Diesel,6,3,1,81,0,1598,1260,3.9
15990,59843.0,Diesel,6,3,1,81,1,1598,1360,3.8
15990,110000.0,Diesel,6,3,1,81,0,1598,1280,4.1
15990,49493.0,Diesel,6,3,1,82,0,1598,1280,4.1
16000,123226.0,Diesel,6,3,1,81,0,1598,1335,3.6
16000,55000.0,Diesel,6,3,1,81,0,1598,1350,4.0
16000,61000.0,Diesel,6,3,1,81,1,1598,1345,3.9
16000,5410.0,Benzine,6,2,1,85,0,999,1255,4.6
15900,108000.0,Benzine,6,3,1,92,0,1395,1280,5.0
16000,89000.0,Diesel,6,3,1,81,0,1598,1335,3.8
16000,65000.0,Diesel,6,3,1,81,0,1598,1455,4.7
15999,76662.0,Diesel,6,3,1,81,0,1598,1335,4.0
16000,61418.0,Benzine,6,3,1,81,0,1197,1255,4.9
16000,94000.0,Diesel,6,3,1,81,0,1598,1385,3.8
15999,40354.0,Benzine,6,3,1,81,1,1197,1360,4.9
15999,101000.0,Diesel,6,3,1,81,0,1598,1350,3.8
15999,79307.0,Diesel,6,3,1,81,0,1598,1335,3.8
15999,31000.0,Diesel,6,3,1,81,0,1598,1280,3.4
15995,90069.0,Benzine,6,3,1,92,0,1395,1280,5.3
15980,67839.0,Diesel,6,3,2,81,0,1598,1360,3.7
15999,105259.0,Diesel,6,3,1,81,0,1598,1335,3.8
15990,47786.0,Diesel,6,3,2,81,0,1598,1365,3.9
15980,110712.0,Diesel,6,2,1,81,0,1598,1360,3.8
15900,89346.0,Diesel,6,3,1,81,0,1598,1360,4.0
15980,146839.0,Diesel,6,3,1,81,1,1598,1350,4.2
15890,53994.0,Diesel,6,3,1,81,0,1598,1360,3.8
15890,50800.0,Diesel,6,3,1,81,0,1598,1335,3.8
15899,64500.0,Diesel,6,3,0,81,0,1598,1335,3.8
15890,122300.0,Diesel,6,3,1,81,1,1598,1360,4.2
15890,53411.0,Diesel,6,3,1,81,0,1598,1360,3.8
15890,87000.0,Diesel,6,3,1,81,0,1598,1385,3.8
15890,46928.0,Diesel,6,3,1,81,0,1598,1360,3.8
15890,32185.0,Benzine,6,3,2,81,0,1197,1360,5.0
15880,54200.0,Diesel,6,3,1,81,1,1598,1260,4.0
15880,26280.0,Benzine,6,3,1,81,0,1197,1360,4.9
15870,124511.0,Diesel,6,3,1,110,1,1968,1360,4.1
15850,43424.0,Benzine,6,3,1,81,1,1197,1365,4.9
15850,31992.0,Benzine,6,3,1,81,1,1197,1360,5.1
15850,30057.0,Benzine,6,3,1,81,1,1197,1360,5.0
15850,127892.0,Diesel,6,2,1,85,0,1598,1335,4.0
15850,39722.0,Benzine,6,3,2,81,1,1197,1360,4.9
15850,77320.0,Diesel,6,3,1,81,0,1598,1280,3.4
15990,116000.0,Diesel,6,3,1,81,0,1598,1355,3.7
15990,71760.0,Diesel,6,2,1,81,0,1598,1820,3.9
15980,105227.0,Diesel,6,3,1,81,0,1598,1360,4.1
15980,61000.0,Diesel,6,3,1,81,0,1598,1322,3.95
15980,73500.0,Diesel,6,3,1,81,0,1598,1322,3.95
15850,97586.0,Diesel,6,2,1,85,0,1598,1365,4.5
15975,79300.0,Diesel,6,2,1,110,1,1968,1360,4.4
15970,33051.0,Diesel,6,3,1,81,1,1598,1260,3.8
15950,112000.0,Diesel,6,3,1,135,0,1968,1395,4.2
15950,20000.0,Diesel,6,3,2,81,1,1598,1365,3.8
15950,68100.0,Diesel,6,3,2,81,0,1598,1360,3.8
15950,78968.0,Diesel,6,3,2,82,0,1598,1180,3.4
15950,117000.0,Diesel,6,2,1,85,0,1598,1335,4.0
15950,112000.0,Diesel,6,3,2,135,0,1968,1880,4.2
15950,112000.0,Diesel,6,3,2,135,0,1968,1395,4.2
15950,116557.0,Diesel,6,3,1,81,1,1598,1360,3.8
15950,94427.0,Diesel,6,3,1,81,0,1598,1360,4.0
15950,89234.0,Diesel,6,3,1,81,1,1598,1360,3.8
30500,1.0,Diesel,7,1,1,85,0,1598,1360,3.9
34000,35000.0,Diesel,7,2,2,110,0,1968,1415,4.4
32000,9000.0,Diesel,7,1,1,110,0,1968,1415,4.4
64900,35000.0,Benzine,7,1,1,294,0,2480,1585,8.3
28390,41500.0,Diesel,7,2,1,110,0,1968,1415,4.4
39959,7.0,Benzine,7,1,1,85,0,999,1155,4.5
62900,700.0,Benzine,7,0,1,294,0,2480,1585,8.3
39575,7.0,Benzine,7,0,1,85,0,999,1155,4.5
56900,5200.0,Benzine,7,1,1,294,0,2480,1585,8.3
58500,10000.0,Benzine,7,1,1,294,0,2480,1585,8.3
58990,7500.0,Benzine,7,1,1,228,0,1984,1360,6.5
63900,10.0,Benzine,7,0,1,294,0,2480,1585,8.3
57400,63000.0,Benzine,7,1,1,294,0,2480,1585,8.3
56100,8364.0,Benzine,7,1,1,228,0,1984,1635,7.1
55000,24000.0,Benzine,7,2,1,294,0,2480,1585,8.3
55000,30000.0,Benzine,7,1,1,294,0,2480,1590,8.3
53000,4000.0,Benzine,7,1,1,294,0,2480,1590,8.3
51900,19000.0,Benzine,7,2,1,294,0,2480,1585,8.3
51900,49000.0,Benzine,7,1,1,294,0,2480,1585,8.3
52000,13963.0,Benzine,7,1,1,294,0,2480,1585,8.3
50000,25000.0,Benzine,7,1,1,294,0,2480,1585,8.3
51999,33000.0,Benzine,7,2,1,294,0,2480,1585,8.3
49900,17234.0,Benzine,7,1,1,294,0,2480,1585,8.3
41495,750.0,Benzine,7,0,1,110,0,1499,1155,4.5
42500,37333.0,Benzine,7,3,1,270,0,2480,1595,8.1
41000,30000.0,Benzine,7,3,1,270,0,2480,1595,8.1
45890,18700.0,Benzine,7,1,1,294,0,2480,1585,8.3
38495,7.0,Benzine,7,0,1,110,0,1499,1155,4.5
38450,13800.0,Electric,6,1,1,110,0,1395,1615,4.0
38725,7.0,Benzine,7,0,1,85,0,999,1155,4.5
38000,38000.0,Diesel,7,1,1,135,0,1968,1525,4.9
35899,20880.0,Electric,6,1,1,110,0,1395,1615,4.0
36840,7.0,Benzine,7,0,1,85,0,999,1155,4.5
38000,12000.0,Electric,6,1,1,110,0,1395,1615,4.0
35500,32800.0,Diesel,7,2,1,135,0,1968,1525,4.9
37998,7.0,Benzine,7,0,1,85,0,999,1155,4.5
35495,7.0,Benzine,7,0,1,85,0,999,1155,4.5
35000,45000.0,Diesel,6,2,2,110,0,1968,1395,4.5
35000,23900.0,Diesel,6,3,1,135,0,1968,1500,4.8
35000,35000.0,Diesel,6,1,1,110,0,1968,1395,4.5
34738,1647.362609,LPG/CNG,7,0,0,96,0,1498,1385,5.4
34000,29000.0,Diesel,6,1,1,110,0,1968,1395,4.5
34500,25000.0,Diesel,7,1,1,110,0,1968,1415,4.4
30000,59.0,Diesel,6,2,2,110,0,1968,1360,4.6
30000,18000.0,Diesel,7,1,1,110,0,1968,1415,4.4
30000,40000.0,Diesel,6,2,2,110,0,1968,1395,4.5
30000,1.0,LPG/CNG,7,0,1,96,0,1498,1385,3.5
29980,34000.0,Diesel,7,2,1,110,0,1968,1415,4.4
29990,1.0,Diesel,7,0,1,110,0,1968,1415,4.5
29950,4895.0,Benzine,7,1,1,110,0,1495,1240,4.8
29900,65.0,Diesel,7,0,1,85,0,1598,1360,3.9
29900,70000.0,Diesel,7,2,1,135,0,1968,1525,4.9
29500,26000.0,Diesel,7,2,1,110,0,1968,1575,4.5
29500,95000.0,Diesel,6,2,1,135,0,1968,1500,4.8
29500,1647.362609,Diesel,7,0,1,85,0,1598,1360,3.9
28990,1.0,Diesel,7,0,0,85,0,1598,1370,3.9
28900,5000.0,Diesel,7,1,1,85,0,1598,1360,3.9
28900,14000.0,Diesel,7,3,1,81,0,1598,1360,3.8
28500,61000.0,Diesel,6,3,1,110,0,1968,1395,4.5
28500,1647.362609,Benzine,7,0,0,85,0,999,1360,5.1
28490,1.0,Diesel,7,0,1,85,0,1598,1360,3.9
34000,35000.0,Diesel,7,2,1,110,0,1968,1415,4.4
28490,19000.0,Benzine,7,1,1,85,0,1598,1205,4.6
74600,13000.0,Benzine,7,1,1,294,0,2480,1490,8.3
67600,37747.0,Benzine,7,2,1,294,0,2480,1485,8.3
33000,20.0,Benzine,7,1,1,110,0,1498,1315,4.9
33800,60.0,LPG/CNG,7,0,0,96,0,1498,1385,3.5
32900,22500.0,Diesel,6,2,1,135,0,1968,1500,4.8
32500,20200.0,Diesel,7,2,1,135,0,1968,1525,4.9
33250,25000.0,Benzine,7,1,1,110,0,1395,1240,4.9
32200,50.0,Diesel,7,0,0,85,0,1598,1360,3.9
32950,8831.0,Benzine,7,2,1,110,0,1395,1355,4.9
31950,18300.0,Benzine,7,2,1,110,0,1395,1215,5.0
31900,10.0,Diesel,7,0,1,85,0,1598,1360,3.9
31900,1.0,Diesel,7,1,1,85,0,1598,1360,3.9
31900,1.0,Diesel,7,0,1,85,0,1598,1360,3.9
30900,468.0,Diesel,6,2,1,110,0,1968,1355,4.7
30900,11000.0,Diesel,7,1,1,110,0,1968,1415,4.4
30900,13861.0,Diesel,7,1,1,110,0,1968,1415,4.4
19890,31290.0,Benzine,7,2,1,110,0,1498,1280,4.7
19890,32900.0,Diesel,7,2,1,85,1,1598,1355,4.0
18900,42602.0,Diesel,7,2,1,85,0,1598,1360,3.9
19890,39800.0,Diesel,7,2,1,81,0,1598,1360,3.8
18800,97580.0,Diesel,7,2,1,110,0,1968,1360,4.7
18800,40100.0,Diesel,7,2,1,85,0,1598,1285,3.9
19900,40100.0,Diesel,7,2,1,85,0,1598,1285,3.9
20900,16452.0,Diesel,7,2,1,85,0,1598,1845,4.0
20990,59500.0,Diesel,7,2,1,81,0,1598,1330,3.9
21400,27600.0,Diesel,7,1,1,85,0,1598,1360,3.9
21500,31700.0,Diesel,7,2,1,85,0,1598,1840,4.0
21579,17456.0,Benzine,7,2,1,85,0,999,1360,5.1
21550,20710.0,Diesel,7,1,1,85,0,1598,1845,4.0
21600,22247.0,Diesel,7,2,2,85,0,1598,1370,4.0
21600,27324.0,Diesel,6,2,2,110,0,1968,1395,4.5
21890,26613.0,Benzine,7,2,1,110,0,1395,1300,4.6
21490,59500.0,Benzine,7,2,1,110,1,1395,1280,4.7
21900,15455.0,Diesel,7,1,2,85,0,1598,1360,3.9
21900,38000.0,Diesel,7,2,1,81,0,1598,1285,3.8
22300,10912.0,Diesel,7,1,2,85,0,1598,1285,4.0
21990,9500.0,Diesel,7,1,1,85,0,1598,1370,4.0
22290,16145.0,Diesel,7,1,1,85,0,1598,1285,3.9
21990,20090.0,Diesel,7,2,1,85,0,1598,1360,3.9
21900,17729.0,Diesel,7,1,1,85,0,1598,1285,3.9
22300,11436.0,Diesel,7,1,1,85,0,1598,1285,4.0
21900,22832.0,Diesel,7,1,1,85,0,1598,1360,3.9
21900,23000.0,Diesel,7,2,2,85,0,1598,1285,3.9
21900,15428.0,Diesel,7,1,1,85,0,1598,1360,4.0
21900,22902.0,Diesel,7,1,1,85,0,1598,1845,4.0
21900,23633.0,Diesel,7,1,1,85,0,1598,1360,4.0
21900,25656.0,Diesel,7,1,1,85,0,1598,1360,4.0
21900,24529.0,Diesel,7,1,1,85,0,1598,1360,3.9
21900,24585.0,Diesel,7,1,1,85,0,1598,1360,3.9
21900,4800.0,Benzine,7,1,1,85,0,999,1275,5.1
21900,18100.0,Diesel,7,1,1,85,0,1598,1360,3.9
21900,5000.0,Benzine,7,2,1,110,0,1498,1360,5.0
21900,32483.0,Diesel,7,1,1,85,0,1598,1360,3.9
21900,17000.0,Diesel,7,1,1,85,0,1598,1360,3.9
21900,39000.0,Benzine,7,2,1,85,1,999,1360,4.7
21900,1.0,Benzine,7,0,1,85,0,999,1360,5.1
21900,17985.0,Diesel,7,1,1,85,0,1598,1360,3.9
21900,12103.0,Diesel,7,1,1,85,0,1598,1360,4.0
21900,19000.0,Diesel,7,1,1,85,0,1598,1360,3.9
22290,1.0,Benzine,7,0,1,110,0,1498,1345,5.0
22280,90480.0,Diesel,7,2,1,81,0,1598,1360,4.0
22250,45846.0,Diesel,7,1,1,85,0,1598,1360,4.1
22222,24000.0,Benzine,7,2,1,85,0,999,1360,4.7
22200,16530.0,Diesel,7,1,1,85,0,1598,1285,3.9
22200,21000.0,Diesel,7,1,1,85,0,1598,1360,3.9
22150,23994.0,Diesel,7,2,1,81,0,1598,1845,3.8
22150,24145.0,Diesel,7,1,1,85,0,1598,1845,4.0
22000,26978.0,Diesel,7,2,1,81,0,1598,1360,3.8
22000,39000.0,Diesel,7,2,1,85,0,1598,1370,4.0
22000,21930.0,Diesel,7,1,1,85,0,1598,1285,3.9
22000,56000.0,LPG/CNG,7,2,1,81,0,1395,1355,3.3
22000,9000.0,Diesel,7,1,1,135,0,1968,1685,5.1
21990,78379.0,Diesel,7,2,1,87,0,1598,1280,4.1
21980,22750.0,Benzine,7,2,2,85,1,999,1360,4.6
21890,16614.0,Diesel,7,1,1,85,0,1598,1840,4.0
21980,15768.0,Diesel,7,1,1,85,0,1598,1365,4.1
21950,23568.0,Diesel,7,1,1,85,0,1598,1285,4.0
21950,10900.0,Benzine,7,1,1,85,0,999,1275,4.7
21950,52000.0,Benzine,7,2,1,110,0,1395,1315,4.8
21950,35175.0,Diesel,7,2,1,110,0,1968,1395,4.4
21950,19852.0,Diesel,7,2,1,85,0,1598,1360,3.9
21950,16591.0,Diesel,7,1,1,85,0,1598,1845,4.0
21950,9802.0,Diesel,7,1,1,110,0,1968,1395,4.4
21900,35970.0,Diesel,7,1,1,85,0,1598,1845,3.9
21900,13600.0,Diesel,7,1,1,85,0,1598,1255,3.9
21900,70000.0,Diesel,7,2,1,85,0,1598,1360,3.9
21900,55100.0,Diesel,7,2,1,81,0,1598,1360,3.8
21900,21111.0,Diesel,7,1,1,85,0,1598,1360,3.9
21900,29925.0,Diesel,7,2,1,85,0,1598,1330,3.9
21900,19503.0,Diesel,7,1,1,85,0,1598,1840,4.0
21999,13535.0,Diesel,7,1,1,85,0,1598,1360,3.9
21999,21000.0,Benzine,7,2,2,85,1,999,1275,4.5
22000,29000.0,Diesel,7,1,1,85,0,1598,1360,3.9
21999,32500.0,Diesel,7,1,1,110,0,1968,1415,4.4
21999,17769.0,Diesel,7,1,1,85,0,1598,1360,3.9
21999,28838.0,Diesel,7,1,1,85,0,1598,1360,4.0
21999,17831.0,Diesel,7,1,1,85,0,1598,1360,4.0
21999,16000.0,Benzine,7,2,1,110,0,1395,1360,5.0
21996,43036.0,Diesel,7,2,1,87,0,1598,1280,4.1
21999,11257.0,Diesel,7,1,1,85,0,1598,1360,4.0
21990,1647.362609,Benzine,7,0,1,85,0,999,1365,4.5
21990,7100.0,Benzine,7,2,1,85,0,999,1365,4.8
21990,9622.0,Diesel,7,2,1,85,1,1598,1360,4.1
21990,36306.0,Benzine,7,2,1,137,1,1984,1360,4.0
21990,32800.0,Diesel,7,1,1,85,1,1598,1360,3.9
21990,32000.0,Diesel,7,2,1,85,0,1598,1360,3.9
21990,26500.0,Diesel,7,1,1,85,0,1598,1360,4.0
21990,18035.13007,Diesel,7,1,1,85,0,1598,1845,3.9
21990,26382.0,Benzine,7,2,1,110,1,1395,1315,5.0
21900,27000.0,Benzine,7,2,1,85,0,999,1275,4.7
21900,79401.0,Diesel,7,2,1,81,0,1598,1260,3.8
21900,27500.0,Diesel,7,2,1,81,0,1598,1360,3.8
21900,18950.0,Diesel,7,2,1,85,0,1598,1360,3.9
21900,39200.0,Diesel,7,2,1,81,0,1598,1355,3.8
21900,18190.0,Diesel,7,1,1,85,0,1598,1285,4.0
21900,24845.0,Diesel,7,1,1,85,0,1598,1360,3.9
21900,19904.0,Diesel,7,1,1,85,0,1598,1360,3.9
21900,21114.0,Diesel,7,1,1,85,0,1598,1360,3.9
21900,28595.0,Diesel,7,1,1,85,0,1598,1360,3.9
21900,15000.0,Diesel,7,1,1,85,0,1598,1255,3.9
21900,22500.0,Benzine,7,2,2,85,0,999,1365,4.8
21900,26151.0,Diesel,7,1,1,85,0,1598,1360,3.9
21900,24709.0,Diesel,7,2,1,85,0,1598,1360,3.9
21900,33750.0,Diesel,7,2,2,81,1,1598,1360,3.9
21900,31032.0,Diesel,7,1,1,85,0,1598,1285,3.9
21900,20964.0,Diesel,7,1,1,85,0,1598,1360,3.9
21500,48320.0,Diesel,7,1,1,85,0,1598,1360,3.9
21500,26140.0,Diesel,7,1,1,85,0,1598,1360,3.9
21500,24215.0,Diesel,7,1,1,85,0,1598,1360,3.9
21500,36063.0,Diesel,7,2,1,85,0,1598,1360,3.9
21500,19909.0,Diesel,7,2,1,81,0,1598,1845,3.8
21500,21517.0,Diesel,7,2,1,81,0,1598,1845,3.8
21500,37136.0,Diesel,7,2,1,81,0,1598,1360,3.8
21500,17200.0,Diesel,7,1,1,85,0,1598,1360,3.9
21499,19980.0,Diesel,7,1,1,85,0,1598,1325,4.0
21499,28724.0,Diesel,7,2,1,85,0,1598,1360,3.9
21499,14400.0,Diesel,7,2,1,81,0,1598,1360,3.9
21499,14438.0,Diesel,7,1,1,85,0,1598,1360,3.9
21490,58900.0,Diesel,7,1,1,110,0,1968,1340,4.4
21490,39000.0,Diesel,7,2,1,85,0,1598,1360,3.9
21490,1.0,Benzine,7,0,1,85,0,999,1335,5.5
21490,58400.0,Diesel,7,1,1,85,1,1598,1360,3.9
21490,23204.0,Diesel,7,1,1,85,0,1598,1285,3.9
21490,20810.0,Diesel,7,1,1,85,0,1598,1290,4.0
21490,21455.0,Diesel,7,1,1,85,0,1598,1285,4.0
21890,30497.0,Diesel,7,1,1,110,0,1968,1360,4.6
21890,39600.0,Diesel,6,2,1,110,1,1968,1395,4.7
21888,29360.0,Diesel,7,2,1,85,0,1598,1360,3.9
21880,12250.0,Benzine,7,2,1,110,1,1395,1360,4.3
21800,29000.0,Diesel,7,2,1,81,0,1598,1360,3.8
21850,4500.0,Benzine,7,2,1,85,1,999,1365,4.8
21850,19271.0,Diesel,7,1,1,85,0,1598,1360,3.9
21880,16405.0,Diesel,7,2,2,85,1,1598,1360,4.0
21800,40500.0,Diesel,7,2,1,110,0,1968,1415,4.4
21790,39246.0,Benzine,7,2,1,110,0,1395,1245,5.0
21780,1647.362609,Benzine,7,0,1,85,0,999,1360,5.3
21790,20455.0,Benzine,7,2,1,85,0,999,1288,4.7
21790,36184.0,Benzine,7,2,1,110,0,1395,1245,5.0
21750,17300.0,Benzine,7,1,1,85,0,999,1275,4.7
21700,16171.0,Diesel,7,1,1,85,0,1598,1840,4.0
21690,56000.0,Diesel,7,2,1,81,0,1598,1360,4.0
21550,11679.0,Diesel,7,1,1,81,0,1598,1285,3.8
21550,16630.0,Diesel,7,1,1,85,0,1598,1285,3.8
21500,24000.0,Diesel,7,1,1,85,0,1598,1360,3.9
21500,28114.0,Diesel,7,1,1,85,0,1598,1845,4.0
21500,28916.0,Diesel,7,1,1,85,0,1598,1845,4.0
21500,28201.0,Diesel,7,1,1,85,0,1598,1845,4.0
21500,28150.0,Diesel,7,1,1,85,0,1598,1285,4.0
21500,22599.0,Diesel,7,2,1,81,0,1598,1845,3.8
21500,25000.0,Diesel,7,1,1,85,0,1598,1285,4.0
21500,35000.0,Diesel,7,2,1,85,0,1598,1360,3.9
21500,64400.0,Diesel,7,2,1,85,0,1598,1285,4.0
21500,16300.0,Benzine,7,2,1,85,0,999,1280,4.6
21500,28000.0,Diesel,7,2,1,85,0,1598,1360,3.9
21500,28050.0,Diesel,7,1,1,85,0,1598,1285,4.0
21500,23000.0,Diesel,7,2,2,81,0,1598,1360,3.8
21490,19614.0,Diesel,7,1,1,85,0,1598,1290,4.0
21480,16300.0,Benzine,7,2,2,110,1,1395,1360,4.8
21450,3277.0,Diesel,7,2,1,85,1,1598,1360,4.1
21450,22875.0,Diesel,7,2,1,85,1,1598,1360,4.1
21600,10638.0,Diesel,7,1,1,85,0,1598,1840,4.0
21480,22480.0,Diesel,7,1,1,85,1,1598,1360,4.0
21450,21241.0,Diesel,7,2,1,85,1,1598,1360,4.1
21450,22306.0,Diesel,7,2,1,85,1,1598,1360,4.1
21450,21580.0,Diesel,7,2,1,85,1,1598,1360,4.1
21450,22448.0,Diesel,7,2,1,85,1,1598,1360,4.1
21450,26278.0,Diesel,7,2,1,85,1,1598,1360,4.1
21450,25778.0,Diesel,7,2,1,85,1,1598,1360,4.1
21450,24356.0,Diesel,7,2,1,85,1,1598,1360,4.1
21450,7359.0,Diesel,7,2,1,85,1,1598,1360,4.1
21450,14693.0,Benzine,7,2,1,110,1,1395,1280,4.7
21400,22104.0,Diesel,7,1,1,81,0,1598,1285,3.0
21450,79500.0,Benzine,7,2,1,110,1,1395,1310,4.8
21400,26168.0,Diesel,7,1,1,85,0,1598,1335,4.0
21400,28100.0,Diesel,7,1,1,85,0,1598,1360,3.9
20750,17200.0,Benzine,7,1,1,85,0,999,1275,4.7
20750,25619.0,Diesel,7,1,1,85,0,1598,1285,3.8
20750,14000.0,Diesel,7,2,1,81,0,1598,1325,4.0
20750,7800.0,Benzine,7,2,1,85,0,999,1360,4.7
20750,22850.0,Diesel,7,1,1,85,0,1598,1285,3.8
20750,24189.0,Diesel,7,1,1,81,0,1598,1285,3.8
20750,64217.0,Diesel,7,2,1,110,0,1968,1885,4.4
20700,35572.0,Diesel,7,1,1,85,0,1598,1285,3.9
20690,9650.0,Diesel,7,2,1,85,0,1598,1360,4.7
20600,41610.0,Diesel,7,2,1,81,0,1598,1360,3.8
20590,26000.0,Diesel,7,2,1,81,0,1598,1365,4.5
20550,20416.0,Diesel,7,2,1,81,0,1598,1845,3.8
20500,19570.0,Diesel,7,2,1,81,0,1598,1845,3.8
20500,42136.0,Diesel,7,2,1,85,0,1598,1360,3.9
20500,22000.0,Benzine,7,2,1,85,0,999,1360,4.7
20500,26877.0,Diesel,7,2,1,85,0,1598,1360,3.9
20500,16820.0,Diesel,7,1,1,85,0,1598,1845,3.9
20500,52000.0,Diesel,7,1,1,85,0,1598,1360,3.9
20500,29000.0,Diesel,7,2,1,81,0,1598,1285,3.0
21300,14133.0,Diesel,7,2,1,85,0,1598,1360,3.9
21300,17800.0,Diesel,7,1,1,85,0,1598,1360,3.9
21300,22662.0,Diesel,7,1,1,85,0,1598,1290,4.0
21400,10500.0,Benzine,7,2,2,85,0,999,1360,4.6
21290,20000.0,Benzine,7,1,1,85,0,999,1790,4.0
21200,50200.0,Diesel,7,2,1,85,0,1598,1360,3.9
21000,39500.0,Diesel,7,2,1,85,0,1598,1370,3.9
20985,6021.0,Benzine,7,2,1,85,1,999,1341,4.6
20980,1647.362609,Benzine,7,0,1,85,0,999,1365,5.2
20950,22000.0,Diesel,7,1,1,85,0,1598,1360,4.0
21000,21289.0,Diesel,7,2,1,85,0,1598,1360,4.0
20990,39000.0,Benzine,7,1,1,110,0,1498,1240,5.0
20990,21000.0,Benzine,6,2,1,81,1,1197,1180,5.0
20950,38722.0,Benzine,7,2,1,85,0,999,1275,4.8
20950,26943.0,Diesel,7,2,1,85,0,1598,1365,4.0
20900,19500.0,Diesel,7,2,1,81,0,1598,1360,4.0
20900,54800.0,Diesel,7,2,1,81,0,1598,1360,3.8
20900,22941.0,Diesel,7,2,1,81,0,1598,1845,3.8
20900,28583.0,Diesel,7,2,1,81,0,1598,1845,3.8
20950,27589.0,Diesel,7,2,1,85,0,1598,1360,3.9
20900,25000.0,Diesel,7,2,1,85,0,1598,1360,3.9
20900,31000.0,Diesel,7,2,1,81,0,1598,1845,3.8
20900,8500.0,Diesel,7,2,1,85,0,1598,1360,3.9
20500,24215.0,Diesel,7,1,1,85,0,1598,1360,3.9
20900,42270.0,Diesel,7,2,1,85,0,1598,1360,3.9
20900,48500.0,Benzine,7,2,1,110,1,1395,1365,5.1
20500,28000.0,Diesel,6,2,1,110,0,1968,1370,4.4
20500,12500.0,Benzine,7,2,2,110,0,1395,1395,4.8
20500,26140.0,Diesel,7,1,1,85,0,1598,1360,3.9
20900,34500.0,Diesel,7,2,2,85,0,1598,1360,3.9
20490,42500.0,Diesel,7,2,1,85,0,1598,1360,3.9
20498,146357.0,Diesel,6,2,1,135,0,1968,1505,4.8
20490,63000.0,Diesel,7,2,1,81,0,1598,1365,3.7
20480,35360.0,Diesel,7,2,1,85,1,1598,1360,4.1
20450,33000.0,Diesel,7,2,1,81,0,1598,1360,4.0
20495,86165.0,Diesel,7,2,1,110,1,1968,1360,4.5
20440,24000.0,Diesel,7,2,1,85,0,1598,1360,4.0
20300,16674.0,Diesel,7,1,1,85,0,1598,1845,3.9
20300,12409.0,Diesel,7,1,1,85,0,1598,1840,4.0
20300,14720.0,Diesel,7,1,1,85,0,1598,1840,4.0
20300,35000.0,Diesel,7,1,0,85,0,1598,1260,4.1
20400,82000.0,Diesel,7,2,1,110,0,1968,1415,4.4
20000,11472.0,Benzine,7,2,2,85,0,999,1275,4.5
20900,32000.0,Diesel,7,2,2,81,0,1598,1360,3.8
20400,13000.0,Diesel,7,1,1,85,0,1598,1285,4.0
20900,29000.0,Benzine,7,2,2,85,0,999,1360,4.7
20900,31616.0,Benzine,7,2,1,85,0,999,1365,4.8
20900,31616.0,Benzine,7,2,1,85,0,999,1360,4.8
20900,34500.0,Diesel,7,2,1,85,0,1598,1360,3.9
20900,31679.0,Diesel,7,1,1,85,0,1598,1360,3.9
20870,29800.0,Benzine,7,1,1,110,0,1498,1325,5.0
20850,40012.0,Diesel,7,2,1,81,0,1598,1845,3.8
20850,35000.0,Diesel,7,2,1,85,0,1598,1360,3.9
20810,23181.0,Diesel,7,2,1,85,0,1598,1285,4.0
20810,25847.0,Diesel,7,2,1,85,0,1598,1285,4.0
20810,24181.0,Diesel,7,2,1,85,0,1598,1285,4.0
20810,26587.0,Diesel,7,2,1,85,0,1598,1285,4.0
20810,25478.0,Diesel,7,2,1,85,0,1598,1285,4.0
20850,40000.0,Diesel,7,2,1,85,0,1598,1360,3.9
20800,11424.0,Diesel,7,2,1,85,0,1598,1845,4.0
20999,33009.0,Diesel,7,2,1,85,0,1598,1360,4.0
20999,30502.0,Diesel,7,2,1,85,0,1598,1360,4.0
21000,34000.0,Diesel,7,2,1,85,0,1598,1360,3.9
20999,24679.0,Diesel,7,1,1,85,0,1598,1360,3.9
20800,29241.0,Benzine,7,2,1,85,0,999,1315,4.5
21000,65500.0,Diesel,6,2,1,110,0,1968,1380,4.3
20999,8000.0,Diesel,7,2,1,85,0,1598,1360,3.9
20990,15040.0,Diesel,7,2,1,85,0,1598,1840,4.0
20990,9876.0,Diesel,7,2,1,85,1,1598,1360,4.1
20000,18016.0,Diesel,7,2,1,85,0,1598,1845,4.0
20800,28605.0,Diesel,7,2,1,85,0,1598,1360,4.0
20000,20145.0,Diesel,7,2,1,85,0,1598,1845,4.0
20990,22863.0,Diesel,7,2,1,85,1,1598,1360,4.1
20000,33100.0,Diesel,7,2,1,85,0,1598,1845,4.0
20990,16950.0,Diesel,7,1,1,85,0,1598,1840,4.0
20000,1.0,Diesel,7,0,0,85,0,1598,1370,3.9
19999,10003.0,Diesel,7,1,1,85,0,1598,1360,4.2
19999,24400.0,Diesel,7,2,1,81,0,1598,1360,3.9
19999,10265.0,Diesel,7,1,1,85,0,1598,1360,4.2
20000,1647.362609,Diesel,7,0,0,85,0,1598,1360,3.9
19999,30000.0,Diesel,7,2,1,81,0,1598,1360,3.8
19990,24900.0,Diesel,6,2,1,85,0,1598,1260,4.0
19990,14550.0,Diesel,7,2,1,85,1,1598,1365,3.9
19990,47967.0,Diesel,7,2,1,81,0,1598,1285,3.8
19990,50811.0,Diesel,6,2,1,81,0,1598,1310,4.0
19990,22300.0,Benzine,7,2,1,85,0,999,1315,4.5
19990,45000.0,Diesel,7,2,1,81,0,1598,1360,3.8
19990,16139.0,Benzine,7,1,1,85,1,999,1360,4.5
19990,41500.0,Diesel,7,2,1,81,0,1598,1285,3.8
19980,17773.0,Benzine,6,2,1,85,1,999,1225,4.8
19980,64272.0,Diesel,6,2,1,110,1,1968,1395,4.5
19950,74574.0,Diesel,7,2,1,81,1,1598,1360,3.9
19950,59300.0,Diesel,7,2,1,81,0,1598,1285,3.8
19950,25000.0,Benzine,7,2,2,85,0,999,1275,4.7
19900,32000.0,Diesel,6,1,0,81,0,1598,1365,4.5
19900,10000.0,Diesel,7,2,1,81,0,1598,1360,3.7
19900,4500.0,Diesel,7,1,0,85,0,1598,1845,4.0
19900,9000.0,Diesel,7,2,1,85,0,1598,1845,4.0
19900,41900.0,Diesel,7,2,1,85,0,1598,1285,3.9
19900,50000.0,Diesel,7,1,0,85,0,1598,1360,3.9
19900,39448.0,Diesel,7,1,1,85,0,1598,1345,4.0
19900,44100.0,Diesel,7,2,1,85,0,1598,1285,3.9
19900,33000.0,Diesel,7,1,1,85,0,1598,1360,4.0
19800,9650.0,Diesel,7,2,1,85,0,1598,1360,3.9
19890,72382.0,Diesel,7,1,1,85,0,1598,1360,4.1
19899,33241.0,Diesel,7,2,1,85,0,1598,1330,3.9
19750,26478.0,Diesel,7,2,1,81,0,1598,1285,3.8
19800,48600.0,Diesel,7,2,1,81,0,1598,1850,3.8
19770,33394.0,Diesel,7,2,1,85,0,1598,1360,4.0
19800,39000.0,Diesel,6,1,1,85,0,1598,1335,4.0
19750,25476.0,Diesel,7,2,1,81,0,1598,1285,3.8
19700,15698.0,Diesel,7,1,1,85,0,1598,1285,4.0
19700,29810.0,Benzine,7,1,1,110,0,1498,1325,5.0
19750,38800.0,Diesel,7,2,1,82,0,1598,1360,4.0
19750,157544.0,Diesel,7,2,1,110,1,1968,1360,4.5
19600,37400.0,Diesel,7,2,1,81,0,1598,1360,3.7
19500,16171.0,Diesel,7,1,1,85,0,1598,1840,4.0
19500,60000.0,Diesel,6,2,1,81,0,1598,1455,4.7
19500,39500.0,Diesel,7,1,1,85,0,1598,1285,4.0
19490,49267.0,Benzine,7,2,1,85,0,1598,1360,4.0
19480,66000.0,Diesel,7,2,1,81,0,1598,1360,3.8
19450,40601.0,Diesel,7,2,1,85,1,1598,1360,3.9
19500,25800.0,Benzine,7,2,1,85,0,999,1365,4.5
19400,24000.0,Diesel,7,2,1,81,0,1598,1360,3.8
19400,36792.0,Diesel,7,2,1,81,0,1598,1360,3.9
19400,44100.0,Diesel,7,2,1,85,0,1598,1285,3.9
19400,30000.0,Diesel,7,2,1,81,0,1598,1285,3.8
19370,8601.0,Benzine,7,2,1,85,0,999,1360,4.7
19100,40700.0,Benzine,7,2,1,85,0,999,1275,4.5
19000,32373.0,Diesel,6,2,1,110,0,1968,1880,4.7
19400,26471.0,Diesel,7,2,1,81,0,1598,1285,3.8
19000,27049.0,Diesel,6,2,1,110,0,1968,1880,4.7
19000,15478.0,Diesel,6,2,1,110,0,1968,1880,4.7
19000,60000.0,Diesel,7,2,1,85,0,1598,1360,3.9
18999,59000.0,Diesel,7,2,1,81,0,1598,1360,3.8
19000,32000.0,Diesel,7,2,1,81,0,1598,1335,4.0
19000,24990.0,Benzine,7,2,1,85,0,999,1250,4.6
18990,62451.0,Diesel,6,2,1,110,0,1968,1360,4.7
18990,20000.0,Diesel,7,2,1,81,0,1598,1360,3.8
18990,25000.0,Diesel,7,2,1,85,0,1598,1360,3.9
18990,48000.0,Diesel,7,2,1,81,0,1598,1365,3.6
16700,53700.0,Diesel,6,2,1,85,0,1598,1335,4.0
16990,50068.0,Diesel,6,2,1,110,0,1968,1365,4.4
16750,53700.0,Diesel,6,2,1,85,0,1598,1360,4.2
17990,54013.0,Diesel,6,2,1,81,1,1598,1360,4.0
17990,82400.0,Diesel,6,0,0,110,0,1598,1280,4.1
17650,34400.0,Diesel,6,2,1,81,1,1600,1360,4.0
17990,79500.0,Diesel,6,2,1,81,1,1598,1360,3.9
17990,14897.0,Benzine,6,2,1,85,1,999,1360,4.8
18000,100519.0,Diesel,6,2,1,81,0,1598,1310,4.0
18980,27143.0,Diesel,6,2,1,81,0,1598,1365,4.0
18500,40000.0,Diesel,6,2,1,81,0,1598,1335,4.0
18500,49500.0,Diesel,6,2,1,85,0,1598,1360,4.0
18100,29584.0,Benzine,6,2,1,85,0,999,1225,4.5
18910,12910.0,Benzine,6,2,1,85,1,999,1260,4.7
18900,45100.0,Diesel,6,2,1,81,0,1600,1360,5.0
18997,42000.0,Diesel,6,2,1,81,0,1598,1360,4.0
19194,22395.0,Benzine,6,2,2,85,0,999,1360,4.7
19400,16000.0,Benzine,6,2,1,85,0,999,1360,4.5
19078,10.0,Benzine,6,0,0,85,1,999,1265,5.1
19090,25000.0,Benzine,6,1,1,85,0,999,1760,4.0
18900,51000.0,Diesel,6,2,1,81,0,1598,1335,4.0
19500,59000.0,Diesel,6,2,1,81,0,1598,1335,4.0
19690,30039.0,Benzine,6,2,1,85,1,999,1360,4.4
19700,24000.0,Benzine,6,2,1,85,0,999,1360,4.6
19400,26300.0,Diesel,6,2,1,81,0,1598,1335,4.0
19700,12890.0,Diesel,6,1,1,85,0,1598,1815,4.0
19700,40000.0,Diesel,6,2,1,85,0,1598,1335,4.0
19700,12785.0,Diesel,6,1,1,85,0,1598,1815,4.0
19690,14990.0,Benzine,6,2,2,85,0,999,1360,4.6
19600,19500.0,Diesel,6,1,1,81,0,1598,1260,4.0
19650,8000.0,Benzine,6,1,1,85,0,999,1255,4.6
19600,50000.0,Diesel,6,2,2,85,0,1598,1335,4.0
19600,24000.0,Diesel,6,2,1,85,0,1598,1335,4.0
19565,52087.0,Benzine,6,2,1,110,0,1395,1365,4.5
19590,40000.0,Diesel,7,2,1,81,0,1598,1350,4.0
19550,49818.0,Benzine,6,2,1,110,0,1395,1365,4.5
19508,5000.0,Diesel,6,1,1,85,0,1598,1320,4.0
19500,39000.0,Diesel,6,2,1,81,0,1598,1890,4.0
19500,21000.0,Diesel,6,1,1,85,0,1598,1260,4.0
19500,13076.0,Diesel,6,1,1,85,0,1598,1820,4.1
19490,44400.0,Diesel,6,2,1,81,0,1598,1332,4.0
19500,62000.0,Diesel,6,2,1,110,0,1968,1390,4.2
19490,55123.0,Diesel,6,2,1,81,0,1598,1350,4.0
19490,27829.0,Diesel,6,2,1,81,0,1598,1335,3.8
19490,43166.0,Diesel,6,2,1,85,1,1598,1360,4.1
19490,44200.0,Diesel,6,2,1,85,0,1598,1335,4.0
19480,55400.0,Diesel,6,2,1,81,0,1598,1350,4.0
19480,50500.0,Diesel,6,2,1,81,0,1598,1350,4.0
19450,18000.0,Benzine,6,2,2,85,0,999,1360,4.7
19450,15900.0,Diesel,6,1,1,85,1,1598,1360,4.1
19450,27989.0,Diesel,6,2,1,85,0,1598,1360,4.0
19450,22000.0,Diesel,6,1,1,85,0,1598,1345,4.1
19450,22102.0,Diesel,6,1,1,85,0,1598,1360,4.2
19440,34194.0,Diesel,6,1,1,85,0,1598,1345,4.1
19400,69740.0,Benzine,6,2,1,85,0,999,1155,4.5
19400,38974.0,Diesel,6,2,1,110,0,1968,1380,4.3
19500,13259.0,Diesel,6,1,1,85,0,1598,1820,4.1
19444,15105.0,Benzine,6,2,1,85,0,999,1360,4.5
19440,57326.0,Diesel,6,2,1,81,0,1598,1360,4.1
19500,57000.0,Diesel,6,2,1,81,0,1598,1350,4.0
19500,23644.0,Diesel,6,1,1,85,0,1598,1360,4.0
19500,32000.0,Diesel,6,2,2,85,0,1598,1360,4.0
19500,33000.0,Diesel,6,2,2,85,0,1598,1335,4.0
19500,75000.0,Diesel,6,2,2,81,0,1598,1335,4.0
19500,26000.0,Benzine,6,1,1,85,0,999,1255,4.7
19500,29667.0,Diesel,6,2,2,81,0,1598,1795,3.9
19500,50153.0,Diesel,6,2,1,81,0,1598,1335,4.0
19500,12000.0,Benzine,6,2,2,85,0,999,1255,4.5
19500,83000.0,Diesel,6,2,2,133,0,1968,1380,4.3
19500,21383.0,Diesel,6,2,1,81,0,1598,1340,3.9
19499,27000.0,Benzine,6,1,1,85,0,999,1260,4.6
19499,28556.0,Diesel,6,1,1,85,0,1598,1360,4.0
19499,28874.0,Diesel,6,1,1,85,0,1598,1360,4.0
19500,23644.0,Diesel,6,1,1,85,0,1598,1260,4.0
19499,30400.0,Benzine,6,2,1,85,0,999,1255,4.5
19490,9335.0,Benzine,6,2,2,85,0,999,1360,4.5
19490,34000.0,Diesel,6,2,1,81,0,1598,1335,4.0
19397,47028.0,Diesel,6,2,1,85,1,1598,1360,4.2
19390,26000.0,Diesel,6,2,1,85,0,1598,1335,4.1
19390,4221.0,Benzine,6,1,1,85,0,999,1360,4.0
19350,17220.0,Diesel,6,2,1,85,0,1598,1360,4.3
19490,33121.0,Diesel,6,2,1,81,0,1598,1335,4.0
19000,41000.0,Diesel,6,1,1,85,0,1598,1335,4.0
19000,50000.0,Diesel,6,2,1,81,0,1598,1335,4.0
19000,54000.0,Diesel,6,2,1,81,0,1598,1335,4.0
19000,48000.0,Diesel,6,2,1,81,0,1598,1335,4.0
19000,26906.0,Diesel,6,1,1,85,0,1598,1260,4.1
19000,17412.0,Diesel,6,1,1,85,0,1598,1260,4.1
19000,43000.0,Diesel,6,1,1,85,0,1598,1305,4.0
19000,17319.0,Diesel,6,1,1,85,0,1598,1260,4.1
18999,32400.0,Diesel,6,1,1,85,0,1598,1345,4.1
19000,33000.0,Diesel,6,1,1,85,0,1598,1335,4.0
18999,38139.0,Diesel,6,1,1,85,0,1598,1360,4.0
19000,57000.0,Diesel,6,2,2,110,0,1968,1380,4.2
19000,87000.0,Diesel,6,2,1,110,0,1968,1305,4.3
19000,22000.0,Diesel,6,1,1,85,0,1598,1335,4.0
18999,95000.0,Diesel,6,2,1,81,0,1598,1335,4.0
18999,38500.0,Diesel,6,2,1,81,0,1598,1335,4.0
19334,13856.0,Benzine,6,2,1,85,0,999,1360,4.5
19310,1.0,Benzine,6,0,0,85,0,999,1275,5.1
19300,12154.0,Diesel,6,1,1,85,0,1598,1815,4.0
19290,27985.0,Benzine,6,2,1,85,0,999,1180,4.8
19290,31400.0,Benzine,6,2,1,85,0,999,1360,4.0
19290,28168.0,Benzine,6,2,1,85,0,999,1180,4.8
19250,41200.0,Diesel,6,2,1,85,0,1598,1875,4.0
19200,13300.0,Diesel,6,2,1,85,0,1598,1360,4.0
19199,8501.0,Benzine,6,2,2,85,0,999,1255,4.7
19290,93615.0,Diesel,6,2,1,110,1,1968,1380,4.2
19200,23190.0,Benzine,6,2,2,85,0,999,1255,4.7
19250,37422.0,Diesel,6,2,1,85,1,1598,1335,4.2
19199,26000.0,Benzine,6,2,2,85,0,999,1260,4.6
18900,40900.0,Diesel,6,2,1,85,0,1598,1335,4.2
18900,36348.0,Diesel,6,2,1,81,0,1598,1360,4.0
18900,29955.0,Diesel,6,2,1,81,0,1598,1820,3.8
18900,24764.0,Benzine,6,2,2,110,0,1395,1360,5.0
18900,32654.0,Diesel,5,2,2,81,0,1598,1280,4.0
18900,67000.0,Diesel,6,2,1,81,0,1598,1340,4.1
18900,31085.0,Diesel,6,2,1,85,0,1598,1360,4.1
18900,30000.0,Benzine,6,2,2,85,0,999,1360,4.7
18900,35500.0,Diesel,6,2,1,85,0,1598,1360,4.2
18900,25400.0,Benzine,6,2,1,85,0,999,1255,4.5
18899,12000.0,Benzine,6,2,1,110,0,1395,1305,4.7
18980,39400.0,Diesel,6,2,1,81,1,1598,1360,4.2
18980,36677.0,Benzine,6,2,1,85,1,999,1360,4.5
18980,23968.0,Diesel,6,2,1,85,0,1598,1335,4.0
18980,26274.0,Diesel,6,2,1,85,0,1598,1365,4.1
18980,26397.0,Diesel,6,1,1,85,0,1598,1360,4.1
18980,54000.0,Diesel,6,2,1,81,0,1598,1350,4.0
18980,61000.0,Diesel,6,2,1,85,0,1598,1335,4.0
18977,35996.0,Diesel,6,2,1,81,1,1598,1360,4.0
18960,25850.0,Diesel,6,2,2,81,1,1598,1360,3.8
18950,51893.0,Diesel,6,2,1,85,1,1598,1360,4.1
18950,50687.0,Benzine,6,2,1,85,0,999,1155,4.5
18950,36900.0,Diesel,6,2,1,110,0,1968,1380,4.4
18950,62603.0,Diesel,6,2,1,81,0,1598,1795,4.0
18950,25000.0,Diesel,6,2,1,85,0,1598,1365,4.2
18950,39900.0,Diesel,6,2,1,81,0,1598,1360,4.0
18945,56469.0,Benzine,6,2,1,85,0,999,1155,4.5
18930,77000.0,Diesel,6,2,1,81,1,1598,1360,3.9
18930,19851.0,Benzine,6,2,1,85,1,999,1360,4.7
18995,47000.0,Diesel,6,2,1,110,0,1968,1385,4.1
18995,15200.0,Diesel,6,1,1,85,0,1598,1360,4.2
18990,24246.0,Benzine,6,2,1,85,0,999,1180,4.8
18990,19805.0,Benzine,6,2,1,85,0,999,1180,4.8
18920,13466.0,Benzine,6,2,1,85,1,999,1255,4.7
18990,49276.0,Diesel,6,1,1,85,0,1598,1335,4.0
18990,39000.0,Diesel,6,2,1,85,0,1598,1365,4.5
18990,25541.0,Diesel,6,2,1,85,0,1598,1335,4.1
18990,25813.0,Benzine,6,2,1,85,0,999,1180,4.8
18899,51376.0,Diesel,6,2,2,110,1,2000,1360,4.0
18990,49000.0,Diesel,6,2,2,85,0,1598,1260,4.0
18990,52000.0,Diesel,6,2,1,81,0,1598,1350,4.0
18990,41000.0,Diesel,6,1,1,85,0,1598,1260,4.1
18990,19000.0,Benzine,6,2,1,85,1,999,1255,4.8
18990,30000.0,Diesel,6,2,1,85,1,1598,1360,4.1
18990,46900.0,Diesel,6,2,1,85,0,1598,1360,4.1
18980,1647.362609,Benzine,6,0,0,85,0,999,1365,5.1
18499,30000.0,Diesel,6,2,1,81,0,1598,1340,3.9
18499,29500.0,Diesel,6,2,1,81,0,1598,1890,4.0
18500,31150.0,Benzine,6,2,1,110,0,1395,1360,4.7
18500,72000.0,Benzine,6,2,1,110,0,1395,1310,4.6
18500,17420.0,Benzine,6,2,2,85,0,999,1365,4.5
18500,49500.0,Diesel,6,2,2,85,0,1598,1360,4.0
18490,95000.0,Diesel,6,2,2,110,0,1968,1380,4.2
18490,20000.0,Benzine,6,2,2,92,0,1598,1360,5.1
18490,31789.0,Diesel,6,2,1,81,0,1598,1260,3.9
18480,37500.0,Diesel,6,2,1,81,0,1598,1365,4.2
18470,24900.0,Benzine,6,2,2,85,0,999,1360,4.5
18460,26450.0,Diesel,6,2,1,81,0,1598,1365,4.0
18450,44764.0,Diesel,6,2,1,85,0,1598,1335,4.1
18460,25000.0,Diesel,6,2,1,85,0,1598,1335,4.0
18310,84520.0,Diesel,6,2,1,81,1,1598,1360,4.0
18300,18000.0,Benzine,6,2,2,85,0,999,1360,4.6
18890,15479.0,Benzine,6,1,1,85,1,999,1360,4.5
18420,9900.0,Benzine,6,1,1,85,1,999,1360,4.4
18890,24018.0,Diesel,6,2,1,85,0,1598,1365,4.1
18890,57800.0,Diesel,6,2,1,81,1,1598,1360,4.0
18400,28500.0,Diesel,6,2,2,85,0,1598,1365,4.5
18890,30750.0,Benzine,6,2,1,85,1,999,1365,4.8
18890,24000.0,Diesel,6,2,1,85,0,1598,1335,4.0
18890,40000.0,Benzine,6,2,1,110,0,1395,1760,4.0
18879,23000.0,Benzine,6,2,1,85,0,999,1335,3.5
18850,35000.0,Diesel,6,2,1,81,0,1598,1340,3.8
18849,25000.0,Diesel,6,2,1,81,1,1598,1360,4.2
18840,77290.0,Diesel,6,2,1,81,0,1598,1360,3.7
18820,1.0,Benzine,6,0,0,85,0,999,1265,5.0
18840,57816.0,Benzine,6,2,1,85,0,999,1155,4.5
18800,41519.0,Diesel,6,2,1,85,0,1598,1360,4.0
18800,43000.0,Diesel,6,2,1,81,0,1598,1335,4.0
18800,35000.0,Diesel,6,2,1,81,0,1598,1335,4.0
18799,25446.0,Diesel,6,2,1,85,0,1598,1360,4.0
18799,30839.0,Diesel,6,2,1,85,0,1598,1360,4.0
18790,13241.0,Benzine,6,2,1,85,0,999,1360,4.5
18298,24500.0,Benzine,6,2,2,85,0,999,1365,4.8
18200,19500.0,Benzine,6,2,1,92,0,1395,1280,5.3
18250,51700.0,Diesel,6,2,1,85,0,1598,1335,4.2
18200,24800.0,Diesel,6,2,1,81,0,1598,1360,4.0
18790,78500.0,Diesel,6,2,1,81,0,1598,1360,4.1
18000,30000.0,Diesel,6,2,1,81,0,1598,1310,4.0
18000,86036.0,Diesel,6,2,1,85,0,1598,1335,4.0
18000,58500.0,Diesel,6,2,1,85,0,1598,1335,4.0
18000,75000.0,Diesel,6,2,1,81,0,1598,1335,4.0
18000,31500.0,Diesel,6,2,1,85,0,1598,1305,4.0
17999,39000.0,Diesel,6,2,1,85,0,1598,1335,4.0
17996,13000.0,Benzine,6,1,1,85,1,999,1260,4.4
17999,39501.0,Diesel,6,2,1,85,0,1598,1365,4.2
17995,43833.0,Benzine,6,2,1,85,0,999,1735,4.0
17995,72061.0,Diesel,6,2,1,81,0,1598,1360,4.0
17990,33330.0,Diesel,6,2,1,81,0,1598,1890,4.0
18750,26419.0,Diesel,6,2,1,81,0,1598,1890,3.8
18700,48127.0,Diesel,6,2,1,81,0,1598,1350,3.8
18700,31883.0,Diesel,6,2,1,81,0,1598,1350,4.0
18700,45039.0,Diesel,6,2,1,81,0,1598,1795,4.0
18700,76867.0,Diesel,6,2,1,85,0,1598,1345,4.1
18700,16316.0,Diesel,6,1,1,85,0,1598,1280,4.1
18700,20792.0,Diesel,6,2,1,85,0,1598,1335,4.0
18666,14390.0,Benzine,6,2,1,85,0,999,1360,4.5
18650,49885.0,Diesel,6,2,1,85,0,1598,1360,4.1
18645,38000.0,Diesel,6,2,2,81,0,1598,1335,3.9
18600,62981.0,Diesel,6,2,2,85,0,1598,1360,4.0
18690,19800.0,Diesel,6,2,1,85,0,1598,1365,4.2
18680,35112.0,Diesel,6,2,1,81,0,1598,1365,4.0
17960,96100.0,Diesel,6,2,1,81,1,1598,1360,3.7
18600,29000.0,Diesel,6,2,1,85,0,1598,1335,4.0
17960,105000.0,Diesel,6,2,1,110,1,1968,1360,4.2
18530,92246.0,Diesel,6,2,1,110,1,1968,1360,4.4
18500,133000.0,Diesel,6,2,1,110,1,1968,1360,4.2
18500,25000.0,Benzine,7,2,1,85,0,999,1315,4.7
17950,60453.0,Diesel,6,2,1,85,0,1598,1356,4.1
17945,41890.0,Diesel,6,2,1,85,0,1598,1360,4.2
18550,24287.0,Diesel,6,2,1,81,0,1598,1890,3.8
17900,45700.0,Diesel,6,1,1,85,0,1598,1365,4.2
17900,64595.0,Diesel,6,2,1,85,1,1598,1335,4.2
17900,61621.0,Diesel,6,2,1,110,0,1968,1365,4.4
17890,70100.0,Benzine,6,2,1,85,0,999,1237,4.5
17900,32745.0,Diesel,6,2,1,86,0,1598,1360,3.0
17899,29500.0,Diesel,6,2,1,81,0,1598,1890,4.0
17900,17000.0,Diesel,6,2,1,85,0,1598,1335,4.0
17860,43500.0,Diesel,6,2,1,81,0,1598,1335,4.0
17840,76290.0,Diesel,6,2,1,81,1,1598,1350,4.2
17700,9900.0,Benzine,6,2,1,85,0,999,1360,4.7
17700,59520.0,Diesel,6,2,1,85,0,1598,1335,4.0
17810,36700.0,Diesel,6,2,1,85,0,1598,1360,4.0
17780,98000.0,Diesel,6,2,1,110,0,1968,1365,3.8
17990,8909.0,Benzine,6,2,1,110,0,1498,1360,5.2
17731,88134.0,Diesel,6,2,1,85,1,1598,1360,4.2
17990,40000.0,Benzine,6,2,1,85,0,999,1255,4.7
17990,68090.0,Benzine,6,2,2,85,1,999,1360,4.7
17990,28000.0,Diesel,6,2,1,81,0,1598,1385,4.0
17990,95075.0,Diesel,6,2,1,110,0,1968,1360,4.1
17990,20000.0,Benzine,6,2,1,92,0,1598,1360,5.1
17990,60000.0,Diesel,6,2,1,85,0,1598,1305,4.0
17990,26000.0,Diesel,6,2,1,81,0,1598,1310,4.0
17990,23128.0,Benzine,6,2,1,110,0,1395,1760,4.0
17990,26510.0,Diesel,6,2,1,85,0,1598,1360,4.0
17980,84391.0,Diesel,6,2,1,81,1,1598,1360,4.0
17980,19999.0,Benzine,6,2,1,85,1,999,1360,4.4
17980,23968.0,Diesel,6,2,1,85,1,1598,1335,4.2
17980,51347.0,Diesel,6,2,1,110,0,1968,1360,4.0
17980,19000.0,Diesel,6,2,1,85,0,1598,1335,4.0
17980,37113.0,Benzine,6,2,1,85,0,999,1360,4.0
17500,60000.0,Diesel,6,2,1,81,0,1598,1320,4.0
17650,34400.0,Diesel,6,2,1,81,0,1600,1360,4.0
17500,28400.0,Diesel,6,2,1,81,0,1598,1335,4.0
17500,136000.0,Diesel,6,1,1,85,0,1598,1335,4.0
17500,58000.0,Diesel,6,2,1,85,0,1598,1335,4.0
17500,95000.0,Diesel,6,2,1,81,0,1598,1335,3.8
17590,34650.0,Diesel,6,2,1,81,0,1598,1360,4.0
17550,48509.0,Diesel,6,2,1,81,0,1598,1890,3.8
17480,70300.0,Diesel,6,2,1,81,0,1598,1360,3.7
17490,74000.0,Diesel,6,2,1,81,0,1598,1385,3.8
17500,36000.0,Benzine,6,2,1,85,0,999,1225,4.5
17500,59763.0,Diesel,6,2,1,81,0,1598,1890,5.5
17490,28000.0,Diesel,6,2,1,85,0,1598,1335,4.0
17500,29395.0,Diesel,6,2,1,85,0,1598,1280,4.1
17490,13072.0,Benzine,6,2,1,85,1,999,1360,4.7
17490,41000.0,Diesel,6,2,1,81,0,1598,1280,4.1
17440,25850.0,Diesel,6,2,2,81,1,1598,1360,3.8
17430,97643.0,Diesel,6,2,1,81,1,1598,1315,3.3
17428,70783.0,Diesel,6,2,1,81,1,1598,1360,4.2
17445,23000.0,Diesel,6,2,1,85,0,1598,1335,4.0
17400,25000.0,Diesel,6,2,1,85,0,1598,1335,4.0
17390,43800.0,Diesel,6,2,1,81,0,1598,1360,4.0
17440,117647.0,Diesel,6,2,1,110,1,1968,1360,4.4
17390,31070.0,Diesel,6,2,1,85,0,1598,1360,4.0
17300,26000.0,Benzine,6,2,2,85,0,999,1260,4.4
17300,50000.0,Diesel,6,2,1,110,0,1968,1380,4.3
17300,37875.0,Diesel,6,2,1,85,0,1598,1280,4.1
17250,39800.0,Diesel,6,2,1,81,0,1598,1335,4.0
17250,57900.0,Diesel,6,2,1,85,0,1598,1335,4.2
17220,50438.0,Diesel,6,2,1,85,1,1598,1360,4.1
17200,24700.0,Benzine,6,2,1,85,0,999,1225,4.7
17200,105000.0,Diesel,6,2,1,81,0,1598,1335,4.0
17000,54000.0,Diesel,6,2,1,81,0,1598,1335,4.0
17000,46059.0,Diesel,6,2,1,81,0,1598,1335,4.0
16999,81987.0,Diesel,6,2,1,81,0,1598,1360,4.1
16999,36000.0,Benzine,6,2,1,85,0,999,1225,4.7
16990,69000.0,Diesel,6,2,1,85,0,1598,1260,3.8
16990,117000.0,Diesel,6,2,1,85,0,1598,1260,4.0
16990,59380.0,Diesel,6,2,1,81,0,1598,1350,3.8
16990,70000.0,Diesel,6,2,2,81,1,1598,1335,3.8
16690,69000.0,Diesel,6,2,1,85,0,1598,1335,4.0
16600,22500.0,Diesel,6,2,1,81,0,1598,1335,4.0
16550,37708.0,Diesel,6,2,1,81,1,1598,1360,4.1
16690,112700.0,Diesel,6,2,1,81,1,1598,1360,4.0
16550,45560.0,Diesel,6,2,1,81,1,1598,1360,4.1
16500,51000.0,Diesel,6,2,1,85,0,1598,1305,4.0
16500,60102.0,Diesel,6,2,1,85,0,1598,1280,4.1
16500,110000.0,Diesel,6,2,1,81,0,1598,1335,3.8
16500,66714.0,Diesel,6,2,1,81,0,1598,1350,3.8
16300,82000.0,Diesel,6,2,1,81,0,1598,1360,4.1
16499,77000.0,Diesel,6,2,1,81,0,1598,1355,3.7
16490,39900.0,Diesel,6,2,1,81,0,1598,1260,4.0
16000,60000.0,Benzine,6,2,1,81,0,1197,1255,4.9
16990,23500.0,Diesel,6,2,1,81,0,1598,1260,3.0
16990,50129.0,Diesel,6,2,1,81,0,1598,1890,3.8
16290,68021.0,Diesel,6,2,1,81,1,1598,1350,3.8
16985,20000.0,Diesel,6,2,1,85,0,1598,1335,4.0
16980,49996.0,Diesel,6,2,1,85,0,1598,1365,4.2
16980,62254.0,Diesel,6,2,1,85,0,1598,1360,4.0
16900,107000.0,Diesel,6,2,1,85,1,1598,1365,4.2
16950,49913.0,Diesel,6,2,1,81,0,1598,1360,4.1
16900,54740.0,Diesel,6,2,1,81,0,1598,1795,4.0
16950,66466.0,Diesel,6,2,1,81,0,1598,1890,3.8
16900,139879.0,Diesel,6,2,1,85,0,1598,1365,4.2
16888,77000.0,Diesel,6,2,1,81,1,1598,1320,4.1
16888,131900.0,Diesel,6,2,1,110,0,1968,1360,4.2
16880,87584.0,Diesel,6,2,1,81,1,1598,1360,3.8
16900,115000.0,Diesel,6,2,1,85,1,1598,1365,4.2
16900,127000.0,Diesel,6,2,1,81,0,1598,1335,4.0
16900,85000.0,Diesel,6,2,1,81,0,1598,1335,4.0
16780,60648.0,Diesel,6,2,1,85,0,1598,1360,4.0
16750,105908.0,Diesel,6,2,1,110,1,1968,1360,4.3
19700,15.0,Benzine,6,2,2,85,0,999,1360,4.6
19800,30537.0,Diesel,6,2,1,85,0,1598,1260,4.0
19800,37592.0,Diesel,6,1,0,85,0,1598,1260,4.1
19800,16423.0,Benzine,6,1,1,85,1,999,1360,4.8
19799,19500.0,Diesel,6,2,1,81,0,1598,1890,4.0
19800,22000.0,Diesel,6,1,1,85,0,1598,1335,4.0
19797,114550.0,Diesel,6,2,1,110,0,1968,1360,4.3
19800,45000.0,Diesel,6,1,1,85,0,1598,1335,4.0
19790,28364.0,Benzine,6,2,1,85,0,999,1180,4.8
19800,21500.0,Benzine,6,2,2,85,0,999,1360,4.8
19790,17500.0,Benzine,6,2,2,85,0,999,1260,4.6
19780,1647.362609,Benzine,6,0,0,85,0,999,1360,5.1
19790,28095.0,Benzine,6,2,1,85,1,999,1360,4.4
19770,28865.0,Benzine,6,2,1,85,1,999,1255,4.8
19750,33000.0,Benzine,6,2,1,85,0,999,1255,4.5
19780,50500.0,Diesel,6,2,1,81,0,1598,1350,4.0
19750,1647.362609,Benzine,6,0,0,85,1,999,1180,4.8
19740,55379.0,Diesel,6,2,1,110,1,1968,1360,4.0
22500,14270.0,Diesel,7,1,1,85,0,1598,1840,4.0
22599,34082.0,Diesel,7,1,1,87,0,1598,1280,4.1
22450,26759.0,Diesel,7,1,1,85,0,1598,1360,4.1
23200,24272.0,Diesel,7,1,1,85,0,1598,1360,3.9
22971,6698.0,Benzine,7,1,1,85,0,999,1360,4.6
22990,8200.0,Diesel,7,1,1,85,0,1598,1295,3.9
22990,24665.0,Diesel,7,1,1,85,0,1598,1360,3.9
22990,26460.0,Diesel,7,1,1,110,1,1968,1425,4.6
23200,22784.0,Diesel,7,1,1,85,0,1598,1845,4.0
22990,12500.0,Benzine,7,1,1,85,0,999,1790,4.0
22990,789.0,Benzine,7,1,1,85,0,999,1315,4.5
22980,18100.0,Diesel,6,1,1,110,0,1968,1380,4.6
19900,25316.0,Diesel,6,1,1,85,0,1598,1360,4.0
19900,30261.0,Diesel,6,1,1,85,0,1598,1360,4.0
23700,1.0,Benzine,7,0,1,85,0,999,1360,5.1
23690,5800.0,Benzine,7,1,1,85,0,999,1280,4.7
23680,9011.0,Benzine,7,1,1,85,1,999,1360,4.6
23640,18717.0,Diesel,7,1,1,110,0,1968,1530,4.4
23700,18000.0,Benzine,7,1,1,110,0,1498,1365,4.8
23700,11200.0,Diesel,7,1,1,85,0,1598,1360,3.9
19900,17000.0,Diesel,6,1,1,85,0,1598,1230,4.0
20300,8497.0,Diesel,6,0,1,85,0,1598,1260,4.1
20250,15080.0,Diesel,6,1,1,85,0,1598,1360,4.1
20300,24655.0,Diesel,6,1,1,85,0,1598,1360,4.0
20300,14999.0,Diesel,6,0,1,85,0,1598,1260,4.1
19900,12900.0,Diesel,6,1,1,85,0,1598,1360,4.0
20299,9800.0,Benzine,6,1,1,85,0,999,1360,4.6
20290,1647.362609,Benzine,6,0,1,85,0,1598,1360,4.5
19990,16000.0,Benzine,6,1,1,85,0,999,1360,4.6
19990,5000.0,Benzine,6,1,1,85,0,999,1239,4.6
19990,9861.0,Benzine,6,1,1,85,1,999,1360,4.7
19989,19000.0,Benzine,6,1,1,85,1,999,1360,4.8
19980,18500.0,Benzine,6,1,1,85,1,999,1360,4.7
19980,26983.0,Diesel,6,1,1,85,0,1598,1335,4.0
19950,21592.0,Diesel,6,1,1,85,0,1598,1360,4.1
19950,20000.0,Diesel,6,1,1,85,0,1598,1335,4.0
19950,21369.0,Diesel,6,1,1,85,0,1598,1360,4.1
19950,22369.0,Diesel,6,1,1,85,0,1598,1335,4.1
19950,29900.0,Diesel,6,1,1,85,0,1598,1335,4.2
19940,26490.0,Diesel,6,1,1,85,1,1598,1360,4.0
19930,26342.0,Diesel,6,1,1,85,0,1598,1345,4.1
19900,17500.0,Benzine,6,1,1,85,0,1598,1230,3.8
19900,12126.0,Benzine,6,1,1,85,0,999,1236,4.5
19900,11300.0,Diesel,6,1,1,85,0,1598,1360,4.3
19900,164.0,Benzine,6,1,1,85,0,999,1236,4.5
19900,8000.0,Diesel,6,1,1,85,0,1598,1335,4.1
19900,14900.0,Diesel,6,1,1,85,0,1598,1230,3.8
19900,38400.0,Diesel,6,1,1,110,0,1968,1380,4.3
19900,39000.0,Diesel,6,1,1,85,0,1598,1305,4.0
19900,23000.0,Diesel,6,1,1,81,0,1598,1360,4.0
19900,22462.0,Diesel,6,1,1,85,0,1598,1335,4.4
19900,4300.0,Benzine,6,1,1,85,0,999,1360,5.1
19900,30000.0,Diesel,6,1,1,85,0,1598,1230,4.0
19900,10900.0,Benzine,6,1,1,85,0,999,1360,4.7
19900,18000.0,Diesel,6,1,1,85,0,1598,1260,4.0
19900,39900.0,Diesel,6,1,1,85,0,1598,1345,4.1
19900,16000.0,Diesel,6,1,1,85,0,1598,1260,4.0
19900,21000.0,Diesel,6,1,1,85,0,1598,1260,4.0
19900,20000.0,Diesel,6,1,1,85,0,1598,1335,4.0
19900,14000.0,Diesel,6,1,1,85,0,1598,1260,4.0
20200,19500.0,Diesel,6,1,1,85,0,1598,1260,4.0
20000,14613.0,Diesel,6,1,1,85,0,1598,1260,4.1
19999,24421.0,Diesel,6,1,1,85,0,1598,1360,4.1
19999,21000.0,Diesel,6,1,1,85,0,1598,1335,4.0
20200,27249.0,Diesel,6,1,2,85,0,1598,1360,4.2
19999,19950.0,Diesel,6,1,2,85,0,1598,1280,4.0
20200,1.0,Benzine,6,0,1,110,0,1498,1325,5.5
20000,25000.0,Diesel,6,1,1,85,0,1598,1335,4.0
19999,36000.0,Diesel,6,1,1,85,0,1598,1335,4.0
19990,9108.0,Diesel,6,1,1,110,0,1968,1365,4.4
19990,9000.0,Benzine,6,1,1,85,0,999,1255,4.5
23800,7000.0,Diesel,7,1,1,85,0,1598,1360,3.9
19990,29800.0,Diesel,6,1,1,85,0,1598,1345,4.1
23800,14000.0,Benzine,7,1,1,110,0,1498,1365,5.0
23800,183.0,Diesel,7,0,1,85,0,1598,1845,4.0
23840,15000.0,Benzine,7,1,1,85,0,999,1281,4.7
23800,24815.0,Diesel,7,1,1,85,0,1598,1360,3.9
23800,32000.0,Diesel,7,1,1,85,0,1598,1290,4.0
23800,14587.0,Diesel,7,1,1,85,0,1598,1360,3.9
23800,27124.0,Diesel,7,1,1,85,0,1598,1360,3.9
23800,17609.0,Diesel,7,1,1,85,0,1598,1845,3.9
23800,16567.0,Diesel,7,1,1,85,0,1598,1845,4.0
23800,13180.0,Diesel,7,1,1,110,0,1968,1415,4.4
23800,23382.0,Diesel,7,1,1,85,0,1598,1360,3.9
23800,33781.0,Diesel,7,1,1,85,0,1598,1360,3.9
23800,27800.0,Diesel,7,1,1,85,0,1598,1360,3.9
23780,4980.0,Benzine,7,1,1,85,0,999,1255,4.8
23770,15997.0,Benzine,7,1,1,110,1,1498,1315,4.8
23800,17823.0,Diesel,7,1,1,85,0,1600,1360,4.0
23770,20.0,Diesel,7,1,1,85,1,1598,1360,3.9
23750,14800.0,Benzine,7,1,1,110,0,1498,1315,5.1
23700,10.0,Benzine,7,0,1,85,0,999,1360,5.1
23630,18018.0,Diesel,7,1,1,110,0,1968,1380,4.4
23600,8700.0,Diesel,7,1,1,110,0,1968,1415,4.4
23600,7300.0,Benzine,7,1,1,110,0,1498,1360,5.2
23600,22790.0,Diesel,7,1,1,85,0,1598,1360,3.9
23600,15040.0,Diesel,7,1,1,81,0,1598,1330,3.8
23600,3000.0,Benzine,7,1,1,85,0,999,1275,5.1
23600,10.0,Diesel,6,1,1,85,0,1968,1390,4.4
23600,24652.0,Diesel,7,1,1,85,0,1598,1360,3.9
23530,15692.0,Benzine,7,1,1,85,1,999,1785,4.7
23400,10.0,Benzine,7,0,1,85,0,999,1275,5.1
23550,17736.0,Diesel,7,1,1,85,0,1598,1845,4.0
19900,29101.0,Diesel,6,1,1,85,0,1598,1360,4.0
23572,1.0,Benzine,6,0,1,110,0,1498,1360,5.5
23500,26950.0,Diesel,7,1,1,85,0,1598,1360,3.9
23400,15.0,Benzine,7,1,1,85,0,999,1275,5.1
23360,1647.362609,Benzine,7,0,1,85,0,999,1365,4.5
23400,20000.0,Diesel,7,1,1,85,0,1598,1360,3.9
23400,24186.0,Diesel,7,1,1,85,0,1598,1360,3.8
23389,6530.0,Diesel,7,1,1,85,0,1598,1360,4.2
23300,21500.0,Diesel,7,1,1,85,0,1598,1360,3.9
23370,6820.0,Benzine,7,1,1,85,1,999,1360,4.7
23350,3249.0,Diesel,7,1,1,85,1,1598,1360,4.2
23300,6063.0,Diesel,7,1,1,85,0,1598,1285,3.9
23240,4170.0,Diesel,7,1,1,85,0,1598,1335,4.2
23300,5000.0,Diesel,7,1,1,85,0,1598,1285,3.9
23290,10.0,Benzine,7,1,1,110,0,1498,1365,5.1
23300,14216.0,Diesel,7,1,1,85,0,1598,1845,4.0
23200,14231.0,Diesel,7,1,1,85,0,1598,1845,4.0
23280,26564.0,Diesel,7,1,1,110,0,1968,1360,4.3
23250,6720.0,Diesel,7,1,1,85,1,1598,1365,4.0
23500,22000.0,Diesel,7,1,1,81,0,1598,1360,3.8
23500,300.0,Diesel,7,1,1,85,0,1598,1360,3.9
23500,4311.0,Benzine,7,0,1,85,0,999,1760,5.1
23500,300.0,Benzine,7,0,1,85,0,999,1275,4.6
23500,9000.0,Benzine,7,1,1,85,0,999,1360,4.7
23500,9868.0,Benzine,7,1,1,85,0,999,1275,5.1
23500,2417.0,Benzine,7,0,1,85,0,999,1760,5.1
23500,3811.0,Benzine,7,0,1,85,0,999,1760,5.1
23500,13839.0,Diesel,7,1,1,85,0,1598,1360,3.9
23500,1.0,Benzine,7,0,1,85,0,999,1360,5.1
23500,10.0,Benzine,7,0,1,85,0,999,1200,5.1
23500,10.0,Diesel,7,0,1,85,0,1598,1360,3.9
23500,10205.0,Diesel,7,1,1,85,0,1598,1285,4.0
23500,1.0,Diesel,7,1,1,85,0,1598,1360,3.9
23500,15200.0,Diesel,7,1,1,85,0,1598,1295,3.9
23200,7860.0,Diesel,7,1,1,85,0,1598,1845,4.0
23500,10.0,Benzine,7,0,1,85,0,999,1200,4.6
23500,15378.0,Diesel,7,1,1,85,0,1598,1360,3.9
23500,27815.0,Diesel,7,1,1,81,0,1598,1360,4.0
23500,7778.0,Diesel,7,1,1,85,0,1598,1360,4.0
23500,27815.0,Diesel,7,1,1,81,0,1598,1285,4.0
23499,14900.0,Benzine,7,1,1,85,1,999,1360,4.6
23490,5000.0,Benzine,7,1,1,85,1,999,1360,5.1
23490,7487.0,Benzine,7,1,1,110,1,1395,1305,5.0
23490,21514.0,Diesel,7,1,1,85,0,1598,1285,4.0
23480,2267.0,Benzine,7,1,1,85,1,999,1255,4.8
23490,5156.0,Benzine,7,1,1,85,1,999,1360,5.2
23480,5778.0,Diesel,7,1,1,85,0,1598,1485,4.2
23480,24887.0,Diesel,7,1,1,85,0,1598,1360,3.9
23470,5939.0,Diesel,7,1,1,85,0,1598,1360,4.1
23450,10837.0,Diesel,7,1,1,110,0,1968,1360,4.2
23444,100.0,Diesel,7,1,1,85,0,1598,1200,3.9
23440,19440.0,Diesel,7,1,1,85,0,1598,1360,4.1
23440,5740.0,Benzine,7,1,1,85,0,999,1360,4.7
23430,5324.0,Diesel,7,1,1,85,0,1598,1360,4.1
23430,5025.0,Diesel,7,1,1,85,0,1598,1345,4.1
23420,1031.0,Diesel,7,1,1,85,1,1598,1360,4.2
23400,10800.0,Diesel,7,1,1,85,0,1598,1365,4.5
22950,19200.0,Benzine,7,1,1,85,0,999,1790,4.0
22940,17900.0,Diesel,7,1,1,85,0,1598,1360,3.9
22930,7098.0,Benzine,7,1,1,85,1,999,1360,4.6
22900,24000.0,Benzine,7,1,1,85,1,999,1365,4.5
22960,10.0,Benzine,7,0,1,110,0,1498,1360,5.2
22900,18000.0,Diesel,7,1,1,85,0,1598,1360,3.9
22900,20500.0,Diesel,7,1,1,85,0,1598,1845,4.0
22900,1.0,Benzine,7,0,1,85,0,999,1360,5.1
22900,12900.0,Diesel,7,1,1,85,0,1598,1840,4.0
22900,21837.0,Diesel,7,1,1,85,0,1598,1290,4.0
22900,28500.0,Diesel,7,1,1,85,0,1598,1360,3.9
22900,27900.0,Diesel,7,1,1,85,0,1598,1360,3.9
22900,14900.0,Diesel,7,1,1,85,0,1598,1845,3.9
22900,14391.0,Diesel,7,1,1,85,0,1598,1845,4.0
22900,8800.0,Diesel,7,1,1,85,0,1598,1360,3.9
22900,7970.0,Diesel,7,1,1,85,0,1598,1840,4.0
22900,11975.0,Diesel,7,1,1,85,0,1598,1290,4.0
22900,15414.0,Diesel,7,1,1,85,0,1598,1360,3.9
22900,20410.0,Diesel,7,1,1,85,0,1598,1360,3.9
22900,10.0,Benzine,7,0,1,85,0,999,1360,5.1
22900,21035.0,Diesel,7,1,1,85,0,1598,1360,3.9
22800,19000.0,Diesel,7,1,1,85,0,1598,1360,3.9
22800,22800.0,Diesel,7,1,1,85,0,1598,1360,3.9
22900,15482.0,Diesel,7,1,2,85,0,1598,1360,3.9
22900,17976.0,Diesel,7,1,2,85,0,1598,1360,3.9
22900,25142.0,Diesel,7,1,2,85,0,1598,1360,3.9
22812,24205.0,Diesel,7,1,1,110,1,1968,1360,4.3
22800,20000.0,Diesel,7,1,1,85,0,1598,1360,3.9
22788,10.0,Benzine,7,0,1,110,1,1498,1345,5.2
22700,23900.0,Diesel,7,1,1,85,0,1598,1360,3.9
22700,20978.0,Diesel,7,1,1,85,0,1598,1285,3.9
22790,8700.0,Benzine,7,1,1,85,1,999,1275,4.7
22750,11133.0,Diesel,7,1,1,85,0,1598,1285,4.0
22750,9200.0,Benzine,7,1,1,85,0,999,1275,4.7
22690,9990.0,Benzine,7,1,1,85,0,999,1280,4.6
22600,27000.0,Diesel,7,1,1,85,0,1598,1360,3.9
22690,17771.0,Diesel,7,1,1,85,0,1598,1360,4.1
22675,26382.0,Diesel,7,1,1,110,1,1968,1360,4.3
22650,7727.0,Diesel,7,1,1,85,0,1598,1845,4.0
22640,9380.0,Diesel,7,1,1,85,0,1598,1345,4.1
22600,19000.0,Diesel,7,1,1,85,0,1598,1360,3.9
23200,23184.0,Diesel,7,1,1,85,0,1598,1845,4.0
23200,1.0,Benzine,7,0,1,85,0,999,1360,5.1
23150,19534.0,Diesel,7,1,1,85,0,1598,1285,4.0
23150,20000.0,Diesel,7,1,1,85,0,1598,1360,3.9
23100,22081.0,Benzine,7,1,1,110,0,1498,1800,5.0
23000,10.0,Diesel,7,1,1,85,0,1598,1285,3.9
23200,23214.0,Diesel,7,1,1,85,0,1598,1845,4.0
23000,9800.0,Diesel,7,1,1,85,0,1598,1360,3.9
22999,18000.0,Diesel,7,1,1,110,0,1968,1360,4.4
22999,22633.0,Diesel,7,1,1,85,0,1598,1360,4.0
23000,15.0,Benzine,7,0,1,85,0,999,1275,4.6
22999,22420.0,Diesel,7,1,1,85,0,1598,1360,4.0
22999,11021.0,Diesel,7,1,1,85,0,1598,1360,4.0
22999,12103.0,Benzine,7,1,1,110,0,1498,1379,5.0
22999,15193.0,Diesel,7,1,1,85,0,1598,1360,4.0
22999,19279.0,Diesel,7,1,1,85,0,1598,1360,4.0
22900,18000.0,Diesel,7,1,1,85,0,1598,1290,4.0
22900,13500.0,Diesel,7,1,1,81,0,1598,1360,3.9
22900,14272.0,Diesel,7,1,1,85,0,1598,1360,3.9
22990,25444.0,Diesel,7,1,1,85,0,1598,1370,4.0
22995,1.0,Benzine,7,0,1,85,0,999,1335,5.5
22900,40000.0,Diesel,7,1,1,85,0,1598,1335,4.0
22900,20812.0,Diesel,7,1,1,85,0,1598,1840,4.0
22900,20938.0,Diesel,7,1,1,85,0,1598,1360,3.9
22900,27500.0,Diesel,7,1,1,85,0,1598,1360,3.9
22900,19755.0,Diesel,7,1,1,85,0,1598,1360,3.9
22900,18180.0,Diesel,7,1,1,85,0,1598,1360,3.9
22900,13450.0,Diesel,7,1,1,85,0,1598,1370,4.0
22900,12780.0,Diesel,7,1,1,85,0,1598,1360,3.9
22900,16000.0,Diesel,7,1,1,85,0,1598,1290,4.0
22550,15900.0,Diesel,7,1,1,85,0,1598,1365,4.1
22890,9000.0,Benzine,7,1,1,85,1,999,1360,5.1
22890,8050.0,Diesel,7,1,1,85,0,1598,1365,4.1
22820,27350.0,Diesel,7,1,1,110,1,1968,1360,4.3
22590,17700.0,Benzine,7,1,1,85,0,999,1280,4.6
22880,25500.0,Diesel,7,1,1,85,1,1598,1360,4.0
22895,1.0,Benzine,7,0,1,110,0,1498,1325,5.0
22500,19100.0,Diesel,7,1,1,85,0,1598,1845,3.9
22500,28161.0,Diesel,7,1,1,85,0,1598,1845,4.0
22500,6000.0,Diesel,7,1,1,85,0,1598,1360,4.0
22500,11061.0,Diesel,7,1,1,85,0,1598,1285,3.9
22500,12000.0,Diesel,7,1,1,85,0,1598,1285,4.0
22500,25760.0,Diesel,7,1,1,85,0,1598,1360,3.8
22500,10395.0,Benzine,7,1,1,85,0,999,1288,4.7
22500,19840.0,Diesel,7,1,1,85,0,1598,1845,4.0
22500,24395.0,Diesel,7,1,1,85,0,1598,1360,3.8
22500,7000.0,Diesel,7,1,1,85,0,1598,1360,4.0
22500,18242.0,Diesel,7,1,1,81,0,1598,1360,3.8
22500,22000.0,Diesel,7,1,1,85,0,1598,1310,4.0
22500,25000.0,Diesel,7,1,1,85,0,1598,1310,4.0
22500,15389.0,Diesel,7,1,1,85,0,1598,1360,3.9
22500,29000.0,Diesel,7,1,1,85,0,1598,1360,3.9
22500,20501.0,Diesel,7,1,1,85,0,1598,1360,3.9
22500,35599.0,Diesel,6,1,1,81,0,1598,1335,4.0
22500,12409.0,Diesel,7,1,1,85,0,1598,1840,4.0
22500,20979.0,Diesel,7,1,1,85,0,1598,1360,3.9
22500,18000.0,Diesel,7,1,1,110,0,1968,1385,4.3
22500,33231.0,Diesel,7,1,1,85,0,1598,1360,3.9
22500,37.0,Diesel,7,1,1,85,0,1598,1360,3.9
22500,16426.0,Diesel,7,1,1,85,0,1598,1360,4.0
22500,14040.0,Diesel,6,1,1,85,0,1598,1335,4.0
22500,20000.0,Benzine,7,1,1,110,0,1395,1280,4.8
22499,1647.362609,Diesel,7,0,0,110,0,1598,1360,4.0
22499,31742.0,Diesel,7,1,1,85,0,1598,1360,4.0
22499,10.0,Diesel,6,0,1,85,0,1598,1360,4.0
22499,30719.0,Diesel,7,1,1,85,0,1598,1360,4.0
22500,19736.0,Diesel,7,1,1,85,0,1598,1360,4.0
22490,25600.0,Diesel,7,1,1,85,0,1598,1365,4.1
22490,18885.0,Diesel,7,1,1,85,0,1598,1360,3.9
22490,42260.0,Diesel,7,1,1,85,0,1598,1360,3.9
22490,23000.0,Diesel,7,1,1,85,0,1598,1360,3.7
22450,17869.0,Diesel,7,1,1,85,0,1598,1360,4.0
22450,19251.0,Diesel,7,1,1,85,0,1598,1890,4.0
22440,11000.0,Diesel,7,1,1,85,1,1598,1385,4.0
22350,21921.0,Diesel,7,1,1,85,0,1598,1360,4.0
22440,4585.0,Benzine,7,1,1,85,0,999,1275,4.7
22400,9500.0,Diesel,7,1,1,85,0,1598,1360,3.9
22300,6810.0,Diesel,7,1,1,85,0,1598,1285,4.0
22300,12470.0,Diesel,7,1,1,85,0,1598,1285,4.0
22300,9570.0,Diesel,7,1,1,85,0,1598,1285,4.0
20341,1.0,Benzine,6,0,1,85,0,999,1360,5.1
20450,18112.0,Diesel,6,1,1,85,0,1598,1360,4.2
20450,32440.0,Diesel,6,1,1,85,1,1598,1360,4.0
20450,14000.0,Diesel,6,1,1,85,0,1598,1335,4.0
20450,14541.0,Diesel,6,1,1,85,0,1598,1360,4.1
20450,15101.0,Diesel,6,1,1,85,0,1598,1360,4.2
20450,10935.0,Diesel,6,1,1,85,0,1598,1360,4.1
20450,26713.0,Diesel,6,1,1,85,1,1598,1360,4.0
20900,30800.0,Diesel,6,1,1,85,0,1598,1260,4.0
20450,20484.0,Diesel,6,1,1,85,1,1598,1360,4.0
20550,2195.0,Benzine,6,1,1,110,1,1498,1360,5.0
20900,10.0,Diesel,6,1,1,85,0,1598,1260,4.0
20990,41300.0,Diesel,6,1,1,85,1,1598,1365,4.2
21350,18900.0,Diesel,6,1,1,85,0,1598,1335,4.1
21000,40000.0,Diesel,6,1,1,85,0,1598,1335,4.0
20989,6075.0,Benzine,6,1,1,85,1,999,1360,5.0
20990,50.0,Diesel,6,0,1,85,0,1598,1319,4.1
21450,1647.362609,Benzine,6,0,1,85,1,999,1180,4.8
21450,9400.0,Diesel,6,1,1,85,1,1598,1335,4.1
21000,14186.0,Diesel,6,1,1,85,0,1598,1820,4.1
21490,15500.0,Benzine,6,1,1,85,0,999,1256,4.7
21299,15500.0,Benzine,6,1,1,85,0,999,1790,4.0
21295,13500.0,Diesel,6,1,1,85,0,1598,1360,4.0
21220,1.0,Diesel,6,0,1,85,0,1598,1365,4.4
21500,17000.0,Diesel,6,1,1,85,0,1598,1335,4.0
21500,22969.0,Diesel,6,1,1,85,0,1598,1815,4.0
21500,19000.0,Diesel,6,1,1,85,0,1598,1260,4.1
21500,20702.0,Diesel,6,1,1,85,0,1598,1260,4.0
21500,5000.0,Diesel,6,1,1,85,0,1598,1360,4.0
21500,1.0,Diesel,7,1,1,85,0,1598,1360,3.9
21500,1.0,Diesel,6,1,1,85,0,1598,1335,4.4
21500,20300.0,Diesel,6,1,1,85,0,1598,1815,4.0
21500,16800.0,Diesel,7,1,1,85,0,1598,1360,3.9
21500,9800.0,Diesel,6,1,1,85,0,1598,1360,4.1
21500,23000.0,Diesel,6,1,1,85,0,1598,1335,4.0
21500,22111.0,Diesel,6,1,1,85,0,1598,1820,4.1
21500,4103.0,Diesel,6,1,1,85,0,1598,1260,4.1
21500,28000.0,Diesel,6,1,1,85,0,1598,1335,4.0
21500,26800.0,Diesel,6,1,1,85,0,1598,1820,4.1
21500,12150.0,Diesel,6,1,1,85,0,1598,1815,4.0
21500,28039.0,Diesel,6,1,1,85,0,1598,1820,4.1
21500,12154.0,Diesel,6,1,1,85,0,1598,1815,4.0
21500,21426.0,Diesel,6,1,1,85,0,1598,1260,4.1
21500,21132.0,Diesel,6,1,1,85,0,1598,1260,4.1
21500,28913.0,Diesel,6,1,1,85,0,1598,1815,4.0
21500,13494.0,Diesel,6,1,1,85,0,1598,1815,4.0
21500,20456.0,Diesel,6,1,1,85,0,1598,1815,4.0
21500,17400.0,Diesel,6,1,1,85,0,1598,1230,4.0
21500,14706.0,Diesel,6,1,1,85,0,1598,1815,4.0
21500,11777.0,Diesel,6,1,1,85,0,1598,1260,4.1
21500,30925.0,Diesel,6,1,1,85,0,1598,1815,4.0
21500,12000.0,Diesel,6,1,1,85,0,1598,1360,4.0
21500,26892.0,Diesel,6,1,1,85,0,1598,1335,4.0
21495,16200.0,Diesel,6,1,1,85,0,1598,1360,4.0
21500,25910.0,Diesel,6,1,1,85,0,1598,1360,4.0
21490,24500.0,Diesel,6,1,1,85,0,1598,1335,4.2
21490,5350.0,Benzine,6,1,1,85,0,1000,1360,5.1
21500,16094.0,Diesel,6,1,1,85,0,1598,1335,4.0
21490,9000.0,Benzine,6,1,1,85,0,999,1225,4.6
21490,14800.0,Benzine,6,1,1,85,0,999,1256,4.7
21490,12293.0,Diesel,6,1,1,85,0,1598,1875,4.0
21490,5000.0,Benzine,6,1,1,85,1,999,1360,5.1
21490,19200.0,Benzine,6,1,1,85,0,999,1360,4.0
21490,6600.0,Benzine,6,1,1,85,0,999,1255,4.7
21490,19050.0,Benzine,6,1,1,85,0,999,1360,4.0
21300,33178.0,Diesel,6,1,1,85,0,1598,1360,4.0
21490,15000.0,Benzine,6,1,2,85,0,999,1260,4.6
21490,15500.0,Benzine,6,1,1,85,0,999,1360,4.6
21480,11279.0,Diesel,6,1,1,85,1,1598,1360,4.0
21200,1.0,Benzine,6,0,1,85,0,999,1265,5.1
21200,19500.0,Diesel,6,1,1,85,0,1598,1335,4.0
21200,27674.0,Diesel,6,1,1,85,0,1598,1335,4.0
21480,18500.0,Benzine,6,1,1,85,1,999,1255,4.8
21150,21459.0,Diesel,6,1,1,85,0,1598,1360,4.1
21150,10700.0,Benzine,6,1,1,85,0,999,1265,4.7
21100,1.0,Benzine,6,0,1,85,0,1398,1295,5.8
21100,1647.362609,Benzine,6,0,0,85,0,1398,1295,5.8
21000,37000.0,Diesel,6,1,1,85,0,1598,1335,4.0
21000,18000.0,Diesel,6,1,1,85,0,1598,1335,4.0
21000,17596.0,Diesel,6,1,1,85,0,1598,1270,4.0
21480,22700.0,Diesel,6,1,1,110,1,1968,1380,4.4
21000,23900.0,Diesel,6,1,1,85,0,1598,1360,4.0
21000,21900.0,Diesel,6,1,1,85,0,1598,1360,4.0
21480,32191.0,Diesel,6,1,1,85,0,1598,1495,4.1
21480,16900.0,Diesel,6,1,1,85,0,1598,1365,4.5
21480,14463.0,Diesel,6,1,1,85,0,1598,1495,4.1
21480,7780.0,Diesel,6,1,1,85,0,1598,1360,4.1
21461,24531.0,Diesel,6,1,1,85,1,1598,1360,4.0
21480,8015.0,Diesel,6,1,1,85,0,1598,1360,4.1
21478,8604.0,Diesel,6,1,1,85,0,1598,1360,4.1
21480,6265.0,Diesel,6,1,1,85,0,1598,1360,4.1
21463,1.0,Diesel,6,0,0,85,0,1598,1375,4.1
21461,21708.0,Diesel,6,1,1,85,1,1598,1360,4.0
21461,20719.0,Diesel,6,1,1,85,1,1598,1360,4.0
21450,9000.0,Diesel,6,1,1,85,0,1598,1335,4.0
21450,1250.0,Benzine,6,1,1,85,0,999,1360,5.1
21450,12000.0,Diesel,6,1,1,85,0,1598,1335,4.0
21449,1250.0,Benzine,6,1,1,85,0,999,1365,5.1
21444,26174.0,Diesel,6,1,1,85,0,1598,1345,4.1
21400,20500.0,Diesel,6,1,1,85,0,1598,1360,4.0
21400,24500.0,Diesel,6,1,1,85,0,1598,1360,4.0
21415,6853.0,Diesel,6,1,1,85,0,1598,1360,4.1
21400,19900.0,Diesel,6,1,1,85,0,1598,1345,4.1
21388,10.0,Benzine,6,0,0,110,1,1498,1325,5.5
21400,10500.0,Benzine,6,1,2,85,0,999,1260,4.4
21386,1.0,Benzine,6,0,0,110,0,1498,1335,5.5
21380,16856.0,Diesel,6,1,1,85,0,1598,1495,4.1
21370,1.0,Benzine,6,0,0,85,0,999,1275,5.1
21350,25080.0,Benzine,6,1,2,110,1,1498,1315,5.2
21375,33.0,Diesel,6,0,0,85,0,1598,1365,4.4
21000,17784.0,Diesel,6,1,2,85,0,1598,1260,4.0
21000,8000.0,Diesel,6,0,1,85,0,1600,1365,4.5
20999,21661.0,Diesel,6,1,1,85,0,1598,1360,4.0
20999,17500.0,Diesel,6,1,1,85,1,1598,1360,4.2
20999,23897.0,Diesel,6,1,1,85,0,1598,1335,4.0
20999,19980.0,Diesel,6,1,1,85,0,1598,1230,4.0
20995,4500.0,Diesel,6,1,1,85,0,1598,1360,4.0
20990,11000.0,Benzine,6,1,1,85,0,999,1255,4.5
20999,30891.0,Diesel,6,1,1,85,0,1598,1360,4.0
20990,21425.0,Diesel,6,1,1,85,0,1598,1335,4.0
20999,25737.0,Diesel,6,1,1,85,0,1598,1360,4.0
20990,14450.0,Diesel,6,1,1,85,0,1598,1335,4.0
20990,19800.0,Diesel,6,1,1,85,0,1598,1360,4.1
20990,11000.0,Benzine,6,1,1,85,0,999,1360,4.6
20990,22792.0,Diesel,6,1,1,85,0,1598,1335,4.0
20800,23300.0,Diesel,6,1,1,85,0,1598,1335,4.0
20990,8430.0,Benzine,6,1,1,85,0,999,1360,4.4
20800,20000.0,Diesel,6,1,1,85,0,1598,1260,4.0
20800,18000.0,Diesel,6,1,1,85,0,1598,1260,4.0
20800,16749.0,Diesel,6,1,0,85,0,1598,1335,4.0
20799,17059.0,Diesel,6,1,1,85,0,1598,1335,4.0
20793,20.0,Benzine,6,1,1,85,0,999,1255,4.8
20750,8400.0,Benzine,6,1,1,85,0,999,1265,4.7
20790,27200.0,Diesel,6,1,1,85,0,1598,1360,4.0
20750,22455.0,Diesel,6,1,1,85,0,1598,1820,4.1
20750,13800.0,Benzine,6,1,1,85,0,999,1255,4.7
20750,17863.0,Diesel,6,1,1,85,0,1598,1820,4.1
20750,18603.0,Diesel,6,1,1,85,0,1598,1820,4.1
20750,25000.0,Diesel,6,1,1,85,0,1598,1310,4.0
20700,15149.0,Diesel,6,1,1,85,0,1598,1820,4.1
20700,16000.0,Benzine,6,1,2,85,1,999,1255,4.8
20750,12000.0,Benzine,6,1,1,85,0,999,1255,4.7
20750,27638.0,Benzine,6,1,1,85,1,999,1360,4.6
20690,22016.0,Diesel,6,1,1,85,0,1598,1265,4.0
20700,21511.0,Diesel,6,1,1,85,0,1598,1360,4.0
20980,290.0,Diesel,6,1,1,85,0,1598,1335,4.0
20980,16500.0,Diesel,6,1,1,85,1,1598,1360,4.1
20550,1085.0,Benzine,6,1,1,85,1,999,1360,4.7
20950,27085.0,Diesel,6,1,1,85,0,1598,1335,4.2
20950,11500.0,Benzine,6,1,1,85,0,999,1255,4.7
20950,21308.0,Diesel,6,1,1,85,0,1598,1360,4.1
20950,9500.0,Benzine,6,1,1,85,0,999,1255,4.7
20950,20.0,Benzine,6,1,1,85,0,999,1255,4.7
20950,28603.0,Diesel,6,1,1,85,1,1598,1345,4.0
20950,19467.0,Diesel,6,1,1,85,0,1598,1360,4.2
20940,32823.0,Diesel,6,1,1,85,1,1598,1360,4.0
20920,8589.0,Benzine,6,1,1,85,1,999,1730,5.0
20500,1015.0,Benzine,6,1,1,85,1,999,1365,4.7
20550,27357.0,Diesel,6,1,1,85,0,1598,1260,4.1
20500,18000.0,Benzine,6,1,1,85,0,999,1255,4.5
20500,6830.0,Diesel,6,1,1,85,0,1598,1820,4.1
20500,8275.0,Diesel,6,1,1,85,0,1598,1335,4.4
20500,1.0,Diesel,6,1,1,85,0,1598,1335,4.4
20500,25000.0,Diesel,6,1,1,110,0,1968,1310,4.2
20500,10973.0,Diesel,6,1,1,85,0,1598,1335,4.0
20500,13500.0,Diesel,6,1,1,85,0,1598,1360,4.0
20500,17000.0,Diesel,6,1,1,85,0,1598,1255,6.0
20500,15829.0,Diesel,6,1,1,85,0,1600,1335,4.1
20500,14999.0,Diesel,6,0,1,85,0,1598,1265,4.0
20499,15750.0,Benzine,6,1,1,85,0,999,1255,4.5
20490,6750.0,Benzine,6,1,1,85,0,999,1360,4.0
20900,16316.0,Diesel,6,1,1,85,0,1598,1820,4.1
20490,4700.0,Benzine,6,1,1,85,0,999,1360,4.0
20500,25884.0,Diesel,6,1,1,85,0,1598,1360,4.0
20466,20744.0,Benzine,6,1,1,85,1,999,1255,4.8
20490,4000.0,Benzine,6,1,1,85,0,999,1255,5.1
20900,26000.0,Diesel,6,1,1,85,0,1598,1335,4.0
20900,28110.0,Diesel,6,1,1,85,0,1598,1335,4.0
20900,33400.0,Diesel,6,1,1,85,0,1598,1305,5.2
20900,18800.0,Diesel,6,1,1,85,0,1598,1335,4.0
20900,21270.0,Diesel,6,1,1,85,0,1598,1260,4.0
20900,10.0,Benzine,6,1,1,85,0,999,1225,4.6
20900,17720.0,Diesel,6,1,1,85,0,1598,1260,4.0
20900,20717.0,Diesel,6,1,1,85,0,1598,1360,4.0
20900,10.0,Benzine,6,1,1,85,0,999,1255,5.1
20900,23494.0,Diesel,6,1,0,85,0,1598,1335,4.0
20900,8000.0,Diesel,6,1,0,85,0,1598,1260,4.0
20900,27425.0,Diesel,6,1,1,85,0,1598,1360,4.0
20900,6746.0,Diesel,6,1,1,85,0,1598,1260,4.1
20900,8340.0,Benzine,6,1,1,85,0,999,1360,4.6
20899,24465.0,Diesel,6,1,1,85,0,1598,1335,4.0
20900,27350.0,Diesel,6,1,1,85,0,1598,1230,4.0
20890,1647.362609,Benzine,6,0,1,85,0,999,1365,4.5
20890,7066.0,Benzine,6,1,1,85,1,999,1360,5.0
20900,22009.0,Diesel,6,1,1,85,0,1598,1260,4.0
20890,16100.0,Benzine,6,1,1,85,1,999,1360,4.8
20890,24150.0,Diesel,6,1,1,85,1,1598,1360,4.1
20890,26584.0,Diesel,6,1,1,85,1,1598,1360,4.0
20890,21032.0,Benzine,6,1,1,110,0,1498,1360,5.0
20889,1250.0,Benzine,6,1,1,85,0,999,1360,4.8
20890,19137.0,Diesel,6,1,1,85,0,1598,1335,4.0
20890,7717.0,Diesel,6,1,1,85,1,1598,1360,4.1
20880,9376.0,Benzine,6,1,1,85,1,999,1255,4.5
20880,20100.0,Diesel,6,1,1,85,1,1598,1345,4.1
20800,37500.0,Diesel,6,1,1,85,0,1598,1335,3.6
20845,5074.0,Diesel,6,1,1,85,1,1598,1730,4.1
20840,21828.0,Diesel,6,1,1,85,1,1598,1345,4.0
20830,21851.0,Benzine,6,1,2,85,1,999,1255,4.7
20854,7988.0,Diesel,6,1,1,85,0,1598,1360,4.1
20800,20750.0,Diesel,6,1,1,85,0,1598,1335,4.0
20400,8500.0,Benzine,6,1,1,85,0,999,1360,4.7
20400,19200.0,Diesel,6,1,1,85,0,1598,1335,4.0
20398,13812.0,Diesel,6,1,1,85,0,1598,1360,4.1
20400,17000.0,Diesel,6,1,1,85,0,1598,1365,4.0
20400,15574.0,Diesel,6,1,1,85,1,1598,1345,4.0
20445,26741.0,Diesel,6,1,1,85,1,1598,1360,4.0
20390,5250.0,Benzine,6,1,1,85,0,999,1360,4.8
20360,1647.362609,Benzine,6,0,1,85,1,999,1180,4.8
21520,10.0,Benzine,6,0,1,110,0,1498,1360,5.5
21700,20557.0,Diesel,6,1,1,85,0,1598,1820,4.1
21700,20919.0,Diesel,6,1,1,85,0,1598,1820,4.1
21700,21088.0,Diesel,6,1,1,85,0,1598,1820,4.1
21700,1647.362609,Benzine,6,0,1,110,1,999,1180,4.8
21695,3800.0,Diesel,6,1,1,85,0,1598,1360,4.0
21690,9621.0,Diesel,6,1,1,85,0,1598,1335,4.1
21690,12000.0,Benzine,6,1,1,85,0,999,1360,5.1
21790,14450.0,Diesel,6,1,1,85,0,1598,1335,4.0
21790,7900.0,Diesel,6,1,2,85,1,1598,1360,4.0
21790,4700.0,Benzine,6,1,1,85,1,999,1360,4.0
21790,6750.0,Benzine,6,1,1,85,1,999,1360,4.0
21800,12200.0,Diesel,6,1,1,85,0,1598,1310,3.8
21800,17676.0,Diesel,6,1,1,85,0,1598,1335,4.4
21800,25940.0,Diesel,6,1,1,85,0,1598,1360,4.0
21800,15000.0,Diesel,6,1,1,85,0,1598,1260,4.0
21800,14160.0,Diesel,6,1,1,85,0,1598,1335,4.1
21790,25000.0,Benzine,6,1,1,85,0,999,1255,4.5
21790,27000.0,Diesel,6,1,1,85,1,1598,1360,4.0
21762,6648.0,Benzine,6,1,1,85,1,999,1360,4.4
21750,34000.0,Diesel,6,1,1,85,0,1598,1360,4.0
21750,1900.0,Benzine,6,1,1,85,0,999,1265,4.7
21740,5610.0,Diesel,6,1,1,85,0,1598,1335,4.2
21729,6226.0,Diesel,6,1,1,85,1,1598,1360,4.4
21700,26500.0,Diesel,6,1,1,110,1,1968,1360,4.2
21700,13076.0,Diesel,6,1,1,85,0,1598,1820,4.1
21700,13259.0,Diesel,6,1,1,85,0,1598,1820,4.1
21700,17071.0,Diesel,6,1,1,85,0,1598,1265,4.0
21680,4500.0,Benzine,6,1,1,85,1,999,1255,4.8
21680,25982.0,Diesel,6,1,1,110,1,1968,1360,4.2
21650,15070.0,Diesel,6,1,1,85,0,1598,1345,4.2
21650,8100.0,Diesel,6,1,1,85,1,1598,1360,4.1
21550,3200.0,Benzine,6,1,1,85,0,999,1265,4.7
21640,5230.0,Diesel,6,1,1,85,1,1598,1360,4.2
21600,26600.0,Diesel,6,1,1,85,0,1598,1360,4.0
21535,1.0,Benzine,6,0,1,110,0,1498,1360,5.5
21600,17544.0,Diesel,6,1,1,85,0,1598,1815,4.0
21600,17863.0,Diesel,6,1,1,85,0,1598,1820,4.1
23900,1647.362609,Benzine,7,0,1,85,1,999,1280,5.2
23900,1647.362609,Diesel,7,0,1,85,1,1598,1385,4.0
23900,10.0,Benzine,7,0,1,85,0,1598,1285,3.9
23900,1647.362609,Benzine,7,0,1,85,1,999,1275,5.1
23900,80.0,Diesel,7,0,1,85,0,1598,1360,3.9
24500,10.0,Benzine,7,0,1,85,0,999,1360,5.1
25800,3477.0,Benzine,7,0,1,85,0,999,1365,5.2
25740,10.0,Benzine,7,0,1,85,0,999,1365,4.7
25600,1.0,Benzine,7,0,1,140,0,1984,1490,6.4
26825,36.0,Diesel,7,0,1,110,0,1968,1440,3.9
26188,10.0,Benzine,7,0,1,110,1,1498,1345,5.2
26290,10.0,Diesel,7,0,1,85,1,1598,1360,3.9
26900,251.0,Benzine,7,0,1,85,0,999,1285,5.1
26900,10.0,Diesel,7,0,1,85,0,1598,1360,3.9
26990,25.0,Diesel,7,0,1,85,0,1598,1310,4.0
26980,10.0,Benzine,7,0,1,110,0,1498,1360,5.1
26590,3500.0,Benzine,7,0,1,85,1,999,1360,5.2
26990,10.0,Benzine,7,0,1,110,0,1498,1365,5.2
27400,4999.0,Benzine,7,0,1,85,1,999,1365,5.1
27410,5.0,Benzine,7,0,1,110,0,1498,1325,5.1
27450,1647.362609,Benzine,7,0,1,110,0,1498,1345,5.2
27470,0.0,Diesel,7,0,0,85,0,1598,1285,4.0
27400,4999.0,Benzine,7,0,1,85,1,999,1360,5.1
27488,10.0,Benzine,7,0,1,110,1,1498,1345,5.2
27449,1647.362609,Diesel,7,0,1,85,1,1584,1430,4.5
27350,50.0,Diesel,7,0,1,85,0,1598,1360,4.0
27400,6515.0,Diesel,7,0,1,85,0,1598,1360,3.9
26800,1.0,Diesel,7,0,1,85,0,1598,1360,3.9
27400,10.0,Diesel,7,0,1,85,0,1598,1360,3.9
27370,5800.0,Benzine,7,0,1,110,1,1498,1360,5.1
26800,10.0,Diesel,7,0,1,85,0,1598,1360,3.9
27318,20.0,Benzine,7,0,1,110,0,1498,1360,5.1
27300,15500.0,Benzine,7,0,1,85,0,999,1760,5.1
27300,1647.362609,Diesel,7,0,1,85,0,1598,1360,3.9
27300,10.0,Diesel,7,0,1,85,0,1598,1360,3.9
27300,5000.0,Diesel,7,0,1,85,0,1598,1845,4.0
27288,1647.362609,Diesel,7,0,1,110,0,1968,1395,4.0
27250,3400.0,Benzine,7,0,1,85,0,999,1360,5.1
27230,10.0,Benzine,7,0,1,110,0,1498,1360,5.2
27225,45.0,Diesel,7,0,1,110,0,1968,1440,3.9
27250,1.0,Diesel,7,0,1,110,0,1968,1440,4.4
27200,1647.362609,Diesel,7,0,1,85,0,1598,1360,3.9
27200,10.0,Diesel,7,0,1,85,0,1598,1370,3.9
27116,1200.0,Benzine,7,0,1,85,0,999,1360,5.2
26795,1.0,Benzine,7,0,1,110,0,1498,1315,5.1
26790,10.0,Benzine,7,0,0,110,0,1498,1360,5.1
26770,5300.0,Benzine,7,0,1,85,1,999,1360,5.1
26750,9001.0,Benzine,7,0,1,110,1,1395,1335,4.7
26750,1647.362609,Diesel,7,0,1,85,0,1598,1360,3.9
26700,1647.362609,Benzine,7,0,1,110,0,1498,1365,4.8
26700,10.0,Diesel,7,0,0,85,0,1598,1360,3.9
27089,20.0,Benzine,7,0,0,110,0,1498,1360,5.1
26970,13000.0,Benzine,7,0,1,110,1,1498,1360,5.1
26700,1.0,Benzine,7,0,1,110,0,1498,1360,5.1
26970,11000.0,Benzine,7,0,1,110,1,1498,1360,5.1
26970,5000.0,Benzine,7,0,1,85,0,999,1255,4.8
26970,5000.0,Benzine,7,0,1,85,0,999,1280,4.2
26950,5000.0,Diesel,7,0,1,85,1,1598,1360,3.9
26950,10.0,Diesel,7,0,1,85,0,1598,1360,3.9
26950,50.0,Diesel,7,0,1,85,0,1598,1360,4.0
26950,7100.0,Diesel,7,0,1,85,0,1598,1360,3.9
26940,20.0,Benzine,7,0,1,110,0,1498,1360,5.1
27025,35.0,Diesel,7,0,1,110,0,1968,1440,3.9
27000,3250.0,Diesel,7,0,1,85,0,1598,1360,3.9
27025,34.0,Diesel,7,0,1,110,0,1968,1440,3.9
27000,100.0,Diesel,7,0,1,85,0,1598,1360,3.9
26999,1647.362609,Diesel,7,0,1,85,0,1598,1360,4.0
27000,4054.0,Diesel,7,0,1,85,0,1598,1360,3.9
26999,7.0,Diesel,6,0,1,85,1,1600,1490,4.5
26998,1.0,Diesel,7,0,1,85,0,1598,1360,3.9
26999,82.0,Diesel,7,0,1,85,0,1598,1360,3.9
26995,1647.362609,Benzine,7,0,1,85,0,999,1360,4.0
26990,1647.362609,Benzine,7,0,1,110,0,1498,1365,5.2
26990,8500.0,Benzine,7,0,1,110,1,1498,1360,4.9
26990,10.0,Benzine,7,0,0,110,0,1498,1365,4.5
26700,1647.362609,Benzine,7,0,0,85,0,999,1360,5.1
26690,25.0,Benzine,7,0,0,85,0,999,1215,5.3
26625,45.0,Diesel,7,0,0,110,0,1968,1440,3.9
26549,10.0,Benzine,7,0,0,110,1,1498,1360,5.2
26590,10.0,Diesel,7,0,0,110,0,1968,1360,4.6
26600,1647.362609,Diesel,7,0,0,110,0,1968,1415,4.5
26548,10.0,Benzine,7,0,0,85,0,999,1360,4.0
26500,1.0,Diesel,7,0,0,85,0,1598,1360,3.9
26500,10.0,Diesel,7,0,0,85,0,1598,1360,3.9
26500,10.0,Benzine,7,0,0,85,0,999,1760,5.1
26500,50.0,Diesel,7,0,0,85,0,1598,1360,3.9
26500,1647.362609,Diesel,7,0,0,85,0,1598,1370,3.9
26500,1647.362609,Diesel,7,0,0,85,0,1598,1360,3.9
26500,5800.0,Diesel,7,0,0,85,0,1598,1360,3.9
26499,1647.362609,Diesel,7,0,1,85,0,1598,1360,4.0
26500,1647.362609,Diesel,7,0,1,85,0,1598,1360,3.9
26488,10.0,Benzine,7,0,1,110,1,1498,1345,5.2
26490,5000.0,Benzine,7,0,1,85,0,999,1790,4.0
26600,30.0,Benzine,7,0,1,85,0,999,1360,5.1
26250,1647.362609,Benzine,7,0,1,110,0,1498,1365,4.8
26200,10.0,Diesel,7,0,1,85,0,1598,1360,3.9
26200,100.0,Diesel,7,0,1,85,0,1598,1360,3.9
26200,1650.0,Diesel,7,0,1,85,0,1598,1360,3.9
26190,15.0,Benzine,7,0,1,110,1,1498,1345,5.1
26200,30.0,Diesel,7,0,1,85,0,1598,1360,3.9
26200,1647.362609,Diesel,7,0,1,85,0,1598,1360,3.9
26900,9000.0,Benzine,7,0,1,85,0,999,1280,5.1
26900,5500.0,Diesel,7,0,1,85,0,1598,1360,3.9
26900,1647.362609,Diesel,7,0,1,85,0,1600,1310,4.0
26450,1647.362609,Benzine,7,0,1,85,0,999,1280,5.2
26440,15.0,Benzine,7,0,1,110,1,1498,1360,5.1
26400,50.0,Diesel,7,0,1,85,0,1598,1360,4.0
26400,183.0,Diesel,7,0,1,85,0,1598,1845,4.0
26400,1.0,Diesel,7,0,1,85,0,1598,1360,3.9
26400,10.0,Diesel,7,0,1,85,0,1598,1360,3.9
26400,1647.362609,Benzine,7,0,1,85,0,999,1280,5.2
26900,300.0,Benzine,7,0,1,110,0,1498,1315,5.1
26900,60.0,LPG/CNG,7,0,1,96,0,1498,1360,8.3
26900,6600.0,Diesel,7,0,1,85,0,1598,1360,3.9
26900,300.0,Benzine,7,0,1,85,0,999,1275,5.1
26900,1647.362609,Diesel,7,0,1,85,0,1598,1360,3.9
26900,10.0,Benzine,6,0,1,85,0,999,1255,5.0
26900,11.0,Diesel,7,0,1,85,0,1598,1845,4.0
26900,1647.362609,LPG/CNG,7,0,1,96,0,1498,1280,4.0
26900,5000.0,Benzine,7,0,1,85,0,999,1790,4.0
26890,18000.0,Benzine,7,0,1,85,1,999,1360,5.1
26890,19000.0,Diesel,7,0,1,85,0,1598,1360,4.0
26880,5000.0,Benzine,7,0,1,85,1,999,1360,5.1
26880,100.0,Benzine,7,0,1,85,0,999,1280,5.2
26850,3000.0,Benzine,7,0,1,110,0,1498,1360,5.1
26400,50.0,Benzine,7,0,1,85,0,999,1790,4.0
26300,1647.362609,LPG/CNG,7,0,0,96,0,999,1275,5.1
26300,10.0,Diesel,7,0,1,85,0,1598,1360,3.9
26300,1647.362609,Diesel,7,0,1,85,0,1598,1360,3.9
26290,5000.0,Diesel,7,0,1,85,1,1598,1360,3.9
26300,85.0,Diesel,7,0,1,85,0,1598,1360,3.9
26090,10000.0,Diesel,7,0,1,85,0,1598,1360,4.0
26015,100.0,Benzine,7,0,1,85,1,999,1365,4.5
26000,1647.362609,Diesel,7,0,1,85,0,1598,1360,3.9
26000,10.0,Benzine,7,0,1,85,0,999,1275,5.1
26000,10.0,Diesel,7,0,1,85,0,1598,1360,3.9
26100,2.0,Diesel,7,0,1,85,0,1598,1370,3.9
25998,1.0,Benzine,7,0,1,85,0,999,1360,4.0
25990,10.0,Diesel,7,0,1,85,0,1598,1360,3.9
25990,1647.362609,Benzine,7,0,1,110,0,1498,1365,5.2
25990,10.0,Benzine,7,0,1,85,0,999,1365,5.3
25990,4500.0,Benzine,7,0,1,85,1,999,1360,5.1
25990,10.0,Benzine,7,0,1,110,0,1498,1365,5.5
25990,10.0,Benzine,7,0,1,110,0,1498,1365,5.2
25980,10.0,Diesel,7,0,1,85,0,1598,1365,4.5
25950,14000.0,Benzine,7,0,1,85,1,999,1280,5.1
25900,100.0,Diesel,7,0,1,85,0,1598,1360,3.9
25900,12500.0,Diesel,7,0,1,85,0,1598,1890,4.0
25950,10.0,Diesel,7,0,1,85,0,1598,1360,3.9
25900,10.0,Benzine,7,0,1,85,0,999,1360,5.1
25900,5000.0,Diesel,7,0,1,85,0,1598,1845,4.0
25900,500.0,Diesel,7,0,1,85,0,1598,1360,3.9
25900,1647.362609,Benzine,7,0,1,110,1,1498,1345,5.2
25900,100.0,Benzine,7,0,1,85,0,999,1275,5.1
25900,1647.362609,Diesel,7,0,1,85,0,1598,1360,3.9
25900,1.0,Diesel,7,0,1,85,0,1598,1360,3.9
25900,81.0,Diesel,7,0,1,85,0,1598,1360,3.9
25800,10.0,Diesel,7,0,1,85,0,1598,1360,3.9
25600,10.0,Benzine,7,0,1,85,0,999,1360,5.1
25539,1.0,Benzine,7,0,1,110,0,1498,1360,5.5
25899,50.0,Diesel,7,0,1,85,0,1598,1360,4.0
25884,100.0,Benzine,7,0,1,85,1,999,1365,4.5
25500,60.0,Diesel,7,0,1,85,0,1598,1360,3.9
25500,10.0,Benzine,7,0,1,85,0,999,1280,5.3
25500,1.0,Diesel,7,0,1,85,0,1598,1360,3.9
25490,6000.0,Benzine,7,0,1,85,0,999,1790,4.0
25420,100.0,Benzine,7,0,1,85,1,999,1365,4.5
25500,1647.362609,Benzine,7,0,0,110,0,1968,1356,4.0
25500,50.0,Diesel,7,0,1,85,0,1598,1845,3.9
25800,22.0,Benzine,7,0,1,85,0,1598,1360,4.0
24900,10.0,Benzine,7,0,1,85,0,999,1200,4.6
25400,1647.362609,Diesel,7,0,1,85,0,1598,1360,3.9
25400,60.0,Diesel,7,0,1,85,0,1598,1360,3.9
25400,1.0,Benzine,7,0,1,85,0,999,1275,5.1
25400,10.0,Diesel,7,0,1,85,0,1598,1285,3.9
24900,10.0,Benzine,7,0,1,85,0,999,1360,5.1
24900,80.0,Benzine,7,0,1,85,0,999,1360,5.1
24890,18000.0,Benzine,7,0,1,85,1,999,1360,5.1
24890,25.0,Benzine,7,0,1,85,1,999,1275,4.7
24900,1647.362609,Benzine,7,0,1,85,0,999,1275,5.1
24900,1647.362609,Diesel,7,0,1,85,0,1598,1360,3.9
24800,1.0,Benzine,7,0,1,85,0,999,1275,5.1
24800,1.0,Diesel,7,0,1,85,0,1598,1360,3.9
24800,500.0,Diesel,7,0,1,85,0,1598,1360,3.9
24800,37.0,Benzine,7,0,1,85,0,999,1275,5.1
24600,10.0,Benzine,7,0,1,85,0,999,1360,5.1
25390,10.0,Diesel,7,0,1,85,0,1598,1360,3.9
25300,137.0,Diesel,7,0,1,85,0,1598,1845,4.0
25288,10.0,Benzine,7,0,1,110,1,1498,1345,5.2
25385,1.0,Benzine,7,0,1,110,0,1498,1325,5.0
25250,506.0,Benzine,7,0,1,85,0,999,1760,5.1
25250,1647.362609,Benzine,7,0,1,110,0,1498,1365,4.8
25200,25.0,Diesel,7,0,1,85,0,1598,1360,3.9
25228,1647.362609,Diesel,7,0,1,110,0,1968,1295,4.0
24990,10.0,Benzine,7,0,1,85,0,999,1365,5.3
24500,300.0,Benzine,7,0,1,85,0,999,1275,4.6
24990,10.0,Benzine,7,0,1,85,0,999,1360,5.1
25200,1.0,Diesel,7,0,1,110,0,1968,1440,4.4
25000,1647.362609,Benzine,6,0,1,110,0,1395,1615,4.0
24500,10.0,Diesel,7,0,1,85,0,1598,1360,3.9
24500,1647.362609,Diesel,7,0,1,85,0,1598,1360,3.9
24500,1.0,Diesel,7,0,1,85,0,1598,1360,3.9
24490,1647.362609,Diesel,7,0,1,85,0,1598,1360,3.9
24450,1647.362609,Benzine,7,0,1,85,0,999,1365,4.5
24425,28.0,Diesel,7,0,1,85,0,1598,1385,3.9
24490,1.0,Benzine,7,0,1,85,0,999,1275,5.1
24400,1647.362609,Diesel,7,0,1,85,0,1598,1360,4.0
24300,1647.362609,LPG/CNG,7,0,1,96,0,1499,1275,5.1
24350,1.0,Benzine,7,0,1,110,0,1498,1345,5.1
24200,1647.362609,Diesel,7,0,1,110,1,1598,1385,4.0
24542,1647.362609,Diesel,7,0,1,110,0,1968,1395,4.0
24100,1647.362609,Benzine,7,0,1,85,0,999,1275,5.1
24000,1.0,Benzine,7,0,1,85,0,999,1360,5.1
23988,10.0,Benzine,7,0,1,85,1,999,1280,5.2
23990,25.0,Benzine,7,0,1,85,1,999,1275,4.7
23900,90.0,Diesel,7,0,1,85,0,1598,1360,3.9
23900,1.0,Diesel,7,0,1,85,0,1598,1360,3.9
23900,10.0,Benzine,7,0,1,85,0,999,1360,5.1
23900,80.0,Benzine,7,0,1,85,0,999,1360,5.1
24990,10.0,Benzine,7,0,1,85,0,999,1272,5.1
24980,1988.0,Diesel,7,0,1,85,0,1598,1365,4.5
24989,10.0,Benzine,7,0,1,85,0,999,1360,5.1
24970,3339.0,Benzine,7,0,1,85,0,999,1360,5.1
24970,15500.0,Benzine,7,0,1,110,0,1498,1325,5.1
24960,100.0,Benzine,7,0,1,85,0,999,1360,5.1
24950,100.0,Benzine,7,0,1,85,0,999,1360,5.1
24925,28.0,Diesel,7,0,1,85,0,1598,1385,3.9
24900,1647.362609,Benzine,7,0,1,85,0,999,1365,4.5
24900,10.0,Benzine,7,0,1,85,0,999,1760,5.1
24900,35.0,Diesel,7,0,1,85,0,1598,1360,3.9
24900,10.0,Diesel,7,0,1,85,0,1598,1360,3.9
23900,10.0,Benzine,7,0,1,85,0,999,1275,5.1
23900,100.0,Benzine,7,0,1,85,0,999,1275,5.1
23850,1647.362609,Benzine,7,0,1,110,0,1498,1365,4.8
21900,1.0,Diesel,6,0,1,85,0,1598,1335,4.4
21900,1.0,Diesel,6,0,0,85,0,1598,1335,4.4
22375,33.0,Diesel,6,0,0,85,0,1598,1365,4.4
21854,1647.362609,Benzine,6,0,0,85,1,999,1365,5.0
23450,1647.362609,Benzine,6,0,0,85,0,999,1365,4.5
22943,1647.362609,Diesel,6,0,0,85,1,1598,1365,4.5
22990,10.0,Diesel,6,0,0,85,0,1598,1260,4.0
22588,10.0,Benzine,6,0,0,85,1,999,1265,5.1
23500,300.0,Benzine,6,0,0,85,0,999,1255,5.1
23650,50.0,Diesel,6,0,1,85,0,1598,1360,4.5
23900,100.0,Diesel,6,0,1,85,0,1598,1260,3.8
23990,1.0,Diesel,6,0,1,85,0,1598,1335,4.4
23990,250.0,Benzine,6,0,1,85,0,999,1256,5.1
23990,10.0,Benzine,6,0,1,85,0,999,1365,5.2
24590,10.0,Diesel,6,0,1,85,1,1598,1360,4.4
24850,10.0,Diesel,6,0,1,85,0,1598,1335,4.4
24800,23.0,Diesel,6,0,1,85,0,1598,1820,4.4
23990,10.0,Benzine,6,0,1,85,0,999,1750,4.0
24900,5000.0,Diesel,6,0,1,85,0,1598,1820,4.2
24420,1797.0,Benzine,6,0,1,85,1,999,1365,5.1
24970,12000.0,Benzine,6,0,1,85,1,999,1360,5.1
24980,10.0,Diesel,6,0,1,85,0,1598,1365,4.5
24970,201.0,Benzine,6,0,1,85,0,999,1257,5.1
24950,50.0,Diesel,6,0,1,85,0,1598,1360,4.5
24950,1647.362609,Benzine,6,0,1,110,0,1498,1365,5.0
24500,10.0,Benzine,6,0,0,85,0,999,1750,4.0
24510,10.0,Benzine,6,0,0,110,0,1498,1360,5.5
24500,8000.0,Diesel,7,0,0,85,0,1598,1360,3.9
24500,1647.362609,Diesel,6,0,0,85,0,1598,1335,4.4
24490,7.0,Benzine,6,0,0,110,0,1498,1280,4.1
24500,10.0,Benzine,6,0,0,110,0,1498,1360,5.5
24490,1647.362609,Benzine,6,0,0,85,0,999,1360,4.0
24490,126.0,Benzine,6,0,1,85,1,999,1360,5.1
24450,6300.0,Diesel,7,0,1,85,0,1598,1360,3.9
24444,3806.0,Benzine,6,0,1,110,0,1498,1360,5.3
24440,3000.0,Benzine,6,0,1,85,1,999,1365,5.0
24420,1797.0,Benzine,6,0,1,85,1,999,1360,5.1
24980,6000.0,Diesel,6,0,1,85,1,1598,1360,4.5
24980,2890.0,Benzine,6,0,1,85,1,999,1255,4.8
24980,1001.0,Benzine,6,0,1,85,1,999,1255,4.8
24375,44.0,Diesel,6,0,1,85,0,1598,1365,4.4
24300,10.0,Diesel,6,0,1,85,0,1598,1360,4.4
24950,6000.0,Benzine,6,0,1,85,1,999,1360,4.8
24980,3000.0,Benzine,6,0,1,85,1,999,1360,5.1
24950,10000.0,Benzine,6,0,1,85,1,1598,1360,4.4
24950,5000.0,Benzine,6,0,1,110,1,1498,1360,5.3
24920,10.0,Benzine,6,0,1,110,0,1498,1360,5.3
24900,1647.362609,Diesel,6,0,1,85,0,1598,1260,4.0
24900,3100.0,Benzine,6,0,1,85,0,999,1360,5.1
24900,10.0,Diesel,6,0,1,85,0,1598,1820,4.1
24900,9000.0,Benzine,6,0,1,110,0,1498,1800,4.0
24900,1.0,Diesel,6,0,1,85,0,1598,1360,4.0
24900,1647.362609,Diesel,6,0,1,85,0,1598,1360,4.4
24900,100.0,Benzine,6,0,1,85,0,999,1260,5.1
24900,1647.362609,Diesel,6,0,1,85,0,1598,1335,4.4
24900,1001.0,Benzine,6,0,1,85,0,999,1265,5.1
24900,10.0,Benzine,6,0,1,85,0,999,1360,5.1
24900,6000.0,Benzine,6,0,1,85,1,999,1280,5.1
24890,3105.0,Benzine,6,0,1,85,0,999,1265,5.1
24890,1.0,Benzine,6,0,0,85,0,999,1255,5.1
24880,2499.0,Benzine,6,0,1,85,1,999,1365,5.1
24870,9900.0,Benzine,6,0,1,85,0,999,1265,5.1
24890,3000.0,Benzine,6,0,1,85,0,999,1265,5.1
24890,2000.0,Diesel,6,0,1,85,1,1598,1365,4.5
24879,5000.0,Benzine,6,0,1,85,1,999,1265,5.0
24300,20.0,Diesel,6,0,1,85,0,1598,1335,4.4
24200,1647.362609,Diesel,6,0,1,85,0,1598,1360,4.4
24200,10.0,Diesel,6,0,1,85,0,1598,1260,4.0
24150,50.0,Diesel,6,0,1,85,0,1598,1360,4.5
24075,44.0,Diesel,6,0,1,85,0,1598,1365,4.4
24200,5.0,Benzine,6,0,0,85,0,999,1255,5.0
24100,10.0,Diesel,6,0,0,85,0,1598,1360,4.4
24000,1647.362609,Diesel,6,0,0,85,0,1598,1345,4.1
24000,10.0,Diesel,6,0,0,85,0,1598,1360,4.4
23999,1647.362609,Benzine,6,0,0,85,0,999,1365,4.7
23999,5000.0,Benzine,6,0,0,85,0,999,1790,4.0
23999,8500.0,Benzine,6,0,0,85,0,999,1790,4.0
24000,10.0,Benzine,6,0,0,85,0,999,1740,5.0
23999,6000.0,Benzine,6,0,0,85,0,999,1790,4.0
23996,1647.362609,Benzine,6,0,0,85,0,999,1255,5.0
23995,1647.362609,Diesel,6,0,0,85,0,1598,1356,4.0
23990,5.0,Benzine,6,0,0,85,1,999,1360,5.1
23990,5500.0,Benzine,6,0,0,85,0,999,1256,5.1
24300,1647.362609,Diesel,6,0,1,85,0,1598,1335,4.4
23995,12.0,Benzine,6,0,1,85,0,999,1740,5.0
24300,50.0,Diesel,6,0,1,85,0,1598,1360,4.4
24300,30.0,Diesel,6,0,1,85,0,1598,1335,4.4
24290,1647.362609,Benzine,6,0,1,110,0,1498,1360,5.1
24288,10.0,Benzine,6,0,1,110,1,1498,1325,5.5
24800,27.0,Diesel,6,0,1,85,0,1598,1820,4.4
24800,26.0,Benzine,6,0,1,85,0,999,1740,5.0
24800,10.0,Diesel,6,0,1,85,0,1598,1360,4.4
24790,10.0,Benzine,6,0,1,85,0,999,1365,5.2
24700,1.0,Diesel,6,0,1,85,0,1598,1360,4.0
24800,50.0,Diesel,6,0,1,85,0,1598,1335,4.4
24688,10.0,Benzine,6,0,1,110,1,1498,1325,5.5
24790,250.0,Benzine,6,0,1,85,0,999,1256,5.1
24600,5.0,Benzine,6,0,1,110,0,1498,1790,4.0
23990,100.0,Diesel,6,0,1,85,0,1598,1335,4.4
24675,47.0,Diesel,6,0,1,85,0,1598,1365,4.4
24671,1.0,Benzine,6,0,1,110,0,1498,1360,5.5
24650,50.0,Diesel,6,0,1,85,0,1598,1360,4.5
23990,6.0,Benzine,6,0,1,85,0,999,1750,4.0
23988,10.0,Benzine,6,0,1,110,1,1498,1325,5.5
23980,6000.0,Benzine,6,0,1,85,1,999,1360,5.1
23980,2444.0,Diesel,6,0,1,85,0,1598,1365,4.5
23950,3521.0,Diesel,6,0,1,85,0,1598,1365,4.5
23950,50.0,Diesel,6,0,1,85,0,1598,1360,4.5
23930,3200.0,Benzine,6,0,1,85,0,999,1360,5.1
23925,25.0,Benzine,6,0,0,85,0,999,1360,4.0
23920,10.0,Benzine,6,0,1,110,0,1498,1360,5.3
23900,1647.362609,Diesel,6,0,0,85,1,1598,1365,4.5
23900,1500.0,Benzine,6,0,1,110,0,1498,1325,5.3
23900,2900.0,Benzine,6,0,1,110,0,1498,1325,5.3
23900,10.0,Diesel,6,0,1,85,0,1598,1290,5.1
23900,1647.362609,Diesel,6,0,1,85,0,1598,1360,4.4
23900,14.0,Diesel,6,0,1,85,0,1598,1335,4.5
23880,9500.0,Benzine,6,0,1,85,1,999,1360,4.7
23900,1647.362609,Diesel,6,0,1,85,1,1598,1365,4.5
23880,6000.0,Benzine,6,0,1,85,1,999,1360,5.0
23700,1.0,Diesel,6,0,1,85,0,1598,1335,4.4
23800,8.0,Diesel,6,0,1,85,0,1598,1820,4.4
23650,1647.362609,Benzine,6,0,0,85,0,999,1255,5.0
23800,10.0,Benzine,6,0,0,85,0,999,1360,5.1
23710,1.0,Diesel,6,0,0,85,0,1598,1375,4.4
23850,1647.362609,Benzine,6,0,0,110,0,1498,1365,5.0
22990,1647.362609,Benzine,6,0,0,85,0,999,1365,4.5
22980,6000.0,Benzine,6,0,1,85,1,999,1360,5.1
22990,199.0,Benzine,6,0,1,85,0,999,1255,4.5
22990,10.0,Benzine,6,0,1,85,0,999,1365,5.0
22990,15.0,Benzine,6,0,1,85,0,999,1790,4.0
22950,1647.362609,Diesel,6,0,0,85,0,1598,1295,5.8
22950,1.0,Diesel,6,0,1,85,0,1598,1295,5.8
22950,8.0,Benzine,6,0,0,85,0,999,1255,5.0
22330,1647.362609,Benzine,6,0,0,85,1,999,1365,5.0
22311,1.0,Benzine,6,0,0,85,0,999,1360,5.1
22300,1647.362609,Benzine,6,0,0,110,1,999,1180,4.8
22300,5586.0,Diesel,6,0,0,85,0,1598,1260,4.1
22300,6.0,Benzine,6,0,0,85,0,999,1790,4.0
22290,1647.362609,Diesel,6,0,0,81,0,1598,1360,3.9
22200,1647.362609,Diesel,6,0,0,85,0,1598,1295,5.8
21978,10.0,Benzine,6,0,0,85,1,999,1265,5.1
22200,1.0,Diesel,6,0,1,85,0,1598,1295,5.8
21978,10.0,Benzine,6,0,1,85,1,999,1265,5.1
21980,10.0,Benzine,6,0,1,85,0,999,1360,5.1
22930,1.0,Benzine,6,0,1,85,0,999,1360,5.1
22925,28.0,Diesel,6,0,1,85,0,1598,1365,4.4
22925,22.0,Diesel,6,0,1,85,0,1598,1365,4.4
22900,1647.362609,Diesel,6,0,0,85,1,1598,1365,4.5
22925,31.0,Diesel,6,0,0,85,0,1598,1365,4.4
22900,1647.362609,Diesel,6,0,1,85,1,1598,1365,4.5
22900,50.0,Benzine,6,0,1,85,0,999,1740,5.0
23300,80.0,Diesel,6,0,1,85,0,1598,1360,4.4
23290,0.0,Benzine,6,0,0,85,1,999,1265,5.0
23289,1647.362609,Benzine,6,0,0,85,0,999,1360,5.1
23279,1.0,Benzine,6,0,0,85,0,999,1360,5.1
23200,1.0,Diesel,6,0,1,85,0,1598,1335,4.4
23250,50.0,Diesel,6,0,1,85,0,1598,1360,4.5
23279,1.0,Benzine,6,0,1,85,0,999,1360,5.1
23139,1.0,Benzine,6,0,1,85,0,999,1360,5.1
23100,10.0,Benzine,6,0,1,85,0,999,1365,5.1
23044,100.0,Benzine,6,0,1,85,1,999,1365,5.0
23044,1647.362609,Benzine,6,0,0,85,0,999,1255,5.0
23639,1647.362609,Benzine,6,0,0,85,1,999,1365,5.0
22999,1647.362609,Diesel,6,0,0,85,0,1598,1356,4.5
22900,10.0,Diesel,6,0,0,85,0,1598,1360,4.4
23639,100.0,Benzine,6,0,0,85,1,999,1365,5.0
23044,1647.362609,Benzine,6,0,0,85,1,999,1365,5.0
23600,10.0,Diesel,6,0,1,85,0,1598,1260,4.4
23600,10.0,Diesel,6,0,1,85,0,1598,1260,4.0
23590,1647.362609,Benzine,6,0,0,85,0,999,1265,5.0
23550,1.0,Diesel,6,0,1,85,0,1598,1365,4.4
23525,28.0,Diesel,6,0,0,85,0,1598,1365,4.4
23504,1.0,Benzine,6,0,0,110,0,1498,1360,5.5
23500,1647.362609,Diesel,6,0,0,85,0,1598,1356,4.0
23525,31.0,Diesel,6,0,0,85,0,1598,1365,4.4
23525,22.0,Diesel,6,0,0,85,0,1598,1365,4.4
23520,1647.362609,Benzine,6,0,0,85,1,999,1365,5.0
23500,1647.362609,Benzine,6,0,0,85,0,1000,1275,4.9
22900,10.0,Benzine,6,0,0,85,0,999,1790,4.0
22900,7000.0,Benzine,6,0,0,85,0,999,1790,4.0
22890,8.0,Benzine,6,0,0,85,0,997,1365,4.6
22850,8200.0,Diesel,7,0,1,85,0,1598,1360,3.9
22800,4500.0,Diesel,6,0,1,85,0,1598,1820,4.4
22790,50.0,Diesel,6,0,1,85,0,1598,1360,4.5
22750,17500.0,Benzine,6,0,1,85,0,999,1360,4.0
22730,10.0,Benzine,6,0,1,85,0,999,1360,5.1
22700,20.0,Benzine,6,0,1,85,0,999,1255,5.1
22680,1647.362609,Benzine,6,0,1,85,0,999,1360,5.1
22590,10.0,Benzine,6,0,1,85,0,999,1360,5.1
22675,0.0,Benzine,6,0,0,85,0,999,1255,5.0
22590,10.0,Benzine,6,0,0,85,0,999,1360,5.1
23500,1.0,Benzine,6,0,0,85,0,1000,1275,4.9
23500,4800.0,Diesel,6,0,0,85,0,1598,1360,4.4
23490,10.0,Benzine,6,0,0,85,0,999,1365,5.2
23490,10.0,Diesel,6,0,1,85,0,1598,1260,4.4
23485,1.0,Benzine,6,0,1,110,0,1498,1135,5.5
23490,1647.362609,Benzine,6,0,1,85,0,999,1360,4.0
23490,3700.0,Diesel,6,0,1,85,0,1598,1360,4.0
23490,1794.0,Diesel,6,0,1,85,0,1598,1365,4.5
23475,44.0,Diesel,6,0,1,85,0,1598,1365,4.4
23401,10.0,Benzine,6,0,1,85,0,999,1360,5.0
23401,1647.362609,Benzine,6,0,1,85,1,999,1365,5.0
23449,3100.0,Benzine,6,0,1,85,0,999,1730,5.0
23444,10000.0,Benzine,6,0,1,85,1,999,1255,4.8
23400,1647.362609,Benzine,6,0,1,110,1,999,1180,4.8
23330,10.0,Benzine,6,0,1,85,0,999,1255,4.8
23300,10.0,Diesel,6,0,1,85,0,1598,1280,4.4
22588,10.0,Benzine,6,0,1,85,1,999,1265,5.1
22550,7200.0,Benzine,6,0,1,85,0,999,1265,5.1
22500,10.0,Diesel,6,0,1,85,0,1598,1260,4.0
22529,1.0,Benzine,6,0,1,85,0,999,1360,5.1
22490,100.0,Benzine,6,0,0,85,0,999,1275,4.9
22450,1647.362609,Benzine,6,0,0,110,0,1498,1365,5.0
22449,1647.362609,Benzine,6,0,0,85,1,999,1365,5.0
22400,1647.362609,Benzine,6,0,0,85,0,999,1360,4.7
22490,10.0,Diesel,6,0,0,85,0,1598,1260,4.1
22400,1.0,Benzine,6,0,0,110,0,1498,1325,5.5
22388,10.0,Benzine,6,0,0,85,1,999,1265,5.1
21854,1647.362609,Benzine,6,0,0,85,0,999,1255,5.0
25487,27.0,Benzine,6,0,1,110,1,1498,1360,5.3
25489,20.0,Benzine,6,0,1,110,0,1498,1360,5.5
25490,1647.362609,Benzine,6,0,0,110,0,1498,1325,5.3
25490,8000.0,Diesel,6,0,1,85,0,1598,1335,4.2
25475,42.0,Diesel,6,0,1,85,0,1598,1365,4.4
25490,5.0,Benzine,6,0,1,110,0,1498,1790,4.0
25475,43.0,Diesel,6,0,1,85,0,1598,1365,4.4
25470,10.0,Benzine,6,0,1,85,0,999,1255,4.8
25470,201.0,Diesel,6,0,1,85,0,1598,1333,4.1
25460,1500.0,Benzine,6,0,1,85,1,999,1360,4.8
25460,4999.0,Benzine,6,0,1,110,0,1498,1360,5.5
25430,1647.362609,Diesel,6,0,0,85,0,1598,1260,4.1
25409,1.0,Benzine,6,0,1,110,0,1498,1305,5.3
25410,5.0,Benzine,6,0,1,110,0,1498,1325,5.5
25400,0.0,Benzine,6,0,0,85,0,999,1180,4.7
25400,1647.362609,Benzine,6,0,1,110,0,1498,1365,5.0
25400,10.0,Diesel,6,0,0,85,0,1598,1360,4.4
25400,1647.362609,Diesel,6,0,0,85,0,1598,1360,4.4
25340,20.0,Benzine,6,0,0,110,0,1498,1360,5.5
25369,1647.362609,Benzine,6,0,0,85,0,999,1365,4.5
25300,12.0,Benzine,6,0,0,85,0,999,1740,5.0
25355,10.0,Benzine,6,0,0,85,0,999,1360,5.0
25375,47.0,Diesel,6,0,0,85,0,1598,1365,4.4
25290,9000.0,Benzine,6,0,0,85,1,999,1265,5.0
25290,10000.0,Benzine,6,0,0,85,0,999,1790,4.0
25272,1647.362609,Benzine,6,0,0,110,0,1495,1230,5.0
25200,10.0,Diesel,6,0,0,85,0,1598,1820,4.4
25175,44.0,Diesel,6,0,0,85,0,1598,1365,4.4
25300,15500.0,Diesel,6,0,0,85,0,1598,1820,4.1
25125,51.0,Diesel,6,0,0,85,0,1598,1365,4.4
24995,1647.362609,Benzine,6,0,0,85,0,999,1255,5.0
25059,1.0,Benzine,6,0,0,110,0,1498,1360,5.5
24999,50.0,Benzine,6,0,1,85,0,999,1255,4.8
24999,102.0,Benzine,6,0,1,85,0,999,1790,4.0
24990,1647.362609,Diesel,6,0,1,81,0,1598,1365,4.1
24990,1647.362609,Benzine,6,0,1,85,0,999,1180,4.6
25090,100.0,Benzine,6,0,1,110,1,1498,1325,5.5
24990,1647.362609,Benzine,6,0,1,110,0,1395,1335,4.7
24990,250.0,Benzine,6,0,1,85,0,999,1256,5.1
24990,1647.362609,Benzine,6,0,0,110,0,1498,1325,5.3
24990,6000.0,Benzine,6,0,0,85,1,999,1360,5.1
24990,9000.0,Benzine,6,0,1,85,0,999,1260,4.4
24990,1550.0,Benzine,6,0,1,110,0,1498,1325,5.5
24990,5000.0,Benzine,6,0,1,85,0,999,1790,4.0
24987,10.0,Benzine,6,0,1,85,1,999,1360,5.1
24980,10.0,Benzine,6,0,1,85,0,999,1255,4.8
25000,54.0,Benzine,6,0,1,85,0,999,1360,5.1
24980,50.0,Benzine,6,0,1,110,1,1498,1325,5.5
24980,6666.0,Benzine,6,0,1,85,0,999,1365,5.1
6000,260000.0,Diesel,6,3,1,100,0,1598,1425,4.5
10550,112388.0,Diesel,6,3,1,100,0,1598,1425,4.5
10600,87000.0,Diesel,6,3,2,100,0,1598,1425,4.5
12450,79000.0,Diesel,6,2,1,100,0,1598,1985,3.9
12999,47500.0,Diesel,6,2,1,100,0,1598,1360,4.5
12990,47000.0,Diesel,6,3,1,100,0,1598,1425,4.5
12990,137000.0,Diesel,6,2,1,100,0,1600,1425,4.5
14450,79012.0,Diesel,6,3,1,100,1,1598,1425,4.6
14434,68500.0,Diesel,6,2,1,100,0,1598,1425,4.5
14979,56432.0,Diesel,6,3,1,100,1,1598,1360,4.5
15000,44614.0,Benzine,6,2,1,110,0,1399,1278,5.4
15500,14500.0,Benzine,6,1,1,77,0,999,1273,4.9
15490,28023.0,Diesel,6,1,1,100,0,1598,1975,4.5
14980,57840.0,Diesel,6,2,2,100,1,1598,1425,4.5
15700,16800.0,Diesel,6,3,1,100,0,1598,1364,4.5
15900,35882.0,Diesel,6,2,2,101,0,1598,1273,4.9
14999,10027.0,Benzine,6,3,2,110,1,1399,1360,5.4
15700,43197.0,Benzine,5,2,2,77,0,999,1263,4.2
14999,67469.0,Diesel,6,3,1,100,1,1598,1273,4.5
15900,53433.0,Benzine,6,2,2,110,0,1399,1425,4.5
15900,36020.0,Diesel,6,3,1,100,0,1598,1350,4.6
15890,31265.0,Benzine,6,3,2,110,1,1399,1278,5.4
15900,84000.0,Benzine,6,3,2,110,0,1399,1322,5.1
15980,43400.0,Benzine,6,3,1,112,0,1399,1273,4.9
15980,35800.0,Benzine,6,1,2,110,0,1399,1278,5.4
15980,12356.0,Benzine,5,1,1,77,1,999,1273,4.5
15980,31370.0,Benzine,6,2,1,110,1,1399,1273,4.9
15980,58678.0,Benzine,6,3,2,110,0,1399,1350,5.4
15980,10700.0,Benzine,6,3,1,110,1,1399,1273,5.1
15970,91600.0,Diesel,6,3,2,100,1,1598,1425,4.5
15970,64000.0,Diesel,6,3,1,100,0,1598,1425,4.5
15950,34471.0,Diesel,6,3,1,100,0,1598,1273,4.9
15950,47011.0,Diesel,6,3,1,100,0,1598,1397,4.5
15950,17457.0,Diesel,6,2,1,100,0,1598,1425,3.5
15950,3890.0,Benzine,6,1,1,77,0,999,1273,4.5
15950,41900.0,Benzine,6,3,2,110,1,1399,1273,5.4
15950,29000.0,Diesel,6,2,1,100,1,1598,1273,4.5
15950,34209.0,Benzine,5,3,2,77,0,999,1163,4.1
15950,11638.0,Benzine,6,1,1,77,0,999,1273,4.5
15945,59540.0,Benzine,5,3,2,77,0,999,1163,4.3
15950,44207.0,Diesel,6,3,1,100,1,1598,1425,4.5
15990,47000.0,Diesel,6,1,1,100,0,1598,1273,4.0
15990,21379.0,Benzine,6,2,2,110,0,1399,1273,5.4
15990,49990.0,Diesel,6,1,1,100,0,1598,1273,4.0
15990,64548.0,Diesel,6,3,1,100,0,1598,1350,4.5
15990,58021.0,Diesel,6,3,1,100,1,1598,1273,4.5
15990,97450.0,Diesel,6,3,1,100,1,1598,1425,4.5
15990,57474.0,Benzine,6,2,2,110,1,1399,1413,5.1
15990,18400.0,Benzine,6,1,1,110,1,1399,1308,5.5
15990,58151.0,Benzine,6,2,1,110,0,1399,1425,5.5
15990,89000.0,Benzine,6,2,1,110,0,1399,1308,5.5
15989,62899.0,Benzine,6,1,1,110,0,1399,1425,5.6
15980,38900.0,Diesel,6,2,1,100,1,1598,1425,4.5
15900,28000.0,Diesel,6,1,1,100,1,1598,1425,4.5
15989,40600.0,Benzine,6,3,1,110,0,1399,1425,5.1
15980,45900.0,Diesel,6,3,1,100,1,1598,1360,4.5
15980,53735.0,Benzine,6,3,1,110,0,1399,1308,5.4
15985,42340.0,Benzine,6,3,1,110,1,1399,1350,5.4
15980,14300.0,Diesel,6,2,1,100,0,1598,1425,4.5
15900,17416.0,Diesel,6,1,1,100,0,1598,1425,4.5
15900,45581.0,Diesel,6,3,2,100,1,1598,1472,4.6
15940,54923.0,Diesel,6,1,1,100,1,1598,1364,4.4
15980,51488.0,Benzine,6,3,2,110,1,1399,1425,5.1
15890,56813.0,Benzine,6,3,2,110,1,1399,1425,5.6
15890,52500.0,Diesel,6,3,1,100,0,1598,1425,4.3
15890,47970.0,Benzine,6,2,2,110,1,1399,1413,5.5
15850,17993.0,Diesel,6,2,1,100,0,1598,1425,3.5
15800,26009.0,Benzine,6,2,1,110,0,1399,1425,5.6
15790,18423.0,Diesel,6,2,1,100,0,1598,1425,4.5
15770,62100.0,Benzine,6,3,1,110,1,1399,1425,5.6
15750,41000.0,Benzine,6,3,2,110,1,1399,1425,4.5
15850,51200.0,Benzine,6,2,1,110,0,1399,1425,4.9
15790,13000.0,Benzine,6,1,1,110,0,1399,1273,5.4
15750,75700.0,Diesel,6,3,2,100,1,1598,1425,4.5
15750,48000.0,Benzine,6,3,1,110,0,1399,1273,4.9
15900,36827.0,Diesel,6,3,1,100,0,1598,1350,4.6
15925,41522.0,Benzine,6,3,1,110,1,1399,1425,4.5
15900,40916.0,Diesel,6,3,1,100,0,1598,1350,4.6
15900,34512.0,Diesel,6,3,1,100,0,1598,1350,4.6
15900,54330.0,Diesel,6,3,1,100,1,1598,1364,4.5
15900,33000.0,Diesel,6,3,1,100,0,1598,1350,4.6
15900,37621.0,Diesel,6,3,1,100,0,1598,1350,4.6
15900,43746.0,Diesel,6,3,1,100,0,1598,1350,4.6
15900,38689.0,Diesel,6,3,1,100,0,1598,1350,4.6
15900,51109.0,Diesel,6,3,1,100,0,1598,1350,4.6
15900,37456.0,Diesel,6,3,1,100,0,1598,1350,4.6
15900,54300.0,Diesel,6,2,1,100,0,1598,1350,4.6
15900,26160.0,Benzine,6,3,1,110,0,1399,1308,5.5
15900,27029.0,Benzine,6,1,1,110,0,1399,1273,5.5
15900,54000.0,Diesel,6,2,1,100,0,1598,1425,4.5
15900,135600.0,Diesel,6,3,1,100,0,1600,1425,4.3
14995,7309.0,Benzine,6,2,1,78,0,999,1360,4.0
15900,31000.0,Diesel,6,1,1,100,0,1598,1425,4.5
15900,67046.0,Diesel,6,3,1,100,0,1598,1425,4.5
14990,51804.0,Diesel,6,3,1,100,0,1598,1472,4.6
14990,48900.0,Diesel,6,3,1,100,0,1598,1350,4.5
14990,45150.0,Diesel,6,1,1,100,0,1598,1425,4.6
14990,42295.0,Benzine,6,3,1,103,1,1364,1425,6.7
14990,27647.0,Benzine,6,3,1,110,1,1399,1273,5.4
14990,75133.0,Diesel,6,3,1,100,1,1598,1364,4.5
14990,85182.0,Benzine,6,3,1,110,0,1399,1273,5.1
14990,96970.0,Diesel,6,3,1,100,1,1598,1425,4.6
14990,41000.0,Benzine,6,3,2,103,0,1364,1425,6.4
14990,58190.0,Diesel,6,2,2,100,1,1598,1550,4.5
14980,50278.0,Benzine,6,3,1,103,1,1364,1549,4.5
14980,30600.0,Diesel,6,2,1,100,0,1598,1364,4.3
14980,75248.0,Diesel,6,2,1,100,1,1598,1425,4.5
15700,17516.0,Diesel,6,2,1,100,0,1598,1425,3.5
15700,10808.0,Diesel,6,1,1,100,0,1598,1425,4.6
14980,89500.0,Diesel,6,3,1,100,1,1598,1425,4.5
15700,15200.0,Benzine,6,2,2,110,0,1399,1278,5.4
15690,29220.0,Diesel,6,2,1,100,0,1598,1273,4.5
15690,42981.0,Diesel,6,1,1,100,0,1598,1975,4.5
15600,45000.0,Diesel,6,3,1,100,0,1598,1364,4.5
15590,26000.0,Diesel,6,2,1,100,0,1598,1425,4.5
15650,28776.0,Diesel,6,1,2,100,0,1490,1273,6.2
15625,73999.0,Diesel,6,3,1,100,0,1600,1425,4.5
15555,16212.0,Benzine,6,1,1,77,0,999,1425,4.3
15550,59000.0,Diesel,6,3,2,100,0,1598,1425,4.5
15550,6438.0,Benzine,5,1,1,77,1,999,1273,4.5
15500,25000.0,Benzine,6,2,1,110,0,1399,1335,5.5
15500,19500.0,Diesel,6,2,1,100,1,1598,1425,4.5
15492,30600.0,Diesel,6,2,1,100,0,1598,1273,4.3
15550,9858.0,Benzine,6,1,1,110,0,1399,1273,5.4
15500,40300.0,Diesel,6,3,1,100,0,1598,1364,4.7
15500,39000.0,Benzine,6,3,2,110,0,1399,1278,5.4
15495,15119.0,Benzine,5,1,1,77,0,999,1273,4.5
15490,14542.0,Benzine,6,2,2,77,0,999,1273,4.9
15490,39750.0,Benzine,6,3,1,110,1,1399,1350,5.4
15480,56587.0,Diesel,6,3,1,100,0,1598,1425,4.5
15400,23145.0,Diesel,6,2,1,100,0,1598,1364,4.5
15490,75900.0,Benzine,6,3,2,110,0,1399,1350,5.4
15480,24000.0,Diesel,6,2,1,100,1,1598,1425,4.5
15360,33099.0,Benzine,6,2,1,77,1,998,1363,4.5
15190,63594.0,Diesel,6,2,2,100,1,1598,1550,4.5
15150,29171.0,Diesel,6,1,1,100,0,1399,1273,5.5
15325,12054.0,Benzine,5,1,1,77,1,999,1320,4.5
15249,67213.0,Diesel,6,2,1,100,0,1598,1364,4.9
14970,85.0,Benzine,6,1,1,85,0,1598,1471,7.3
14950,67623.0,Diesel,7,2,1,100,0,1598,1425,4.5
15000,45000.0,Diesel,6,3,1,100,0,1598,1364,4.5
15110,79000.0,Benzine,6,3,1,110,1,1399,1425,5.6
14950,13541.0,Diesel,6,2,1,100,0,1598,1425,4.6
14950,76985.0,Diesel,6,2,1,100,0,1598,1425,4.5
14900,90250.0,Diesel,6,3,1,70,0,1598,1270,3.7
14950,43300.0,Diesel,6,2,2,100,0,1598,1410,4.5
14900,46000.0,Diesel,6,2,1,100,0,1598,1403,3.8
14950,33727.0,Benzine,6,3,1,77,1,999,1273,4.9
14950,23816.0,Benzine,6,1,1,77,0,996,1273,4.9
14900,41600.0,Diesel,6,3,2,100,0,1598,1273,4.0
14900,69000.0,Diesel,6,3,2,100,0,1598,1273,4.5
14900,44670.0,Diesel,6,2,1,100,0,1598,1425,4.5
14900,39000.0,Diesel,6,2,1,100,0,1598,1425,4.5
14900,38750.0,Diesel,6,2,1,100,0,1598,1425,4.5
14900,36584.0,Diesel,6,2,1,100,0,1598,1425,4.5
14890,85336.0,Diesel,6,3,2,100,1,1598,1425,4.5
14900,37750.0,Diesel,6,2,1,100,0,1598,1425,4.5
14890,49704.0,Diesel,6,3,1,100,0,1598,1425,4.5
14890,66535.0,Diesel,6,2,2,100,1,1598,1550,4.5
14380,99480.0,Diesel,6,3,1,100,0,1598,1425,4.5
14150,16000.0,Benzine,5,2,1,77,0,998,1273,4.4
14300,14600.0,Benzine,6,1,1,110,0,1399,1308,5.5
14280,22300.0,Diesel,6,1,1,100,0,1598,1425,4.6
14250,34975.0,Diesel,6,3,1,100,0,1598,1364,4.5
14000,43344.0,Diesel,6,1,1,100,0,1598,1425,4.6
14250,18911.0,Diesel,6,2,1,100,0,1598,1425,4.6
13999,26200.0,Diesel,6,3,1,100,0,1598,1273,4.5
14000,80000.0,Benzine,6,2,1,110,0,1399,1364,5.4
13999,49230.0,Diesel,6,1,1,100,0,1598,1350,4.0
13999,89000.0,Diesel,6,3,1,100,1,1598,1425,4.5
14000,43000.0,Diesel,6,2,1,100,0,1598,1364,4.5
13999,64000.0,Diesel,6,3,1,100,1,1598,1273,4.5
13990,40000.0,Benzine,6,3,2,103,0,1364,1425,6.4
14500,42000.0,Diesel,6,3,1,100,0,1598,1425,4.5
13995,23553.0,Benzine,6,2,1,78,0,999,1360,4.0
13990,92000.0,Diesel,6,3,1,100,0,1598,1425,4.5
14495,18889.0,Benzine,6,2,1,78,0,999,1360,4.0
14500,70000.0,Diesel,6,2,1,100,0,1598,1425,4.5
14500,47936.0,Diesel,6,2,1,100,0,1598,1425,4.7
14499,72700.0,Benzine,6,3,1,103,1,1364,1425,6.7
14490,67100.0,Benzine,6,3,1,110,1,1399,1273,5.4
14490,17252.0,Benzine,5,3,1,77,0,999,1273,4.4
14490,47000.0,Diesel,6,1,1,100,0,1598,1425,4.6
14490,49990.0,Diesel,6,1,1,100,0,1598,1425,3.9
14490,20940.0,Benzine,6,3,1,103,1,1364,1350,6.6
14490,85398.0,Diesel,6,3,1,100,1,1598,1425,4.6
14490,103209.0,Diesel,6,2,2,100,0,1598,1425,4.5
14450,55899.0,Diesel,6,2,1,100,0,1598,1425,4.5
14450,33952.0,Benzine,6,3,1,77,1,999,1273,4.7
14490,57911.0,Diesel,6,3,2,100,1,1598,1425,4.5
14480,54190.0,Diesel,6,3,1,100,1,1598,1360,4.5
14850,24826.0,Benzine,5,2,1,77,0,999,1244,6.5
14850,12950.0,Benzine,5,2,2,77,1,998,1273,4.4
14799,29000.0,Diesel,6,3,1,100,1,1598,1354,4.5
14780,28499.0,Benzine,5,3,2,77,1,999,1295,4.9
14850,39151.0,Diesel,6,2,1,100,1,1598,1425,4.5
14820,45800.0,Benzine,6,3,1,103,0,1598,1425,4.5
14800,51586.0,Benzine,5,2,1,78,0,999,1364,4.4
14750,66077.0,Diesel,6,3,1,100,0,1598,1425,4.5
14740,4200.0,Benzine,5,2,1,77,0,999,1273,4.3
14750,45000.0,Diesel,6,2,1,100,0,1598,1425,4.5
14690,80000.0,Diesel,6,3,1,100,0,1598,1425,4.5
14650,12738.0,Benzine,5,2,1,77,0,999,1273,4.5
14690,18561.0,Benzine,6,2,1,77,0,999,1291,4.4
14650,39900.0,Diesel,6,2,1,100,1,1598,1456,4.8
12990,125968.0,Diesel,6,2,1,100,0,1598,1975,4.5
14600,31000.0,Benzine,6,2,2,103,0,1364,1437,6.4
14590,34671.0,Benzine,5,2,2,77,1,999,1273,4.3
14500,52000.0,Diesel,6,3,1,100,0,1598,1364,4.5
12990,49432.0,Diesel,6,1,1,100,0,1598,1350,3.0
12980,79727.0,Diesel,6,2,1,100,1,1598,1472,4.5
12980,117593.0,Diesel,6,2,1,100,0,1598,1364,4.3
12980,32831.0,Benzine,6,2,1,110,1,1399,1278,4.9
12980,31865.0,Benzine,6,2,1,110,1,1399,1278,4.9
12980,41781.0,Benzine,6,2,1,110,1,1399,1278,4.9
12974,30500.0,Benzine,6,3,2,103,1,1364,1425,6.4
12950,85000.0,Diesel,6,2,1,100,0,1598,1425,4.6
12900,69000.0,Diesel,6,3,1,100,0,1598,1364,4.5
12900,45537.0,Diesel,6,3,1,100,0,1598,1900,4.4
13980,86945.0,Diesel,6,2,1,100,1,1598,1425,4.6
13980,80000.0,Benzine,6,3,1,110,0,1399,1273,5.4
13990,62000.0,Diesel,6,3,1,100,1,1598,1425,4.5
13987,80500.0,Diesel,6,3,2,100,1,1598,1273,4.9
13945,81545.0,Diesel,6,3,2,100,0,1598,1254,4.5
13930,91842.0,Diesel,6,3,1,100,0,1598,1415,4.5
13900,17108.0,Benzine,6,3,1,77,0,999,1425,4.3
13900,49000.0,Diesel,6,3,1,100,0,1598,1425,4.5
13900,46000.0,Diesel,6,3,1,100,0,1598,1364,4.7
12870,105688.0,Diesel,6,3,1,100,1,1598,1441,4.5
13900,47042.0,Diesel,6,3,2,100,1,1598,1425,4.5
13895,57605.0,Diesel,6,3,2,100,1,1598,1425,4.5
13890,73359.0,Diesel,6,3,1,100,0,1598,1273,4.9
13888,43777.0,Diesel,6,3,2,100,1,1598,1273,4.9
13800,31852.0,Diesel,6,2,1,100,0,1598,1425,4.6
13800,41869.0,Diesel,6,2,1,100,0,1598,1425,4.5
13800,63900.0,Diesel,6,2,1,100,1,1598,1425,4.5
13790,26000.0,Benzine,5,2,1,77,0,999,1273,4.4
13790,85207.0,Diesel,6,2,1,100,1,1598,1425,4.5
13685,38247.0,Diesel,6,2,1,100,0,1598,1425,4.6
13650,39951.0,Diesel,6,2,1,100,0,1598,1425,4.6
13600,46300.0,Diesel,6,2,1,100,0,1598,1425,4.5
13500,57740.0,Diesel,6,3,1,100,0,1598,1975,4.5
13499,100000.0,Diesel,6,3,1,100,1,1598,1425,4.7
13490,100900.0,Benzine,6,3,1,110,1,1399,1273,5.5
13650,87000.0,Diesel,6,2,1,100,0,1598,1985,3.9
13600,44026.0,Benzine,6,3,1,77,1,999,1273,4.5
13490,36000.0,Benzine,6,1,1,77,0,999,1425,4.3
13699,99000.0,Diesel,6,3,1,100,1,1598,1425,4.7
13450,71200.0,Benzine,6,3,1,110,0,1399,1278,5.4
13450,51000.0,Benzine,5,3,1,78,0,999,1364,4.5
13490,38397.0,Benzine,5,3,1,77,0,998,1216,4.2
13450,59459.0,Benzine,6,3,2,103,1,1364,1425,6.4
13450,45920.0,Diesel,6,2,1,100,0,1598,1425,4.5
13450,106340.0,Diesel,6,3,1,100,1,1598,1425,4.5
13300,51700.0,Diesel,6,2,1,100,0,1598,1425,4.5
13100,104590.0,Diesel,6,3,1,100,1,1598,1273,4.5
12390,28557.0,Benzine,5,2,1,77,0,998,1288,4.3
12360,11845.0,Benzine,5,3,1,77,0,998,1216,4.2
13270,97000.0,Diesel,6,3,2,100,1,1598,1425,4.5
13300,73800.0,Diesel,6,2,1,100,0,1598,1403,3.8
12390,37889.0,Benzine,5,2,1,77,0,998,1288,4.3
13750,36000.0,Diesel,6,3,2,100,0,1598,1364,4.3
12290,72096.0,Diesel,6,3,2,100,0,1598,1425,4.6
12350,70000.0,Benzine,5,3,2,77,0,998,1273,4.2
11990,89900.0,Diesel,6,3,1,100,0,1598,1425,4.7
12340,54650.0,Benzine,6,3,1,85,1,1598,1405,7.1
11990,103000.0,Diesel,6,3,1,100,0,1598,1425,4.5
12000,119000.0,Diesel,6,3,1,100,1,1598,1425,4.5
11980,97500.0,Diesel,6,2,1,100,0,1598,1425,4.5
11890,133590.0,Diesel,6,3,1,100,0,1598,1425,4.5
11850,97000.0,Diesel,6,2,1,100,0,1598,1403,3.9
11850,97000.0,Diesel,6,2,1,100,0,1598,1985,3.9
11600,73860.0,Benzine,6,2,1,100,0,998,1425,4.5
11600,51690.0,Benzine,6,2,1,77,0,998,1425,4.5
12850,87000.0,Diesel,6,2,1,100,0,1598,1403,3.9
11600,66952.0,Benzine,6,2,1,77,0,998,1425,4.5
11600,69459.0,Benzine,6,2,1,77,0,998,1425,4.5
12690,52885.0,Benzine,5,2,1,77,0,998,1273,4.3
12690,66750.0,Benzine,6,3,1,85,1,1598,1425,6.3
12750,77765.0,Diesel,6,2,1,101,0,1598,1425,4.5
12500,99000.0,Diesel,6,3,1,100,0,1598,1425,4.7
12490,74349.0,Diesel,6,2,1,100,0,1598,1425,4.6
12480,92061.0,Diesel,6,3,1,100,0,1598,1273,4.9
12540,87164.0,Diesel,6,2,1,100,1,1598,1425,4.5
12450,79000.0,Diesel,6,2,1,100,0,1598,1403,3.9
12490,142684.0,Diesel,6,3,1,100,1,1598,1360,4.5
11600,69190.0,Benzine,6,2,1,77,0,998,1425,4.5
12400,98812.0,Diesel,6,3,1,100,0,1598,1350,4.6
12400,69250.0,Diesel,6,2,1,100,0,1598,1364,4.5
12399,72500.0,Diesel,6,3,1,100,0,1598,1425,4.7
12450,121210.0,Diesel,6,2,1,100,1,1598,1425,4.6
11600,38500.0,Benzine,5,3,1,77,0,998,1273,4.4
11490,100000.0,Diesel,6,3,1,100,0,1598,1350,4.5
11600,57702.0,Benzine,6,2,1,77,0,998,1425,4.5
11480,124349.0,Diesel,6,3,1,100,0,1598,1388,4.5
11600,76010.0,Benzine,6,2,1,100,0,998,1425,4.5
11400,93000.0,Diesel,6,3,1,100,0,1598,1364,4.5
11290,104650.0,Diesel,6,3,1,100,0,1598,1425,4.5
11490,120840.0,Diesel,6,3,1,100,0,1598,1425,4.5
11250,139000.0,Diesel,6,3,1,100,1,1598,1425,4.5
10990,117500.0,Diesel,6,3,1,100,0,1598,1425,4.5
10800,61166.0,Benzine,6,2,1,77,0,999,1273,4.9
10990,119000.0,Diesel,6,3,1,100,0,1598,1425,4.5
10980,117250.0,Diesel,6,3,1,100,1,1598,1425,4.5
10950,70000.0,Benzine,5,2,1,77,0,998,1288,4.3
10950,128995.0,Diesel,6,2,1,100,0,1598,1425,4.5
10800,151227.0,Diesel,6,3,1,100,0,1598,1425,4.5
10950,140000.0,Diesel,6,2,1,100,0,1598,1425,4.6
10750,185000.0,Diesel,6,3,1,100,1,1598,1425,4.6
10500,78771.0,Benzine,6,2,1,77,0,999,1273,4.9
10450,164000.0,Diesel,6,3,1,100,0,1598,1425,4.6
10350,127000.0,Diesel,6,3,2,100,0,1598,1364,4.4
10680,190000.0,Diesel,6,3,1,100,1,1598,1425,4.5
10300,69377.0,Benzine,6,2,1,77,0,999,1273,4.9
10200,92000.0,Diesel,6,3,1,81,0,1598,1364,3.3
9990,82000.0,Benzine,5,2,1,77,0,998,1273,4.3
9890,212569.0,Diesel,6,3,1,100,1,1598,1425,4.5
9680,153519.0,Diesel,6,2,1,100,0,1598,1425,4.5
9700,140000.0,Diesel,6,3,1,100,0,1598,1403,3.9
9480,152635.0,Diesel,6,3,1,100,0,1598,1425,4.5
9450,187864.0,Diesel,6,3,1,100,0,1598,1425,4.5
9480,142348.0,Diesel,6,3,1,100,0,1598,1425,4.5
8980,230928.0,Diesel,6,3,1,100,0,1598,1425,4.5
6500,80000.0,Diesel,6,3,1,100,0,1598,1364,4.5
8980,138031.0,Diesel,6,3,1,100,0,1598,1425,4.5
7690,168475.0,Diesel,6,3,1,100,1,1598,1425,3.9
8450,78000.0,Diesel,6,3,1,100,0,1598,1503,3.9
9490,60500.0,Diesel,6,3,1,81,0,1598,1360,3.7
15999,23036.0,Diesel,6,1,1,100,1,1598,1425,4.5
9490,115800.0,Diesel,6,3,1,81,1,1598,1425,3.5
8700,85000.0,Diesel,6,3,1,81,0,1598,1518,3.7
9900,156460.0,Diesel,6,3,1,81,0,1598,1403,3.6
9700,86276.0,Benzine,6,3,1,77,0,1000,1360,4.0
9895,92589.0,Diesel,6,3,1,81,0,1598,1503,3.7
9900,110005.0,Diesel,6,3,1,81,0,1598,1328,3.6
9900,120000.0,Diesel,6,2,1,81,0,1598,1350,3.7
10452,68527.0,Diesel,6,3,1,70,0,1598,1289,4.9
10480,129934.0,Diesel,6,2,1,81,1,1598,1393,3.5
10390,80972.0,Diesel,6,3,1,81,0,1598,1425,3.6
10400,62000.0,Diesel,6,2,1,81,0,1598,1360,3.5
10350,111450.0,Diesel,6,3,1,81,0,1598,1425,4.3
10350,44320.0,Benzine,6,3,2,85,1,1598,1425,6.6
10375,109000.0,Diesel,6,3,1,100,0,1600,1425,4.5
10480,68868.0,Diesel,6,3,1,81,1,1598,1425,3.7
10680,84893.0,Diesel,6,3,1,81,1,1598,1393,3.5
10500,91000.0,Diesel,6,3,1,81,0,1598,1350,3.7
10500,69000.0,Diesel,6,2,1,81,0,1598,1350,3.7
10595,95000.0,Diesel,6,3,1,81,1,1598,1425,3.7
10590,80621.0,Diesel,6,2,1,81,1,1598,1350,3.4
10590,21215.0,Benzine,5,3,2,77,0,999,1273,4.3
10580,67600.0,Benzine,6,3,2,85,1,1598,1425,4.5
10650,87475.0,Diesel,6,3,1,81,1,1598,1425,3.5
10600,80000.0,Diesel,6,2,1,81,0,1598,1425,4.5
10580,91134.0,Diesel,6,2,1,81,1,1598,1425,3.5
10500,49900.0,Benzine,5,3,1,77,0,998,1273,4.4
10553,73009.0,Diesel,6,3,1,70,0,1598,1273,4.9
10525,81000.0,Diesel,6,2,1,81,0,1696,1425,4.5
10598,56500.0,Diesel,6,3,3,100,0,1598,1425,3.9
10500,68000.0,Diesel,6,3,3,100,0,1598,1503,3.9
10500,69000.0,Diesel,6,3,3,81,0,1598,1350,3.7
10500,74000.0,Diesel,6,3,3,100,0,1598,1518,3.9
10500,78000.0,Diesel,6,3,3,81,0,1598,1403,3.6
10500,68644.0,Diesel,6,3,2,81,0,1598,1403,4.5
10500,68573.0,Diesel,6,3,2,81,0,1598,1613,3.7
10500,91183.0,Diesel,6,3,1,81,0,1598,1425,4.5
10500,63500.0,Diesel,6,3,1,81,0,1598,1613,3.7
10500,50000.0,Diesel,6,3,1,81,0,1598,1350,3.7
10490,43812.0,Benzine,5,3,1,74,0,1399,1273,4.9
10490,49550.0,Benzine,6,2,2,74,1,1399,1273,5.4
10490,186346.0,Diesel,6,3,1,118,0,1598,1425,4.5
10490,90000.0,Diesel,6,3,2,70,1,1598,1425,3.6
10490,131600.0,Diesel,6,3,2,82,0,1600,1250,3.4
10499,48378.0,Diesel,6,3,2,81,0,1598,1900,4.5
10495,78551.0,Diesel,6,3,2,82,0,1598,1360,4.0
10490,122200.0,Diesel,6,3,2,81,0,1598,1503,3.7
10480,100000.0,Diesel,6,3,1,81,1,1598,1425,3.5
10490,96974.0,Diesel,6,3,1,81,1,1598,1425,3.5
10490,89738.0,Benzine,6,3,2,103,0,1364,1425,5.6
10480,90000.0,Diesel,6,3,1,81,1,1598,1425,4.1
10490,74348.0,Diesel,6,3,1,81,0,1598,1425,3.6
10480,77709.0,Diesel,6,3,1,81,1,1598,1503,3.7
10480,113308.0,Diesel,6,3,1,81,0,1598,1273,4.9
10480,107915.0,Diesel,6,3,1,100,0,1598,1273,4.2
10790,67000.0,Diesel,6,3,1,70,1,1598,1425,3.8
10760,117515.0,Diesel,6,2,1,81,1,1598,1393,3.5
10770,50605.0,Benzine,6,3,2,85,1,1598,1425,6.6
10750,33208.0,Benzine,5,3,1,77,1,999,1273,4.4
10750,70725.0,Diesel,6,2,1,81,1,1598,1273,3.4
10750,108000.0,Diesel,6,3,1,81,1,1598,1425,4.5
10750,96000.0,Diesel,6,3,1,81,0,1598,1350,3.0
10750,33208.0,Benzine,5,3,1,77,1,999,1273,4.9
10750,62000.0,Benzine,5,3,1,85,0,1598,1405,6.7
10740,71929.0,Diesel,6,2,1,81,1,1598,1273,3.4
10740,82860.0,Diesel,6,3,1,81,1,1598,1425,3.5
10750,80272.0,Diesel,6,2,1,81,1,1598,1393,3.6
10701,61953.0,Benzine,6,3,1,74,0,1399,1425,5.7
10700,78840.0,Diesel,6,3,1,81,0,1598,1425,3.7
10690,70629.0,Diesel,6,3,1,81,0,1598,1425,3.6
10350,125052.0,Diesel,6,3,2,70,1,1598,1425,3.6
10340,61749.0,Diesel,6,3,2,70,0,1598,1273,4.9
10300,135255.0,Diesel,6,3,1,81,0,1598,1273,3.5
10300,84000.0,Diesel,6,3,1,81,0,1598,1273,3.6
10300,81000.0,Diesel,6,3,1,81,0,1598,1408,3.7
10300,91000.0,Diesel,6,2,1,81,0,1600,1425,3.3
10300,97100.0,Diesel,6,2,1,70,0,1598,1345,3.6
10300,147000.0,Diesel,6,3,1,100,1,1598,1360,3.8
10290,84471.0,Diesel,6,2,1,81,1,1598,1403,3.5
10290,85000.0,Diesel,6,2,1,70,0,1598,1388,3.6
10280,120874.0,Diesel,6,2,1,81,0,1598,1425,4.5
10250,105000.0,Diesel,6,2,1,81,0,1600,1425,3.3
10234,159900.0,Diesel,6,3,1,81,1,1598,1425,3.6
10480,79800.0,Diesel,6,3,1,70,1,1598,1425,4.5
10480,82949.0,Benzine,5,3,1,84,0,1598,1549,6.3
10480,63000.0,Benzine,5,3,1,74,1,1398,1425,6.2
10234,88000.0,Diesel,6,3,1,81,1,1598,1425,3.8
10450,99750.0,Diesel,6,3,1,81,0,1598,1425,4.3
10450,46530.0,Diesel,6,3,1,81,1,1598,1618,4.5
10450,91000.0,Diesel,6,2,1,81,0,1598,1985,3.6
10450,75437.0,Diesel,6,2,1,81,1,1598,1503,3.6
10450,68000.0,Diesel,6,2,1,81,0,1598,1403,4.6
10450,78898.0,Diesel,6,3,1,81,1,1598,1425,3.7
10450,79800.0,Benzine,6,2,1,110,0,1399,1278,5.1
10445,147447.0,Diesel,6,3,1,81,0,1598,1235,3.0
10400,85578.0,Diesel,6,3,1,81,0,1598,1940,3.5
10400,164000.0,Diesel,6,3,1,81,0,1598,1425,3.5
10400,64800.0,Benzine,5,3,1,77,0,998,1273,4.2
9690,91200.0,Diesel,6,3,1,81,0,1598,1613,3.7
10400,137600.0,Diesel,6,3,1,100,0,1598,1273,3.9
9630,71174.0,Diesel,6,3,1,81,1,1598,1571,4.4
9600,66000.0,Diesel,6,2,1,81,0,1598,1403,3.6
10400,111000.0,Diesel,6,3,1,81,0,1598,1550,3.7
9650,95848.0,Diesel,6,3,1,81,1,1598,1425,4.5
10400,91500.0,Benzine,6,2,1,92,0,1399,1278,5.1
9600,80000.0,Diesel,6,2,1,81,0,1598,1350,3.7
9500,40144.0,Benzine,5,3,1,74,0,1398,1425,5.5
9580,155262.0,Diesel,6,3,1,118,0,1598,1425,4.5
9540,119373.0,Diesel,6,3,1,81,0,1598,1425,3.5
9500,23496.0,Benzine,5,3,1,74,0,1398,1425,5.5
9500,92000.0,Diesel,6,3,1,81,0,1598,1388,3.7
9570,127037.0,Diesel,6,3,2,81,0,1598,1425,3.5
9500,30519.0,Benzine,5,3,2,74,0,1398,1425,5.5
9500,50000.0,Benzine,5,3,1,85,0,1598,1393,6.2
9500,114000.0,Diesel,6,3,1,81,0,1598,1425,4.5
9500,149500.0,Diesel,6,3,1,81,1,1598,1403,3.5
9499,154516.0,Diesel,6,3,1,81,0,1598,1613,3.7
9495,110000.0,Diesel,6,3,1,81,1,1598,1403,3.6
9490,82992.0,Diesel,6,3,1,81,0,1600,1360,3.7
9500,45312.0,Benzine,5,3,1,74,0,1398,1425,5.5
9490,72900.0,Diesel,6,3,1,81,0,1598,1350,4.5
10200,105350.0,Diesel,6,3,1,60,0,1598,1360,3.0
10200,80000.0,Diesel,6,3,1,81,0,1598,1613,3.9
10200,41000.0,Diesel,6,2,1,81,0,1598,1350,3.7
10040,43600.0,Benzine,5,2,1,77,0,999,1273,4.5
10000,95000.0,Diesel,6,3,1,81,0,1598,1350,3.0
10000,108000.0,Diesel,6,3,1,81,0,1598,1350,3.0
9999,103963.0,Diesel,6,2,1,81,0,1598,1360,3.7
10000,98000.0,Diesel,6,3,1,100,0,1598,1403,3.8
9999,65000.0,Diesel,6,3,1,81,0,1598,1403,4.6
9996,105000.0,Diesel,6,3,1,81,0,1598,1425,3.5
9990,136000.0,Diesel,6,3,1,70,0,1600,1273,4.9
9990,83372.0,Diesel,6,3,1,81,1,1598,1425,3.7
9990,104000.0,Diesel,6,2,1,70,0,1600,1425,4.5
9990,128750.0,Diesel,6,3,1,81,0,1598,1425,4.3
9995,102928.0,Diesel,6,3,1,81,0,1598,1350,3.7
9990,113000.0,Diesel,6,2,1,70,0,1598,1388,3.6
9990,50000.0,Benzine,6,3,1,74,0,1399,1273,4.9
9895,99000.0,Diesel,6,3,1,70,1,1598,1425,3.6
9990,98762.0,Diesel,6,3,1,81,1,1598,1273,3.5
9990,92740.0,Benzine,5,3,1,77,0,998,1233,4.3
9990,84000.0,Diesel,6,3,1,81,0,1598,1476,4.5
9890,99500.0,Diesel,6,3,1,81,0,1598,1518,3.7
9890,117713.0,Diesel,6,3,1,81,0,1598,1865,3.6
9890,131294.0,Diesel,6,2,1,81,1,1598,1393,3.5
9800,248000.0,Diesel,6,3,1,81,0,1686,1523,4.5
9800,100000.0,Diesel,6,3,2,81,1,1598,1425,3.5
9790,142529.0,Diesel,6,3,1,100,1,1598,1425,3.8
9790,98722.0,Diesel,6,3,1,81,0,1598,1425,3.6
9790,89308.0,Benzine,5,3,2,85,0,1598,1437,6.3
9800,154000.0,Diesel,6,3,2,81,0,1598,1503,3.7
9780,77668.0,Diesel,6,3,1,100,0,1598,1425,4.5
9780,144063.0,Diesel,6,2,1,100,0,1598,1425,4.5
9750,69000.0,Benzine,6,3,1,74,1,1399,1425,5.5
9700,112500.0,Diesel,6,3,1,81,0,1598,1403,3.5
9280,180573.0,Diesel,6,2,1,81,0,1598,1425,4.5
9280,157391.0,Diesel,6,2,1,81,0,1598,1273,4.9
9250,119000.0,Diesel,6,2,1,81,0,1598,1403,3.6
9290,85000.0,Benzine,6,3,1,103,0,1364,1425,6.1
9200,199000.0,Diesel,6,3,1,81,0,1598,1425,3.65
9000,76505.0,Diesel,6,3,1,81,0,1598,1273,3.6
9000,150000.0,Diesel,6,3,1,81,0,1598,1350,3.0
9150,120000.0,Diesel,6,3,1,60,0,1598,1273,3.0
9100,83825.0,Diesel,6,3,1,81,0,1598,1503,3.7
9190,107565.0,Diesel,6,3,1,81,1,1598,1425,3.7
8999,90225.0,Diesel,6,3,1,70,0,1598,1425,3.6
9199,188000.0,Diesel,6,2,1,81,0,1598,1425,3.5
8999,183400.0,Diesel,6,3,1,100,0,1598,1425,3.8
8995,133000.0,Diesel,6,3,1,81,0,1598,1403,3.6
8990,73000.0,Diesel,6,3,1,70,0,1598,1425,3.6
8990,142194.0,Diesel,6,3,1,81,1,1598,1273,3.5
8990,76000.0,Diesel,6,3,1,81,0,1598,1350,3.7
8990,114000.0,Diesel,6,3,1,70,0,1598,1388,3.6
8990,159400.0,Diesel,6,3,1,81,0,1598,1425,3.7
8990,143700.0,Diesel,6,3,1,100,0,1598,1425,3.8
8690,90000.0,Diesel,6,3,1,81,0,1598,1350,3.7
8690,111500.0,Diesel,6,3,1,81,0,1598,1405,3.7
8680,125324.0,Diesel,6,3,1,81,1,1598,1571,3.5
8680,176977.0,Diesel,6,3,1,81,0,1598,1425,4.5
8650,105000.0,Diesel,6,3,1,70,0,1598,1425,3.6
8590,123095.0,Diesel,6,3,2,81,1,1598,1518,3.7
8500,177124.0,Diesel,6,3,1,100,0,1598,1503,3.9
8590,115785.0,Diesel,6,3,1,100,1,1598,1425,3.9
8500,145000.0,Diesel,6,3,1,81,0,1598,1503,3.7
8499,89214.0,Diesel,6,3,1,100,1,1598,1425,4.5
8495,158088.0,Diesel,6,3,1,81,1,1598,1403,3.6
8490,116100.0,Diesel,6,3,1,70,0,1598,1425,3.6
8500,117963.0,Diesel,6,3,1,81,0,1598,1350,3.7
8490,178000.0,Diesel,6,3,1,81,0,1598,1350,3.7
8490,166726.0,Diesel,6,3,1,81,0,1598,1425,3.5
8480,119329.0,Diesel,6,3,1,81,0,1598,1425,4.5
8480,155871.0,Diesel,6,2,1,81,0,1598,1425,4.5
9990,97900.0,Benzine,5,2,1,77,0,998,1209,4.3
8450,98000.0,Diesel,6,3,1,81,0,1598,1613,3.7
9980,68500.0,Benzine,6,3,1,85,1,1598,1425,4.5
9980,99285.0,Diesel,6,3,1,81,1,1598,1273,3.5
9990,67420.0,Benzine,5,3,1,85,0,1598,1437,6.7
9980,118000.0,Diesel,6,3,1,81,1,1598,1360,3.4
9980,132261.0,Diesel,6,2,1,81,1,1598,1425,3.5
9950,144200.0,Diesel,6,2,1,81,0,1598,1425,3.5
9950,111283.0,Diesel,6,3,1,100,0,1598,1425,3.9
9900,18623.0,Benzine,5,3,1,74,0,1398,1425,5.5
9900,84500.0,Diesel,6,3,1,81,0,1598,1360,3.4
9900,75900.0,Diesel,6,3,1,81,1,1600,1425,4.5
9900,75900.0,Diesel,6,3,1,81,0,1600,1425,4.5
9900,88000.0,Diesel,6,3,1,81,0,1598,1403,3.6
9900,125000.0,Diesel,6,3,1,81,0,1598,1518,3.7
9900,110005.0,Diesel,6,3,1,81,0,1598,1403,3.6
9900,78000.0,Diesel,6,3,1,81,0,1598,1364,3.3
9490,98570.0,Diesel,6,3,1,81,0,1598,1425,3.6
9900,80000.0,Diesel,6,3,1,81,0,1598,1518,3.7
9490,125427.0,Diesel,6,3,1,100,0,1598,1425,3.9
9490,84000.0,Diesel,6,3,1,81,0,1598,1360,3.7
9490,70500.0,Diesel,6,3,1,81,0,1598,1350,4.5
9480,98723.0,Diesel,6,3,1,81,1,1598,1425,3.7
9480,153047.0,Diesel,6,3,1,100,0,1598,1425,4.5
9479,94089.0,Diesel,6,3,1,81,1,1598,1425,3.7
9450,107000.0,Diesel,6,3,1,81,0,1598,1364,3.4
9430,150312.0,Diesel,6,3,1,81,1,1598,1425,3.6
9440,58225.0,Diesel,6,3,1,81,1,1598,1425,3.7
9400,171000.0,Diesel,6,3,1,100,0,1598,1403,3.8
9400,117630.0,Diesel,6,3,1,81,0,1598,1613,3.7
9400,72000.0,Benzine,5,3,1,74,0,1398,1425,4.5
9380,78234.0,Diesel,6,3,1,81,1,1598,1571,3.5
9350,64500.0,Diesel,6,3,1,81,1,1598,1425,3.7
9300,120000.0,Diesel,6,3,1,81,0,1598,1360,3.4
9300,95000.0,Diesel,6,3,1,100,0,1598,1364,4.5
9290,111000.0,Diesel,6,3,1,70,0,1598,1345,3.6
8980,87005.0,Diesel,6,3,1,81,1,1598,1425,3.5
8980,122175.0,Diesel,6,3,1,100,1,1598,1425,3.9
8980,135700.0,Diesel,6,3,1,100,0,1598,1425,4.5
8980,117766.0,Diesel,6,3,1,100,0,1598,1425,4.5
8980,95000.0,Diesel,6,3,1,81,1,1598,1425,3.7
8950,120000.0,Benzine,6,3,1,88,1,1364,1437,5.6
8950,127986.0,Diesel,6,3,1,100,0,1598,1425,3.9
8950,209467.0,Diesel,6,3,1,100,1,1598,1273,3.9
8900,63800.0,Diesel,6,3,1,81,0,1598,1571,3.6
8950,99875.0,Diesel,6,3,1,81,0,1598,1388,3.7
8900,120000.0,Diesel,6,3,1,60,0,1598,1273,3.0
8900,104600.0,Diesel,6,3,1,81,0,1598,1425,3.7
8900,41700.0,Diesel,6,3,1,70,0,1598,1388,3.8
8899,131800.0,Diesel,6,3,1,81,1,1598,1425,3.7
8890,110925.0,Diesel,6,3,1,81,1,1598,1518,3.7
8860,17800.0,Benzine,5,1,1,77,0,998,1273,4.9
8800,160000.0,Diesel,6,3,1,81,0,1598,1403,3.6
8800,55000.0,Diesel,6,2,2,81,0,1598,1350,3.7
8790,153600.0,Diesel,6,3,1,100,0,1598,1425,3.9
8740,36600.0,Benzine,5,3,1,77,0,999,1263,4.5
15999,27000.0,Benzine,6,3,2,110,0,1399,1278,5.4
15999,77998.0,Benzine,5,3,2,77,0,999,1163,4.3
15999,41000.0,Diesel,6,2,2,100,0,1598,1364,4.5
15999,48737.0,Benzine,6,3,2,110,1,1399,1425,5.6
15990,43359.0,Benzine,6,3,2,77,1,998,1273,4.4
15990,24529.0,Benzine,6,1,1,110,0,1399,1273,5.5
15990,40215.0,Benzine,6,2,1,110,1,1399,1273,5.4
15990,36527.0,Benzine,6,2,1,110,1,1399,1273,5.4
15990,24890.0,Diesel,6,2,1,100,0,1598,1366,4.5
15990,19714.0,Benzine,6,1,1,77,1,999,1273,4.3
15990,24278.0,Benzine,6,2,1,110,0,1399,1273,5.5
15990,30628.0,Benzine,6,1,1,77,1,1000,1273,4.3
15990,24177.0,Diesel,6,1,1,100,1,1598,1425,4.5
15990,45922.0,Benzine,6,3,2,110,1,1399,1425,5.6
15990,60400.0,Benzine,6,3,1,110,0,1399,1278,4.9
8450,169000.0,Diesel,6,3,1,81,0,1598,1518,3.7
8450,160000.0,Diesel,6,3,1,81,0,1598,1518,3.7
8440,89000.0,Diesel,6,3,1,81,0,1598,1425,3.7
8250,121143.0,Diesel,6,3,1,70,1,1598,1425,4.5
7999,139000.0,Diesel,6,3,1,81,1,1598,1425,3.7
8200,122625.0,Diesel,6,3,1,70,0,1598,1388,3.6
8000,97600.0,Diesel,6,3,1,81,0,1598,1613,3.7
7990,127000.0,Diesel,6,3,1,81,1,1598,1518,3.7
7990,117583.0,Diesel,6,3,1,81,1,1598,1571,3.5
7999,139000.0,Diesel,6,3,1,81,0,1598,1425,3.7
7990,149790.0,Diesel,6,3,1,81,0,1598,1425,4.5
7990,231879.0,Diesel,6,3,1,118,0,1598,1425,4.5
7980,137347.0,Diesel,6,3,1,81,0,1598,1425,4.5
7800,25000.0,Diesel,6,2,1,81,0,1598,1364,3.3
7980,97193.0,Diesel,6,3,1,81,0,1598,1425,4.5
7780,167413.0,Diesel,6,3,1,81,0,1598,1425,4.5
7680,169383.0,Diesel,6,3,1,100,0,1598,1425,4.5
7900,156000.0,Diesel,6,3,1,81,0,1598,1403,3.6
7680,176476.0,Diesel,6,3,2,100,0,1598,1425,4.5
7500,150000.0,Diesel,6,3,1,81,1,1598,1425,3.7
7480,126530.0,Diesel,6,3,1,81,0,1598,1425,3.6
7479,126530.0,Diesel,6,3,1,81,0,1598,1425,3.6
7380,142669.0,Diesel,6,3,1,81,0,1598,1425,4.5
7280,175336.0,Diesel,6,3,1,100,0,1598,1425,4.5
7280,140500.0,Diesel,6,3,1,81,1,1598,1425,4.5
6999,146404.0,Diesel,6,3,1,81,0,1598,1425,4.5
6950,88000.0,Diesel,6,0,1,81,0,1399,1273,4.5
6480,167322.0,Diesel,6,3,2,81,0,1598,1425,4.5
6990,229500.0,Diesel,6,3,2,100,0,1598,1518,3.9
6900,110000.0,Diesel,6,3,1,80,0,1598,1425,4.5
6690,198000.0,Diesel,6,3,1,81,0,1598,1518,3.7
6990,165000.0,Diesel,6,3,1,81,0,1598,1518,3.7
10790,39000.0,Diesel,6,3,1,60,0,1598,1273,3.0
10900,70000.0,Diesel,6,3,1,81,0,1598,1350,3.0
10900,102103.0,Diesel,6,3,1,82,0,1598,1403,3.7
10890,63699.0,Benzine,5,3,3,85,1,1598,1425,6.3
10890,64081.0,Diesel,6,2,1,81,1,1598,1360,3.4
10870,95000.0,Diesel,6,3,1,81,1,1598,1425,4.5
10900,83000.0,Diesel,6,3,1,100,1,1598,1364,4.5
10980,62000.0,Diesel,6,3,1,81,0,1598,1403,3.5
10990,3898.0,Benzine,6,2,1,74,0,1399,1273,5.4
10860,86403.0,Diesel,6,3,1,81,1,1598,1425,3.5
10990,75342.0,Diesel,6,3,2,81,1,1598,1425,3.5
17750,16088.0,Benzine,5,3,2,77,0,999,1163,4.1
12900,59000.0,Benzine,5,2,1,77,0,998,1288,4.3
10880,13963.0,Benzine,5,3,1,85,1,1598,1273,6.4
10990,65000.0,Benzine,6,2,1,110,0,1399,1273,5.1
19950,12100.0,Benzine,5,2,1,77,0,999,1163,4.0
17690,50.0,Benzine,5,1,1,77,0,999,1273,4.5
10950,103953.0,Diesel,6,3,1,81,0,1598,1235,3.3
10950,100311.0,Diesel,6,3,1,81,0,1399,1273,4.9
10950,121000.0,Diesel,6,3,1,81,0,1598,1273,3.7
17360,11678.0,Benzine,6,1,1,110,0,1399,1322,4.5
10980,32500.0,Benzine,5,3,1,85,0,1598,1425,6.3
10950,74182.0,Diesel,6,2,1,81,0,1598,1360,3.5
10950,90311.0,Diesel,6,3,1,82,0,1598,1235,3.4
10950,72458.0,Benzine,5,3,1,85,0,1598,1549,6.3
10950,84900.0,Diesel,6,3,1,81,1,1598,1425,3.7
10950,92693.0,Diesel,6,3,1,81,1,1598,1425,3.5
10950,86000.0,Diesel,6,3,2,81,0,1598,1273,4.9
10950,69429.0,Benzine,5,3,2,74,0,1399,1364,5.5
10900,69900.0,Diesel,6,3,1,81,0,1598,1550,3.7
10950,78000.0,Diesel,6,3,1,81,0,1598,1388,3.7
10945,41569.0,Diesel,6,3,1,70,0,1598,1273,4.9
10945,121159.0,Diesel,6,3,1,81,0,1598,1235,3.0
10950,81490.0,Benzine,6,3,2,103,1,1364,1425,6.4
10900,16010.0,Benzine,6,3,2,92,0,1399,1233,4.9
10980,88909.0,Diesel,6,3,2,70,1,1598,1273,3.7
10980,89900.0,Diesel,6,3,1,81,1,1598,1360,3.7
10980,95400.0,Diesel,6,3,1,81,0,1598,1364,3.4
10980,67160.0,Diesel,6,3,1,81,1,1598,1273,3.4
10980,80800.0,Diesel,6,3,1,81,1,1598,1360,3.6
10980,107791.0,Diesel,6,3,1,100,1,1598,1273,3.7
10980,47176.0,Benzine,6,3,1,92,0,1399,1273,4.9
10980,73158.0,Diesel,6,3,1,81,0,1598,1425,3.7
10979,95000.0,Diesel,6,3,1,81,1,1598,1403,3.6
10960,24859.0,Benzine,5,3,1,77,0,998,1273,4.3
10960,42585.0,Benzine,5,3,1,77,0,998,1209,4.3
10960,50600.0,Benzine,5,3,1,85,1,1598,1437,6.6
10980,78300.0,Diesel,6,3,1,81,0,1598,1273,4.9
10979,48115.0,Benzine,5,3,2,85,1,1598,1425,6.3
10950,123840.0,Diesel,6,3,2,81,0,1598,1235,3.3
10950,153000.0,Diesel,6,3,1,118,0,1598,1350,4.0
10950,77619.0,Diesel,6,2,1,81,0,1598,1403,3.6
10900,81850.0,Diesel,6,3,1,81,1,1598,1360,3.6
18950,21500.0,Benzine,5,2,1,76,0,999,1163,4.5
16990,25350.0,Benzine,5,1,1,77,0,999,1273,4.9
10950,64868.0,Diesel,6,3,1,81,1,1598,1518,3.7
15950,57681.0,Benzine,5,3,1,76,0,999,1178,4.2
15870,33246.0,Benzine,6,2,1,92,0,1399,1273,4.9
15900,43218.0,Benzine,5,3,1,77,0,999,1163,4.1
15750,28100.0,Benzine,5,3,2,77,1,999,1273,4.5
14490,36000.0,Benzine,5,3,2,77,1,999,1273,4.5
15500,39350.0,Benzine,6,2,1,77,0,998,1425,4.5
14990,16000.0,Benzine,5,1,1,77,0,999,1288,4.3
14900,15300.0,Benzine,5,2,1,77,0,999,1273,4.9
18450,30725.0,Benzine,5,2,1,76,0,999,1163,4.5
10990,100000.0,Diesel,6,3,1,100,1,1598,1425,3.8
10989,25698.0,Benzine,5,1,1,77,0,999,1263,4.3
13500,16200.0,Benzine,6,2,1,77,0,1398,1273,4.9
13499,48550.0,Benzine,5,3,2,77,1,999,1320,4.5
10989,25136.0,Benzine,5,1,1,77,0,999,1263,4.3
10989,40665.0,Benzine,5,3,1,77,1,999,1273,4.3
10980,38160.0,Benzine,5,3,1,85,1,1598,1437,6.6
10980,98110.0,Diesel,6,3,1,100,1,1598,1425,3.9
10980,102000.0,Diesel,6,3,1,100,1,1598,1273,3.7
10980,71354.0,Diesel,6,3,1,70,1,1598,1425,3.6
10980,81616.0,Diesel,6,3,1,81,1,1598,1425,3.5
10980,71000.0,Diesel,6,2,1,70,1,1598,1388,3.6
10980,99077.0,Diesel,6,3,1,100,0,1598,1273,4.9
10900,99500.0,Diesel,6,3,1,118,0,1598,1435,4.0
10900,107900.0,Diesel,6,3,1,100,0,1598,1403,4.6
10900,61000.0,Benzine,6,3,1,110,0,1400,1360,5.4
10900,53900.0,Diesel,6,3,1,81,0,1598,1550,3.7
10900,82000.0,Diesel,6,3,1,81,0,1598,1518,3.7
10980,23400.0,Benzine,5,3,2,77,0,998,1273,4.4
10980,143098.0,Diesel,6,3,1,100,0,1598,1273,4.9
10900,110900.0,Diesel,6,3,1,81,0,1598,1425,4.5
10900,45800.0,Diesel,6,3,1,81,0,1598,1273,3.6
10900,72000.0,Diesel,6,3,1,81,0,1598,1403,4.6
10900,70000.0,Diesel,6,3,1,70,0,1598,1273,3.6
10900,122200.0,Diesel,6,3,1,81,0,1598,1360,3.4
10900,82672.0,Diesel,6,3,1,81,0,1598,1350,3.7
10900,140000.0,Diesel,6,3,1,81,0,1598,1613,3.7
10900,63359.0,Benzine,5,3,1,85,1,1598,1425,6.3
10900,140300.0,Diesel,6,3,1,81,0,1598,1360,3.5
10900,77000.0,Diesel,6,2,1,81,0,1598,1275,3.5
10900,87475.0,Diesel,6,2,1,81,0,1598,1403,3.6
10900,92440.0,Diesel,6,3,1,81,0,1598,1425,3.6
10900,158946.0,Diesel,6,3,1,81,0,1598,1293,4.5
10850,99000.0,Diesel,6,3,1,81,1,1600,1425,4.5
10900,70000.0,Diesel,6,3,1,81,0,1598,1613,3.7
10850,84500.0,Diesel,6,3,1,81,1,1598,1425,3.7
10850,99185.0,Diesel,6,3,1,100,0,1598,1425,3.9
10800,74000.0,Benzine,6,2,1,110,0,1399,1278,5.1
10840,98368.0,Diesel,6,3,1,81,1,1598,1393,3.5
10800,88000.0,Diesel,6,3,1,81,0,1598,1403,3.6
10800,33600.0,Diesel,6,3,1,81,0,1598,1350,3.7
10790,95900.0,Diesel,6,3,1,81,0,1598,1425,3.5
10800,101765.0,Diesel,6,2,1,81,0,1598,1403,3.6
10795,93000.0,Diesel,6,3,1,81,0,1598,1425,3.5
10791,23128.0,Benzine,5,2,1,77,0,999,1263,4.0
16000,10815.0,Benzine,5,1,1,78,0,999,1364,4.4
16300,27000.0,Diesel,6,2,1,100,0,1598,1425,4.7
16300,19998.0,Benzine,6,1,1,110,0,1399,1273,5.5
16450,26696.0,Benzine,6,2,1,110,1,1399,1425,5.4
16290,19800.0,Benzine,6,1,1,110,1,1399,1273,5.4
16299,44396.0,Diesel,6,2,1,101,0,1598,1273,4.9
16370,29148.0,Benzine,5,1,1,77,0,999,1263,5.5
16200,33753.0,Diesel,6,1,1,100,0,1598,1425,4.5
16990,17.0,Benzine,6,0,1,110,0,1399,1273,5.4
16990,29998.0,Benzine,6,1,1,110,0,1399,1425,5.6
16990,31900.0,Benzine,6,1,1,110,1,1399,1425,5.6
16990,28146.0,Benzine,6,1,1,110,0,1399,1425,5.6
16990,6800.0,Benzine,6,2,1,110,0,1399,1273,5.4
16990,29537.0,Diesel,6,1,1,100,0,1598,1273,4.4
17900,17.0,Benzine,6,0,1,110,0,1399,1273,5.4
17890,24275.0,Diesel,6,2,1,100,0,1598,1364,4.4
17890,25203.0,Diesel,6,2,1,101,0,1598,1425,4.5
17890,45000.0,Benzine,6,2,1,110,1,1399,1350,5.4
17890,7098.0,Benzine,6,2,1,110,0,1399,1425,5.4
17890,13743.0,Benzine,6,1,1,110,1,1598,1425,5.6
10999,80754.0,Diesel,6,2,1,70,1,1598,1425,3.6
10990,75035.0,Diesel,6,2,1,81,1,1598,1350,3.4
10990,71713.0,Diesel,6,2,1,81,1,1598,1273,3.4
10990,68254.0,Diesel,6,2,1,81,1,1598,1393,3.5
10990,75000.0,Diesel,6,2,1,81,0,1598,1328,3.6
10990,98188.0,Diesel,6,2,1,81,0,1598,1940,3.5
10990,35000.0,Diesel,6,2,1,81,0,1598,1503,3.7
10990,104645.0,Diesel,6,2,1,81,1,1598,1425,4.5
17890,15900.0,Benzine,6,1,1,110,0,1399,1322,4.9
17880,17278.0,Benzine,6,1,1,110,1,1399,1335,5.5
17870,17083.0,Diesel,6,2,1,100,0,1598,1425,4.6
17850,29900.0,Benzine,6,1,1,110,1,1399,1425,5.1
17850,1145.0,Benzine,6,1,2,110,0,1399,1273,5.5
17850,17700.0,Benzine,6,1,1,110,0,1399,1425,5.4
17850,12091.0,Diesel,6,1,1,100,1,1598,1425,4.5
17850,29000.0,Diesel,6,1,1,100,1,1598,1425,4.5
17850,20300.0,Benzine,6,1,1,110,0,1399,1308,5.4
17850,25622.0,Benzine,6,1,1,110,1,1400,1341,4.9
17850,23300.0,Benzine,6,1,1,110,1,1399,1425,5.6
17850,29195.0,Benzine,6,1,1,110,0,1598,1425,4.5
17840,28931.0,Diesel,6,1,1,100,0,1598,1425,4.5
17790,21825.0,Benzine,6,1,1,110,1,1399,1425,5.6
17780,25107.0,Benzine,6,1,1,110,1,1399,1350,5.4
17750,6764.0,Benzine,5,1,1,77,0,999,1425,4.3
17725,28880.0,Benzine,6,1,1,110,1,1399,1350,5.6
17700,56000.0,Diesel,6,2,1,100,0,1598,1425,4.5
17690,28774.0,Diesel,6,1,1,100,0,1598,1425,4.5
17690,5500.0,Benzine,6,1,1,110,0,1399,1273,5.7
17680,8071.0,Benzine,5,1,1,77,1,998,1288,4.5
17680,25281.0,Diesel,6,1,1,100,1,1598,1364,4.4
17675,24772.0,Diesel,6,1,1,100,0,1598,1456,4.8
17650,17712.0,Benzine,5,1,1,77,0,997,1273,4.9
17640,24756.0,Benzine,6,1,1,110,0,1399,1273,5.5
17600,16000.0,Diesel,6,2,2,100,0,1598,1425,4.5
17600,14754.0,Benzine,6,1,1,110,1,1399,1425,5.6
17590,11534.0,Benzine,6,1,1,110,0,1399,1278,5.4
17500,25078.0,Benzine,6,1,1,110,0,1399,1308,5.4
17500,9451.0,Benzine,5,1,1,77,0,999,1273,4.3
17495,23780.0,Benzine,6,1,1,77,0,999,1263,4.9
17490,33000.0,Diesel,6,1,1,100,0,1598,1425,4.6
16990,38758.0,Benzine,6,1,1,110,1,1598,1425,5.6
17290,20337.0,Benzine,6,1,1,110,0,1399,1273,5.5
17840,29891.0,Diesel,6,1,1,100,0,1598,1425,4.5
17280,30298.0,Benzine,6,1,1,110,1,1399,1410,5.1
17250,23386.0,Benzine,6,1,1,110,0,1399,1273,5.4
17300,27396.0,Diesel,6,1,1,100,0,1598,1425,4.7
17260,24853.0,Benzine,6,1,1,110,1,1398,1273,4.9
17250,13200.0,Benzine,6,2,1,110,1,1399,1425,5.4
17250,14234.0,Benzine,6,2,1,110,1,1399,1273,5.4
17250,19700.0,Benzine,6,1,1,110,1,1399,1273,5.4
17199,45085.0,Diesel,6,2,1,100,0,1598,1425,4.5
17190,24667.0,Benzine,6,1,1,110,0,1399,1278,5.4
17190,12447.0,Benzine,6,1,1,110,0,1399,1273,5.4
17000,24245.0,Benzine,6,1,1,110,0,1399,1425,5.6
17100,25100.0,Diesel,6,1,1,100,0,1598,1425,4.7
17000,19200.0,Benzine,6,1,2,110,0,1399,1350,5.4
16990,800.0,Benzine,6,1,2,85,0,1598,1318,7.3
16999,2664.0,Benzine,5,1,1,77,1,999,1273,4.7
16999,28616.0,Diesel,6,1,1,100,0,1598,1273,4.5
16999,6.0,Benzine,6,0,1,110,1,1399,1449,6.3
16990,24987.0,Diesel,6,1,1,100,0,1598,1425,4.5
16998,47563.0,Diesel,6,2,1,100,0,1598,1425,4.5
17000,22621.0,Benzine,6,1,1,110,0,1399,1425,5.6
16990,11148.0,Diesel,6,1,1,100,0,1598,1900,4.4
16990,23765.0,Benzine,6,1,1,110,1,1399,1425,5.6
16989,23685.0,Benzine,6,1,1,110,0,1399,1425,5.4
16989,28512.0,Benzine,6,1,1,110,0,1399,1425,5.6
16980,20700.0,Benzine,6,1,1,110,1,1399,1322,4.9
16990,4200.0,Benzine,6,1,1,110,0,1399,1278,4.9
16980,28978.0,Benzine,6,1,1,110,0,1399,1425,5.6
16989,19115.0,Benzine,6,1,1,110,1,1399,1425,4.9
16980,25900.0,Benzine,6,1,1,110,1,1399,1322,4.9
17490,22368.0,Benzine,6,1,1,110,1,1399,1350,5.4
17490,26500.0,Diesel,6,1,1,100,0,1598,1350,4.6
17489,53836.0,Benzine,6,2,1,110,0,1399,1273,5.5
17489,16776.0,Benzine,6,1,1,110,1,1399,1425,4.9
17490,16286.0,Benzine,6,1,1,110,1,1399,1273,5.4
16980,29980.0,Benzine,6,1,1,110,0,1399,1425,5.6
16980,29750.0,Benzine,6,1,1,110,1,1399,1308,5.7
16980,11600.0,Benzine,6,1,1,110,0,1399,1273,4.9
16980,24638.0,Diesel,6,1,1,100,0,1598,1425,4.5
16998,50495.0,Diesel,6,2,1,100,0,1598,1425,4.5
16900,29900.0,Diesel,6,1,1,100,0,1598,1425,4.5
16900,6227.0,Benzine,6,1,1,77,1,999,1408,4.5
16899,5895.0,Benzine,5,1,1,77,1,999,1273,4.7
16900,28928.0,Diesel,6,1,2,100,0,1598,1415,4.5
16890,27845.0,Benzine,6,1,1,110,0,1399,1273,5.5
16890,29890.0,Benzine,6,1,1,110,0,1399,1273,5.5
16890,7517.0,Diesel,6,1,1,100,0,1598,1425,4.5
16980,29644.0,Benzine,6,2,1,110,1,1399,1341,4.9
17489,29069.0,Benzine,6,1,1,110,1,1399,1425,5.6
17480,27453.0,Benzine,6,1,1,110,0,1399,1273,5.5
17480,24538.0,Benzine,6,1,1,110,0,1399,1308,5.4
17470,18488.0,Diesel,6,1,1,100,1,1598,1403,4.6
17450,27168.0,Benzine,6,1,1,110,0,1399,1425,5.6
17450,29745.0,Benzine,6,1,1,110,0,1399,1425,5.5
17440,11287.0,Benzine,6,1,1,110,1,1399,1273,5.5
17430,9900.0,Benzine,6,1,1,110,0,1399,1278,4.9
17400,42000.0,Diesel,6,2,1,100,0,1598,1350,4.6
17400,31066.0,Benzine,5,2,1,77,0,999,1163,4.3
17400,62000.0,Benzine,6,2,3,110,0,1399,1350,5.4
17350,12219.0,Benzine,6,1,1,77,1,999,1425,4.5
17350,28790.0,Benzine,6,1,1,110,0,1399,1273,5.5
16980,13200.0,Diesel,6,1,1,100,1,1598,1425,4.6
16980,23002.0,Benzine,6,1,1,110,0,1399,1425,5.6
16979,28580.0,Diesel,6,1,1,100,1,1598,1425,4.6
16970,22475.0,Diesel,6,2,3,100,0,1598,1318,4.3
16950,43847.0,Benzine,5,2,3,77,0,999,1178,4.3
16950,29178.0,Benzine,6,1,1,110,1,1598,1425,5.6
16950,22200.0,Diesel,6,1,1,100,0,1598,1415,4.6
16950,12500.0,Diesel,6,1,1,100,1,1598,1425,4.5
16925,25170.0,Diesel,6,1,1,100,0,1600,1425,4.5
16900,4000.0,Benzine,5,2,3,77,0,998,1198,4.3
16900,28576.0,Benzine,6,1,1,110,0,1399,1425,5.6
16900,22859.0,Benzine,6,1,1,110,1,1399,1425,5.6
16900,25800.0,Diesel,6,2,3,100,0,1598,1403,3.9
16900,14000.0,Diesel,6,1,1,100,1,1598,1425,4.5
16890,19280.0,Benzine,6,1,1,110,0,1396,1273,4.9
16880,9050.0,Benzine,6,2,1,77,0,998,1273,4.4
16880,29335.0,Diesel,6,1,1,100,1,1598,1425,4.5
16800,28801.0,Benzine,6,1,1,110,0,1399,1425,5.6
16790,25000.0,Benzine,6,1,1,110,0,1399,1273,5.5
16790,26097.0,Diesel,6,1,1,100,0,1598,1425,4.5
16770,7980.0,Benzine,6,1,2,110,0,1399,1425,4.5
16750,5750.0,Diesel,6,1,1,100,1,1598,1273,4.5
16750,24450.0,Benzine,6,1,1,110,1,1399,1425,5.6
16725,37770.0,Benzine,5,2,1,77,0,999,1178,4.6
16690,27023.0,Benzine,6,1,1,110,0,1396,1425,4.5
16690,20940.0,Diesel,6,2,1,100,0,1598,1441,4.5
16900,29000.0,Diesel,6,1,1,100,0,1598,1425,4.5
17300,10000.0,Diesel,6,1,1,100,0,1598,1425,4.7
16690,26732.0,Diesel,6,1,1,100,0,1598,1975,4.5
16690,4700.0,Benzine,6,2,1,110,0,1399,1322,4.9
16680,24829.0,Benzine,6,1,1,110,0,1399,1273,5.4
16666,18714.0,Benzine,6,1,1,77,0,999,1425,4.3
16590,17000.0,Benzine,6,2,1,110,0,1399,1308,5.5
16580,24938.0,Benzine,6,1,1,110,0,1399,1273,5.4
16580,25773.0,Benzine,6,1,1,110,0,1399,1273,5.4
16500,67000.0,Diesel,6,2,1,100,0,1598,1350,4.6
16500,24500.0,Benzine,5,1,1,77,0,999,1263,4.4
16500,17759.0,Benzine,5,2,1,77,0,999,1273,4.1
16500,43344.0,Diesel,6,1,1,100,0,1598,1273,4.0
16500,15300.0,Benzine,5,1,1,77,0,999,1273,4.1
16500,30800.0,Benzine,6,2,1,110,1,1399,1425,5.4
16499,26322.0,Diesel,6,2,1,101,0,1598,1360,4.0
16495,6677.0,Benzine,6,2,1,110,0,1399,1278,4.9
16490,10677.0,Diesel,6,1,1,100,0,1598,1425,4.5
16495,29522.0,Diesel,6,2,1,100,0,1598,1364,4.3
16490,23100.0,Diesel,6,2,1,100,1,1598,1425,4.5
16690,28605.0,Diesel,6,1,1,100,0,1598,1975,4.5
16489,38750.0,Benzine,6,1,1,110,1,1399,1425,5.9
16490,4000.0,Benzine,6,1,1,77,0,999,1273,4.1
16480,16700.0,Diesel,6,2,1,100,0,1598,1273,4.9
16474,17000.0,Benzine,6,1,1,110,1,1399,1273,4.9
16000,32000.0,Diesel,6,2,1,100,0,1598,1425,4.5
16000,16582.0,Diesel,6,2,1,100,0,1598,1425,3.5
16050,15947.0,Diesel,6,2,1,100,0,1598,1425,3.5
16000,15178.0,Diesel,6,2,1,100,0,1598,1425,3.5
16190,37000.0,Diesel,6,2,1,100,0,1598,1425,4.7
16000,16282.0,Diesel,6,2,1,100,0,1598,1425,3.5
16000,16614.0,Diesel,6,2,1,100,0,1598,1425,3.5
16000,34700.0,Benzine,6,1,2,110,0,1399,1350,5.7
16000,1300.0,Diesel,6,2,1,100,1,1598,1273,4.4
11790,25438.0,Benzine,5,2,1,74,1,1399,1425,4.5
11840,68250.0,Diesel,6,2,1,81,1,1598,1403,3.5
11790,62387.0,Benzine,6,2,1,92,0,1400,1360,4.0
11500,62000.0,Diesel,6,2,1,80,0,1399,1273,4.9
11600,19000.0,Diesel,6,2,1,81,0,1598,1350,3.7
12450,90457.0,Diesel,6,2,1,81,0,1598,1235,3.3
12450,50000.0,Diesel,6,1,2,81,0,1598,1403,3.8
11990,17000.0,Benzine,5,2,1,74,0,1399,1244,5.4
11870,38169.0,Diesel,6,2,1,81,1,1598,1273,3.4
12500,37460.0,Benzine,5,2,1,78,0,999,1364,4.4
12300,62543.0,Diesel,6,2,1,81,0,1598,1403,3.6
12500,53500.0,Benzine,6,2,2,92,0,1399,1278,4.9
12900,29000.0,Diesel,6,2,2,81,0,1598,1350,3.0
12500,65000.0,Diesel,6,2,2,81,0,1598,1360,3.5
12945,15250.0,Diesel,6,2,1,70,1,1598,1273,3.6
12940,19000.0,Benzine,5,2,1,78,0,999,1364,4.4
12955,37527.0,Diesel,6,2,1,81,0,1598,1360,3.7
12950,17586.0,Benzine,5,2,1,77,0,998,1209,4.3
12950,37635.0,Diesel,6,2,1,81,0,1598,1403,3.6
12740,27222.0,Diesel,6,2,1,81,1,1598,1273,3.4
12985,49500.0,Benzine,6,2,1,77,0,999,1425,4.3
12900,42018.0,Benzine,5,1,1,77,0,999,1263,4.4
12900,23000.0,Benzine,6,2,1,92,0,1399,1278,5.1
12900,26000.0,Diesel,6,2,1,81,0,1598,1403,3.5
12900,41256.0,Diesel,6,2,1,81,0,1598,1328,3.6
12990,40200.0,Diesel,6,2,1,81,1,1598,1425,3.5
12980,35870.0,Benzine,5,2,1,74,1,1399,1244,5.4
12980,40306.0,Diesel,6,2,1,81,1,1598,1393,3.5
12980,45107.0,Benzine,5,2,1,77,1,999,1273,4.3
12980,11284.0,Diesel,6,2,1,70,1,1598,1388,3.6
12980,58200.0,Diesel,6,2,1,81,0,1598,1403,3.5
12980,52575.0,Diesel,6,2,1,81,1,1598,1393,3.5
12978,11268.0,Benzine,5,1,2,74,0,1398,1273,4.9
12990,12179.0,Benzine,5,1,1,77,0,999,1273,4.9
12990,23255.0,Benzine,5,2,2,77,0,999,1284,4.3
12990,41000.0,Diesel,6,2,1,81,0,1598,1364,3.3
12990,6493.0,Benzine,5,2,1,77,0,998,1364,4.4
12990,82769.0,Diesel,6,2,1,81,1,1598,1273,3.5
12990,30716.0,Diesel,6,2,1,81,0,1598,1940,3.5
12990,92053.0,Diesel,6,2,1,100,0,1598,1950,3.8
12990,88560.0,Diesel,6,2,1,81,1,1598,1425,3.5
12990,53887.0,Benzine,5,2,1,78,0,999,1364,4.4
12990,64000.0,Diesel,6,2,1,81,0,1598,1350,3.0
12990,30322.0,Diesel,6,2,1,81,0,1598,1940,3.5
12990,61000.0,Diesel,6,2,1,81,0,1598,1345,3.3
12990,53951.0,Benzine,5,2,1,74,0,1399,1273,5.4
12990,37450.0,Diesel,6,2,1,100,0,1598,1273,4.9
12990,30.0,Benzine,5,2,1,74,0,1399,1244,5.4
12990,28861.0,Diesel,6,2,1,81,1,1598,1425,3.5
12974,47500.0,Benzine,6,2,1,92,1,1399,1273,5.4
12990,11000.0,Benzine,5,2,1,74,0,1399,1273,5.4
12970,43159.0,Diesel,6,2,1,81,1,1598,1425,3.5
12890,29587.0,Diesel,6,2,2,81,1,1598,1425,4.2
12900,60.0,Benzine,5,1,1,77,0,999,1263,4.3
12955,37527.0,Diesel,6,2,2,81,0,1598,1360,3.7
12890,34720.0,Benzine,5,2,2,74,0,1399,1273,5.4
12880,75000.0,Diesel,6,2,1,81,0,1598,1425,3.5
12864,120000.0,LPG/CNG,6,2,1,81,0,1398,1273,4.9
12880,49554.0,Diesel,6,2,1,81,1,1598,1425,3.5
12799,72486.0,Benzine,6,2,1,92,0,1399,1425,5.1
12850,67000.0,Diesel,6,2,1,100,0,1598,1985,3.9
12800,36000.0,Benzine,6,2,1,92,0,1399,1278,4.9
12800,72783.0,Diesel,6,2,1,100,0,1598,1364,3.8
12850,49800.0,Diesel,6,2,1,81,0,1598,1425,3.5
12770,87015.0,Benzine,5,2,1,77,0,998,1233,4.5
12750,15000.0,Benzine,6,2,1,74,0,1399,1273,5.4
12950,46100.0,Diesel,6,2,1,81,1,1598,1403,3.5
12950,42000.0,Benzine,5,2,1,77,0,1000,1273,4.9
12925,53855.0,Diesel,6,2,1,81,0,1600,1273,4.9
12900,32900.0,Diesel,6,2,1,81,0,1598,1350,3.7
12940,82236.0,Diesel,6,2,1,82,0,1598,1293,3.5
12900,61000.0,Diesel,6,2,1,81,0,1598,1350,3.7
12900,20938.0,Diesel,6,2,1,81,0,1598,1360,3.7
12900,76000.0,Benzine,5,2,1,77,0,998,1273,4.4
12900,12300.0,Diesel,6,2,1,81,0,1598,1360,3.7
12900,15900.0,Benzine,5,1,1,77,0,999,1273,4.5
12900,14300.0,Diesel,6,1,1,81,0,1598,1360,3.7
12900,49000.0,Diesel,6,2,1,81,1,1598,1425,3.5
12900,76000.0,Diesel,6,2,1,81,0,1598,1273,3.5
12500,65000.0,Diesel,6,2,1,81,0,1598,1360,3.5
12500,85000.0,Diesel,6,2,1,100,0,1598,1425,6.0
12500,72700.0,Benzine,5,2,1,77,0,999,1273,4.5
12495,18400.0,Benzine,5,2,1,77,0,999,1263,4.3
12495,45538.0,Benzine,5,2,1,78,0,999,1360,4.0
12500,25200.0,Benzine,6,2,1,88,0,1364,1459,6.3
12500,42813.0,Benzine,5,2,1,78,0,999,1364,4.4
12500,50000.0,Diesel,6,1,1,81,0,1598,1350,3.7
12490,32500.0,Diesel,6,2,1,81,1,1598,1273,3.5
12490,83200.0,Diesel,6,2,1,81,0,1598,1403,3.6
12490,15146.0,Diesel,6,2,1,81,1,1598,1273,3.4
12490,8000.0,Benzine,5,2,1,77,0,998,1273,4.9
12480,39792.0,Diesel,6,2,1,81,1,1598,1393,3.5
12489,63200.0,Benzine,5,1,1,77,1,999,1273,4.5
12490,87850.0,Diesel,6,2,1,81,0,1598,1360,3.4
12480,62171.0,Diesel,6,2,1,81,1,1598,1393,3.6
12680,37736.0,Diesel,6,2,1,81,1,1598,1273,3.4
12700,57900.0,Benzine,6,2,1,92,0,1399,1322,5.1
12700,66833.0,Diesel,6,2,1,82,0,1598,1293,3.5
12460,43816.0,Diesel,6,2,1,81,1,1598,1425,3.5
12690,24939.0,Benzine,6,2,1,77,1,999,1273,4.3
12680,32754.0,Diesel,6,2,1,81,1,1598,1273,3.4
12680,32882.0,Diesel,6,2,1,81,1,1598,1393,3.5
12670,23472.0,Diesel,6,2,1,81,1,1598,1273,3.4
12670,35470.0,Diesel,6,2,1,81,1,1598,1403,3.5
12660,62929.0,Diesel,6,2,1,81,1,1598,1425,3.5
12636,23176.0,Diesel,6,2,1,81,0,1598,1360,3.7
12650,55756.0,Diesel,6,2,1,81,1,1598,1425,4.5
12299,43532.0,Diesel,6,2,1,81,1,1598,1425,3.7
12290,33510.0,Diesel,6,2,1,81,1,1598,1273,4.9
12290,39008.0,Diesel,6,2,1,81,1,1598,1273,3.4
12250,39727.0,Diesel,6,2,1,81,0,1598,1328,3.6
12250,41116.0,Diesel,6,2,1,81,0,1598,1328,3.6
12250,47337.0,Diesel,6,2,1,81,0,1598,1328,3.6
12250,42756.0,Diesel,6,2,1,81,0,1598,1328,3.6
12200,54000.0,Diesel,6,2,1,81,0,1598,1360,3.5
12280,59000.0,Diesel,6,2,1,81,0,1598,1425,4.5
12250,48842.0,Diesel,6,2,1,81,0,1598,1328,3.6
12190,72000.0,Diesel,6,2,2,100,0,1598,1273,3.8
11999,58625.0,Diesel,6,1,1,81,0,1598,1350,3.0
11999,61000.0,Diesel,6,2,2,81,0,1598,1350,3.0
12190,54444.0,Benzine,5,2,1,74,0,1399,1244,5.4
11999,44000.0,Diesel,6,2,1,81,0,1598,1403,3.6
12130,28588.0,Diesel,6,2,1,81,1,1598,1350,3.4
12000,43000.0,Benzine,5,2,1,77,0,998,1273,4.4
12000,73000.0,Diesel,6,2,2,100,0,1598,1378,4.4
12000,31000.0,Diesel,6,2,2,81,0,1598,1403,3.6
12636,23176.0,Diesel,6,2,2,81,0,1598,1360,3.7
12625,71905.0,Diesel,6,2,1,81,0,1600,1273,4.9
12600,49800.0,Diesel,6,2,2,100,0,1598,1403,3.8
12590,39041.0,Diesel,6,2,1,81,1,1598,1350,3.4
11990,42334.0,Diesel,6,2,1,81,1,1598,1350,3.4
12550,57012.0,Diesel,6,2,1,81,0,1598,1328,3.6
12540,65213.0,Diesel,6,2,1,81,0,1598,1378,3.5
12530,27570.0,Diesel,6,2,1,81,1,1598,1273,3.4
12530,33627.0,Diesel,6,2,1,81,1,1598,1350,3.4
12590,30368.0,Diesel,6,2,1,81,1,1598,1350,3.4
12570,46795.0,Diesel,6,2,1,81,1,1598,1393,3.5
12500,100000.0,Diesel,6,2,1,81,0,1598,1289,4.3
12500,23679.0,Benzine,5,2,2,77,0,999,1273,4.3
12500,45073.0,Benzine,5,2,2,77,0,1598,1360,4.0
12500,74800.0,Diesel,6,2,1,81,0,1598,1425,4.5
12450,50000.0,Diesel,6,1,1,81,0,1598,1403,3.8
12445,96519.0,Diesel,6,2,1,82,0,1598,1293,3.5
12411,43465.0,Diesel,6,1,1,100,0,1598,1350,3.0
12400,47000.0,Diesel,6,2,1,81,0,1598,1403,3.6
12400,59800.0,Diesel,6,2,1,81,0,1598,1403,3.5
12450,73000.0,Diesel,6,2,1,81,1,1598,1403,3.5
12400,21850.0,Diesel,6,2,1,81,0,1598,1425,3.3
12400,59800.0,Diesel,6,2,2,81,0,1598,1403,3.5
12399,53041.0,Diesel,6,2,1,81,0,1598,1425,3.6
12395,52300.0,Benzine,5,1,1,77,0,999,1263,4.4
11990,68500.0,Diesel,6,2,1,81,0,1598,1403,3.5
12395,49800.0,Benzine,5,1,1,77,0,999,1263,4.4
12350,25521.0,Diesel,6,2,1,81,0,1598,1425,3.6
12340,44179.0,Diesel,6,2,1,81,1,1598,1393,3.5
11990,56000.0,Diesel,6,2,1,70,0,1598,1273,3.6
12300,26986.0,Diesel,6,2,1,81,0,1598,1425,3.6
11990,64000.0,Diesel,6,2,1,81,0,1598,1425,3.7
11990,63657.0,Diesel,6,2,1,70,0,1598,1273,3.7
11990,56000.0,Diesel,6,2,1,70,0,1598,1425,3.6
11990,23300.0,Benzine,5,2,1,74,0,1399,1273,5.4
11990,69874.0,Diesel,6,2,1,70,1,1598,1425,3.6
11990,14465.0,Diesel,6,2,1,100,0,1598,1503,3.9
11990,46000.0,Benzine,6,2,1,77,1,999,1273,4.4
11990,70780.0,Diesel,6,2,1,81,1,1598,1503,3.6
11990,41000.0,Diesel,6,2,1,81,0,1598,1273,3.6
11990,25728.0,Diesel,6,2,1,81,1,1598,1273,3.4
11990,44645.0,Diesel,6,2,1,81,1,1598,1503,3.6
11990,83008.0,Diesel,6,2,1,81,1,1598,1503,3.7
11982,41023.0,Benzine,6,2,2,74,0,1399,1273,5.4
11990,66000.0,Diesel,6,2,1,81,0,1598,1475,3.5
11950,45400.0,Diesel,6,2,1,81,0,1598,1360,3.7
11980,35350.0,Diesel,6,2,1,81,1,1598,1273,3.4
11950,86300.0,Diesel,6,2,1,81,1,1598,1403,3.5
11950,57000.0,Diesel,6,1,1,81,0,1598,1985,3.6
11950,93784.0,Diesel,6,2,2,70,0,1598,1425,3.6
11940,65447.0,Diesel,6,2,1,81,1,1598,1425,3.5
11900,1550.0,Diesel,6,2,1,81,0,1598,1360,3.7
11900,80274.0,Diesel,6,2,1,81,0,1598,1350,3.7
11900,21896.0,Diesel,6,2,1,81,0,1598,1328,3.6
11900,70090.0,Diesel,6,2,1,100,0,1598,1425,4.5
11900,29000.0,Benzine,5,2,1,74,0,1399,1188,5.4
11900,41000.0,Diesel,6,2,1,81,0,1598,1273,3.6
11900,9300.0,Diesel,6,1,1,81,0,1598,1328,3.6
11890,49000.0,Benzine,5,1,1,77,0,999,1263,4.4
11890,65666.0,Diesel,6,2,1,81,1,1598,1425,3.5
11880,124112.0,Diesel,6,2,1,100,1,1598,1425,3.8
11870,45989.0,Diesel,6,2,1,81,1,1598,1350,3.4
11570,68804.0,Diesel,6,2,1,81,1,1598,1393,3.5
11590,54846.0,Diesel,6,2,1,81,1,1598,1350,3.4
11590,37900.0,Diesel,6,2,1,81,0,1598,1273,4.9
11599,95000.0,Diesel,6,2,1,81,1,1598,1403,3.6
11560,76140.0,Diesel,6,2,1,81,1,1598,1393,3.5
11500,18000.0,Benzine,5,2,1,77,0,998,1273,4.3
11500,38000.0,Diesel,6,2,1,81,0,1598,1360,4.6
11500,105464.0,Diesel,6,2,1,81,0,1598,1293,3.4
11500,48000.0,Benzine,5,1,1,77,0,999,1263,4.4
11499,63578.0,Diesel,6,2,1,81,0,1598,1360,3.7
11490,83436.0,Diesel,6,2,1,81,1,1598,1393,3.5
11470,44787.0,Diesel,6,2,1,81,1,1598,1360,3.4
11980,37047.0,Diesel,6,2,1,81,1,1598,1360,3.4
11980,35875.0,Diesel,6,2,1,81,1,1598,1273,3.4
11980,66767.0,Diesel,6,2,1,70,1,1598,1425,3.6
11980,69186.0,Diesel,6,2,1,81,1,1598,1393,3.5
11980,86590.0,Diesel,6,2,1,70,1,1598,1360,3.6
11980,29900.0,Diesel,6,2,1,81,0,1598,1364,3.5
11955,39754.0,Benzine,6,2,1,92,0,1399,1278,5.1
11470,40000.0,Diesel,6,2,1,70,0,1598,1345,3.6
11975,38500.0,Benzine,5,2,2,74,1,1399,1244,5.4
11955,39754.0,Benzine,6,2,2,92,0,1399,1278,5.1
11950,79352.0,Benzine,6,2,1,92,0,1399,1278,5.1
11450,56000.0,Benzine,6,2,1,92,0,1399,1778,5.1
11450,65196.0,Diesel,6,2,1,81,1,1598,1350,3.6
11450,62733.0,Diesel,6,2,1,81,0,1598,1425,3.7
11440,87878.0,Diesel,6,2,1,81,1,1598,1393,3.5
11400,98000.0,Diesel,6,2,1,81,0,1598,1364,3.4
11400,77496.0,Diesel,6,2,1,81,0,1598,1273,4.9
11400,70177.0,Diesel,6,2,1,81,0,1598,1360,3.5
11400,42113.0,Diesel,6,2,1,81,0,1598,1360,3.5
11390,83208.0,Diesel,6,2,1,100,0,1598,1425,4.5
11370,78000.0,Diesel,6,2,1,70,0,1598,1345,3.6
11340,72834.0,Diesel,6,2,1,81,1,1598,1425,3.5
11320,50982.0,Diesel,6,2,1,81,1,1598,1350,3.4
11300,50000.0,Diesel,6,2,1,81,0,1598,1350,3.7
11300,68000.0,Diesel,6,2,1,80,0,1399,1273,4.9
11270,46188.0,Diesel,6,2,1,81,1,1598,1273,3.6
11230,77668.0,Diesel,6,2,1,81,1,1598,1425,3.5
11200,100000.0,Diesel,6,2,2,81,0,1598,1475,3.5
11190,63120.0,Diesel,6,2,1,81,1,1598,1273,3.4
11730,52327.0,Diesel,6,2,1,81,1,1598,1350,3.4
11740,45066.0,Diesel,6,2,1,81,1,1598,1350,3.4
11700,75891.0,Benzine,6,2,1,110,0,1364,1273,4.9
11700,79993.0,Benzine,6,2,1,110,0,1364,1273,4.9
11700,68764.0,Benzine,6,2,1,110,0,1364,1273,4.9
11700,62384.0,Benzine,6,2,1,110,0,1364,1273,4.9
11700,62301.0,Benzine,6,2,1,110,0,1364,1273,4.9
11700,77272.0,Benzine,6,2,1,110,0,1364,1273,4.9
11700,69035.0,Benzine,6,2,1,110,0,1364,1273,4.9
11700,45754.0,Diesel,6,2,1,81,0,1600,1360,3.7
11700,48109.0,Diesel,6,2,1,81,0,1600,1360,3.7
11700,50715.0,Diesel,6,2,1,81,0,1600,1360,3.7
11700,54011.0,Diesel,6,2,1,81,0,1600,1360,3.7
11700,48939.0,Diesel,6,2,1,81,0,1600,1360,3.7
11700,54000.0,Benzine,6,2,1,92,0,1399,1278,4.9
11680,45673.0,Diesel,6,2,1,81,1,1598,1360,3.4
11670,40843.0,Diesel,6,2,1,81,1,1598,1273,3.4
17940,18400.0,Benzine,6,1,1,110,0,1399,1425,4.9
17990,24106.0,Benzine,6,1,1,110,1,1399,1278,5.4
17990,4259.0,Benzine,6,1,1,110,0,1399,1278,5.4
17985,19000.0,Benzine,6,1,1,110,1,1399,1298,5.5
17980,26990.0,Diesel,6,1,1,100,1,1598,1273,4.5
17980,25101.0,Benzine,6,1,1,110,0,1399,1425,5.6
17980,23170.0,Benzine,6,1,1,110,1,1399,1425,5.1
17980,29500.0,Diesel,6,1,1,100,1,1598,1425,4.5
17980,24067.0,Benzine,6,1,1,110,1,1399,1273,4.9
18350,31600.0,Diesel,6,1,1,100,1,1598,1425,4.5
18525,19990.0,Benzine,6,1,1,110,0,1399,1308,5.6
18350,23800.0,Benzine,6,1,1,110,1,1399,1425,5.6
18250,29303.0,Diesel,6,1,1,100,1,1598,1364,4.3
18350,15700.0,Benzine,6,1,1,110,1,1399,1350,5.4
18461,18549.0,Diesel,6,1,1,100,0,1598,1425,4.5
18490,28326.0,Benzine,6,1,1,110,1,1399,1308,5.4
18790,21150.0,Benzine,6,1,1,110,0,1399,1278,5.4
18950,28305.0,Benzine,6,1,1,110,1,1399,1273,5.5
18950,29047.0,Benzine,6,1,1,110,0,1399,1425,5.6
18900,24100.0,Benzine,6,1,1,110,0,1399,1308,5.4
18950,16864.0,Benzine,6,1,1,110,1,1399,1425,5.6
18950,24353.0,Benzine,6,1,1,110,1,1400,1388,4.5
18950,22019.0,Benzine,6,1,1,110,1,1399,1425,5.6
18989,7429.0,Benzine,6,1,1,110,0,1399,1425,5.4
18989,11896.0,Benzine,6,1,1,110,0,1399,1425,5.4
18989,10920.0,Benzine,6,1,1,110,0,1399,1425,5.4
18990,1501.0,Diesel,6,0,1,100,0,1598,1364,4.5
18990,22568.0,Benzine,6,1,1,110,1,1400,1425,5.6
18989,14708.0,Benzine,6,1,1,110,0,1399,1425,5.4
18989,26344.0,Benzine,6,1,1,110,1,1598,1425,5.5
18990,28084.0,Benzine,6,1,1,110,1,1399,1273,5.5
18990,20210.0,Benzine,6,1,1,110,0,1399,1273,4.9
18990,21800.0,Benzine,6,1,1,110,0,1399,1425,4.5
18990,50.0,Diesel,6,1,1,100,0,1598,1364,4.5
18990,26500.0,Diesel,6,1,2,100,1,1598,1425,4.5
18990,15267.0,Benzine,6,1,1,110,1,1399,1425,5.6
18990,23950.0,Benzine,6,1,1,110,1,1399,1425,5.1
18990,15.0,Benzine,5,0,1,77,1,999,1273,4.5
18990,18605.0,Benzine,6,1,1,110,1,1399,1425,5.1
18990,28590.0,Benzine,6,1,1,110,0,1399,1273,5.5
18990,23255.0,Benzine,6,1,1,110,1,1399,1388,4.5
18990,37649.0,Diesel,6,1,1,100,0,1598,1425,4.5
18989,8265.0,Benzine,6,1,1,110,0,1399,1425,5.4
18990,35600.0,Benzine,6,1,1,110,0,1399,1425,5.4
18989,15973.0,Benzine,6,1,1,110,0,1399,1425,5.4
18990,4000.0,Benzine,6,0,1,110,1,1400,1425,6.0
18990,28999.0,Benzine,6,1,1,110,1,1399,1388,4.5
18990,20661.0,Benzine,6,1,1,110,1,1399,1308,5.4
18980,13980.0,Benzine,6,1,1,110,1,1399,1425,5.1
18980,29304.0,Benzine,6,1,1,110,1,1399,1425,5.1
18980,28616.0,Benzine,6,1,1,110,0,1399,1278,5.6
18980,8607.0,Benzine,6,1,1,110,1,1400,1388,4.5
18980,17890.0,Benzine,6,1,1,110,0,1399,1425,5.6
18980,24700.0,Benzine,6,1,1,110,1,1399,1273,4.9
18975,26468.0,Benzine,6,1,1,110,1,1399,1350,5.4
18975,17600.0,Benzine,6,1,1,110,1,1399,1322,5.5
18975,23751.0,Benzine,6,1,1,110,0,1399,1350,5.4
18980,15000.0,Benzine,6,1,1,110,0,1399,1425,4.5
18970,27100.0,Diesel,6,1,1,100,0,1598,1425,4.5
18780,13046.0,Diesel,6,1,1,100,1,1598,1364,4.4
18975,15521.0,Benzine,6,1,1,110,0,1399,1350,5.4
18975,67500.0,Diesel,6,1,1,100,0,1600,1273,4.9
18950,23486.0,Benzine,6,1,1,110,1,1399,1425,5.6
18780,28612.0,Benzine,6,1,1,110,1,1399,1350,5.4
18750,20435.0,Benzine,6,1,1,110,1,1399,1425,5.1
18750,15756.0,Benzine,6,1,1,110,0,1399,1425,5.6
18750,28968.0,Benzine,6,1,1,110,1,1399,1425,5.6
18750,5000.0,Benzine,6,0,1,110,1,1400,1425,6.0
18730,17771.0,Benzine,6,1,1,110,0,1399,1340,5.6
18700,17400.0,Benzine,6,1,1,110,0,1399,1425,5.6
18690,23900.0,Benzine,6,1,1,110,0,1399,1425,4.9
18690,21650.0,Benzine,6,1,1,110,1,1399,1308,5.7
18680,28791.0,Diesel,6,1,1,100,1,1598,1425,4.5
18590,14780.0,Benzine,6,1,1,110,0,1399,1340,5.6
18680,29017.0,Benzine,6,1,1,110,0,1398,1425,4.5
18590,10296.0,Benzine,6,1,1,110,0,1399,1340,5.6
18599,1647.362609,Diesel,6,0,1,100,0,1598,1350,4.0
18590,12607.0,Benzine,6,1,1,110,0,1399,1340,5.6
18580,24782.0,Benzine,6,1,1,110,1,1399,1273,4.9
18950,27190.0,Benzine,6,1,1,110,1,1400,1388,4.5
18950,16440.0,Benzine,6,1,1,110,0,1399,1350,5.4
18950,21597.0,Benzine,6,1,1,110,1,1399,1425,5.1
18950,25200.0,Benzine,6,1,1,110,0,1399,1425,5.6
18950,20190.0,Benzine,6,1,1,110,0,1399,1425,5.6
18950,17000.0,Benzine,6,1,1,110,0,1399,1350,5.4
18950,19018.0,Diesel,6,1,2,100,0,1598,1415,5.0
18939,1.0,Benzine,6,0,1,110,0,1399,1273,5.9
18950,28656.0,Benzine,6,1,1,110,1,1399,1425,5.6
18900,28563.0,Diesel,6,1,1,100,1,1598,1425,4.5
18900,11885.0,Benzine,6,1,1,110,1,1399,1425,5.6
18900,29060.0,Diesel,6,1,1,100,0,1598,1425,4.5
18900,20836.0,Benzine,5,1,1,77,0,999,1163,4.3
18900,29050.0,Benzine,6,1,1,110,0,1598,1425,4.5
18900,7481.0,Diesel,6,1,1,100,0,1598,1289,4.5
18900,19200.0,Benzine,6,1,1,110,0,1399,1278,5.4
18900,21243.0,Benzine,5,1,1,77,0,999,1163,4.3
18550,29921.0,Benzine,6,1,1,110,1,1399,1350,5.4
18890,28960.0,Benzine,6,1,1,110,1,1399,1425,5.6
18890,14500.0,Benzine,6,1,1,110,1,1399,1322,4.5
18900,4.0,Benzine,6,0,1,110,0,1399,1425,5.4
18890,20100.0,Benzine,6,1,1,110,0,1399,1425,5.6
18888,12860.0,Benzine,5,1,1,77,0,999,1178,4.3
18880,17850.0,Benzine,6,1,1,110,1,1399,1364,5.5
18880,10079.0,Diesel,6,1,1,100,1,1598,1425,4.5
18875,28953.0,Diesel,6,1,1,100,1,1598,1425,4.5
18870,22750.0,Benzine,6,1,1,110,1,1399,1425,5.6
18864,19800.0,Benzine,6,1,1,110,1,1398,1273,4.9
18850,29900.0,Benzine,6,1,1,110,1,1399,1425,5.1
18790,16724.0,Benzine,6,1,1,110,1,1399,1425,4.9
18450,29310.0,Benzine,6,1,1,110,1,1399,1425,5.6
18450,28627.0,Benzine,6,1,1,110,1,1399,1425,5.6
18850,29782.0,Benzine,6,1,1,110,1,1399,1425,5.6
18800,23900.0,Benzine,6,1,1,110,1,1399,1278,5.1
18790,11500.0,Benzine,6,1,1,110,0,1399,1425,5.6
18450,5150.0,Benzine,5,1,1,77,0,999,1263,4.5
18450,22700.0,Benzine,6,1,1,110,1,1399,1425,5.6
18450,19929.0,Benzine,6,1,1,110,1,1399,1425,4.5
18450,28850.0,Benzine,6,1,1,110,1,1490,1341,4.9
18450,20800.0,Benzine,6,1,1,110,1,1399,1308,5.7
18450,20356.0,Benzine,6,1,1,110,0,1399,1425,5.4
18450,30200.0,Benzine,6,1,1,110,1,1399,1308,5.7
18450,18600.0,Benzine,6,1,1,110,1,1399,1273,5.4
18450,23860.0,Benzine,5,1,1,77,0,1000,1273,4.9
18380,8200.0,Diesel,6,1,1,100,1,1598,1425,4.6
18379,32000.0,Diesel,6,1,2,100,0,1598,1425,4.5
18500,24428.0,Benzine,6,1,1,110,0,1399,1364,5.4
18449,27300.0,Benzine,6,1,1,110,1,1399,1425,5.6
18500,26200.0,Benzine,6,1,1,110,0,1399,1425,5.6
18390,29986.0,Benzine,6,1,1,110,0,1399,1425,5.6
18380,21650.0,Benzine,6,1,1,110,0,1399,1340,5.6
18490,29900.0,Benzine,6,1,1,110,1,1399,1350,5.6
18490,27008.0,Benzine,6,1,1,110,0,1399,1425,5.6
18490,29061.0,Benzine,6,1,1,110,1,1399,1350,5.4
18490,24804.0,Benzine,6,1,1,110,1,1400,1388,4.5
18490,22842.0,Benzine,6,1,1,110,1,1400,1388,4.5
18490,15700.0,Benzine,6,1,1,110,1,1399,1308,5.6
18490,28700.0,Benzine,6,1,1,110,1,1399,1425,5.1
18490,22327.0,Benzine,6,1,1,100,1,1598,1425,4.5
18490,18150.0,Benzine,6,1,2,110,1,1399,1350,5.6
18480,28968.0,Benzine,6,1,1,110,1,1400,1388,4.5
18490,29721.0,Diesel,6,1,1,100,1,1598,1425,4.5
18480,28998.0,Benzine,6,1,1,110,1,1399,1273,4.9
18480,23741.0,Benzine,6,1,1,110,1,1399,1278,5.4
18480,10100.0,Benzine,6,1,1,110,0,1399,1273,4.9
18489,19473.0,Benzine,6,1,1,110,0,1399,1425,5.4
18200,3260.0,Benzine,6,0,1,110,0,1399,1273,4.9
18220,20187.0,Benzine,6,1,1,110,1,1399,1308,5.4
18350,20100.0,Benzine,6,1,1,110,1,1399,1425,5.4
18350,28184.0,Diesel,6,1,1,100,1,1598,1425,4.5
18100,29870.0,Benzine,6,1,1,110,0,1399,1425,5.6
17999,28250.0,Benzine,6,1,1,110,0,1399,1425,5.6
17999,26800.0,Benzine,6,1,1,110,0,1399,1425,5.6
17999,8.0,Benzine,6,0,1,110,1,1399,1308,5.7
18290,5293.0,Benzine,5,1,1,77,1,999,1273,4.3
18290,29350.0,Benzine,6,1,1,110,1,1399,1350,5.4
18290,20900.0,Benzine,6,1,1,110,0,1399,1425,4.9
18290,28843.0,Benzine,6,1,1,110,1,1399,1308,5.5
18290,24444.0,Benzine,6,1,1,110,1,1399,1308,5.5
18290,20500.0,Benzine,6,1,1,110,1,1399,1308,5.6
18289,24037.0,Benzine,6,1,1,110,0,1399,1425,5.4
18260,9000.0,Benzine,6,1,1,110,0,1399,1308,5.4
18250,12629.0,Benzine,6,1,1,110,0,1399,1278,5.4
18250,19388.0,Benzine,6,1,1,110,0,1399,1273,5.1
18250,13440.0,Benzine,6,1,1,110,0,1399,1278,5.4
18250,12342.0,Benzine,6,1,1,110,0,1399,1278,5.4
18250,12835.0,Benzine,6,1,1,110,0,1399,1278,5.4
18250,29200.0,Diesel,6,1,1,100,1,1598,1425,4.5
18250,18649.0,Benzine,6,1,1,110,0,1399,1273,5.4
18480,31496.0,Diesel,6,1,1,100,1,1598,1425,4.5
17994,19993.0,Benzine,6,1,1,110,0,1399,1425,5.6
17990,23710.0,Diesel,6,1,1,100,0,1598,1425,4.5
17990,28800.0,Benzine,6,1,1,110,0,1399,1273,5.1
17990,23168.0,Diesel,6,1,1,100,1,1598,1425,4.5
17990,24000.0,Benzine,6,1,1,110,1,1399,1278,5.4
17990,23620.0,Benzine,6,1,1,110,1,1399,1350,5.4
17990,22674.0,Benzine,6,1,1,110,1,1400,1388,4.5
17990,14470.0,Benzine,6,1,1,110,1,1399,1273,5.4
17990,31494.0,Diesel,6,1,1,100,1,1598,1273,4.5
17990,19000.0,Diesel,6,1,1,100,0,1598,1350,5.0
17990,27824.0,Diesel,6,1,1,100,0,1598,1425,4.5
17990,24400.0,Benzine,6,1,1,110,1,1399,1308,5.6
17940,29980.0,Benzine,6,1,1,110,1,1399,1425,5.6
17940,24300.0,Diesel,6,1,1,100,1,1598,1425,4.5
17940,24542.0,Diesel,6,1,1,100,0,1598,1425,4.6
17990,19800.0,Benzine,6,1,1,110,1,1399,1308,5.7
17978,29330.0,Benzine,6,1,1,110,1,1399,1273,5.5
17978,22292.0,Benzine,6,1,1,110,0,1399,1273,5.5
17970,25623.0,Benzine,6,1,1,110,1,1399,1393,5.6
17970,27472.0,Benzine,6,1,1,110,1,1399,1393,5.6
17970,15172.0,Benzine,6,1,1,110,0,1399,1425,4.9
17970,28988.0,Benzine,6,1,1,110,1,1399,1393,5.6
17950,29966.0,Diesel,6,1,1,100,0,1598,1425,4.5
17950,9056.0,Benzine,6,1,1,110,0,1399,1273,5.5
17950,29280.0,Diesel,6,1,1,100,1,1598,1452,4.5
17930,31829.0,Diesel,6,1,1,100,0,1598,1425,4.5
17925,23580.0,Diesel,6,1,1,100,1,1598,1425,4.5
17940,13581.0,Benzine,6,1,1,110,1,1399,1273,5.5
17925,20665.0,Benzine,6,1,1,110,1,1399,1350,5.6
17924,29100.0,Diesel,6,1,1,100,1,1598,1425,4.5
17900,900.0,Benzine,6,1,1,110,0,1399,1278,5.5
17900,7.0,Benzine,6,0,1,110,0,1399,1273,5.4
17900,11300.0,Diesel,6,1,1,100,0,1598,1350,4.6
17900,5.0,Benzine,6,0,1,110,0,1399,1273,5.4
17900,23950.0,Diesel,6,1,1,100,0,1598,1425,4.5
13400,28495.0,Benzine,6,1,1,92,0,1399,1273,5.6
13899,2499.0,Benzine,5,1,1,66,0,999,1360,5.0
14490,17463.0,Benzine,6,1,1,92,0,1399,1273,4.9
14200,31600.0,Diesel,6,1,1,81,0,1598,1360,3.5
14450,16857.0,Benzine,6,1,1,77,0,999,1273,4.5
14550,14719.0,Benzine,5,1,1,77,0,999,1273,4.5
14750,19577.0,Diesel,6,1,1,70,0,1598,1364,3.7
13990,13572.0,Benzine,6,1,1,110,0,1399,1278,4.0
14700,1501.0,Diesel,6,1,1,81,0,1598,1360,3.7
14990,24707.0,Benzine,6,1,1,92,1,1399,1273,5.4
14970,9200.0,Benzine,6,1,1,77,0,999,1273,4.3
14900,8444.0,Benzine,6,1,1,92,0,1399,1278,5.1
14990,8821.0,Diesel,6,1,1,81,0,1598,1360,3.7
14990,7384.0,Benzine,5,1,1,74,1,1399,1234,5.5
15150,28926.0,Benzine,6,1,1,110,0,1399,1273,5.5
14999,22800.0,Benzine,6,1,1,77,1,999,1273,4.5
15190,50.0,Benzine,5,0,1,66,0,999,1273,4.7
15280,9717.0,Benzine,5,1,1,77,1,998,1273,4.4
15380,61700.0,Diesel,6,1,1,81,0,1598,1940,3.5
15350,28943.0,Benzine,6,1,1,110,0,1399,1273,5.4
15350,23058.0,Benzine,5,1,1,78,0,999,1364,4.4
15330,25600.0,Benzine,5,1,1,77,0,999,1425,4.5
15300,13404.0,Benzine,6,1,1,92,0,1399,1278,5.1
15380,9364.0,Benzine,6,1,1,92,1,1399,1273,5.4
15350,23195.0,Diesel,6,1,1,100,0,1598,1425,3.9
15450,25204.0,Benzine,6,1,1,110,0,1399,1273,5.5
15450,25422.0,Benzine,6,1,1,92,0,1399,1273,5.4
15450,28929.0,Benzine,6,1,1,92,0,1399,1273,5.4
15450,25520.0,Benzine,6,1,1,110,0,1399,1273,5.4
15450,13500.0,Benzine,6,1,1,92,0,1399,1273,5.1
15450,19000.0,Benzine,6,1,1,92,0,1399,1273,5.1
15450,28285.0,Benzine,6,1,1,92,0,1399,1273,5.4
15450,24973.0,Benzine,6,1,1,110,0,1399,1273,5.5
15450,29164.0,Diesel,6,1,1,100,0,1598,1425,3.9
15450,9500.0,Benzine,5,1,1,66,1,999,1273,4.7
15450,12000.0,Benzine,5,1,1,77,1,998,1425,4.5
15450,1.0,Benzine,5,0,1,77,0,999,1288,4.6
15450,13300.0,Diesel,6,1,1,81,1,1598,1425,3.6
15450,13500.0,Benzine,6,1,1,92,0,1399,1278,5.8
15450,24190.0,Diesel,6,1,1,81,1,1598,1360,3.4
15450,12433.0,Diesel,6,1,1,81,0,1598,1403,3.6
15449,991.0,Benzine,5,1,1,77,0,999,1263,4.3
15449,37246.0,Benzine,6,1,1,92,0,1399,1425,5.1
15440,25953.0,Benzine,6,1,1,92,1,1399,1278,5.4
15350,23246.0,Diesel,6,1,1,100,0,1598,1328,3.8
15350,24187.0,Diesel,6,1,1,100,0,1598,1328,3.8
15425,15999.0,Benzine,6,1,1,92,0,1400,1273,4.9
15445,1647.362609,Benzine,5,0,1,74,1,1399,1425,5.7
15422,43556.0,Diesel,6,1,1,81,1,1598,1403,3.6
15400,14250.0,Diesel,6,1,1,81,0,1598,1300,3.3
15400,18035.13007,Diesel,6,1,1,81,0,1598,1360,4.0
15400,25066.0,Benzine,6,1,1,110,0,1399,1273,5.5
15400,102.0,Diesel,6,1,1,81,0,1598,1360,4.0
15400,21664.0,Diesel,6,1,1,100,0,1598,1425,3.9
15400,28850.0,Diesel,6,1,1,100,0,1598,1403,3.8
15390,29941.0,Benzine,6,1,1,92,1,1399,1273,5.4
15390,11300.0,Benzine,6,1,1,92,0,1399,1278,5.4
15400,17142.0,Benzine,6,1,2,92,1,1399,1273,5.2
15400,20122.0,Diesel,6,1,2,81,0,1598,1360,3.5
15390,10850.0,Benzine,5,1,1,77,1,998,1273,4.4
15390,29464.0,Benzine,6,1,1,92,0,1399,1273,5.4
15390,26233.0,Diesel,6,1,1,100,0,1598,1328,3.9
15440,29789.0,Benzine,6,1,1,110,0,1399,1273,5.4
15299,14750.0,Benzine,6,1,1,77,0,999,1273,4.3
15300,27539.0,Diesel,6,1,1,100,0,1598,1425,3.9
15300,27000.0,Diesel,6,1,1,81,0,1598,1403,4.6
15300,22408.0,Diesel,6,1,1,81,0,1598,1475,3.5
15285,1.0,Benzine,5,0,1,66,0,999,1288,4.6
15290,38.0,Benzine,5,1,1,77,0,998,1273,4.9
15290,50.0,Benzine,5,1,1,74,0,1399,1273,5.5
15290,20093.0,Diesel,6,1,1,81,0,1598,1350,3.5
15390,27100.0,Benzine,5,1,1,77,0,999,1273,4.9
14990,1000.0,Diesel,6,1,1,81,0,1598,1364,4.4
14990,16000.0,Diesel,6,1,1,81,0,1598,1364,4.4
14990,16483.0,Benzine,6,1,1,92,0,1399,1278,5.1
14990,206.0,Benzine,5,1,1,77,0,999,1233,4.9
14990,1364.0,Benzine,5,0,1,66,0,999,1273,4.7
14990,4525.0,Benzine,6,1,1,92,0,1399,1278,5.1
14990,28775.0,Diesel,6,1,1,100,0,1598,1425,3.9
14990,18035.13007,Diesel,6,1,1,81,0,1598,1360,4.0
14990,7000.0,Diesel,6,1,1,81,0,1598,1360,4.0
14990,14454.0,Benzine,5,1,1,77,0,999,1278,4.5
15270,25350.0,Benzine,6,1,1,92,1,1399,1268,5.5
15250,17415.0,Diesel,6,1,1,81,0,1598,1350,3.5
15250,27097.0,Benzine,6,1,1,110,0,1399,1273,5.5
15250,25120.0,Benzine,6,1,1,110,1,1399,1273,5.5
14990,13515.0,Benzine,5,1,1,77,0,999,1273,4.5
15241,13041.0,Benzine,5,1,1,77,0,998,1273,4.9
15240,36609.0,Diesel,6,1,1,81,1,1598,1403,3.5
15222,46313.0,Diesel,6,1,1,81,1,1598,1403,3.6
15200,25600.0,Diesel,6,1,1,81,0,1598,1425,3.6
15200,13765.0,Benzine,6,1,1,92,0,1399,1278,5.1
15200,18000.0,Benzine,6,1,1,92,0,1399,1278,5.1
15200,23654.0,Benzine,6,1,1,92,0,1399,1278,5.1
15200,1200.0,Benzine,6,1,1,92,0,1399,1278,5.1
15200,32490.0,Diesel,6,1,1,81,0,1598,1403,3.6
15200,8.0,Benzine,5,0,1,66,0,999,1273,4.9
15200,28889.0,Diesel,6,1,1,100,0,1598,1425,3.9
15190,100.0,Benzine,5,1,1,77,0,999,1233,4.9
15200,28282.0,Diesel,6,1,1,100,0,1598,1425,3.9
15190,28984.0,Diesel,6,1,1,100,0,1598,1425,3.8
15190,17185.0,Diesel,6,1,1,81,0,1598,1360,4.5
15180,29405.0,Benzine,6,1,1,110,0,1399,1273,5.4
15150,28466.0,Benzine,6,1,1,110,0,1399,1273,5.5
15190,31703.0,Benzine,6,1,1,110,0,1399,1273,5.4
15100,29486.0,Benzine,6,1,1,110,0,1399,1273,6.0
15150,25887.0,Benzine,6,1,1,92,0,1399,1273,5.6
15150,28629.0,Benzine,6,1,1,110,0,1399,1273,6.0
15100,29050.0,Benzine,6,1,1,110,0,1399,1273,5.5
15000,7589.0,Benzine,6,1,1,92,0,1399,1278,5.1
15000,40000.0,Diesel,6,1,1,100,0,1598,1364,4.0
15000,25000.0,Diesel,6,1,1,100,0,1598,1503,3.9
15000,13000.0,Benzine,5,1,1,78,0,999,1364,4.4
15000,21628.0,Benzine,6,1,1,77,0,1399,1273,4.9
15000,18985.0,Diesel,6,1,1,81,0,1598,1940,3.5
15000,18400.0,Diesel,6,1,1,81,0,1598,1403,4.6
14999,54497.0,Benzine,6,1,1,92,0,1399,1425,4.9
14970,14936.0,Benzine,5,1,1,77,0,998,1273,4.4
14958,1.0,Benzine,5,0,1,77,0,999,1273,5.0
14950,15200.0,Diesel,6,1,1,100,0,1598,1403,4.6
14950,19750.0,Diesel,6,1,1,100,0,1598,1403,4.6
14955,13604.0,Benzine,6,1,1,92,1,1400,1341,4.9
14950,21000.0,Benzine,5,1,1,77,0,998,1273,4.4
14950,68485.0,Diesel,6,3,1,118,0,1598,1396,4.0
14950,18250.0,Diesel,6,1,1,100,0,1598,1403,3.8
14950,20500.0,Benzine,5,1,1,77,1,998,1273,4.4
14950,18000.0,Diesel,6,1,1,100,0,1598,1403,4.6
14950,19000.0,Diesel,6,1,1,100,0,1598,1403,4.6
14950,20900.0,Benzine,5,1,1,77,1,998,1273,4.4
14950,10289.0,Benzine,5,1,1,77,0,998,1273,4.4
14950,5354.0,Benzine,6,1,1,77,0,999,1273,4.5
14900,13566.0,Benzine,6,1,1,92,0,1399,1278,5.1
14900,1501.0,Benzine,6,1,1,103,0,1364,1449,6.8
14900,24771.0,Diesel,6,1,1,81,0,1598,1328,3.6
14940,17980.0,Benzine,5,1,1,77,1,999,1284,4.5
14900,17500.0,Diesel,6,1,1,81,0,1598,1360,4.6
14900,1500.0,Benzine,6,1,1,92,0,1399,1278,5.1
14900,21379.0,Diesel,6,1,1,81,0,1598,1328,3.6
14900,5555.0,Diesel,6,1,1,81,0,1598,1360,3.7
14900,13915.0,Benzine,6,1,1,92,0,1399,1278,5.1
14900,27318.0,Diesel,6,1,1,81,0,1598,1328,3.6
14900,5.0,Diesel,6,1,1,81,0,1598,1360,3.7
14900,14300.0,Diesel,6,1,1,81,0,1598,1403,4.5
14900,2222.0,Diesel,6,1,1,81,0,1598,1360,3.7
14900,6400.0,Benzine,6,1,1,92,0,1399,1278,5.1
14900,23327.0,Diesel,6,1,1,81,0,1598,1328,3.6
14900,18217.0,Benzine,6,1,1,92,0,1399,1364,5.4
14990,21280.0,Diesel,6,1,1,81,0,1598,1425,3.5
14990,5551.0,Diesel,6,1,1,81,0,1598,1360,3.7
14999,6.0,Benzine,5,0,0,66,0,999,1273,4.7
14990,21500.0,Benzine,6,1,1,77,1,1000,1273,4.6
14990,14302.0,Benzine,6,1,1,92,0,1399,1278,5.1
14900,24987.0,Benzine,6,1,1,92,1,1399,1273,5.4
14990,29936.0,Diesel,6,1,1,100,0,1598,1425,4.5
14990,14960.0,Benzine,5,1,1,77,1,999,1284,4.5
14990,17370.0,Benzine,5,1,1,77,1,999,1273,4.7
14900,25963.0,Diesel,6,1,1,100,0,1598,1328,3.9
14990,19111.0,Benzine,6,1,1,110,0,1399,1273,5.4
14990,1501.0,Benzine,6,1,1,92,0,1399,1278,5.1
14990,10.0,Benzine,5,0,1,66,0,999,1273,4.6
14990,11466.0,Benzine,5,1,1,77,1,1399,1273,4.4
14990,1647.362609,Benzine,5,0,1,66,0,999,1273,4.7
14990,16950.0,Benzine,6,1,1,92,0,1399,1278,5.4
14990,5000.0,Benzine,5,0,1,66,0,999,1263,4.8
14990,4400.0,Benzine,6,1,1,92,0,1399,1425,5.9
14990,20296.0,Benzine,6,1,1,92,0,1400,1425,4.5
14990,7828.0,Diesel,6,1,1,81,0,1598,1273,3.5
14980,21770.0,Benzine,5,1,1,77,0,999,1288,4.3
14990,7144.0,Diesel,6,1,1,81,0,1598,1273,3.5
14980,6800.0,Benzine,5,1,1,66,1,999,1273,4.7
14990,10.0,Diesel,6,1,1,81,0,1598,1350,3.7
14980,10871.0,Benzine,5,1,1,77,0,999,1360,4.5
14980,11500.0,Benzine,5,1,1,77,1,999,1425,4.5
14980,14300.0,Benzine,5,1,1,77,0,999,1273,4.9
14980,8000.0,Benzine,5,1,1,77,1,999,1273,4.9
14980,7200.0,Benzine,6,1,1,92,0,1399,1278,5.4
14980,28850.0,Benzine,6,1,1,92,1,1399,1273,5.5
14980,17690.0,Benzine,5,1,2,77,1,999,1425,4.3
14980,26600.0,Benzine,6,1,1,92,1,1399,1273,4.9
14979,19257.0,Benzine,6,1,1,92,1,1399,1273,5.4
14975,5.0,Benzine,6,0,0,66,0,998,1273,5.0
14978,14982.0,Benzine,5,1,1,77,0,999,1273,4.9
14900,21980.0,Diesel,6,1,1,100,0,1598,1425,3.8
14900,18200.0,Benzine,6,1,1,77,0,999,1273,4.3
14900,29500.0,Diesel,6,1,1,100,0,1598,1425,4.5
14900,14000.0,Benzine,6,1,1,92,0,1399,1278,5.1
14970,13100.0,Diesel,6,1,1,70,0,1598,1345,3.6
14900,24932.0,Diesel,6,1,1,100,0,1598,1425,3.8
14900,30644.0,Diesel,6,1,1,81,0,1598,1364,3.4
14900,22777.0,Diesel,6,1,1,100,0,1598,1425,3.8
14900,14900.0,Diesel,6,1,1,100,0,1598,1403,4.6
14900,21452.0,Diesel,6,1,1,100,0,1598,1328,3.9
14900,27247.0,Diesel,6,1,1,100,0,1598,1425,3.8
14900,27311.0,Diesel,6,1,1,100,0,1598,1425,3.8
14890,50.0,Benzine,5,1,1,74,0,1399,1273,5.5
14890,21488.0,Benzine,6,1,1,77,1,1000,1278,4.5
14890,9000.0,Diesel,6,1,1,81,0,1598,1360,4.5
14890,9500.0,Diesel,6,1,1,81,0,1598,1360,4.5
14890,7200.0,Diesel,6,1,1,81,0,1598,1360,4.5
14700,20090.0,Benzine,6,1,1,92,0,1399,1278,5.1
14890,19600.0,Benzine,5,1,1,77,0,999,1425,4.3
14880,13000.0,Benzine,5,1,1,77,0,999,1273,4.7
14879,15000.0,Benzine,5,1,1,77,1,999,1273,4.4
14870,16500.0,Benzine,5,1,1,77,0,999,1273,4.5
14700,20040.0,Diesel,6,1,1,81,0,1598,1403,3.6
14700,30851.0,Diesel,6,1,1,100,0,1598,1425,4.7
14700,6.0,Diesel,6,1,1,81,0,1598,1360,3.7
14700,19170.0,Benzine,6,1,1,110,0,1399,1278,5.1
14693,20186.0,Benzine,5,1,1,74,0,1399,1244,5.4
14690,2585.0,Benzine,5,1,1,77,0,998,1273,4.9
14690,17367.0,Benzine,6,1,1,92,0,1399,1278,5.1
14690,16000.0,Diesel,6,1,1,100,0,1598,1403,3.8
14660,15447.0,Diesel,6,1,1,81,0,1598,1425,3.5
14650,28910.0,Benzine,6,1,1,92,0,1399,1273,5.5
14590,17591.0,Benzine,6,1,1,92,0,1399,1273,5.4
14555,5.0,Benzine,5,0,0,66,0,999,1273,4.7
14579,26211.0,Benzine,6,1,1,92,1,1399,1273,5.4
14590,23000.0,Diesel,6,1,1,81,0,1598,1425,3.5
14800,8495.0,Diesel,6,1,1,81,0,1598,1360,4.0
14800,30046.0,Diesel,6,1,1,100,0,1598,1328,3.6
14800,23200.0,Diesel,6,1,1,81,0,1598,1403,3.6
14800,30044.0,Diesel,6,1,1,100,0,1598,1328,3.6
14800,29675.0,Diesel,6,1,1,100,0,1598,1328,3.6
14800,25561.0,Diesel,6,1,1,100,0,1598,1328,3.6
14800,27155.0,Diesel,6,1,1,100,0,1598,1328,3.6
14800,23936.0,Benzine,6,1,1,110,0,1399,1322,4.5
14800,24375.0,Diesel,6,1,1,100,0,1598,1328,3.9
14800,28803.0,Benzine,6,1,1,110,0,1399,1322,4.5
14790,29502.0,Benzine,6,1,1,92,1,1399,1273,5.4
14790,5.0,Benzine,5,0,0,66,0,999,1273,4.7
14790,13208.0,Benzine,5,1,1,77,1,999,1273,4.4
14785,1647.362609,Diesel,6,0,0,81,0,1598,1350,3.7
14100,19555.0,Diesel,6,1,1,81,0,1598,1425,4.6
14750,22000.0,Benzine,5,1,1,77,1,998,1273,4.4
14150,1647.362609,Benzine,5,0,0,77,0,999,1263,4.3
14750,21400.0,Benzine,5,1,1,77,1,998,1273,4.4
13999,9212.0,Diesel,6,1,1,81,0,1598,1503,3.7
14770,24000.0,Benzine,6,1,1,77,0,999,1425,4.6
13998,11176.0,Benzine,5,1,1,74,0,1399,1364,5.4
13990,6038.0,Benzine,5,1,1,66,0,999,1273,4.7
13990,22208.0,Diesel,6,1,1,81,0,1598,1425,4.6
13990,25000.0,Benzine,6,1,1,77,0,999,1273,4.5
13990,9431.0,Benzine,6,1,1,77,1,1000,1425,4.6
13990,40275.0,Benzine,6,1,1,77,0,999,1273,4.5
13990,29548.0,Benzine,6,1,1,92,1,1399,1278,5.4
13990,15000.0,Benzine,5,1,1,77,0,999,1273,4.5
13990,22391.0,Benzine,6,1,1,92,0,1399,1278,5.1
13990,6805.0,Benzine,5,1,2,74,0,1399,1244,5.4
13990,16543.0,Benzine,6,1,2,110,0,1399,1278,5.1
13990,21874.0,Diesel,6,1,1,81,0,1598,1890,4.4
14390,11068.0,Benzine,5,1,1,74,0,1399,1244,5.4
14430,10.0,Benzine,5,0,0,77,0,999,1273,4.9
14440,28891.0,Diesel,6,1,1,81,1,1598,1273,3.4
14400,26192.0,Diesel,6,1,1,81,0,1598,1328,3.6
14400,30649.0,Diesel,6,1,1,100,0,1598,1328,3.9
14390,22750.0,Benzine,5,1,1,77,0,999,1273,4.9
14300,19327.0,Diesel,6,1,1,81,0,1598,1360,3.7
14300,18532.0,Diesel,6,1,1,81,0,1598,1360,3.7
14300,17100.0,Diesel,6,1,1,81,0,1598,1360,3.7
14300,20468.0,Diesel,6,1,1,100,0,1598,1403,3.9
14299,13500.0,Benzine,6,1,2,77,0,999,1273,4.3
14290,20300.0,Benzine,6,1,1,77,0,999,1273,4.3
14300,18996.0,Diesel,6,1,1,81,0,1598,1285,3.5
14290,21288.0,Benzine,5,1,1,74,0,1399,1273,4.9
14275,10.0,Benzine,6,0,1,66,1,998,1273,5.0
13400,27063.0,Benzine,6,1,2,92,0,1490,1273,6.2
14250,23950.0,Diesel,6,1,1,81,0,1598,1425,3.5
13400,27103.0,Benzine,6,1,1,92,0,1399,1273,5.6
13300,28216.0,Benzine,6,1,1,92,0,1399,1273,5.6
13300,23727.0,Benzine,6,1,1,92,0,1400,1322,5.1
13400,26539.0,Benzine,6,1,1,92,0,1399,1273,5.6
13300,38474.0,Diesel,6,1,1,81,0,1598,1360,3.7
13250,29464.0,Benzine,6,1,1,92,0,1399,1273,5.6
13000,3550.0,Benzine,5,1,1,77,0,998,1273,4.4
13100,30932.0,Benzine,6,1,1,92,0,1399,1273,5.6
13200,29998.0,Benzine,6,1,1,92,0,1399,1273,5.6
13980,19239.0,Benzine,5,1,1,77,1,999,1273,4.5
13980,27020.0,Benzine,5,1,1,77,0,999,1273,4.3
13100,31671.0,Benzine,6,1,1,92,0,1399,1273,5.6
13979,11910.0,Benzine,5,1,1,77,1,999,1273,4.3
13950,14200.0,Diesel,6,1,1,81,0,1598,1364,3.3
13929,1647.362609,Benzine,6,0,1,66,0,1399,1273,4.7
13945,1647.362609,Benzine,5,0,1,74,1,1399,1273,5.5
13900,27950.0,Diesel,6,1,1,81,0,1598,1360,3.5
13900,12758.0,Benzine,6,1,1,110,0,1399,1273,4.9
13900,20000.0,Benzine,6,1,1,77,1,999,1273,3.9
13900,4800.0,Diesel,6,1,1,81,0,1598,1360,4.5
13900,30800.0,Diesel,6,1,0,100,0,1598,1403,3.0
13900,40000.0,Diesel,6,1,0,81,0,1598,1503,3.7
13900,35616.0,Benzine,6,1,0,92,0,1399,1778,5.1
13900,13149.0,Diesel,6,1,1,81,0,1598,1328,3.6
14500,25000.0,Diesel,6,1,1,81,1,1598,1425,4.5
14500,11152.0,Benzine,6,1,1,92,0,1399,1278,5.1
14499,11000.0,Benzine,5,1,1,74,0,1399,1273,5.4
14490,8095.0,Benzine,5,1,1,77,0,999,1263,4.3
14490,12966.0,Benzine,6,1,1,92,0,1399,1278,5.1
14490,14008.0,Benzine,5,1,1,77,0,999,1263,4.3
14490,14000.0,Benzine,6,1,1,77,0,999,1273,4.5
14490,10880.0,Benzine,5,1,1,77,1,999,1273,4.5
14490,25100.0,Benzine,6,1,1,92,0,1399,1273,4.9
14490,12230.0,Benzine,6,1,1,92,0,1399,1278,5.1
14490,16667.0,Benzine,5,1,1,77,0,999,1425,4.5
14480,25000.0,Benzine,5,1,1,77,0,999,1273,4.3
14489,6500.0,Benzine,5,1,1,66,1,999,1273,5.0
14480,34000.0,Benzine,6,1,1,92,1,1399,1273,5.4
14490,24000.0,Diesel,6,1,1,100,0,1598,1403,3.8
14480,21500.0,Diesel,6,1,1,81,0,1598,1425,3.5
14450,9300.0,Benzine,6,1,1,92,1,1399,1273,5.4
13850,26100.0,Diesel,6,1,1,81,0,1598,1425,4.6
14450,25661.0,Benzine,6,1,1,77,0,999,1273,4.5
13850,11627.0,Benzine,6,1,2,92,0,1399,1273,5.4
13850,11084.0,Benzine,6,1,1,77,0,999,1273,4.5
13770,19100.0,Benzine,6,1,2,77,1,999,1273,4.5
13750,19840.0,Benzine,6,1,1,92,0,1399,1273,5.6
13700,12808.0,Benzine,6,1,1,92,0,1400,1278,5.1
13700,23755.0,Benzine,6,1,2,92,0,1490,1273,6.2
13700,34820.0,Diesel,6,1,2,81,0,1598,1425,4.5
13690,25360.0,Benzine,6,1,2,92,0,1490,1273,6.2
13700,23309.0,Benzine,6,1,1,92,0,1399,1273,5.6
13700,22792.0,Benzine,6,1,1,92,0,1399,1273,5.6
13690,15500.0,Benzine,6,1,1,77,0,999,1273,4.5
13690,25052.0,Benzine,6,1,2,92,0,1490,1273,6.2
13490,10577.0,Benzine,6,1,2,77,1,1000,1273,4.5
13479,9200.0,Benzine,5,1,1,66,1,999,1273,5.0
13400,27764.0,Benzine,6,1,2,92,0,1399,1273,5.4
13480,14024.0,Benzine,6,1,1,74,0,1399,1273,5.4
19865,1647.362609,Benzine,6,0,1,110,1,1398,1308,5.7
19710,1.0,Benzine,6,0,1,110,0,1399,1350,5.5
19825,7060.0,Benzine,6,0,1,110,0,1400,1425,6.1
19500,4.0,Benzine,6,0,1,110,0,1399,1425,5.4
19500,3.0,Benzine,6,0,1,110,1,1399,1308,5.7
20715,1647.362609,Benzine,6,0,1,110,1,1398,1308,5.7
25490,1013.0,Benzine,6,0,1,110,0,1399,1273,5.9
25365,10.0,Benzine,6,0,1,110,1,1399,1308,5.9
19940,6937.0,Benzine,6,0,1,110,1,1399,1425,4.5
25345,1647.362609,Diesel,6,0,1,100,1,1598,1425,4.9
25345,1647.362609,Benzine,6,0,1,147,1,1598,1393,6.6
25500,1647.362609,Benzine,6,0,1,110,0,1399,1350,5.7
27350,8000.0,Benzine,6,0,1,147,1,1598,1425,6.7
32950,3.0,Benzine,6,0,1,110,0,1399,1308,5.6
32590,50.0,Benzine,6,0,1,147,0,1598,1425,6.6
30950,2000.0,Benzine,6,0,1,147,1,1598,1425,6.6
31990,10350.0,Diesel,6,0,1,100,1,1598,1536,5.1
31990,5990.0,Benzine,6,0,1,147,0,1598,1425,6.7
32440,10.0,Benzine,6,0,1,147,1,1598,1425,6.1
32302,15.0,Benzine,6,0,1,110,0,1398,1198,5.7
29824,1.0,Benzine,6,0,1,110,0,1399,1198,5.4
30390,30.0,Benzine,6,0,1,110,1,1399,1308,5.6
30850,4000.0,Benzine,6,0,1,147,1,1598,1378,6.6
30750,2525.0,Benzine,6,0,1,147,1,1598,1273,6.4
30169,10.0,Benzine,6,0,1,110,0,1398,1198,5.5
30950,1500.0,Benzine,6,0,1,110,1,1399,1425,6.0
30650,450.0,Benzine,6,0,1,147,0,1598,1378,6.6
30887,15.0,Benzine,6,0,1,110,0,1398,1240,5.7
30900,10.0,Benzine,6,0,1,147,1,1598,1360,6.4
30895,1647.362609,Benzine,6,0,1,110,0,1399,1308,5.7
29990,1647.362609,Benzine,6,0,1,110,0,1399,1350,5.8
29990,10.0,Benzine,6,0,1,147,0,1598,1425,6.5
30125,1647.362609,Benzine,6,0,1,110,0,1399,1350,5.8
29990,100.0,Benzine,6,0,1,110,0,1399,1425,6.0
29990,106.0,Diesel,6,0,1,100,0,1598,1425,4.6
29989,5900.0,Benzine,6,0,1,110,1,1399,1273,6.1
29900,2000.0,Benzine,6,0,1,147,0,1598,1425,6.6
29900,50.0,Benzine,6,0,1,147,0,1598,1273,6.4
39433,1.0,Benzine,6,0,1,147,0,1598,1278,6.4
37995,10.0,Benzine,6,0,1,147,0,1598,1325,4.0
29950,9.0,Benzine,6,0,1,110,0,1399,1350,5.8
37995,10.0,Benzine,6,0,1,147,0,1598,1325,5.9
36950,10.0,Benzine,6,0,1,147,0,1598,1278,6.6
36950,5.0,Benzine,6,0,1,147,0,1598,1278,6.4
34900,1647.362609,Benzine,6,0,1,147,1,1598,1425,6.6
34580,12.0,Benzine,6,0,1,147,0,1598,1425,6.5
34411,10.0,Benzine,6,0,1,147,0,1598,1425,6.5
33945,8900.0,Benzine,6,0,1,147,0,1598,1325,6.7
33995,5016.0,Benzine,6,0,1,147,0,1598,1325,6.7
33950,1647.362609,Benzine,6,0,1,147,0,1598,1312,6.5
33795,17346.0,Benzine,6,0,1,147,0,1598,1325,6.5
33780,2.0,Benzine,6,0,1,147,1,1598,1425,6.7
29750,30.0,Benzine,6,0,1,110,1,1399,1308,5.6
33597,10.0,Benzine,6,0,1,147,0,1598,1263,4.0
33470,5555.0,Diesel,6,0,1,100,0,1598,1425,5.1
33390,5.0,Benzine,6,0,1,147,0,1598,1425,6.6
33390,5.0,Benzine,6,0,1,147,0,1598,1425,6.3
29750,10.0,Benzine,6,0,1,110,1,1399,1350,5.7
29526,10.0,Benzine,6,0,1,110,0,1398,1198,5.5
29475,10.0,Diesel,6,0,1,100,0,1598,1273,4.1
28998,5.0,Benzine,6,0,1,110,0,1399,1208,5.9
28989,9999.0,Benzine,6,0,1,147,0,1598,1273,6.4
28980,10500.0,Benzine,6,0,1,147,1,1598,1273,6.4
28950,500.0,Benzine,6,0,1,110,1,1399,1425,5.7
28940,50.0,Benzine,6,0,1,110,1,1399,1425,6.0
28900,5.0,Benzine,6,0,1,110,0,1399,1273,5.4
28900,1647.362609,Benzine,6,0,1,110,0,1399,1308,7.5
28890,5000.0,Benzine,6,0,1,110,1,1399,1273,5.5
28790,5.0,Benzine,6,0,1,110,0,1399,1273,6.1
28680,50.0,Benzine,6,0,1,110,1,1399,1425,5.8
28625,1647.362609,Benzine,6,0,1,110,0,1399,1308,5.9
28590,8000.0,Benzine,6,0,1,110,1,1399,1308,5.7
28590,5.0,Benzine,6,0,1,110,0,1399,1425,6.0
28590,999.0,Benzine,6,0,1,147,1,1598,1425,5.0
33095,1647.362609,Benzine,6,0,1,110,0,1399,1350,5.6
28590,1647.362609,Benzine,6,0,1,110,1,1399,1350,5.4
31950,10.0,Diesel,6,0,0,100,1,1598,1456,4.8
31890,300.0,Benzine,6,0,1,147,0,1598,1378,7.4
31840,15.0,Benzine,6,0,1,147,1,1598,1273,6.1
31940,12.0,Benzine,6,0,1,147,1,1598,1444,6.6
31250,10.0,Benzine,6,0,1,147,1,1598,1425,6.1
29850,10.0,Benzine,6,0,1,110,1,1398,1273,5.5
31246,10.0,Benzine,6,0,1,81,0,1398,1360,4.0
31246,10.0,Benzine,6,0,1,110,0,1398,1360,4.0
31246,10.0,Benzine,6,0,1,110,0,1400,1360,4.0
31125,15.0,Benzine,6,0,1,110,0,1398,1250,5.7
30990,10.0,Benzine,6,0,1,147,0,1598,1378,6.4
30980,300.0,Benzine,6,0,1,147,1,1598,1378,6.6
30950,12366.0,Benzine,6,0,1,147,0,1598,1325,6.7
30995,15.0,Benzine,6,0,1,110,0,1399,1425,6.0
27150,7.0,Benzine,6,0,1,147,0,1598,1425,6.7
27450,500.0,Benzine,6,0,1,110,1,1399,1273,5.7
26990,7.0,Benzine,6,0,1,147,0,1598,1425,6.7
27453,20.0,Diesel,6,0,1,100,0,1598,1425,4.5
26990,7995.0,Diesel,6,0,1,100,0,1598,1456,4.8
26990,5990.0,Benzine,6,0,1,110,0,1399,1273,5.9
26990,12.0,Benzine,6,0,1,110,1,1399,1308,5.6
26990,1500.0,Diesel,6,0,1,100,0,1598,1425,4.5
26970,6500.0,Benzine,6,0,1,110,0,1399,1308,5.6
26950,8.0,Benzine,6,0,1,110,0,1399,1425,5.4
26980,20.0,Benzine,6,0,1,110,1,1400,1394,5.8
26990,10000.0,Benzine,6,0,1,110,1,1399,1273,5.5
26900,19200.0,Benzine,6,0,1,110,0,1598,1425,4.5
26900,1500.0,Benzine,6,0,1,110,1,1399,1308,5.7
26899,100.0,Benzine,6,0,1,110,0,1399,1308,5.6
26791,0.0,Benzine,6,0,0,110,0,1399,1273,6.1
26800,4.0,Benzine,6,0,0,147,0,1598,1425,6.7
26799,3000.0,Diesel,6,0,1,101,0,1598,1273,4.9
26790,4690.0,Benzine,6,0,1,147,1,1598,1425,4.5
26780,5530.0,Benzine,6,0,1,110,1,1399,1425,5.8
26590,6000.0,Benzine,6,0,1,110,1,1399,1273,5.4
26580,50.0,Benzine,6,0,0,110,0,1399,1350,5.4
26540,10.0,Benzine,6,0,1,110,1,1399,1425,6.0
26490,10.0,Benzine,6,0,1,110,1,1399,1425,6.1
26490,1500.0,Benzine,6,0,1,112,0,1399,1273,4.9
26490,352.0,Benzine,6,0,1,110,0,1399,1288,5.8
26490,6000.0,Benzine,6,0,1,112,0,1598,1425,4.5
26441,301.0,Benzine,6,0,1,110,1,1399,1425,5.8
26290,150.0,Benzine,6,0,1,112,0,1399,1273,4.9
26195,15.0,Benzine,6,0,1,110,0,1399,1308,5.7
25990,300.0,Benzine,6,0,1,110,0,1399,1350,5.8
25990,2962.0,Benzine,6,0,1,110,0,1399,1425,5.4
26441,301.0,Benzine,6,0,1,110,0,1399,1425,5.8
26341,301.0,Benzine,6,0,1,110,0,1398,1425,5.8
25950,10.0,Benzine,6,0,1,147,0,1600,1425,6.5
25999,4000.0,Benzine,6,0,1,112,0,1399,1425,4.5
25990,2500.0,Benzine,6,0,1,110,0,1399,1273,6.1
25990,12.0,Benzine,6,0,1,110,0,1399,1273,6.1
25900,11100.0,Benzine,6,0,1,110,0,1399,1208,5.9
25940,1647.362609,Benzine,6,0,1,110,1,1399,1308,5.6
25980,3000.0,Benzine,6,0,1,110,1,1399,1425,6.0
25899,4899.0,Benzine,6,0,1,110,0,1399,1350,5.6
25850,7782.0,Benzine,6,0,1,110,0,1398,1250,5.7
25850,10924.0,Benzine,6,0,1,110,0,1398,1250,5.7
25750,6200.0,Benzine,6,0,1,110,0,1598,1425,5.7
25740,1647.362609,Diesel,6,0,1,100,0,1598,1273,4.9
25700,1000.0,Benzine,6,0,1,110,1,1399,1308,6.1
25575,1647.362609,Benzine,6,0,1,147,1,1598,1425,6.7
25575,1647.362609,Diesel,6,0,1,100,1,1598,1456,5.1
25560,40.0,Benzine,6,0,1,110,0,1399,1273,5.9
25550,100.0,Benzine,6,0,1,110,0,1398,1425,6.0
28541,51.0,Benzine,6,0,1,110,1,1400,1370,5.8
28500,1000.0,Benzine,6,0,1,110,0,1399,1425,5.7
28490,4500.0,Benzine,6,0,1,147,1,1598,1425,6.5
28489,4999.0,Diesel,6,0,1,100,0,1598,1425,6.3
28489,9999.0,Diesel,6,0,1,100,1,1598,1425,4.9
28435,5.0,Benzine,6,0,1,110,1,1399,1425,5.6
28390,1500.0,Benzine,6,0,1,110,1,1399,1273,5.8
28300,5890.0,Benzine,6,0,1,147,0,1598,1425,6.7
28225,995.0,Benzine,6,0,1,110,0,1399,1308,5.9
27990,1500.0,Benzine,6,0,1,110,0,1399,1308,5.9
27990,1647.362609,Benzine,6,0,1,110,0,1399,1308,6.8
27989,7490.0,Benzine,6,0,1,147,1,1598,1425,6.6
27990,22.0,Diesel,6,0,1,100,0,1598,1456,4.8
27950,6000.0,Benzine,6,0,1,110,0,1399,1425,5.6
27948,5700.0,Benzine,6,0,1,110,1,1400,1425,4.5
27940,600.0,Benzine,6,0,1,147,1,1598,1378,6.4
27889,10.0,Benzine,6,0,1,110,0,1399,1273,5.5
27690,990.0,Benzine,6,0,1,149,0,1600,1273,4.9
27490,5.0,Benzine,6,0,1,110,0,1399,1425,5.6
25290,10000.0,Benzine,6,0,1,110,1,1399,1425,4.5
25290,10.0,Benzine,6,0,1,110,0,1399,1360,6.1
25225,1647.362609,Benzine,6,0,1,147,1,1598,1425,6.7
25225,1647.362609,Diesel,6,0,1,100,1,1598,1456,5.1
25140,10.0,Benzine,6,0,1,110,0,1399,1308,5.5
24990,10.0,Benzine,6,0,1,110,0,1399,1350,5.4
24990,4950.0,Benzine,6,0,1,110,1,1399,1350,5.8
24979,4500.0,Benzine,6,0,1,110,1,1399,1273,5.4
24960,1647.362609,Benzine,6,0,1,110,1,1399,1308,5.4
24940,5.0,Benzine,6,0,1,110,1,1399,1308,5.6
24790,2258.0,Benzine,6,0,1,110,0,1399,1378,5.6
24989,4999.0,Benzine,6,0,1,110,0,1399,1273,5.4
24950,1647.362609,Benzine,6,0,1,147,0,1600,1273,6.4
24890,20.0,Benzine,6,0,1,110,1,1400,1365,6.1
24790,1647.362609,Benzine,6,0,1,110,0,1399,1308,5.9
24860,8000.0,Benzine,6,0,1,110,0,1399,1273,6.1
24750,100.0,Benzine,6,0,1,110,0,1398,1273,6.1
24690,6500.0,Benzine,6,0,1,110,0,1399,1273,5.8
24590,1647.362609,Benzine,6,0,1,110,1,1399,1308,5.6
24645,2500.0,Diesel,6,0,1,100,0,1598,1456,4.8
24565,1647.362609,Diesel,6,0,1,100,1,1598,1456,4.8
24535,1647.362609,Benzine,6,0,1,147,1,1598,1378,6.6
24535,1647.362609,Diesel,6,0,1,100,1,1598,1393,4.9
24390,10.0,Benzine,6,0,1,110,1,1399,1308,5.6
24390,630.0,Benzine,6,0,1,110,0,1399,1273,5.7
24195,1647.362609,Diesel,6,0,1,100,1,1598,1393,4.8
24195,1647.362609,Benzine,6,0,1,147,1,1598,1378,6.6
24490,20.0,Benzine,6,0,1,110,1,1400,1382,6.0
24195,1647.362609,Diesel,6,0,1,100,1,1598,1393,4.9
23990,5.0,Benzine,6,0,1,110,0,1399,1288,6.0
21900,5.0,Benzine,6,0,1,110,0,1399,1273,5.5
21900,10.0,Diesel,6,0,1,100,0,1598,1425,4.7
21845,1647.362609,Benzine,6,0,1,110,1,1398,1350,5.7
21834,7530.0,Benzine,6,0,1,110,0,1399,1425,5.7
21815,1647.362609,Diesel,6,0,1,100,1,1598,1456,4.8
21815,1.0,Benzine,6,0,1,110,0,1399,1350,5.5
21715,1647.362609,Benzine,6,0,1,110,1,1399,1350,5.8
21658,1.0,Benzine,6,0,1,110,0,1399,1425,5.8
21480,1.0,Benzine,6,0,1,110,0,1399,1350,5.5
21450,1020.0,Benzine,6,0,1,110,1,1399,1273,5.5
21745,1647.362609,Benzine,6,0,1,110,1,1398,1350,5.7
21490,2500.0,Benzine,6,0,1,110,0,1399,1298,5.5
21445,1647.362609,Diesel,6,0,1,100,1,1598,1393,4.8
21360,1.0,Diesel,6,0,1,100,0,1598,1456,4.8
23990,3000.0,Benzine,6,0,1,147,0,1600,1425,4.5
21334,7530.0,Benzine,6,0,1,110,0,1399,1425,5.7
21300,10.0,Diesel,6,0,1,100,0,1598,1425,4.7
21005,1647.362609,Benzine,6,0,1,110,1,1398,1350,5.7
20989,4999.0,Benzine,6,0,1,110,1,1399,1273,4.1
23940,12.0,Benzine,6,0,1,110,1,1399,1352,6.1
23940,12.0,Benzine,6,0,1,110,1,1398,1308,5.9
23845,1647.362609,Benzine,6,0,1,110,1,1399,1350,5.8
23740,12.0,Benzine,6,0,1,110,1,1398,1308,5.9
23640,6020.0,Benzine,6,0,1,110,1,1399,1350,5.4
23625,1647.362609,Benzine,6,0,1,110,1,1399,1308,5.9
23755,1647.362609,Benzine,6,0,1,110,1,1398,1350,5.7
23620,10.0,Benzine,6,0,1,77,0,1000,1163,4.3
23600,1647.362609,Diesel,6,0,1,100,0,1598,1350,4.6
23595,9000.0,Benzine,6,0,1,110,0,1399,1308,5.4
20685,1647.362609,Benzine,6,0,1,110,1,1399,1308,5.9
20663,1.0,Benzine,6,0,1,110,0,1399,1273,5.9
23580,0.0,Benzine,6,0,0,110,1,1399,1308,5.7
20640,8068.0,Benzine,6,0,1,110,1,1399,1425,4.5
20640,5911.0,Benzine,6,0,1,110,1,1399,1425,4.5
20605,1647.362609,Benzine,6,0,1,110,1,1398,1308,5.7
20295,1647.362609,Benzine,6,0,1,110,0,1399,1273,5.0
20590,7313.0,Benzine,6,0,1,110,0,1398,1425,6.1
20185,1647.362609,Diesel,6,0,1,100,0,1598,1273,4.0
19990,10.0,Diesel,6,0,1,100,0,1598,1364,4.9
19960,7700.0,Benzine,6,0,1,110,1,1399,1425,5.7
19990,7308.0,Benzine,6,0,1,110,1,1399,1425,5.6
19940,6004.0,Benzine,6,0,1,110,1,1399,1425,4.5
19940,8068.0,Benzine,6,0,1,110,1,1399,1425,4.5
19940,7572.0,Benzine,6,0,1,110,1,1399,1425,4.5
20980,5100.0,Benzine,6,0,1,110,1,1399,1425,5.4
23505,1647.362609,Benzine,6,0,1,110,1,1399,1350,5.8
23520,1.0,Benzine,6,0,1,147,0,1598,1425,6.5
23550,10.0,Benzine,6,0,1,110,1,1399,1360,5.4
19940,4501.0,Benzine,6,0,1,110,1,1399,1425,4.5
23499,5000.0,Diesel,6,0,1,101,0,1598,1273,4.9
23490,7000.0,Benzine,6,0,1,110,1,1399,1425,5.5
23490,1500.0,Benzine,6,0,1,110,0,1399,1273,5.9
23465,1.0,Diesel,6,0,1,100,0,1598,1456,4.8
23435,1647.362609,Diesel,6,0,1,100,1,1598,1456,5.1
23400,1647.362609,Diesel,6,0,1,100,0,1598,1364,4.7
23400,875.0,Diesel,6,0,1,100,0,1598,1425,4.7
23390,7202.0,Diesel,6,0,1,100,0,1598,1425,4.5
23290,6000.0,Diesel,6,0,1,100,0,1598,1425,4.5
23200,750.0,Benzine,6,0,1,110,0,1399,1425,4.0
23150,1.0,Benzine,6,0,1,147,0,1598,1425,6.5
23130,1.0,Diesel,6,0,1,100,0,1598,1456,4.8
22995,5000.0,Benzine,6,0,1,110,1,1400,1383,6.0
22989,5000.0,Benzine,6,0,1,110,1,1399,1273,5.9
22839,20.0,Benzine,6,0,1,110,1,1399,1273,6.1
22815,1647.362609,Benzine,6,0,1,110,1,1399,1308,5.9
22950,850.0,Benzine,6,0,1,110,0,1400,1308,5.9
22900,3000.0,Benzine,6,0,1,110,1,1399,1273,5.6
22690,4500.0,Benzine,6,0,1,110,0,1399,1288,5.8
22655,1647.362609,Diesel,6,0,1,100,1,1598,1456,4.8
22615,1647.362609,Benzine,6,0,1,110,1,1398,1308,5.7
22590,20.0,Benzine,6,0,1,110,1,1399,1273,6.1
22555,1647.362609,Diesel,6,0,1,100,1,1598,1456,4.8
22490,11572.0,Diesel,6,0,1,100,0,1598,1273,4.9
22490,3550.0,Benzine,6,0,1,110,1,1399,1273,5.9
22475,1647.362609,Benzine,6,0,1,110,1,1399,1308,5.9
22185,1647.362609,Diesel,6,0,1,100,1,1598,1393,4.8
22405,1647.362609,Diesel,6,0,1,100,1,1598,1393,4.9
22290,10000.0,Diesel,6,0,1,100,0,1598,1273,4.8
22285,1647.362609,Diesel,6,0,1,100,1,1598,1393,4.8
22275,10.0,Benzine,6,0,1,110,1,1399,1273,4.9
21990,5000.0,Benzine,6,0,1,110,0,1399,1308,5.6
19940,5911.0,Benzine,6,0,1,110,1,1399,1425,4.5
19940,6312.0,Benzine,6,0,1,110,1,1399,1425,4.5
19499,2.0,Benzine,6,0,1,110,1,1399,1308,5.7
19934,1.0,Benzine,6,0,1,110,0,1399,1425,5.8
19490,11707.0,Benzine,6,0,1,110,1,1399,1425,4.5
19495,6100.0,Benzine,6,0,1,110,1,1399,1425,5.4
19480,1647.362609,Benzine,6,0,0,110,1,1399,1278,5.4
19495,7900.0,Benzine,6,0,1,110,1,1399,1425,5.4
19940,6149.0,Benzine,6,0,1,110,1,1399,1425,4.5
19480,13200.0,Benzine,6,0,1,110,1,1399,1425,5.7
16073,1647.362609,Benzine,5,0,1,77,0,1000,1273,4.9
15999,13542.0,Benzine,5,0,1,77,0,999,1263,4.9
15990,2500.0,Benzine,5,0,1,77,0,999,1273,4.7
15990,5.0,Benzine,5,0,1,66,1,999,1273,4.4
15990,10.0,Benzine,5,0,1,66,1,998,1273,4.7
15990,800.0,Benzine,6,0,1,66,1,999,1273,4.6
15990,111.0,Benzine,5,0,1,66,0,999,1273,4.7
15990,10.0,Benzine,5,0,1,66,1,999,1273,5.0
15990,111.0,Benzine,5,0,1,77,0,999,1247,4.6
16500,3698.0,Benzine,5,0,1,77,0,999,1360,4.0
16080,10.0,Benzine,5,0,1,66,0,999,1273,4.9
16900,50.0,Benzine,5,0,1,66,0,999,1273,5.0
16900,5500.0,Benzine,6,0,1,92,0,1399,1278,5.4
16900,10182.0,Diesel,6,0,1,100,0,1598,1360,4.0
16895,1647.362609,Benzine,5,0,1,66,1,999,1273,5.0
16899,11.0,Benzine,6,0,1,92,1,1399,1449,6.3
16995,1647.362609,Benzine,5,0,1,77,0,998,1263,4.6
17445,1.0,Benzine,5,0,1,66,0,999,1288,4.6
16990,1.0,Diesel,6,0,1,81,0,1399,1273,4.9
16977,1647.362609,Benzine,5,0,1,77,0,999,1273,4.7
17438,1647.362609,Benzine,6,0,1,92,0,1399,1278,5.4
17415,1647.362609,Benzine,6,0,1,92,1,1399,1278,6.0
17400,4999.0,Benzine,5,0,1,77,1,999,1273,4.8
16990,1647.362609,Diesel,6,0,1,70,0,1598,1273,3.6
17500,5.0,Diesel,6,0,1,81,0,1598,1425,4.5
17800,1647.362609,Diesel,6,0,1,81,0,1598,1425,3.9
17790,3395.0,Benzine,6,0,1,92,0,1399,1425,4.5
17790,10.0,Benzine,5,0,1,66,1,999,1263,4.4
17714,1647.362609,Benzine,5,0,1,77,0,999,1425,4.5
17500,6.0,Diesel,6,0,1,100,0,1598,1403,3.9
17740,1647.362609,Diesel,6,0,1,81,0,1598,1360,3.4
17714,1647.362609,Benzine,5,0,1,78,0,1398,1425,4.6
17800,2970.0,Diesel,6,0,1,81,0,1598,1360,4.0
17714,1647.362609,Benzine,5,0,1,78,0,999,1425,4.5
17690,3530.0,Diesel,6,0,1,81,0,1598,1326,4.1
17690,3388.0,Diesel,6,0,1,81,0,1598,1326,4.1
17690,10.0,Benzine,5,0,1,66,1,999,1273,4.7
17678,1.0,Benzine,5,0,1,77,0,999,1273,5.0
17600,10.0,Benzine,6,0,1,85,0,1598,1393,6.4
17590,5.0,Benzine,5,0,1,77,0,999,1273,4.7
17575,1647.362609,Benzine,5,0,1,66,1,999,1288,5.0
17500,1.0,Diesel,6,0,1,81,0,1598,1360,4.0
17570,4581.0,Benzine,5,0,1,77,0,999,1273,4.9
17560,1.0,Diesel,6,0,1,81,0,1598,1425,4.7
17559,1.0,Diesel,6,0,1,81,0,1598,1425,4.7
17500,6.0,Diesel,6,0,1,81,0,1598,1360,4.0
17490,100.0,Benzine,6,0,1,92,0,1399,1425,5.9
17490,1459.0,Benzine,5,0,1,66,0,999,1288,4.5
17490,10.0,Benzine,6,0,1,66,0,999,1425,5.0
17490,50.0,Benzine,6,0,1,92,0,1399,1425,5.6
17490,4275.0,Benzine,5,0,1,77,0,999,1360,4.0
17490,1647.362609,Benzine,5,0,1,77,0,999,1360,4.0
17490,979.0,Benzine,5,0,1,77,0,999,1360,4.0
17450,10.0,Benzine,5,0,1,66,1,999,1425,4.6
17450,5508.0,Benzine,5,0,1,77,1,999,1425,4.5
16990,3.0,Benzine,5,0,1,77,0,999,1273,4.7
16990,999.0,Benzine,5,0,1,77,0,1000,1273,4.9
17475,3000.0,Benzine,6,0,1,92,0,1399,1425,5.5
16990,5.0,Benzine,6,0,1,66,0,999,1273,4.7
16990,5.0,Benzine,5,0,1,66,1,999,1273,4.7
16990,500.0,Benzine,6,0,1,92,0,1398,1425,4.5
16990,1880.0,Benzine,5,0,1,77,0,999,1273,4.7
16990,10.0,Benzine,5,0,1,66,0,998,1425,5.9
16990,7.0,Benzine,6,0,1,92,0,1399,1273,4.9
16990,5.0,Benzine,5,0,1,77,0,999,1273,4.7
16990,111.0,Benzine,5,0,1,77,0,999,1288,4.5
16990,3000.0,Diesel,6,0,1,81,0,1598,1360,4.0
16990,6.0,Diesel,6,0,1,81,0,1598,1360,4.0
16990,11509.0,Benzine,5,0,1,77,0,999,1263,4.4
17450,10.0,Benzine,5,0,1,66,0,1000,1263,4.8
16990,2500.0,Benzine,5,0,1,66,1,999,1273,4.7
16990,1647.362609,Benzine,5,0,1,66,1,999,1273,4.7
16990,4956.0,Benzine,5,0,1,77,1,999,1273,4.8
16989,2627.0,Benzine,5,0,1,77,1,999,1360,5.0
16977,1647.362609,Benzine,5,0,1,66,0,999,1273,4.7
17400,1647.362609,Benzine,5,0,1,66,0,999,1273,4.9
17390,2500.0,Benzine,5,0,1,77,1,999,1273,5.0
17390,10.0,Benzine,5,0,1,66,1,999,1425,5.0
17390,1647.362609,Diesel,6,0,1,81,0,1000,1425,4.5
17330,10.0,Benzine,5,0,1,77,0,998,1233,4.9
17350,5.0,Benzine,5,0,1,77,0,999,1233,4.9
17190,1647.362609,Benzine,5,0,1,78,0,998,1273,4.7
17275,1647.362609,Benzine,5,0,1,77,1,999,1273,5.0
17105,1647.362609,Benzine,5,0,1,66,1,999,1273,5.0
17290,10.0,Diesel,6,0,1,81,0,1598,1273,4.9
17038,1647.362609,Benzine,6,0,1,92,0,1399,1278,5.0
17015,1.0,Benzine,6,0,1,92,0,1399,1322,5.5
17000,1501.0,Benzine,6,0,1,92,0,1399,1278,5.1
16996,4.0,Diesel,6,0,1,100,0,1598,1378,4.4
16873,1647.362609,Benzine,5,0,1,77,0,1000,1273,4.9
16999,27714.0,Benzine,6,0,1,110,1,1399,1425,5.5
16800,10.0,Benzine,6,0,1,92,0,1399,1778,5.1
16839,1647.362609,Benzine,6,0,1,78,0,999,1273,4.9
16866,1647.362609,Benzine,5,0,1,77,0,999,1288,4.6
16890,1647.362609,Benzine,6,0,1,66,0,999,1273,5.0
16799,10.0,Benzine,5,0,1,77,0,999,1288,4.6
16790,10.0,Benzine,5,0,1,77,0,999,1425,4.5
16790,10.0,Benzine,5,0,1,66,1,999,1425,5.0
16772,8.0,Benzine,5,0,1,77,0,999,1288,4.6
16617,1.0,Benzine,5,0,1,77,0,999,1425,5.0
16580,1647.362609,Benzine,6,0,1,77,0,999,1425,5.0
16500,3237.0,Benzine,5,0,1,77,0,999,1360,4.0
16500,2595.0,Benzine,5,0,1,77,0,999,1360,4.0
16500,8020.0,Benzine,5,0,1,77,0,999,1360,4.0
16488,1647.362609,Diesel,6,0,1,81,0,1598,1273,3.0
16490,10.0,Benzine,6,0,1,66,0,999,1273,4.7
16490,5.0,Benzine,5,0,1,66,1,999,1273,4.7
16489,4990.0,Benzine,5,0,1,77,1,999,1273,4.9
16464,1647.362609,Benzine,5,0,1,78,0,999,1273,4.9
16390,1647.362609,Benzine,6,0,1,67,0,1000,1425,4.5
16389,5000.0,Benzine,5,0,1,77,1,999,1273,4.9
16360,1.0,Benzine,5,0,1,77,0,999,1288,4.6
16390,4.0,Benzine,5,0,1,66,0,999,1288,4.5
16344,1647.362609,Benzine,5,0,1,77,0,999,1263,4.0
16290,10.0,Benzine,5,0,1,66,0,998,1263,4.3
16390,10.0,Benzine,5,0,1,66,0,998,1273,4.7
16190,1.0,Benzine,5,0,1,66,0,999,1288,4.6
15974,1647.362609,Diesel,6,0,1,81,0,1598,1350,3.0
15899,10.0,Benzine,5,0,1,77,0,999,1273,4.7
16280,3024.0,Benzine,5,0,1,66,1,999,1263,4.8
15953,1.0,Benzine,5,0,1,77,0,999,1425,5.0
15862,1647.362609,Benzine,6,0,1,92,0,1399,1278,5.0
15500,4999.0,Benzine,5,0,1,66,1,999,1273,4.7
15816,1647.362609,Diesel,6,0,1,81,0,1598,1350,3.0
15590,1647.362609,Benzine,6,0,1,67,0,1000,1425,4.5
15700,4999.0,Benzine,5,0,1,66,1,999,1273,4.7
15622,1.0,Benzine,5,0,1,77,0,999,1273,5.0
15500,9500.0,Diesel,6,0,1,81,0,1399,1273,4.9
15490,1900.0,Benzine,6,0,1,92,0,1399,1278,5.1
15455,7.0,Benzine,5,0,1,66,0,999,1288,4.6
15488,10.0,Benzine,5,0,1,66,1,999,1273,4.8
17990,5357.0,Benzine,5,0,1,77,0,998,1273,4.4
17877,10.0,Benzine,6,0,1,110,1,1399,1288,5.4
17950,500.0,Benzine,5,0,1,77,1,998,1273,4.4
17880,14478.0,Benzine,6,0,1,110,1,1399,1425,5.5
17890,10.0,Benzine,5,0,1,66,1,999,1273,5.5
17889,4000.0,Benzine,6,0,1,77,1,999,1263,4.7
18190,4439.0,Benzine,6,0,1,92,0,1399,1273,4.9
18190,2835.0,Benzine,6,0,1,92,0,1598,1425,4.5
18190,6245.0,Benzine,6,0,1,92,0,1399,1425,4.5
18190,10.0,Benzine,5,0,1,77,0,999,1247,4.6
18135,1647.362609,Benzine,5,0,1,66,1,999,1288,5.0
18100,4999.0,Benzine,6,0,1,92,1,1399,1273,5.9
18590,1647.362609,Benzine,5,0,1,77,0,999,1273,4.7
18750,5.0,Diesel,6,0,1,81,0,1598,1410,4.5
18190,431.0,Diesel,6,0,1,81,0,1598,1326,4.1
18758,1647.362609,Benzine,5,0,1,77,0,1000,1273,4.9
18440,700.0,Benzine,6,0,1,92,1,1399,1322,5.9
18990,1647.362609,Benzine,5,0,1,77,0,999,1360,4.0
18490,9000.0,Benzine,6,0,1,92,0,1399,1278,5.8
18400,4999.0,Benzine,6,0,1,92,1,1399,1273,5.9
18450,1.0,Benzine,5,0,1,77,0,999,1288,4.6
18950,2500.0,Benzine,5,0,1,77,1,999,1425,5.0
18990,500.0,Benzine,6,0,1,147,1,1598,1273,6.8
18990,20.0,Benzine,6,0,1,147,1,1598,1273,6.8
18989,9500.0,Benzine,6,0,1,92,0,1399,1273,5.4
18940,7741.0,Benzine,6,0,1,110,1,1399,1425,4.5
18940,4307.0,Benzine,6,0,1,110,1,1399,1425,4.5
18903,1647.362609,Benzine,6,0,1,92,0,1399,1273,5.5
18900,1647.362609,LPG/CNG,6,0,1,81,0,1368,1308,3.6
18890,1647.362609,Diesel,6,0,1,70,0,1598,1273,3.6
18890,2678.0,Benzine,5,0,1,77,0,999,1273,4.7
18890,1000.0,Diesel,6,0,1,81,0,1598,1326,4.1
18890,4800.0,Diesel,6,0,1,81,0,1598,1360,4.3
18990,4555.0,Benzine,5,0,1,77,0,999,1273,4.7
18890,20.0,Benzine,6,0,1,110,0,1399,1273,5.4
18890,10.0,Diesel,6,0,1,100,0,1598,1425,4.5
18990,1.0,Diesel,6,0,1,81,0,1598,1410,4.5
18990,10.0,Benzine,6,0,1,147,0,1598,1273,6.0
18980,1000.0,Benzine,6,0,1,92,0,1399,1343,5.6
18980,2000.0,Benzine,6,0,1,92,0,1399,1278,5.5
18980,1000.0,Benzine,6,0,1,92,0,1399,1322,5.6
18980,1000.0,Benzine,6,0,1,92,0,1399,1322,5.5
18988,12.0,Benzine,6,0,1,92,1,1399,1278,5.4
18980,0.0,Benzine,6,0,0,92,1,1399,1278,5.4
18980,20.0,Benzine,5,0,0,77,1,1000,1294,5.0
18980,10.0,Benzine,5,0,0,66,0,999,1273,4.7
18979,7500.0,Benzine,6,0,1,92,1,1399,1273,5.4
18979,500.0,Benzine,5,0,1,77,1,999,1360,4.3
18965,1647.362609,Benzine,6,0,1,110,1,1399,1278,6.0
18980,10.0,Benzine,6,0,1,77,0,999,1273,4.8
18965,1647.362609,Benzine,6,0,1,92,1,1399,1322,6.1
18950,6911.0,Benzine,5,0,1,76,0,999,1163,4.4
18950,2500.0,Benzine,6,0,1,92,1,1399,1273,6.0
18950,5000.0,Benzine,6,0,1,77,0,999,1273,5.6
18380,1.0,Benzine,6,0,1,110,0,1398,1273,5.6
18380,1020.0,Benzine,5,0,1,77,1,999,1425,5.0
18370,1647.362609,Benzine,5,0,1,77,0,999,1273,4.9
18355,1647.362609,Benzine,6,0,1,92,1,1399,1322,6.1
18338,1647.362609,Benzine,6,0,1,110,0,1399,1278,5.4
18305,1647.362609,Benzine,5,0,1,77,1,999,1288,5.0
18300,3500.0,Benzine,6,0,1,92,0,1598,1360,4.0
18300,10000.0,Benzine,5,0,1,77,0,999,1278,4.5
18290,10.0,Diesel,6,0,1,81,0,1598,1425,4.5
18260,1.0,Diesel,6,0,1,81,0,1598,1410,4.5
18238,10.0,Benzine,6,0,1,110,1,1399,1273,5.4
18300,7500.0,Diesel,6,0,1,100,0,1598,1403,3.9
18225,1647.362609,Benzine,6,0,0,110,0,1399,1278,5.1
18190,5.0,Benzine,5,0,0,77,0,999,1233,4.9
18890,40.0,Benzine,6,0,0,92,0,1399,1425,5.9
18790,10.0,Benzine,6,0,1,92,0,1399,1273,5.5
18850,5000.0,Benzine,6,0,1,92,1,1399,1322,5.5
18830,10.0,Benzine,6,0,1,92,0,1598,1425,4.5
18798,1647.362609,Diesel,6,0,1,77,0,1600,1425,4.5
18790,7000.0,Benzine,5,0,1,77,1,999,1273,4.4
18790,20.0,Benzine,5,0,1,77,1,1000,1308,5.0
18790,1999.0,Benzine,6,0,1,92,1,1399,1273,5.8
18990,10.0,Benzine,6,0,1,92,0,1399,1236,4.9
18990,5000.0,Benzine,5,0,1,77,0,999,1273,4.7
18990,25.0,Benzine,6,0,1,92,0,1399,1425,5.5
18990,2773.0,Benzine,5,0,1,77,0,999,1288,4.5
18990,10.0,Benzine,6,0,1,92,0,1399,1425,4.5
18990,1647.362609,Benzine,5,0,1,66,0,999,1273,4.9
18990,133.0,Benzine,5,0,1,66,0,999,1273,4.9
18990,1900.0,Benzine,5,0,1,66,0,999,1273,4.9
18990,2103.0,Benzine,5,0,1,66,0,999,1273,4.9
18990,15.0,Benzine,6,0,1,92,0,1398,1425,4.5
18990,3.0,Benzine,5,0,1,66,0,999,1273,4.9
18525,1647.362609,Benzine,5,0,1,77,1,999,1273,4.7
18500,10.0,Benzine,5,0,1,77,0,999,1273,4.7
18500,7.0,Benzine,6,0,1,92,0,1399,1273,5.1
18950,7500.0,Benzine,6,0,1,92,1,1399,1425,6.1
18490,5.0,Benzine,5,0,1,66,0,999,1273,4.7
18490,5900.0,Benzine,6,0,1,92,1,1399,1273,5.8
18490,2500.0,Benzine,6,0,1,92,1,1399,1273,6.0
18490,10.0,Benzine,6,0,1,92,0,1399,1236,4.9
18490,525.0,Benzine,6,0,1,147,0,1598,1273,6.3
18490,1162.0,Benzine,5,0,1,77,0,998,1273,4.9
18480,1647.362609,Diesel,6,0,1,81,1,1598,1364,4.1
18490,1647.362609,Benzine,5,0,1,66,0,999,1273,4.9
18490,2500.0,Benzine,6,0,1,92,1,1399,1273,5.8
18480,3000.0,Benzine,6,0,1,92,0,1399,1278,5.4
18480,2500.0,Benzine,6,0,1,92,0,1399,1302,5.6
18480,2000.0,Benzine,6,0,1,92,0,1399,1278,5.4
18450,320.0,Diesel,6,0,1,81,0,1598,1273,4.5
18749,3500.0,Benzine,6,0,1,92,1,1399,1425,5.8
18690,10.0,Benzine,6,0,0,92,1,1399,1425,5.1
18725,1.0,Benzine,6,0,0,92,0,1399,1322,5.5
18690,1000.0,Benzine,6,0,1,92,0,1399,1425,4.5
18690,5.0,Benzine,5,0,1,66,0,999,1273,4.7
18690,15.0,Benzine,5,0,1,77,0,999,1273,4.7
18690,1647.362609,Benzine,5,0,1,92,1,1399,1425,5.8
18690,5.0,Benzine,5,0,1,66,0,999,1288,4.5
18690,5500.0,Diesel,6,0,1,81,0,1598,1326,4.1
18690,10.0,Benzine,5,0,1,77,0,999,1273,4.9
18683,1647.362609,Benzine,5,0,1,77,0,1000,1273,4.9
18610,1.0,Benzine,5,0,1,77,0,999,1273,4.8
18640,3.0,Diesel,6,0,1,81,0,1598,1364,4.4
18660,1647.362609,Diesel,6,0,1,81,1,1598,1410,4.3
18099,5000.0,Benzine,5,0,1,77,0,999,1425,5.0
18097,1.0,Benzine,6,0,1,92,0,1399,1425,6.0
18090,1647.362609,Benzine,6,0,1,92,1,1399,1322,6.1
18064,1647.362609,Benzine,5,0,1,78,0,998,1425,4.7
18096,1.0,Benzine,6,0,1,92,0,1399,1425,6.0
18000,1.0,Benzine,6,0,1,110,0,1399,1322,5.5
18070,1.0,Benzine,6,0,1,92,0,1399,1322,5.5
18070,1.0,Benzine,5,0,1,77,0,999,1288,4.6
17930,1647.362609,Benzine,5,0,1,77,1,999,1273,4.7
17992,1000.0,Benzine,6,0,1,92,0,1399,1322,5.5
18000,4894.0,Benzine,5,0,1,77,0,999,1360,4.0
17990,1647.362609,Benzine,5,0,1,77,0,999,1273,4.4
17990,3.0,Benzine,5,0,1,66,0,999,1288,4.6
17950,50.0,Benzine,6,0,1,92,0,1399,1278,5.8
17940,50.0,Benzine,6,0,1,92,1,1399,1273,5.5
17925,1647.362609,Benzine,6,0,1,92,1,1399,1278,6.0
17990,6238.0,Diesel,6,0,1,81,0,1598,1372,4.3
17890,3500.0,Benzine,6,0,1,92,1,1399,1425,5.5
17890,10.0,Benzine,5,0,1,77,0,999,1247,4.6
17900,3900.0,Benzine,6,0,1,92,1,1399,1273,5.8
17990,495.0,Benzine,5,0,1,77,0,999,1288,4.6
17990,12.0,Benzine,5,0,1,77,0,999,1273,4.7
17980,1647.362609,Benzine,6,0,1,92,0,1399,1268,5.5
17990,150.0,Benzine,6,0,1,92,1,1400,1273,5.5
17990,7700.0,Benzine,6,0,2,92,0,1399,1273,5.1
17990,8.0,Benzine,6,0,2,92,0,1398,1425,4.5
17990,500.0,Benzine,6,0,1,92,0,1399,1273,5.8
17990,10.0,Benzine,6,0,1,92,0,1399,1283,5.5
17990,4669.0,Diesel,6,0,1,81,0,1598,1372,4.3
17980,17200.0,Benzine,6,0,1,110,1,1399,1425,5.5
17990,1443.0,Benzine,5,0,1,77,0,999,1288,4.6
17990,7000.0,Benzine,5,0,1,77,1,999,1273,4.4
17850,4500.0,Benzine,6,0,1,92,1,1399,1273,4.9
17824,1647.362609,Benzine,6,0,1,92,0,1399,1273,5.0
17990,3919.0,Benzine,5,0,1,77,0,999,1273,4.7
17990,5.0,Benzine,6,0,1,77,0,999,1273,5.4
17990,10.0,Diesel,6,0,1,81,0,1598,1360,4.0
17990,8000.0,Benzine,6,0,1,92,1,1399,1273,5.9
17990,20.0,Benzine,6,0,1,147,1,1598,1273,6.8
17990,3188.0,Diesel,6,0,1,81,0,1598,1372,4.3
17990,5.0,Benzine,6,0,1,92,0,1399,1273,5.4
17990,1829.0,Benzine,6,0,1,92,0,1399,1273,4.9
17990,3500.0,Benzine,5,0,1,77,0,999,1273,4.7
17990,100.0,Benzine,6,0,1,92,0,1399,1273,5.4
17990,10.0,Benzine,5,0,1,77,0,999,1273,4.7
17980,15058.0,Benzine,6,0,1,110,1,1399,1425,5.5
17950,2500.0,Benzine,6,0,1,92,1,1399,1273,6.0
17970,1647.362609,Benzine,5,0,1,77,0,999,1260,4.5
17975,50.0,Benzine,6,0,1,92,0,1399,1278,5.8
17970,18441.0,Benzine,6,0,1,110,1,1399,1425,5.5
17980,10.0,Benzine,5,0,1,66,1,999,1263,4.4
7700,100000.0,Benzine,6,3,1,66,0,1398,1163,4.7
9590,6100.0,Benzine,6,3,1,66,1,1398,1199,6.3
10600,24005.0,Benzine,5,1,1,66,0,1398,1163,4.8
10950,9420.0,Benzine,6,3,1,66,0,1398,1163,5.45
12250,9275.0,Benzine,6,1,1,66,1,1398,1163,6.0
11490,15515.0,Benzine,5,2,1,66,0,1398,1163,4.7
10990,58000.0,Benzine,6,3,1,66,1,1398,1163,6.6
10490,42360.0,Benzine,6,3,1,66,1,1398,1163,4.7
12390,3921.0,Benzine,5,1,1,66,1,1398,1163,4.7
12450,20813.0,Benzine,6,1,1,66,1,1398,1163,6.0
12950,39979.0,Benzine,5,3,1,66,0,1398,1063,4.7
12990,5454.0,Benzine,6,1,1,66,1,1398,1163,6.0
12860,37991.0,Benzine,6,1,1,66,1,1398,1163,5.9
12900,6500.0,Benzine,6,2,2,66,1,1398,1163,4.7
12900,9977.0,Benzine,6,1,1,66,1,1398,1163,5.3
12900,38000.0,Benzine,6,1,1,66,1,1398,1163,5.9
13576,10888.0,Benzine,6,1,1,66,0,1398,1163,5.9
13490,7792.0,Benzine,6,1,1,66,0,1398,1199,6.6
13150,52872.0,Benzine,5,3,1,66,0,1398,1063,4.8
13200,17000.0,Benzine,6,3,1,66,0,1398,1199,6.0
13580,14682.0,Benzine,5,1,1,66,1,1398,1163,4.7
13123,48000.0,Benzine,6,2,1,66,0,1398,1199,6.6
13450,900.0,Benzine,6,0,1,66,0,1398,1163,5.9
13490,1400.0,Benzine,6,1,1,66,0,1398,1163,5.2
13490,8864.0,Benzine,6,2,1,66,0,1398,1199,5.9
13650,48717.0,Benzine,5,3,1,66,0,1398,1063,4.8
13690,10.0,Benzine,6,0,1,66,1,1398,1163,5.9
13450,13500.0,Benzine,5,3,2,66,1,1398,1163,4.7
13430,4500.0,Benzine,6,1,1,66,0,1398,1199,6.3
13440,6138.0,Benzine,5,1,1,66,1,1398,1163,4.8
13324,5.0,Benzine,6,0,1,66,0,1398,1120,7.8
13400,6109.0,Benzine,6,1,1,51,0,1398,1163,5.3
13300,3000.0,Benzine,6,0,1,66,0,1398,1163,5.3
13290,3500.0,Benzine,6,1,1,66,0,1398,1163,5.9
13290,22135.0,Benzine,6,1,1,66,1,1398,1163,6.0
13290,5744.0,Benzine,6,1,1,66,1,1398,1163,6.0
13290,30990.0,Benzine,6,1,1,66,1,1398,1199,5.9
13290,9900.0,Benzine,6,1,1,66,1,1398,1163,6.0
13288,10.0,Benzine,6,0,1,66,1,1398,1248,6.3
13290,23900.0,Benzine,6,2,1,66,0,1398,1199,5.9
13290,5790.0,Benzine,6,2,1,66,0,1398,1163,5.9
13250,35.0,Benzine,6,0,1,66,0,1398,1163,5.7
13663,10.0,Benzine,6,0,1,66,1,1398,1248,6.3
13250,1.0,Benzine,6,0,1,66,0,1398,1156,6.2
13280,11540.0,Benzine,5,1,1,66,1,1398,1163,4.7
13650,5213.0,Benzine,6,1,1,66,1,1398,1163,6.0
13650,39065.0,Benzine,6,1,1,66,1,1398,1163,5.2
13625,25880.0,Benzine,5,1,1,66,1,1398,1163,4.7
13600,28876.0,Benzine,6,3,2,66,0,1398,1041,4.7
13650,1025.0,Benzine,5,2,1,66,0,1398,1141,4.8
13590,8520.0,Benzine,6,2,1,66,0,1398,1163,5.2
13650,35461.0,Benzine,6,1,1,66,1,1398,1163,5.2
13585,47451.0,Benzine,5,3,2,66,0,1398,1063,4.8
13590,6500.0,Benzine,6,1,1,66,0,1398,1199,6.6
13590,7434.0,Benzine,6,1,1,66,1,1398,1163,5.9
13490,5751.0,Benzine,6,1,1,66,0,1398,1199,6.6
13490,10.0,Benzine,6,0,1,66,1,1398,1163,5.9
13590,13200.0,Benzine,6,1,1,66,0,1398,1199,6.6
13590,10501.0,Benzine,6,1,1,66,1,1398,1163,5.9
13480,15826.0,Benzine,6,1,1,66,0,1398,1163,5.9
13480,8862.0,Benzine,6,1,1,66,0,1398,1203,6.0
13480,5097.0,Benzine,6,1,1,66,1,1398,1199,6.0
13480,4345.0,Benzine,6,1,1,66,0,1398,1203,6.6
13480,10.0,Benzine,6,0,1,66,0,1398,1199,6.6
13480,15300.0,Benzine,6,1,1,66,0,1398,1163,5.9
13480,20130.0,Benzine,6,1,1,66,1,1398,1163,5.0
13480,9196.0,Benzine,6,1,1,66,1,1398,1163,5.9
13480,4193.0,Benzine,6,1,1,66,0,1398,1239,6.4
13550,10.0,Benzine,6,1,1,66,0,1398,1248,6.4
13470,20000.0,Benzine,6,1,1,66,1,1398,1163,4.8
13470,11364.0,Benzine,6,1,1,66,0,1398,1141,5.0
13470,13011.0,Benzine,5,1,1,66,0,1398,1163,4.8
13455,1743.0,Benzine,5,2,1,66,0,1398,1163,4.8
13450,22333.0,Benzine,6,1,1,66,1,1398,1163,4.7
13480,4201.0,Benzine,6,1,1,66,0,1398,1199,6.0
13524,5.0,Benzine,6,0,1,66,0,1398,1120,7.8
13490,5350.0,Benzine,6,1,1,66,1,1398,1163,4.7
13500,5.0,Benzine,6,1,1,66,0,1398,1163,4.8
13500,3700.0,Benzine,6,3,2,66,0,1398,1199,6.0
13500,5300.0,Benzine,5,0,1,66,0,1398,1163,5.6
13500,10800.0,Benzine,6,1,1,66,1,1398,1163,5.9
13490,8000.0,Benzine,6,1,1,66,0,1398,1163,6.6
13490,11000.0,Benzine,6,1,1,66,0,1398,1163,5.9
13490,4900.0,Benzine,6,1,1,66,1,1398,1163,5.9
13490,16600.0,Benzine,5,1,1,66,1,1398,1163,4.7
13490,10000.0,Benzine,5,1,1,66,1,1398,1163,6.3
13490,22286.0,Benzine,6,1,1,66,1,1398,1199,6.6
13490,7070.0,Benzine,5,1,1,66,1,1400,1203,5.6
13490,15900.0,Benzine,6,1,1,66,0,1398,1163,5.9
13490,4430.0,Benzine,6,1,1,66,0,1398,1199,6.6
12990,21100.0,Benzine,6,1,1,66,0,1398,1163,6.0
13050,1.0,Benzine,6,0,1,66,0,1398,1156,6.2
12999,17919.0,Benzine,5,1,1,66,0,1398,1163,4.7
12990,28990.0,Benzine,5,1,1,66,1,1398,1163,4.7
12990,6960.0,Benzine,5,1,1,66,1,1398,1141,4.8
12999,4067.0,Benzine,6,1,1,66,0,1398,1199,6.0
12990,14200.0,Benzine,6,1,1,66,0,1398,1163,5.9
12990,18700.0,Benzine,6,1,1,66,0,1398,1163,6.0
12990,4306.0,Benzine,6,1,1,66,1,1398,1163,6.0
12990,6656.0,Benzine,6,1,1,66,1,1398,1163,6.0
12990,11500.0,Benzine,6,1,1,66,1,1398,1163,6.0
12990,8953.0,Benzine,6,1,1,66,1,1398,1163,6.0
12990,5615.0,Benzine,6,1,1,66,1,1398,1163,6.0
12990,5300.0,Benzine,6,1,1,66,1,1398,1163,6.0
12990,8500.0,Benzine,6,1,1,66,1,1398,1163,6.0
12950,4833.0,Benzine,6,1,1,66,0,1397,1163,5.2
12910,10500.0,Benzine,6,1,1,66,0,1398,1199,6.6
12945,2015.0,Benzine,5,1,1,66,1,1398,1163,4.8
12945,9503.0,Benzine,5,1,1,66,1,1398,1163,4.7
12940,76403.0,Benzine,5,3,2,66,0,1398,1063,4.7
12910,13900.0,Benzine,6,1,1,66,0,1398,1199,6.6
12900,31300.0,Benzine,6,1,1,66,1,1398,1163,6.0
12900,3600.0,Benzine,6,3,2,66,1,1398,1163,5.9
12900,28915.0,Benzine,6,2,1,66,0,1398,1163,4.7
12890,20420.0,Benzine,5,1,1,66,1,1398,1163,4.7
12890,7100.0,Benzine,6,1,1,66,0,1398,1163,5.2
12880,14080.0,Benzine,5,1,1,66,1,1398,1163,4.7
12880,5689.0,Benzine,6,1,1,66,1,1398,1163,5.1
12900,22191.0,Benzine,6,3,2,66,0,1398,1199,5.9
12880,26525.0,Benzine,5,1,1,66,0,1398,1163,4.8
12990,19600.0,Benzine,5,1,1,66,1,1398,1163,4.7
12990,460.0,Benzine,6,1,1,66,0,1398,1163,6.2
12870,25600.0,Benzine,6,1,1,66,1,1398,1163,4.7
12990,30000.0,Benzine,6,3,1,66,1,1398,1163,5.9
12990,40867.0,Benzine,6,1,1,66,0,1398,1163,5.2
12990,5700.0,Benzine,6,1,1,66,1,1398,1163,5.2
12990,3509.0,Benzine,6,1,1,66,1,1398,1163,6.0
12990,10700.0,Benzine,6,1,1,66,1,1398,1163,5.2
12990,6000.0,Benzine,6,0,1,66,1,1400,1163,5.0
12980,20543.0,Benzine,5,2,1,66,1,1400,1163,5.2
12990,14246.0,Benzine,6,1,1,66,0,1398,1163,5.2
12980,18745.0,Benzine,5,1,1,66,0,1398,1163,4.8
12989,7999.0,Benzine,6,2,1,66,0,1398,1199,6.6
12980,23622.0,Benzine,5,1,1,66,0,1398,1163,4.8
12980,16480.0,Benzine,6,1,1,66,1,1398,1163,5.6
12980,3927.0,Benzine,5,1,1,66,1,1398,1163,4.7
12480,13096.0,Benzine,5,1,1,66,0,1398,1163,4.7
12960,22800.0,Benzine,5,1,1,66,1,1399,1163,5.3
12950,35182.0,Benzine,5,3,1,66,0,1398,1063,4.7
12490,20135.0,Benzine,5,2,1,66,0,1398,1163,4.8
12950,19164.0,Benzine,6,1,1,66,1,1398,1163,6.3
12850,3200.0,Benzine,6,1,1,66,0,1398,1163,5.9
12850,18500.0,Benzine,6,1,1,66,1,1398,1163,5.9
12850,20587.0,Benzine,6,3,1,66,1,1398,1163,5.9
12790,24990.0,Benzine,5,1,1,66,1,1400,1163,4.7
12790,36274.0,Benzine,6,1,1,66,1,1398,1163,5.9
12788,10.0,Benzine,6,0,1,66,1,1398,1248,6.3
12780,16550.0,Benzine,6,1,1,66,0,1398,1199,6.6
12750,19866.0,Benzine,6,2,1,66,0,1398,1041,4.8
12777,26300.0,Benzine,6,1,1,66,0,1398,1163,6.6
12750,1800.0,Benzine,6,1,1,66,0,1398,1163,5.9
12750,47551.0,Benzine,5,3,1,66,0,1398,1063,4.8
12750,19500.0,Benzine,6,1,1,66,0,1398,1163,6.0
12750,6730.0,Benzine,6,0,1,66,0,1398,1163,6.0
12700,15091.0,Benzine,6,1,1,66,0,1397,1163,5.2
12695,12975.0,Benzine,6,2,2,66,1,1398,1163,4.8
12695,15063.0,Benzine,6,1,1,66,0,1398,1163,6.0
12690,6600.0,Benzine,6,1,1,66,0,1398,1141,5.2
12450,32355.0,Benzine,6,1,1,66,0,1398,1163,5.2
12435,21050.0,Benzine,5,1,1,44,1,1364,1163,5.6
12400,7600.0,Benzine,6,2,2,66,1,1398,1163,5.3
12400,18875.0,Benzine,6,2,1,66,1,1398,1163,4.7
12400,28554.0,Benzine,6,1,1,66,1,1398,1163,4.7
12400,17775.0,LPG/CNG,5,2,1,66,0,1398,1199,5.9
12395,12075.0,Benzine,6,1,1,66,0,1398,1163,6.0
12650,62150.0,Benzine,6,2,1,66,1,1398,1163,5.2
12400,22693.0,Benzine,6,1,1,66,1,1398,1163,4.7
12388,38522.0,Benzine,5,3,1,66,0,1398,1063,4.8
12395,11526.0,Benzine,6,1,1,66,0,1398,1163,6.0
12385,1600.0,Benzine,5,1,1,66,1,1398,1141,4.8
12380,2400.0,Benzine,6,1,1,66,0,1398,1141,5.2
12380,41300.0,Benzine,5,3,1,66,0,1398,1063,4.8
12375,3900.0,Benzine,6,1,1,66,0,1398,1141,5.2
12625,22213.0,Benzine,5,1,1,66,1,1398,1163,4.7
12620,25294.0,Benzine,5,1,1,66,1,1398,1163,4.8
12600,20300.0,Benzine,6,3,1,66,0,1398,1199,6.0
12625,18600.0,Benzine,6,1,1,66,0,1400,1163,5.6
12376,1.0,Benzine,6,0,1,66,0,1398,1163,6.6
12590,20936.0,Benzine,6,1,1,66,1,1398,1199,6.6
12590,26469.0,Benzine,6,1,1,66,0,1398,1163,5.2
12570,16400.0,Benzine,6,1,1,66,0,1398,1163,5.6
12555,17186.0,Benzine,6,1,1,66,0,1398,1163,4.7
12550,10486.0,Benzine,5,2,1,66,1,1398,1163,4.7
12533,1647.362609,Benzine,6,0,1,66,0,1398,1163,5.0
12500,14471.0,Benzine,6,1,1,66,0,1398,1163,6.1
12500,52000.0,Benzine,6,3,1,66,0,1398,1199,6.6
12500,38000.0,Benzine,6,3,1,66,0,1398,1099,6.0
12360,4900.0,Benzine,6,1,1,66,0,1398,1163,5.3
12500,18273.0,Benzine,6,2,1,66,0,1398,1163,4.7
12495,7876.0,Benzine,6,1,1,66,0,1398,1163,6.0
12495,8927.0,Benzine,6,1,1,66,0,1398,1163,6.0
12500,5000.0,Benzine,6,1,1,66,0,1398,1199,6.0
12499,19000.0,Benzine,5,1,1,66,0,1400,1120,5.4
11850,39300.0,Benzine,5,3,1,66,1,1398,1163,4.7
11870,54251.0,Benzine,6,2,1,66,1,1398,1237,5.1
11800,10923.0,Benzine,6,1,1,66,0,1398,1163,6.0
11777,5600.0,Benzine,6,2,1,66,0,1398,1163,5.2
11750,19980.0,Benzine,6,1,1,66,1,1398,1163,4.7
11748,19152.0,Benzine,5,1,1,66,0,1398,1163,5.6
11750,11899.0,Benzine,6,1,1,66,0,1398,1163,4.8
12490,7991.0,Benzine,6,2,2,66,0,1398,1163,5.9
11690,13200.0,Benzine,6,3,1,66,0,1398,1163,5.2
11650,60756.0,Benzine,6,2,1,66,1,1400,1163,5.9
11750,19500.0,Benzine,5,2,1,66,0,1398,1163,4.9
11700,33450.0,Benzine,6,3,1,66,1,1398,1199,6.0
11600,19644.0,Benzine,6,3,1,66,0,1398,1199,6.0
11500,4900.0,Benzine,6,3,1,66,0,1398,1199,6.0
11635,22174.0,Benzine,5,1,1,66,0,1398,1163,6.5
11500,19066.0,Benzine,6,1,1,66,0,1400,1163,5.3
11500,19998.0,Benzine,6,1,1,66,0,1398,1163,4.8
11495,25900.0,Benzine,6,1,1,66,0,1398,1163,6.0
11500,19635.0,Benzine,5,1,1,66,0,1398,1163,4.8
11490,23138.0,Benzine,6,2,1,66,0,1398,1163,5.3
11290,22745.0,Benzine,6,3,1,66,1,1398,1199,6.0
11275,54822.0,Benzine,6,2,1,66,1,1398,1199,5.9
11250,22129.0,Benzine,6,1,1,66,0,1398,1163,4.8
11250,16158.0,Benzine,5,1,1,66,0,1398,1163,5.3
11250,31700.0,Benzine,6,2,2,66,0,1398,1199,6.3
11250,19101.0,Benzine,5,3,1,66,0,1398,1163,6.0
11220,5500.0,Benzine,5,2,1,66,0,1398,1141,4.8
11200,21997.0,Benzine,6,1,1,66,0,1398,1163,4.8
11200,21909.0,Benzine,6,1,1,66,0,1398,1163,4.8
11200,24013.0,Benzine,6,1,1,66,0,1398,1163,4.8
11200,20626.0,Benzine,6,1,1,66,0,1398,1163,4.8
11190,63350.0,Benzine,6,2,1,66,1,1398,1199,6.0
10999,49499.0,Diesel,6,3,1,71,0,1248,1125,3.4
10990,17943.0,Benzine,5,2,1,66,1,1398,1120,4.9
10995,24400.0,Benzine,6,3,2,66,0,1398,1163,4.7
10990,39000.0,Benzine,6,3,1,66,0,1398,1163,6.0
10990,12460.0,Benzine,5,1,1,66,1,1398,1163,4.7
10990,20325.0,Benzine,6,2,2,66,0,1398,1163,5.9
12290,2600.0,Benzine,6,1,2,66,0,1398,1163,5.9
12350,18636.0,Benzine,5,2,1,66,1,1398,1163,4.7
12270,5600.0,Benzine,6,1,1,66,0,1398,1163,4.7
12250,23924.0,Benzine,6,1,1,66,1,1398,1163,5.9
12200,18000.0,Benzine,6,1,1,66,0,1398,1163,4.7
11990,17790.0,Benzine,6,2,1,66,1,1398,1199,6.6
11990,11211.0,Benzine,6,1,1,66,0,1398,1163,5.3
12000,41000.0,Benzine,6,3,2,66,0,1398,1199,6.0
12199,41960.0,Benzine,6,1,1,66,1,1398,1163,5.9
11999,2000.0,Benzine,6,0,1,66,0,1398,1120,6.1
11990,9945.0,Benzine,5,1,1,66,1,1398,1141,4.7
11990,17645.0,Benzine,6,1,1,66,0,1398,1199,6.0
11990,13341.0,Benzine,6,2,2,66,0,1398,1199,6.0
11990,22635.0,Benzine,6,3,1,66,0,1398,1203,6.2
11990,12980.0,Benzine,6,1,1,66,0,1398,1163,6.0
11990,16680.0,Benzine,5,1,1,66,0,1398,1160,5.0
11990,40596.0,Benzine,6,1,1,66,1,1398,1163,5.9
11490,28913.0,Benzine,6,2,1,66,1,1398,1163,4.9
11985,10409.0,Benzine,6,3,1,66,0,1398,1163,6.0
11480,69300.0,Diesel,6,3,1,70,0,1398,1163,5.6
11450,32177.0,Benzine,6,2,2,66,1,1398,1163,5.9
11450,24330.0,Benzine,6,2,1,66,1,1398,1163,5.2
11490,63600.0,Benzine,5,3,1,66,1,1398,1163,4.7
11450,22500.0,Benzine,6,2,1,66,1,1398,1163,5.9
11399,16642.0,Benzine,6,2,1,66,0,1400,1163,5.6
11390,19300.0,Benzine,6,2,0,66,0,1398,1199,5.9
11375,23524.0,Benzine,6,1,1,66,0,1398,1237,5.3
11370,12710.0,Benzine,6,3,1,66,0,1398,1163,5.9
11350,25803.0,Benzine,6,3,1,66,1,1398,1163,5.9
11300,11687.0,Benzine,6,2,1,66,0,1398,1163,6.0
11300,11500.0,Benzine,6,2,1,66,0,1398,1163,5.3
11447,12710.0,Benzine,6,1,1,66,0,1398,1163,5.3
11290,19507.0,Benzine,5,1,1,66,0,1398,1163,5.1
11290,20000.0,Benzine,6,3,2,66,1,1398,1199,5.9
10950,51017.0,Benzine,6,3,1,66,1,1398,1163,5.6
10990,25050.0,Benzine,6,1,1,66,0,1398,1199,6.0
10990,21900.0,Benzine,6,1,1,66,0,1398,1163,5.3
10980,43260.0,Benzine,6,2,1,66,1,1398,1163,4.7
11970,25000.0,Benzine,5,1,1,66,1,1398,1163,4.7
11290,69266.0,Benzine,6,2,1,66,1,1398,1199,6.0
11985,22000.0,Benzine,6,2,1,66,0,1398,1163,6.0
11980,800.0,Benzine,6,1,1,66,0,1398,1163,4.9
11950,9200.0,Benzine,5,2,1,66,1,1398,1163,4.7
11980,24100.0,Benzine,6,1,1,66,1,1398,1163,6.2
11980,17653.0,Benzine,5,3,2,66,1,1398,1163,4.8
11950,20115.0,Benzine,6,2,1,66,1,1398,1163,4.8
11950,8000.0,Benzine,5,2,1,66,1,1398,1163,4.7
11950,29800.0,Benzine,6,2,1,66,1,1398,1199,6.0
11900,8300.0,Benzine,6,3,1,66,0,1398,1163,5.3
11900,31000.0,Benzine,6,3,1,66,1,1398,1199,5.9
11900,17900.0,Benzine,6,1,1,66,0,1398,1088,4.7
11900,16168.0,Benzine,5,3,1,66,1,1398,1163,4.8
11890,42900.0,Benzine,6,2,1,66,1,1398,1163,6.0
11890,20495.0,Benzine,5,1,1,66,0,1398,1163,5.3
11890,12819.0,Benzine,6,2,1,66,1,1398,1163,6.0
11890,3610.0,Benzine,6,1,1,66,1,1398,1163,6.0
10950,34800.0,Benzine,6,3,2,66,0,1398,1163,5.2
11889,22729.0,Benzine,5,1,1,66,1,1398,1163,4.7
10949,2461.0,Benzine,5,3,2,66,0,1398,1163,4.0
10900,38000.0,Benzine,5,3,2,66,0,1398,1163,5.2
10885,30000.0,Benzine,5,2,1,66,0,1398,1163,4.8
10790,27600.0,Benzine,6,3,2,66,1,1398,1163,5.9
10840,19800.0,Benzine,6,2,2,66,1,1398,1163,5.1
10790,57358.0,Benzine,6,3,2,66,1,1398,1163,5.9
10700,40990.0,Benzine,6,3,2,66,0,1398,1163,6.0
10750,35000.0,Benzine,6,2,2,66,0,1398,1199,6.3
10690,2681.0,Benzine,6,2,1,66,0,1398,1163,4.7
10650,35750.0,Benzine,6,3,2,66,0,1398,1163,6.0
10770,27938.0,Benzine,6,3,1,66,0,1398,1163,5.1
10450,21550.0,Diesel,6,3,1,66,1,1398,1163,5.9
10480,12526.0,Benzine,6,1,2,66,0,1398,1163,5.6
10400,23500.0,Benzine,6,1,1,66,0,1398,1163,4.7
10253,24849.0,Benzine,6,2,1,66,0,1398,1163,5.2
10290,24000.0,Benzine,5,3,2,66,1,1398,1163,4.7
10250,19463.0,Benzine,6,2,1,66,0,1398,1163,5.3
10390,17086.0,Benzine,5,3,2,66,0,1398,1162,4.8
9999,69220.0,Benzine,6,2,1,66,0,1398,1199,6.6
10000,42000.0,Benzine,6,1,1,66,0,1398,1199,6.0
9999,36400.0,Benzine,5,2,1,66,0,1398,1163,5.6
10000,30000.0,Diesel,5,3,1,70,0,1248,1237,3.1
9990,26650.0,Benzine,6,3,1,66,1,1398,1163,4.7
10490,8000.0,Benzine,6,3,1,66,1,1398,1199,5.9
9988,57963.0,Diesel,5,2,1,70,0,1248,1199,3.2
9950,14850.0,Benzine,6,2,1,66,0,1398,1163,5.9
9990,38938.0,Benzine,6,3,2,66,1,1398,1163,5.9
9990,27000.0,Benzine,6,3,2,66,0,1398,1163,5.9
9900,33500.0,Benzine,5,2,1,66,0,1398,1163,4.9
9900,23167.0,Benzine,6,1,1,66,0,1398,1199,6.0
9690,24731.0,Benzine,6,3,1,66,1,1398,1163,4.8
9500,87810.0,Benzine,6,3,1,66,0,1398,1163,4.8
9500,21000.0,Benzine,5,1,1,66,0,1398,1163,5.2
9490,58000.0,Benzine,5,3,1,66,0,1398,1141,4.7
9621,10763.0,Benzine,6,2,1,66,0,1398,1199,6.0
9450,35800.0,Diesel,5,3,1,70,0,1248,1199,3.2
9470,21100.0,Benzine,6,3,1,66,1,1398,1163,4.7
9200,86390.0,Benzine,6,3,1,66,0,1398,1163,4.8
9200,23300.0,Benzine,6,2,1,66,0,1398,1163,6.0
8900,43731.0,Benzine,6,2,1,51,0,1398,1163,5.6
8900,103575.0,Diesel,5,3,1,71,0,1248,1125,3.3
9000,59000.0,Benzine,5,3,1,66,0,1398,1163,4.8
7790,103000.0,Benzine,5,3,1,66,0,1398,1163,5.1
8500,88530.0,Benzine,6,3,1,66,0,1398,1163,4.8
8200,87050.0,Benzine,6,3,1,66,0,1398,1163,4.8
8450,98148.0,Diesel,5,3,1,70,0,1248,1159,3.4
7900,11000.0,Benzine,6,2,1,66,0,1398,1120,5.9
6900,146210.0,Benzine,5,3,1,66,0,1398,1088,5.1
6900,45636.0,Benzine,5,3,1,66,0,1398,1066,5.1
13880,99.0,Benzine,6,2,1,66,0,1398,1163,6.0
6200,51000.0,Diesel,5,2,1,55,0,1248,1199,3.8
5990,123300.0,Diesel,5,3,1,70,0,1248,1163,5.3
6200,54000.0,Diesel,5,2,1,55,0,1248,1163,3.8
6100,66000.0,Benzine,5,3,1,51,0,1229,1163,5.4
5970,59000.0,Benzine,5,3,1,51,0,1229,1135,5.4
5970,56000.0,Benzine,5,3,1,51,0,1229,1160,5.6
5970,38000.0,Benzine,5,3,1,51,0,1229,1135,5.4
6900,57754.0,Benzine,5,3,1,51,1,1229,1163,5.4
6900,116184.0,Diesel,5,2,2,55,0,1248,1163,5.3
6900,69053.0,Benzine,5,2,1,51,0,1229,1163,5.3
6900,96000.0,Benzine,5,3,1,51,0,1229,1163,5.3
6990,54424.0,Benzine,5,3,1,51,1,1229,1163,5.4
6990,55000.0,Benzine,5,3,1,51,0,1229,1088,5.4
7179,87429.0,Benzine,5,3,1,52,0,1229,1163,5.3
7180,69943.0,Benzine,5,2,1,52,0,1229,1163,5.3
7300,75000.0,Benzine,5,3,1,51,0,1229,1163,5.3
7500,48000.0,Benzine,5,3,1,51,0,1229,1163,5.3
7300,74000.0,Benzine,5,3,1,51,0,1229,1163,5.3
7480,59108.0,Benzine,5,3,2,51,1,1229,1163,5.8
7480,56670.0,Benzine,5,3,2,51,1,1229,1163,5.4
7450,6244.0,Benzine,5,3,2,51,1,1229,1163,5.4
7480,55800.0,Benzine,5,3,2,51,1,1229,1163,5.4
7500,35000.0,Diesel,5,3,2,55,0,1248,1237,3.8
7600,37000.0,Benzine,5,3,1,66,0,1398,1141,5.6
7599,57966.0,Benzine,5,2,1,66,1,1398,1163,5.2
7600,65000.0,Benzine,5,2,1,51,0,1229,1163,5.3
7600,61000.0,Benzine,5,3,1,66,1,1398,1163,5.6
7600,80000.0,Benzine,5,3,1,66,0,1398,1163,6.0
7600,85000.0,Diesel,5,3,1,70,0,1248,1163,5.0
7599,32000.0,Benzine,5,3,1,51,0,1229,1163,5.4
7590,47740.0,Benzine,5,3,1,51,0,1229,1135,5.4
7590,69989.0,Benzine,5,3,1,51,0,1229,1124,5.4
7580,23951.0,Benzine,5,3,1,51,1,1229,1163,5.4
7580,36200.0,Benzine,5,3,2,51,1,1229,1163,5.4
7580,36944.0,Benzine,5,3,2,51,0,1229,1163,5.4
7590,44409.0,Benzine,5,3,1,51,1,1229,1163,5.4
7580,47000.0,Benzine,5,3,2,51,0,1229,1163,5.4
7576,105473.0,Diesel,5,3,1,55,0,1248,1163,5.6
7590,18721.0,Benzine,5,3,1,51,0,1229,1135,5.4
7550,38500.0,Benzine,5,3,1,51,0,1229,1135,5.6
7500,48909.0,Benzine,5,3,2,66,0,1398,1141,5.7
7495,54000.0,Diesel,5,3,2,55,0,1248,1665,3.8
7500,48880.0,Benzine,5,2,1,66,0,1398,1163,5.1
7550,60000.0,Benzine,5,2,1,51,0,1229,1163,5.3
7500,85921.0,Benzine,5,3,2,66,0,1398,1120,5.2
7500,71000.0,Diesel,5,3,2,55,0,1248,1665,3.8
7495,42000.0,Diesel,5,3,2,55,0,1248,1665,3.8
7500,69000.0,Diesel,5,2,1,55,0,1229,1120,5.0
7500,90509.0,LPG/CNG,5,3,0,51,0,1229,1199,5.3
7500,20500.0,Benzine,5,3,2,51,0,1229,1135,5.6
7500,132000.0,LPG/CNG,5,3,1,66,0,1398,1259,5.3
7500,29500.0,Benzine,5,3,3,51,0,1229,1173,5.6
7500,90000.0,Benzine,5,3,1,66,0,1398,1163,6.0
7500,98000.0,Benzine,5,3,1,51,0,1229,1163,5.3
7500,82000.0,Benzine,5,2,1,51,0,1229,1163,5.3
7499,80000.0,Diesel,5,3,1,55,1,1248,1237,3.9
7499,14500.0,Benzine,5,1,1,51,0,1229,1135,5.6
7499,67956.0,Benzine,6,3,1,66,0,999,1199,4.6
7499,39173.0,Diesel,5,3,1,55,0,1248,1199,3.8
7490,87998.0,Diesel,5,3,1,55,0,1248,1237,3.8
7495,47000.0,Diesel,5,3,1,55,0,1248,1665,3.8
7495,46000.0,Diesel,5,3,1,55,0,1248,1665,3.8
7490,103374.0,Diesel,5,3,1,55,0,1248,1237,3.8
7490,55000.0,Benzine,5,2,1,51,0,1229,1163,5.3
7490,19870.0,Benzine,5,3,1,51,0,1229,1135,5.4
7490,62064.0,Benzine,5,3,2,51,1,1229,1163,5.6
7490,35922.0,Benzine,5,3,2,51,0,1229,1088,5.4
7490,55155.0,Benzine,5,3,2,51,0,1229,1163,5.3
7490,42374.0,Benzine,5,3,2,51,0,1229,1163,5.6
7490,32684.0,Benzine,5,3,2,51,1,1229,1163,5.4
7490,22601.0,Benzine,5,3,2,51,1,1229,1163,6.3
7490,19651.0,Benzine,5,3,2,51,1,1229,1163,5.4
7489,33725.0,Benzine,5,3,2,51,1,1229,1163,5.4
7490,62000.0,Benzine,5,3,1,51,1,1229,1163,5.4
7490,34815.0,Benzine,5,3,2,51,1,1229,1163,5.4
7489,68717.0,Benzine,5,3,1,51,1,1229,1163,5.4
7480,35000.0,Benzine,5,3,1,51,1,1229,1163,5.4
7470,34900.0,Benzine,5,3,2,51,1,1229,1163,5.4
7479,76635.0,Benzine,5,3,1,51,1,1229,1163,5.4
7479,27350.0,Benzine,5,3,2,51,1,1229,1163,5.4
7479,38105.0,Benzine,5,3,1,51,1,1229,1163,5.4
7460,33550.0,Benzine,5,3,2,51,1,1229,1163,5.4
7460,32243.0,Benzine,5,3,2,51,0,1229,1135,5.4
7450,97000.0,Diesel,5,2,1,63,0,1300,1163,4.55
7480,12610.0,Benzine,5,3,2,51,1,1229,1163,5.4
7450,99950.0,Diesel,6,3,2,70,0,1248,1237,3.8
7450,92000.0,Diesel,6,3,2,70,0,1248,1237,3.8
7450,36934.0,Benzine,5,3,2,51,1,1229,1163,5.4
7450,91000.0,Benzine,5,3,2,66,0,1398,1615,5.1
7450,99950.0,Diesel,6,3,2,70,0,1248,1695,3.4
7450,87000.0,Diesel,5,3,1,70,0,1248,1259,3.8
7300,105000.0,Benzine,5,3,1,51,0,1229,1163,5.3
7495,58000.0,Diesel,5,3,1,55,0,1248,1665,3.8
7450,34849.0,Benzine,5,3,2,51,1,1229,1163,4.6
7450,38556.0,Benzine,5,3,2,51,1,1229,1163,5.4
7290,45040.0,Benzine,5,3,1,51,1,1229,1163,5.4
7290,58850.0,Benzine,5,3,2,51,1,1229,1163,5.4
7280,19096.0,Benzine,5,3,2,51,1,1229,1135,5.6
7250,64000.0,Benzine,5,3,1,51,0,1229,1163,5.4
7250,31072.0,Benzine,5,3,2,51,1,1229,1120,5.4
7250,99950.0,Diesel,6,3,2,70,0,1248,1237,3.8
7250,43478.0,Benzine,5,3,2,51,1,1229,1163,5.4
7220,59156.0,Benzine,5,3,1,51,1,1229,1163,5.4
7200,100000.0,Benzine,5,3,1,51,0,1229,1163,5.3
7190,106820.0,Benzine,6,3,2,74,1,1364,1163,5.1
7200,53000.0,Benzine,5,3,2,51,0,1248,1160,4.2
7450,38638.0,Benzine,5,3,2,51,1,1229,1163,5.4
7200,70296.0,Diesel,5,3,1,55,0,1248,1199,3.7
7180,87429.0,Benzine,5,3,1,52,0,1229,1163,5.3
7190,72500.0,Benzine,5,2,1,51,1,1229,1163,5.4
7200,35000.0,Benzine,5,3,1,51,0,1229,1120,5.3
7439,24100.0,Benzine,5,3,2,51,1,1229,1163,5.4
7400,33000.0,Benzine,5,3,1,51,0,1229,1135,5.8
7440,68103.0,Benzine,5,3,2,51,0,1229,1163,5.4
7400,90000.0,Benzine,5,3,1,51,0,1229,1163,5.3
7400,9969.0,Benzine,5,3,2,51,0,1229,1120,5.4
7400,81500.0,Benzine,5,3,1,51,1,1229,1163,5.4
7395,93000.0,Diesel,5,3,1,70,0,1248,1259,3.4
7400,54000.0,Diesel,5,3,1,55,0,1248,1120,3.7
7390,90800.0,Benzine,5,3,1,66,1,1398,1199,5.6
7390,52000.0,Benzine,5,3,1,51,1,1229,1163,5.6
7350,28744.0,Benzine,5,3,2,51,1,1229,1120,5.4
7350,57971.0,Benzine,5,3,1,51,1,1229,1163,5.6
7380,86740.0,Benzine,5,3,1,51,1,1229,1120,5.4
7300,23580.0,Benzine,5,3,0,51,0,1398,1163,5.3
7300,83000.0,Diesel,6,3,1,70,0,1248,1237,3.8
7300,62000.0,Diesel,5,3,1,55,0,1248,1237,3.8
7153,149915.0,Diesel,5,3,1,55,0,1200,1163,5.6
7000,70000.0,Benzine,5,3,1,66,0,1398,1163,5.6
7150,57134.0,Diesel,5,3,1,55,0,1248,1237,3.0
7000,55000.0,Benzine,5,2,1,66,0,1398,1163,5.1
7155,45000.0,Benzine,5,3,1,51,1,1229,1163,5.4
7000,71000.0,LPG/CNG,5,3,1,51,0,1229,1163,5.3
7150,106275.0,Benzine,5,3,1,66,0,1398,1163,5.1
7000,35000.0,Diesel,5,2,1,55,0,1248,1163,5.3
7000,33600.0,Benzine,5,3,1,51,0,1229,1135,5.6
6999,87100.0,Diesel,5,3,1,55,0,1248,1163,3.9
6999,74000.0,Benzine,5,3,1,51,1,1229,1163,5.4
6990,54271.0,Benzine,5,3,2,51,1,1229,1120,5.4
6990,53307.0,Benzine,5,3,1,51,0,1229,1088,5.4
6990,65351.0,Benzine,5,2,1,51,0,1229,1163,5.3
6990,46631.0,Benzine,5,3,1,51,0,1229,1135,5.4
6990,99200.0,Diesel,5,3,1,55,1,1248,1163,3.9
6982,33115.0,Benzine,5,3,2,51,1,1229,1163,5.4
6980,99479.0,Diesel,5,3,1,70,0,1248,1163,5.6
6980,50000.0,Benzine,5,3,2,51,1,1229,1163,5.4
6980,34290.0,Benzine,5,3,1,51,1,1229,1163,5.4
6980,94927.0,Diesel,5,3,1,70,0,1248,1163,5.6
6979,94480.0,Benzine,5,3,2,51,1,1229,1163,5.4
6950,22465.0,Benzine,5,2,1,51,1,1229,1163,5.4
6950,82000.0,Diesel,5,3,2,55,0,1248,1695,3.8
6940,86897.0,Benzine,5,3,2,66,0,1398,1163,5.0
6940,85169.0,Benzine,5,3,2,66,0,1398,1163,5.0
6940,84355.0,Benzine,5,3,2,66,0,1398,1163,5.0
6900,91000.0,Benzine,5,3,1,51,0,1229,1163,5.3
6900,85000.0,Benzine,5,3,1,66,0,1398,1163,5.6
6900,53000.0,Diesel,5,3,1,55,0,1248,1237,3.8
6900,96464.0,Benzine,5,3,1,51,1,1229,1163,5.4
6890,20600.0,Benzine,5,3,2,51,1,1229,1135,5.6
6880,34379.0,Benzine,5,3,2,51,1,1229,1163,5.4
6900,94000.0,Diesel,5,3,2,55,0,1248,1199,3.0
6899,55000.0,Benzine,5,3,2,51,0,1229,1163,5.3
6890,96800.0,Benzine,5,3,2,51,1,1229,1135,5.8
6900,100000.0,Benzine,5,3,1,51,0,1229,1163,5.3
13880,5853.0,Benzine,5,2,1,66,1,1398,1163,4.7
13850,6885.0,Benzine,6,0,1,66,1,1398,1163,6.0
13850,6950.0,Benzine,6,1,1,66,0,1398,1156,5.6
13834,50.0,Benzine,6,1,1,66,1,1398,1163,5.6
13850,450.0,Benzine,6,1,1,66,0,1398,1163,5.9
13790,7500.0,Benzine,6,2,1,66,0,1398,1163,5.9
13840,9450.0,Benzine,5,1,1,66,1,1398,1163,4.7
13790,30600.0,Benzine,6,1,1,66,1,1398,1163,5.6
13790,4824.0,Benzine,6,1,1,66,0,1398,1199,6.6
13777,7305.0,Benzine,6,1,1,66,1,1398,1163,5.9
13777,10590.0,Benzine,6,1,1,66,1,1398,1163,6.0
6850,42300.0,Benzine,5,3,1,51,0,1229,1135,5.6
6850,49559.0,Benzine,5,3,2,51,1,1229,1120,5.4
13777,12835.0,Benzine,6,1,1,66,1,1398,1163,5.9
6850,34800.0,Benzine,5,3,2,51,0,1229,1163,5.4
6790,58190.0,Benzine,5,3,1,51,0,1229,1088,5.4
6780,98190.0,Diesel,5,3,1,70,0,1248,1163,5.6
6780,95969.0,Diesel,5,3,1,70,0,1248,1163,5.6
6700,51933.0,Benzine,5,3,2,66,0,1398,1163,5.6
6780,142639.0,Diesel,5,3,1,55,1,1248,1237,3.8
6690,72000.0,Benzine,5,3,1,51,0,1229,1163,5.4
6660,55965.0,Benzine,5,3,2,51,1,1229,1120,5.4
6580,115379.0,Diesel,5,3,1,70,0,1248,1163,5.6
6600,69000.0,Benzine,5,3,1,55,0,1398,1163,5.2
6500,45600.0,Benzine,5,3,1,51,1,1229,1135,5.6
6500,56715.0,Benzine,5,2,1,51,0,1229,1120,5.4
6499,61000.0,Benzine,5,2,1,66,0,1398,1163,5.1
6490,101000.0,Diesel,5,3,1,55,0,1248,1237,3.8
6490,81800.0,Diesel,5,3,1,55,1,1248,1163,5.3
6489,77920.0,Benzine,5,3,2,51,1,1229,1163,5.4
6480,95535.0,Benzine,5,3,2,51,0,1229,1163,5.3
6450,49000.0,Benzine,5,3,2,51,0,1229,1135,5.6
6479,89639.0,Benzine,5,3,2,51,0,1229,1163,5.3
6400,55568.0,Benzine,5,3,2,51,1,1229,1163,5.4
6390,63725.0,Benzine,5,3,2,51,0,1229,1135,5.4
6380,88895.0,Diesel,5,3,1,70,0,1248,1163,5.6
6450,73519.0,Benzine,5,3,2,51,0,1229,1163,5.4
6300,124000.0,Diesel,5,3,2,55,0,1248,1199,3.0
6299,65000.0,Benzine,5,3,0,51,0,1398,1163,5.6
6290,86500.0,Benzine,5,3,1,51,1,1229,1120,5.4
13746,11055.0,Benzine,6,1,1,66,1,1398,1163,5.9
13750,10781.0,Benzine,6,2,1,66,1,1398,1199,6.0
13750,1738.0,Benzine,6,1,1,66,0,1398,1245,6.8
13750,505.0,Benzine,6,0,1,66,1,1398,1163,5.9
13695,15425.0,Benzine,6,2,1,66,0,1398,1163,5.9
13746,11325.0,Benzine,6,1,1,66,1,1398,1163,5.9
13690,5192.0,Benzine,5,1,1,66,0,1398,1163,4.7
6590,81000.0,Benzine,5,3,2,51,1,1229,1135,5.6
6250,156000.0,Diesel,5,2,1,55,0,1248,1163,3.9
13690,9900.0,Benzine,6,1,1,66,1,1398,1163,6.0
5890,161427.0,Diesel,5,3,1,55,0,1248,1163,5.3
5950,72000.0,Benzine,5,3,1,51,0,1229,1163,5.3
5499,143000.0,Diesel,5,3,1,55,0,1248,1237,3.8
5600,112413.0,Diesel,5,3,1,55,0,1248,1199,3.8
5490,157000.0,Diesel,5,3,1,55,0,1248,1237,3.0
5450,73000.0,Diesel,5,3,1,55,0,1248,1199,3.8
5300,173021.0,Diesel,5,3,1,55,0,1248,1163,3.9
4990,79000.0,Benzine,5,3,1,66,0,1398,1141,5.2
5250,80000.0,Diesel,5,3,1,55,0,1248,1199,3.8
4950,179521.0,Diesel,5,3,1,70,0,1248,1163,3.2
13890,10.0,Benzine,6,1,1,66,0,1398,1163,6.6
13890,10115.0,Benzine,6,1,1,66,0,1398,1199,6.6
13890,23258.0,Benzine,6,1,1,66,1,1398,1199,6.0
13890,10.0,Benzine,6,0,1,66,1,1398,1163,5.9
13890,5865.0,Benzine,6,1,1,66,0,1398,1199,6.6
13890,6975.0,Benzine,6,1,1,66,0,1398,1199,6.6
13890,10115.0,Benzine,6,1,1,66,0,1398,1163,6.3
13890,7718.0,Benzine,6,1,1,66,0,1398,1199,6.6
13890,3978.0,Benzine,6,1,1,66,0,1398,1199,6.6
13890,8355.0,Benzine,6,1,1,66,0,1398,1199,6.6
13890,5900.0,Benzine,6,1,1,66,0,1398,1163,6.2
13890,7077.0,Benzine,6,1,1,66,0,1398,1199,6.6
13890,5977.0,Benzine,6,0,1,66,0,1398,1163,6.6
13890,7472.0,Benzine,6,1,1,66,0,1398,1199,6.6
13890,7110.0,Benzine,6,1,1,66,0,1398,1199,6.6
13890,19337.0,Benzine,6,1,1,66,1,1398,1163,6.0
13890,8930.0,Benzine,6,1,1,66,1,1398,1203,5.6
13890,9931.0,Benzine,6,1,1,66,0,1398,1199,6.6
13890,5034.0,Benzine,6,1,1,66,0,1398,1199,6.6
7600,4222.0,Benzine,5,3,2,66,0,1398,1163,5.1
7650,104160.0,Diesel,5,3,2,55,1,1248,1163,3.8
7750,129617.0,Diesel,5,3,1,55,0,1398,1163,5.3
7650,144260.0,Diesel,5,3,1,70,0,1398,1163,5.3
7650,10000.0,Benzine,5,3,1,51,1,1229,1135,5.6
7650,117018.0,Diesel,5,3,1,55,0,1398,1163,5.3
7650,142.0,Benzine,5,0,1,40,0,973,840,5.6
7650,51000.0,Benzine,5,3,1,51,0,1229,1163,5.4
7650,15900.0,Benzine,5,3,2,51,1,1229,1163,5.4
7650,137058.0,Diesel,5,3,1,51,0,1398,1163,5.3
7800,58600.0,Benzine,5,3,1,66,0,1398,1163,5.2
7880,45065.0,Benzine,5,2,1,52,0,1229,1163,5.3
7950,39990.0,Benzine,5,3,2,51,1,1229,1163,5.4
7950,108757.0,Diesel,5,3,2,71,0,1248,1125,3.3
7950,90000.0,Diesel,5,3,1,55,0,1248,1237,3.8
7950,39240.0,Benzine,5,3,1,51,0,1200,1163,5.6
7900,80182.0,Benzine,5,3,1,51,0,1229,1163,5.3
7879,59613.0,Benzine,5,2,1,52,0,1229,1163,5.3
7879,39962.0,Benzine,5,2,1,52,0,1229,1163,5.3
7950,41820.0,Benzine,5,3,1,51,1,1229,1120,5.4
10500,55000.0,Diesel,5,2,1,70,0,1248,1163,5.3
10900,48525.0,Diesel,5,3,1,70,0,1248,1125,3.1
12450,17900.0,Benzine,5,2,1,66,0,1398,1163,4.7
10500,39000.0,Diesel,5,3,1,70,0,1248,1199,3.1
10900,6537.0,Benzine,5,2,1,66,1,1398,1163,4.7
13680,15294.0,Benzine,5,1,1,66,1,1398,1237,4.8
12980,20615.0,Benzine,5,2,2,66,1,1398,1163,4.9
13550,12431.0,Benzine,5,1,1,66,0,1398,1163,4.7
13591,5235.0,Benzine,5,1,1,66,1,1398,1141,4.9
13290,13605.0,Benzine,5,1,1,66,1,1400,1203,5.6
12990,9900.0,Benzine,5,1,1,66,1,1398,1163,4.7
12950,29951.0,Benzine,5,3,1,66,0,1398,1063,4.8
12900,19200.0,Benzine,5,1,1,66,1,1398,1163,4.7
12900,27210.0,Benzine,5,1,1,66,1,1398,1163,5.2
12500,24421.0,Benzine,5,1,1,66,0,1398,1163,5.3
12500,16693.0,Benzine,5,1,1,66,0,1398,1163,5.3
15690,300.0,Benzine,5,1,1,66,0,1398,1163,4.8
15790,6500.0,Benzine,5,1,1,66,1,1398,1163,4.7
14990,26607.0,Benzine,5,3,1,66,0,1398,1063,5.6
12490,22179.0,Benzine,5,2,1,66,1,1398,1163,4.7
12490,6749.0,Benzine,5,2,1,66,1,1398,1141,4.8
16950,8000.0,Benzine,5,3,1,51,0,1200,1163,5.6
14950,33656.0,Benzine,5,1,1,65,0,1398,1063,4.7
14950,28037.0,Benzine,5,1,1,65,0,1398,1063,4.7
13990,50.0,Benzine,5,1,1,66,0,1398,1163,4.8
10500,18000.0,Benzine,6,1,1,66,0,1398,1163,4.7
10450,20100.0,Benzine,5,3,1,66,1,1398,1141,4.7
14950,37292.0,Benzine,5,1,1,65,0,1398,1063,4.7
14490,10950.0,Benzine,5,1,1,66,0,1398,1163,5.3
13999,644.0,Benzine,5,1,1,66,1,1400,1203,4.8
10270,12177.0,Benzine,5,1,1,55,0,1398,1163,5.3
10200,28342.0,Diesel,5,3,1,70,0,1248,1237,3.1
9990,16399.0,Benzine,5,1,1,51,0,1229,1163,5.4
9950,6393.0,Benzine,5,2,1,66,1,1398,1141,4.8
9850,46000.0,Benzine,5,2,1,66,0,1398,1163,5.2
9590,8300.0,Benzine,5,3,2,51,1,1398,1163,5.3
8500,87075.0,Benzine,6,3,1,66,0,1398,1163,4.7
9250,82400.0,Diesel,5,3,1,70,1,1248,1278,3.4
8400,116000.0,Diesel,5,3,1,70,0,1248,1237,3.1
8000,115000.0,Diesel,5,3,1,70,0,1248,1237,3.1
11850,13164.0,Benzine,5,1,1,66,0,1398,1163,5.4
8500,99000.0,Benzine,6,3,1,66,0,1398,1163,4.7
11750,25511.0,Benzine,5,3,1,66,1,1400,1203,5.0
11750,80237.0,Benzine,5,3,1,66,0,1398,1063,4.8
12400,21700.0,Benzine,5,1,1,66,0,1398,1163,5.2
7950,21500.0,Benzine,5,3,2,51,1,1229,1163,5.4
7950,36115.0,Benzine,5,3,2,51,0,1229,1120,5.4
7950,91000.0,Diesel,6,3,2,70,0,1248,1237,3.8
11000,24000.0,Benzine,5,1,1,66,0,1398,1163,4.8
7950,92000.0,Diesel,6,3,2,70,0,1248,1695,3.4
10990,26820.0,Benzine,5,2,2,66,1,1398,1163,4.7
7500,90700.0,Benzine,6,3,1,66,0,1398,1163,4.7
7950,91000.0,Diesel,6,3,1,70,0,1248,1237,3.8
7950,117736.0,Diesel,5,3,1,51,0,1398,1163,5.3
7950,82000.0,Benzine,5,2,1,51,1,1229,1173,5.6
7950,51862.0,Benzine,5,2,1,66,0,1398,1163,5.6
7950,103854.0,Diesel,5,3,1,51,0,1398,1163,5.3
7950,92000.0,Diesel,6,3,1,70,0,1248,1237,3.8
7850,15000.0,Benzine,5,3,2,51,0,1229,1120,5.4
7850,38800.0,Benzine,5,3,2,51,1,1229,1163,5.6
7850,115249.0,Diesel,5,3,1,55,0,1398,1163,5.3
7850,35100.0,Benzine,5,3,1,51,0,1229,1163,5.4
7821,28895.0,Benzine,5,3,1,51,1,1229,1120,5.4
7800,82000.0,Benzine,5,3,1,51,0,1229,1088,5.3
7900,33633.0,Benzine,5,3,1,51,0,1229,1124,5.4
7900,35410.0,Benzine,5,2,1,66,0,1400,1163,5.2
7900,50000.0,Benzine,5,2,1,51,0,1229,1163,5.3
7900,37634.0,Benzine,5,2,1,66,0,1400,1163,5.2
7900,30000.0,Benzine,5,2,1,51,0,1229,1120,5.3
7900,64249.0,Benzine,5,3,1,51,0,1229,1120,5.4
7900,15887.0,Benzine,5,3,1,51,0,1229,1163,5.3
7900,45200.0,Benzine,5,2,2,51,0,1229,1163,5.3
7900,85899.0,Benzine,5,3,1,66,0,1398,1163,5.2
7900,84097.0,Benzine,5,3,1,51,0,1229,1163,5.3
7900,95000.0,Benzine,5,3,1,51,0,1229,1163,5.3
7900,13160.0,Benzine,5,3,1,51,0,1229,1135,5.6
7900,45000.0,Diesel,5,3,1,55,0,1248,1237,3.8
7800,59144.0,Benzine,6,3,1,85,0,998,1635,4.9
7800,55400.0,Benzine,5,3,1,66,0,1398,1163,5.2
7949,29863.0,Benzine,5,2,1,66,0,1398,1163,5.1
7800,54999.0,Benzine,5,2,1,51,0,1398,1163,5.4
7949,30563.0,Benzine,5,2,1,66,0,1398,1163,5.1
7800,50845.0,Benzine,5,3,1,66,0,1398,1163,5.1
7949,32301.0,Benzine,5,2,1,66,0,1398,1163,5.1
7900,70000.0,Benzine,5,3,1,51,0,1229,1124,5.4
7949,46345.0,Benzine,5,2,1,66,0,1398,1163,5.2
7900,25902.0,Benzine,5,3,1,66,0,1398,1163,5.2
7900,51921.0,Benzine,5,2,1,51,0,1229,1163,5.3
7900,16000.0,Benzine,5,3,2,51,0,1229,1120,5.4
7900,49000.0,Benzine,5,2,1,51,0,1229,1238,5.0
7900,90000.0,Benzine,5,3,1,51,1,1229,1120,5.4
7900,98438.0,Diesel,5,3,1,70,0,1248,1199,3.3
7900,107000.0,Diesel,5,3,1,70,0,1248,1163,5.3
7900,85835.0,Diesel,5,3,1,55,0,1248,1163,3.8
7900,35800.0,Benzine,5,3,1,51,0,1229,1178,5.4
7800,55700.0,Benzine,5,3,1,66,0,1398,1163,5.2
7900,82000.0,Benzine,5,3,1,66,0,1398,1163,5.0
7899,22800.0,Benzine,5,3,2,51,0,1229,1135,5.6
7898,8900.0,Benzine,5,3,1,51,1,1229,1163,5.4
7899,25329.0,Benzine,5,3,1,55,0,1398,1163,5.2
7899,69209.0,Diesel,5,3,1,55,0,1248,1163,3.8
7900,53000.0,Diesel,6,3,1,70,0,1248,1237,3.4
7896,41000.0,Benzine,5,3,1,51,1,1229,1135,5.6
7890,43142.0,Benzine,5,3,2,51,1,1229,1135,5.6
7890,39165.0,Benzine,5,3,2,51,1,1229,1163,5.6
7890,39910.0,Benzine,5,3,2,51,1,1229,1163,5.6
7890,17700.0,Benzine,5,3,2,51,1,1229,1163,5.4
7890,26500.0,Benzine,5,3,1,51,1,1229,1163,5.6
7890,21750.0,Benzine,5,3,2,51,1,1229,1163,5.6
7885,59150.0,Benzine,5,3,2,51,1,1229,1163,5.4
7880,24226.0,Benzine,5,3,2,51,1,1229,1163,5.4
7880,43900.0,Benzine,5,3,2,51,0,1398,1163,5.6
7880,47697.0,Benzine,5,3,2,51,1,1229,1163,5.4
7800,57200.0,Benzine,5,3,1,66,0,1398,1163,5.2
7800,1800.0,Benzine,5,3,2,51,0,1229,1135,5.6
7800,51800.0,Benzine,5,3,1,66,0,1398,1163,5.2
7800,55000.0,Benzine,5,3,1,66,0,1398,1163,5.2
7800,52500.0,Benzine,5,3,1,66,0,1398,1163,5.2
7800,25000.0,Benzine,5,3,2,51,1,1229,1163,5.4
7800,36000.0,Benzine,5,3,2,51,0,1229,1135,5.6
7800,57500.0,Benzine,5,3,1,66,0,1398,1163,5.2
7800,53400.0,Benzine,5,3,1,66,0,1398,1163,5.2
7800,53500.0,Benzine,5,3,1,66,0,1398,1163,5.2
7800,55300.0,Benzine,5,3,1,66,0,1398,1163,5.2
7800,133081.0,Diesel,5,3,1,51,0,1398,1163,5.6
7800,29300.0,Benzine,5,3,1,51,1,1229,1135,5.6
7800,45000.0,Benzine,5,3,1,66,0,1398,1163,5.1
7800,113324.0,Diesel,5,3,1,70,0,1248,1137,3.3
7800,75000.0,Diesel,5,3,1,55,0,1248,1163,5.0
7600,83300.0,Benzine,5,3,1,51,0,1229,1088,5.3
7799,47000.0,Benzine,5,2,1,51,0,1229,1163,5.3
7799,42000.0,Benzine,5,3,2,51,1,1229,1163,5.3
7799,13000.0,Benzine,5,3,2,51,0,1229,1120,5.4
7799,73322.0,Diesel,5,2,1,55,0,1248,1237,3.8
7790,30200.0,Benzine,5,3,2,51,0,1229,1163,5.6
7750,37100.0,Benzine,5,3,1,51,0,1229,1163,5.4
7700,55700.0,Benzine,5,2,1,51,0,1398,1163,5.3
7700,35700.0,Benzine,5,3,2,51,1,1229,1163,5.4
7700,76787.0,Benzine,5,2,1,88,0,1364,1145,5.0
7700,62296.0,Benzine,5,2,1,66,0,1398,1163,5.6
7689,44070.0,Benzine,5,3,2,51,1,1229,1163,5.4
7700,63000.0,Benzine,5,2,1,51,0,1229,1163,5.3
7690,78400.0,Benzine,5,3,2,51,1,1229,1135,5.8
7690,63650.0,Benzine,5,3,2,51,1,1229,1163,5.4
7690,35092.0,Benzine,5,3,2,51,0,1229,1163,5.4
7690,89000.0,Benzine,5,3,1,51,0,1229,1163,5.3
7690,11600.0,Benzine,5,3,1,51,1,1229,1135,5.6
7680,83420.0,Benzine,5,3,2,66,1,1398,1163,5.2
7790,32500.0,Benzine,5,3,2,51,0,1229,1163,5.6
7680,42410.0,Benzine,5,3,1,51,1,1229,1120,5.4
7790,55010.0,Benzine,5,3,2,51,0,1229,1120,5.4
7780,99757.0,Diesel,5,3,1,55,0,1248,1163,3.9
7790,32700.0,Benzine,5,3,2,51,1,1229,1163,5.6
7780,86800.0,Diesel,6,3,1,55,1,1248,1163,3.9
7770,29400.0,Benzine,5,3,1,51,0,1229,1178,5.4
7777,24484.0,Benzine,5,3,2,51,1,1229,1163,5.5
7750,93000.0,Diesel,5,3,1,55,0,1248,1120,3.7
7750,31398.0,Diesel,5,2,1,55,0,1248,1162,3.8
7750,49000.0,Benzine,5,3,1,51,0,1239,1179,5.7
7750,28000.0,Benzine,5,3,2,51,0,1229,1163,5.4
7680,59700.0,Benzine,5,3,2,51,0,1229,1590,5.6
13200,18000.0,Benzine,6,3,1,66,0,1398,1199,6.0
13890,10.0,Benzine,6,1,1,66,1,1398,1248,6.6
13945,39640.0,Benzine,5,2,1,66,0,1398,1063,4.7
13980,25249.0,Benzine,5,1,1,66,1,1398,1163,4.7
13990,4000.0,Benzine,6,1,1,66,0,1398,1199,6.3
7980,52335.0,Benzine,5,2,2,51,1,1229,1163,5.4
13990,5434.0,Benzine,6,1,1,66,1,1398,1163,5.3
13990,8000.0,Benzine,6,1,1,66,0,1398,1163,6.6
13990,1597.0,Benzine,6,1,1,66,0,1398,1163,5.6
8100,41896.0,Benzine,5,2,2,51,0,1229,1088,5.3
8490,13044.0,Benzine,5,1,1,66,0,1398,1163,5.2
8500,45400.0,Benzine,5,2,2,51,0,1229,1088,5.3
8490,11245.0,Benzine,5,1,1,66,0,1398,1163,5.2
8100,47219.0,Benzine,5,2,2,51,0,1229,1088,5.3
8455,63992.0,Benzine,5,2,2,66,0,1398,1163,5.2
8390,16800.0,Benzine,5,2,2,51,1,1229,1120,5.4
8489,8050.0,Benzine,5,2,2,51,1,1229,1163,5.4
8500,34000.0,Benzine,5,2,2,51,0,1229,1163,5.4
8550,57900.0,Benzine,5,2,1,51,0,1229,1163,5.3
8800,30000.0,Benzine,5,2,1,51,0,1229,1163,5.3
8690,64368.0,Benzine,5,2,2,66,1,1398,1163,5.7
8800,66000.0,Diesel,5,2,0,55,0,1248,1237,3.8
8800,23811.0,Benzine,5,1,1,55,0,1398,1163,5.8
8690,69650.0,Benzine,5,2,2,66,1,1398,1163,5.7
8800,45000.0,Benzine,5,2,1,51,0,1229,1163,5.3
8780,12612.0,Benzine,5,2,1,51,0,1229,1163,5.6
8895,51000.0,Benzine,5,2,1,66,0,1398,1120,5.2
8900,27338.0,Benzine,5,1,1,66,0,1398,1163,5.2
8890,71223.0,Benzine,5,2,1,66,0,1398,1163,5.2
8840,13620.0,Benzine,5,2,1,51,1,1229,1163,5.6
8899,21512.0,Benzine,5,1,1,66,0,1398,1163,5.1
8900,49000.0,Benzine,5,1,1,51,0,1229,1163,5.3
8900,16638.0,Benzine,5,1,1,66,0,1364,1163,5.7
8890,22371.0,Benzine,5,2,2,51,0,1229,1163,5.4
8880,70000.0,Benzine,5,1,1,66,1,1398,1163,5.2
8880,31104.0,Benzine,5,1,1,52,0,1229,1163,5.3
8880,16110.0,Benzine,6,2,2,74,0,1398,1163,5.5
8879,29334.0,Benzine,5,1,1,52,0,1229,1163,5.3
8850,89000.0,Diesel,6,2,2,70,0,1248,1199,3.8
8879,29679.0,Benzine,5,1,1,52,0,1229,1163,5.3
8690,31010.0,Benzine,5,2,1,51,0,1229,1163,5.4
8850,89000.0,Diesel,6,2,1,70,0,1248,1199,3.8
8850,18708.0,Benzine,5,1,1,51,0,1229,1120,5.4
8770,22333.0,Benzine,5,2,1,51,0,1229,1088,5.4
8750,39600.0,Benzine,5,2,1,51,0,1229,1163,5.4
8750,25700.0,Benzine,5,2,1,51,0,1229,1163,5.4
8600,51400.0,Benzine,5,2,1,51,0,1229,1163,5.3
8650,62115.0,Benzine,5,2,1,66,1,1398,1163,5.7
8600,26626.0,Benzine,5,1,1,55,0,1398,1163,5.8
8600,28906.0,Benzine,5,1,1,55,0,1398,1163,5.8
8600,25858.0,Benzine,5,1,1,55,0,1398,1163,5.8
8600,19565.0,Benzine,5,2,1,55,0,1398,1163,5.1
8650,69859.0,Benzine,5,2,1,66,1,1398,1163,5.7
8600,60400.0,Benzine,5,2,1,51,0,1229,1163,5.3
8600,38000.0,Benzine,5,1,1,51,0,1229,1163,5.3
8600,38000.0,Benzine,5,1,1,66,0,1398,1163,5.1
8600,39230.0,Benzine,5,2,1,51,0,1229,1163,5.3
8599,36444.0,Benzine,5,1,1,66,0,1398,1163,5.2
8599,33826.0,Benzine,5,1,1,66,0,1398,1163,5.2
8600,59000.0,Diesel,5,1,1,55,0,1248,1237,4.0
8600,29000.0,Benzine,5,2,1,66,0,1398,1163,5.1
8589,54950.0,Benzine,5,2,1,67,0,1398,1163,5.3
8700,62000.0,LPG/CNG,5,2,0,51,0,1229,1163,5.3
8750,21695.0,Benzine,5,1,1,66,0,1364,1163,5.7
8750,42492.0,Benzine,5,2,0,66,0,1398,1163,5.1
8750,22266.0,Benzine,5,1,1,66,0,1364,1163,5.7
8750,25700.0,Benzine,5,2,0,51,0,1229,1163,5.4
8750,15187.0,Benzine,5,2,1,51,0,1229,1120,5.4
8700,55000.0,Benzine,5,2,1,51,0,1229,1163,5.3
8700,14000.0,LPG/CNG,5,2,1,66,0,1398,1259,5.3
8700,79143.0,Benzine,6,2,1,74,0,1400,1237,5.1
8700,68000.0,Diesel,5,2,1,55,0,1398,1163,5.3
8700,48280.0,Benzine,5,2,1,51,0,1229,1120,5.3
8700,44000.0,Benzine,5,2,1,51,0,1229,1163,5.3
8700,57403.0,Benzine,5,2,1,51,0,1229,1163,5.3
8700,24815.0,Benzine,5,1,1,66,0,1364,1163,5.7
8699,34980.0,Benzine,5,2,1,52,0,1229,1088,5.3
8800,22675.0,Benzine,5,1,1,55,0,1398,1163,5.8
8800,26132.0,Benzine,5,1,1,66,0,1397,1163,5.2
8800,24465.0,Benzine,5,1,1,55,0,1398,1163,5.8
8800,25367.0,Benzine,5,2,1,51,0,1229,1120,5.4
8800,35000.0,Benzine,5,2,1,51,0,1229,1163,5.3
8800,49000.0,Benzine,5,2,1,51,0,1229,1163,5.3
8800,9100.0,Benzine,5,2,1,51,0,1229,1135,5.6
8800,1647.362609,Diesel,5,0,1,55,0,1248,1199,3.8
8800,10000.0,Benzine,5,1,1,66,0,1398,1163,5.1
8799,26927.0,Benzine,5,1,1,51,0,1229,1163,5.3
8790,27336.0,Benzine,5,2,1,51,0,1229,1163,5.3
8790,36889.0,Benzine,5,2,1,51,0,1229,1163,5.3
8790,25746.0,Benzine,5,1,1,55,0,1398,1163,5.8
8790,82300.0,Benzine,5,2,1,66,0,1398,1163,5.2
8790,19000.0,Benzine,5,1,1,66,0,1398,1163,5.2
8580,17900.0,Benzine,5,2,2,51,1,1229,1163,5.3
8299,58521.0,Benzine,5,2,1,66,0,1398,1163,5.2
8690,34465.0,Benzine,5,2,1,66,0,1398,1163,5.2
8299,49320.0,Benzine,5,2,1,66,0,1398,1163,5.2
8500,25000.0,Benzine,5,2,1,66,0,1398,1163,5.2
8550,39700.0,Benzine,5,2,1,66,0,1398,1120,5.2
8525,23500.0,Benzine,5,2,1,51,0,1200,1163,5.6
8500,40256.0,Benzine,5,2,1,66,0,1398,1163,5.2
8500,20446.0,Benzine,5,2,1,66,0,1398,1163,5.2
8500,24253.0,Benzine,5,2,1,52,0,1229,1163,5.3
8500,25900.0,Benzine,5,2,1,66,0,1398,1163,5.6
8500,45000.0,Benzine,5,2,1,51,0,1229,1163,5.3
8500,25562.0,Diesel,5,2,2,55,0,1248,1237,3.8
8500,57000.0,Benzine,5,2,1,51,0,1229,1163,5.3
8500,16427.0,Benzine,5,2,1,51,0,1229,1120,5.3
8500,10400.0,Benzine,5,2,1,51,0,1229,1163,5.3
8500,29322.0,Benzine,5,2,1,51,0,1229,1163,5.4
8500,21300.0,Benzine,5,2,1,66,0,1398,1163,5.2
8500,40845.0,Benzine,5,2,1,51,0,1229,1163,5.3
8500,38000.0,Benzine,5,2,1,51,0,1229,1163,5.3
8500,30800.0,Benzine,5,2,1,66,0,1398,1163,5.6
8500,25000.0,Diesel,5,2,1,55,0,1248,1237,3.8
8500,17000.0,Diesel,5,2,1,55,0,1248,1199,3.8
8500,39000.0,Diesel,5,2,1,75,0,1398,1163,4.5
8500,52000.0,Benzine,6,2,1,66,0,998,1120,4.5
8500,36300.0,Benzine,5,2,1,66,0,1398,1163,5.6
8500,39860.0,Benzine,5,2,1,51,0,1229,1163,5.3
8500,55700.0,LPG/CNG,5,2,1,51,0,1398,1163,5.3
8500,23000.0,Benzine,5,2,1,66,0,1398,1163,5.0
8500,29877.0,Benzine,5,2,1,66,0,1398,1163,5.0
8500,48562.0,Benzine,5,2,1,66,0,1398,1163,5.6
8500,47100.0,Benzine,5,2,1,51,0,1229,1088,5.3
8500,19643.0,Benzine,5,2,1,66,0,1398,1163,5.2
8500,45400.0,Benzine,5,2,1,51,0,1229,1088,5.3
8500,52500.0,Benzine,5,2,1,51,0,1229,1088,5.3
8500,39470.0,Benzine,5,2,1,51,0,1229,1088,5.3
8299,39856.0,Benzine,5,2,1,66,0,1398,1163,5.2
8299,47662.0,Benzine,5,2,1,66,0,1398,1163,5.2
8299,41685.0,Benzine,5,2,1,66,0,1398,1163,5.2
8299,42670.0,Benzine,5,2,1,66,0,1398,1163,5.2
8299,43000.0,Benzine,5,2,1,51,0,1229,1135,5.6
8290,46370.0,Benzine,5,2,1,66,0,1398,1163,5.1
8290,46380.0,Benzine,5,2,1,66,0,1398,1163,5.1
8200,25000.0,Benzine,5,2,1,51,0,1229,1173,5.6
8200,1.0,Benzine,5,0,1,51,0,1229,1162,5.3
8270,62630.0,Benzine,5,2,1,66,0,1398,1163,5.6
8200,59000.0,Benzine,5,2,1,51,0,1229,1163,5.3
8455,63992.0,Benzine,5,2,1,66,0,1398,1163,5.2
8150,9500.0,Benzine,5,2,2,51,0,1229,1173,5.7
8199,30000.0,Benzine,5,1,1,51,0,1229,1163,5.4
8199,7500.0,Benzine,5,1,1,51,0,1229,1135,5.6
8199,56480.0,Benzine,5,2,2,52,0,1229,1088,5.3
8450,45147.0,Benzine,5,2,1,51,0,1229,1163,5.3
8450,25750.0,Benzine,5,2,1,51,1,1229,1163,5.4
8450,48753.0,Benzine,5,2,1,51,0,1229,1163,5.3
8430,46648.0,Benzine,5,2,1,51,0,1229,1163,5.4
8450,52535.0,Benzine,5,2,1,51,1,1229,1120,5.4
8400,49000.0,Benzine,5,2,1,51,0,1229,1163,5.3
8450,33000.0,Benzine,5,2,1,51,0,1229,1163,5.3
8450,7275.0,Benzine,5,2,2,51,1,1229,1163,5.4
8400,41140.0,Benzine,5,1,1,66,0,1398,1163,5.0
8399,39990.0,Benzine,5,2,2,51,0,1229,1088,5.3
8399,28456.0,Benzine,5,2,2,51,0,1229,1163,5.3
8490,27470.0,Benzine,5,1,1,66,0,1398,1163,5.2
8399,47900.0,Benzine,5,2,2,51,0,1229,1088,5.3
8399,14500.0,Benzine,5,2,2,51,0,1229,1120,5.4
8400,30000.0,Benzine,5,2,2,66,0,1398,1163,5.2
8490,23225.0,Benzine,5,1,1,66,0,1398,1163,5.2
8490,11144.0,Benzine,5,1,1,66,0,1398,1163,5.2
8490,27806.0,Benzine,5,1,1,66,0,1398,1163,5.2
8490,26987.0,Benzine,5,1,1,66,0,1398,1163,5.2
8490,29446.0,Benzine,5,1,1,66,0,1398,1163,5.2
8490,46500.0,Benzine,5,2,2,51,0,1229,1163,5.3
8490,32084.0,Benzine,5,2,2,66,0,1398,1163,5.2
8490,20768.0,Benzine,5,1,1,66,0,1398,1163,5.2
8490,11528.0,Benzine,5,1,1,66,0,1398,1163,5.2
8490,34592.0,Benzine,5,1,1,66,0,1398,1163,5.2
8490,33321.0,Benzine,5,1,1,66,0,1398,1163,5.2
8490,34164.0,Benzine,5,2,2,66,0,1398,1163,5.2
8091,10761.0,Benzine,5,2,2,66,0,1398,1163,5.2
7990,52200.0,Benzine,5,2,2,51,0,1229,1163,5.4
7990,30602.0,Benzine,5,1,2,51,0,1229,1163,5.4
8000,45000.0,Benzine,5,2,2,51,0,1229,1163,5.3
8000,60000.0,Benzine,5,2,2,51,0,1229,1163,5.3
7990,63000.0,Benzine,5,2,2,51,0,1229,1199,4.3
7990,23831.0,Benzine,5,2,2,51,1,1229,1163,5.4
7990,3950.0,Benzine,5,2,1,51,0,1229,1120,5.4
7990,23656.0,Benzine,5,1,2,67,0,1398,1163,5.7
7980,32480.0,Benzine,5,2,2,51,0,1229,1163,5.4
7980,57000.0,Benzine,5,2,1,51,0,1229,1163,5.4
14213,10.0,Benzine,6,0,1,66,1,1398,1248,6.3
8380,12961.0,Benzine,5,2,1,51,0,1229,1163,5.4
8350,317000.0,Benzine,5,2,1,66,0,1398,1199,6.0
8300,58912.0,Benzine,5,2,1,51,0,1229,1163,5.3
8300,42471.0,Benzine,5,2,1,66,0,1398,1163,5.2
8300,53522.0,Benzine,5,2,1,51,0,1229,1163,5.3
8300,60386.0,Benzine,5,2,1,51,0,1229,1163,5.3
8300,59217.0,Benzine,5,2,1,51,0,1229,1163,5.3
8300,51318.0,Benzine,5,2,1,51,0,1229,1163,5.3
8300,10000.0,Benzine,5,2,1,51,0,1229,1163,5.3
8300,53390.0,Benzine,5,2,1,51,0,1229,1163,5.3
8300,18214.0,Benzine,5,2,1,66,1,1398,1163,5.2
8300,43657.0,Benzine,5,2,1,66,0,1398,1163,5.2
8300,50000.0,Benzine,5,2,1,51,0,1229,1163,5.3
8300,18300.0,Benzine,5,2,1,51,0,1229,1163,5.4
8300,42323.0,Benzine,5,1,2,66,0,1398,1163,5.0
8300,44109.0,Benzine,5,1,2,66,0,1398,1163,5.0
8300,47140.0,Benzine,5,2,1,51,0,1229,1163,5.3
8300,45421.0,Benzine,5,2,1,51,0,1229,1163,5.3
8299,41585.0,Benzine,5,2,1,66,0,1398,1163,5.2
14000,10.0,Benzine,6,0,1,66,0,1398,1199,6.0
14150,7600.0,Benzine,6,1,1,66,1,1398,1163,6.3
13999,15545.0,Benzine,6,1,1,66,1,1398,1163,5.9
8299,34826.0,Benzine,5,2,1,66,0,1398,1163,5.2
13999,8205.0,Benzine,6,1,1,66,1,1398,1163,5.9
13999,2500.0,Benzine,6,0,1,66,0,1398,1214,6.2
13999,12780.0,Benzine,6,1,1,66,1,1398,1163,5.9
13990,15015.0,Benzine,6,2,1,66,0,1398,1163,5.6
13999,13875.0,Benzine,6,1,1,66,1,1398,1163,5.9
13999,3700.0,Benzine,6,1,1,66,0,1398,1199,6.6
13990,4100.0,Benzine,5,1,1,66,0,1398,1163,4.7
13990,12500.0,Benzine,6,1,1,66,1,1398,1199,5.9
13990,20300.0,Benzine,6,1,1,66,0,1398,1163,5.2
13990,9500.0,Benzine,6,1,1,66,1,1398,1199,5.9
13990,15150.0,Benzine,6,1,1,66,0,1398,1163,5.2
13990,4025.0,Benzine,6,1,1,66,1,1398,1163,6.0
13990,2159.0,Benzine,6,0,1,66,0,1398,1163,5.9
13990,19500.0,Benzine,5,1,1,66,0,1398,1163,4.8
13990,14205.0,Benzine,5,1,1,66,1,1398,1163,5.2
13990,5310.0,Benzine,6,1,1,66,1,1398,1163,5.6
13990,13307.0,Benzine,6,1,1,66,1,1398,1203,5.6
13990,7070.0,Benzine,6,1,1,66,0,1398,1163,5.5
13990,10.0,Benzine,6,1,1,66,0,1398,1163,6.0
13990,1200.0,Benzine,6,1,1,66,0,1398,1163,5.2
13990,44096.0,Benzine,6,1,1,66,0,1400,1063,4.8
13990,5200.0,Benzine,6,1,1,66,0,1398,1163,5.5
13990,23384.0,Benzine,6,1,1,66,0,1398,1234,4.8
13990,18000.0,Benzine,6,1,1,66,1,1398,1199,6.0
13990,9090.0,Benzine,6,1,1,66,0,1398,1199,5.9
13990,26984.0,Benzine,6,1,1,66,0,1398,1163,5.3
13990,15500.0,Benzine,6,1,1,66,1,1398,1199,6.0
13990,30856.0,Benzine,6,2,1,66,0,1398,1163,5.6
13990,12099.0,Benzine,6,1,1,66,1,1400,1163,6.0
13990,35.0,Benzine,5,0,1,66,0,1398,1163,5.6
13990,51.0,Benzine,6,1,1,66,0,1398,1163,6.6
13990,10000.0,Benzine,6,1,1,66,1,1398,1199,6.0
13990,5900.0,Benzine,6,1,1,66,1,1398,1199,6.0
13990,1839.0,Benzine,6,1,1,66,0,1398,1199,6.6
13990,11600.0,Benzine,6,1,1,66,1,1398,1199,6.0
13980,10000.0,Benzine,6,1,1,66,1,1398,1199,5.9
13980,8390.0,Benzine,6,1,1,66,0,1398,1163,5.1
13980,19900.0,Benzine,6,1,1,66,0,1398,1163,5.6
13980,10350.0,Benzine,6,1,1,66,0,1398,1163,5.6
13980,5.0,Benzine,6,0,1,66,0,1398,1163,5.9
13960,12843.0,Benzine,6,1,1,66,0,1400,1163,5.6
13980,10300.0,Benzine,6,1,1,66,0,1398,1163,5.6
13980,8500.0,Benzine,6,1,1,66,0,1398,1163,5.3
13950,5100.0,Benzine,6,1,1,66,1,1398,1163,4.7
13950,19725.0,Benzine,6,1,1,66,1,1398,1163,5.1
13950,50.0,Benzine,6,0,1,66,0,1398,1199,6.0
13950,10210.0,Benzine,6,1,1,66,0,1398,1199,6.6
13950,4600.0,Benzine,6,0,1,66,1,1398,1163,6.6
13950,10000.0,Benzine,6,0,1,66,1,1398,1163,6.6
13950,8500.0,Benzine,6,0,1,66,1,1398,1163,6.6
13900,12010.0,Benzine,6,1,1,66,1,1398,1203,5.6
13900,12500.0,Benzine,6,2,1,66,0,1398,1163,5.1
13950,6900.0,Benzine,6,0,1,66,1,1398,1163,6.6
13950,8000.0,Benzine,5,1,1,66,0,1398,1163,5.6
13900,9800.0,Benzine,6,1,1,66,0,1398,1199,6.6
13900,8066.0,Benzine,6,1,1,66,1,1398,1163,5.1
13900,1500.0,Benzine,6,0,1,66,0,1398,1163,6.0
13900,9.0,Benzine,6,0,1,66,0,1398,1163,6.0
13899,7.0,Benzine,6,0,1,66,1,1398,1199,6.6
8900,24000.0,Benzine,5,2,1,55,1,1398,1163,5.2
8900,22400.0,Benzine,5,2,1,51,0,1229,1163,5.3
8900,42000.0,Benzine,5,2,1,66,0,1398,1163,5.1
8900,17609.0,Benzine,5,1,1,55,0,1398,1163,5.8
8900,43933.0,Benzine,5,2,1,66,0,1398,1163,5.2
8900,35747.0,Benzine,5,1,1,66,0,1398,1163,5.2
8900,33205.0,Benzine,5,2,1,51,0,1229,1163,5.3
8900,43657.0,Benzine,5,2,1,66,0,1398,1163,5.2
8900,42471.0,Benzine,5,2,1,66,0,1398,1163,5.2
8900,42619.0,Benzine,5,2,1,66,0,1398,1163,5.1
8900,14000.0,Benzine,5,2,1,66,0,1398,1141,5.6
8950,45700.0,Benzine,5,2,1,66,0,1398,1163,5.2
8990,47200.0,Benzine,5,2,1,51,0,1229,1163,5.3
8990,11875.0,Benzine,5,2,1,51,1,1229,1163,5.3
8980,21000.0,Benzine,5,2,2,51,0,1229,1173,5.4
8979,36400.0,Benzine,5,2,2,66,0,1398,1163,5.2
8970,25386.0,Benzine,5,2,1,51,0,1229,1120,5.4
8990,66566.0,Benzine,5,2,1,51,0,1229,1163,5.4
8990,12942.0,Benzine,5,1,1,66,0,1364,1163,5.7
8990,15584.0,Benzine,5,1,1,66,0,1398,1141,5.2
8990,25982.0,Benzine,5,1,1,51,0,1229,1163,5.5
8990,26168.0,Benzine,5,1,1,51,0,1229,1163,5.5
8990,25070.0,Benzine,5,1,1,51,0,1229,1163,5.5
8990,29171.0,Benzine,5,1,1,51,0,1229,1163,5.5
8990,24704.0,Benzine,5,1,1,51,0,1229,1163,5.5
8990,29477.0,Benzine,5,1,1,51,0,1229,1163,5.5
8990,25001.0,Benzine,5,1,1,51,0,1229,1163,5.5
8990,26747.0,Benzine,5,2,1,51,0,1229,1163,5.3
8989,41886.0,Benzine,5,2,1,66,1,1398,1163,5.2
8980,16000.0,Benzine,5,2,1,51,0,1229,1163,5.4
8980,29000.0,Benzine,5,2,2,51,1,1229,1163,5.3
8980,35427.0,Benzine,5,2,2,66,1,1398,1163,5.1
8989,17043.0,Benzine,5,2,1,66,0,1398,1163,5.1
8970,26683.0,Benzine,5,2,2,51,1,1229,1120,5.4
8950,8267.0,Benzine,5,2,2,51,1,1229,1163,5.4
8950,41467.0,Benzine,5,2,1,66,0,1398,1141,6.5
8950,60000.0,Benzine,5,2,1,51,0,1229,1163,5.3
8950,74000.0,Benzine,5,2,1,66,0,1398,1163,5.2
8950,72000.0,Benzine,5,2,1,66,0,1398,1163,5.2
8950,43844.0,Benzine,5,1,1,66,1,999,1163,5.6
8990,40297.0,Benzine,5,1,1,51,0,1229,1163,5.3
8990,13260.0,Benzine,5,1,1,66,0,1398,1163,5.2
8950,72000.0,Benzine,5,2,1,66,0,1398,1615,5.1
8990,74700.0,Benzine,5,2,1,66,0,1398,1163,5.2
8950,65000.0,Benzine,5,2,1,66,0,1398,1615,5.1
8990,71400.0,Benzine,5,2,1,66,0,1398,1163,5.2
8950,74000.0,Benzine,5,2,1,66,0,1398,1615,5.1
8990,59400.0,Benzine,5,2,1,66,0,1398,1163,5.2
8990,74900.0,Benzine,5,2,1,66,0,1398,1163,5.2
8990,24289.0,Benzine,5,1,1,66,0,1397,1163,5.2
8990,67900.0,Benzine,5,2,1,66,0,1398,1163,5.2
8990,70900.0,Benzine,5,2,1,66,0,1398,1163,5.2
8990,38000.0,Benzine,5,2,1,66,1,1398,1163,5.0
8990,14356.0,Benzine,5,1,1,66,0,1364,1163,5.7
8990,50000.0,Benzine,5,2,1,66,1,1398,1163,5.6
8990,3300.0,Benzine,5,1,1,66,0,1398,1163,5.0
8990,67800.0,Benzine,5,2,1,66,0,1398,1163,5.2
8990,37087.0,Benzine,6,2,1,74,1,1398,1163,5.6
8990,16300.0,Benzine,5,1,1,66,0,1397,1163,5.2
8950,53300.0,Benzine,5,2,1,66,0,1398,1163,5.2
8950,38400.0,Benzine,5,2,1,66,0,1398,1163,5.2
8900,34151.0,Benzine,5,1,1,66,0,1398,1163,5.2
8900,20164.0,Benzine,5,2,1,66,0,1398,1163,5.2
8900,66100.0,Benzine,5,2,2,66,0,1398,1163,5.2
8900,44000.0,Benzine,5,2,2,66,0,1398,1163,5.3
8900,54935.0,Benzine,5,2,2,51,0,1229,1163,5.3
8900,19754.0,Benzine,5,2,1,66,0,1398,1163,5.2
8900,64621.0,Benzine,5,2,1,51,0,1229,1163,5.3
8900,18835.0,Benzine,5,2,1,66,0,1398,1163,5.2
8900,15800.0,Benzine,5,2,1,51,0,1229,1163,5.3
8900,10000.0,Diesel,5,2,1,55,0,1248,1237,3.8
8900,46000.0,Benzine,5,2,1,51,0,1229,1163,5.3
8900,45812.0,Benzine,5,2,1,51,0,1229,1163,5.3
8900,46751.0,Benzine,5,2,1,51,0,1229,1163,5.3
8900,40000.0,Benzine,5,2,1,51,0,1229,1163,4.3
8900,52704.0,Benzine,5,2,1,51,0,1229,1163,5.3
8900,45000.0,Benzine,5,2,1,51,0,1229,1163,5.6
8900,18866.0,Benzine,5,2,1,66,0,1398,1585,5.1
8900,22509.0,Diesel,5,2,1,55,0,1248,1695,3.8
8900,22697.0,Benzine,5,2,1,66,0,1398,1163,5.2
8900,69000.0,Benzine,5,2,1,66,0,1398,1163,5.1
8900,23712.0,Benzine,5,1,1,51,0,1229,1088,5.4
8900,21597.0,Benzine,5,2,1,66,0,1398,1163,5.6
8900,14887.0,Benzine,5,1,1,66,0,1398,1163,5.2
8900,58000.0,Benzine,5,2,1,51,0,1229,1163,5.3
8900,31330.0,Benzine,5,2,1,66,0,1398,1163,5.0
8900,13000.0,Benzine,5,1,1,51,0,1229,1163,5.4
8900,39951.0,Benzine,5,2,1,51,0,1229,1163,5.3
8950,42000.0,Benzine,5,2,1,66,0,1398,1163,5.2
8950,47100.0,Benzine,5,2,1,66,0,1398,1163,5.2
8950,25055.0,Benzine,5,1,1,66,0,1400,1163,5.2
8950,45000.0,Benzine,5,2,1,51,0,1229,1163,5.3
8950,41400.0,Benzine,5,2,1,66,0,1398,1163,5.2
8950,52000.0,Benzine,5,2,1,66,0,1398,1163,5.2
8950,50000.0,Benzine,5,2,1,51,0,1229,1163,5.3
8950,30438.0,Diesel,5,2,1,55,0,1248,1163,3.7
8925,29500.0,Benzine,5,2,1,51,0,1200,1163,5.6
8925,21700.0,Benzine,5,2,1,51,0,1200,1163,5.6
8925,49392.0,Diesel,5,2,1,55,0,1300,1163,5.6
8900,17390.0,Benzine,5,2,3,51,0,1229,1163,5.4
8900,27355.0,Benzine,5,2,3,51,0,1229,1163,5.4
8900,9100.0,Benzine,5,2,2,51,0,1229,1173,5.7
8900,10900.0,Benzine,5,2,1,51,0,1229,1163,5.3
14390,8510.0,Benzine,6,0,1,66,1,1398,1163,5.2
14370,17126.0,Benzine,6,1,1,66,0,1400,1163,5.6
14350,350.0,Benzine,6,1,1,66,0,1398,1199,6.0
14350,15900.0,Benzine,6,1,1,66,1,1398,1163,6.3
14350,10300.0,Benzine,6,1,1,66,1,1398,1163,6.3
14595,50.0,Benzine,6,0,1,66,0,1398,1141,6.6
14590,37734.0,Benzine,6,1,1,66,1,1398,1163,5.9
9250,3000.0,Benzine,5,1,1,51,1,1229,1163,5.4
14590,5400.0,Benzine,6,1,1,66,1,1398,1199,6.3
9250,20932.0,Benzine,5,1,1,66,0,1398,1163,5.2
9245,1647.362609,Benzine,5,0,1,51,1,1229,1163,5.4
9280,17053.0,Benzine,5,1,1,52,0,1229,1163,5.3
9508,10.0,Benzine,5,1,1,51,1,1229,1199,5.4
9240,27777.0,Benzine,5,1,1,66,0,1398,1163,5.2
9200,100.0,Diesel,5,0,1,55,0,1248,1162,3.8
9400,16514.0,Benzine,5,1,1,55,0,1398,1088,5.1
9550,13252.0,Benzine,5,1,1,66,0,1398,1163,5.2
9290,10.0,Benzine,5,0,1,51,1,1229,1163,5.5
9550,21200.0,Benzine,5,1,1,51,0,1229,1163,5.3
9490,1982.0,Benzine,5,1,1,66,0,1398,1163,5.1
9500,7912.0,Benzine,5,1,1,66,0,1398,1163,5.2
9500,16852.0,Benzine,5,1,1,66,0,1398,1163,5.6
9800,47100.0,Benzine,5,1,1,66,0,1398,1163,5.2
9790,17000.0,Benzine,5,1,1,66,0,1398,1163,5.1
9790,10.0,Benzine,5,1,1,51,1,1229,1163,5.4
9800,48100.0,Benzine,5,1,1,66,0,1398,1163,5.2
9788,22100.0,Benzine,5,1,1,51,0,1229,1163,5.7
9800,45800.0,Benzine,5,1,1,66,0,1398,1163,5.2
9780,10.0,Benzine,5,1,1,51,0,1229,1120,5.4
9780,22236.0,Benzine,5,1,1,74,0,1364,1163,5.1
9750,29100.0,Benzine,5,1,1,66,0,1398,1163,5.2
9780,10.0,Benzine,5,1,1,51,0,1229,1163,5.3
9777,8990.0,Benzine,5,1,1,66,0,1398,1163,5.2
9750,22000.0,Benzine,5,1,1,55,0,1400,1163,5.3
9750,20000.0,Benzine,5,1,1,51,0,1229,1163,5.3
9750,19345.0,Benzine,5,1,1,51,0,1229,1163,5.4
9700,1647.362609,Benzine,5,0,1,51,0,1229,1163,5.3
9750,9876.0,Benzine,5,1,1,66,0,1398,1163,5.1
9745,18310.0,Benzine,5,1,1,51,0,1398,1163,5.3
9700,16700.0,Benzine,5,1,1,55,0,1398,1163,5.1
9700,12554.0,Benzine,5,1,1,66,0,1397,1163,5.2
9745,27941.0,Benzine,5,1,1,51,0,1229,1163,5.3
9745,15693.0,Benzine,5,1,1,51,0,1398,1163,5.3
9700,24385.0,Benzine,5,1,1,55,0,1398,1163,5.1
9800,45500.0,Benzine,5,1,1,66,0,1398,1163,5.2
9800,43500.0,Benzine,5,1,1,66,0,1398,1163,5.2
9800,33400.0,Benzine,5,1,1,55,0,1398,1163,5.1
9800,49100.0,Benzine,5,1,1,66,0,1398,1163,5.2
9800,50500.0,Benzine,5,1,1,66,0,1398,1163,5.2
9800,14803.0,Benzine,5,1,1,51,0,1398,1163,5.3
9800,23800.0,Benzine,5,1,1,51,0,1229,1163,5.3
9799,33519.0,Benzine,5,1,1,66,0,1398,1163,5.2
9799,38088.0,Benzine,5,1,1,66,0,1398,1163,5.2
9795,22500.0,Benzine,5,1,1,51,0,1229,1120,5.4
9791,51.0,Benzine,5,1,1,51,0,999,1163,5.8
9500,4970.0,Benzine,5,1,1,66,0,1398,1163,5.6
9790,50.0,Benzine,5,1,1,51,0,1229,1163,5.6
9799,26100.0,Benzine,5,1,1,55,1,1398,1163,5.2
9791,51.0,Benzine,5,1,1,51,1,1200,1163,5.9
9791,51.0,Benzine,5,1,1,51,0,1200,1163,5.9
9500,18468.0,Benzine,5,1,1,66,0,1398,1163,5.1
9499,24019.0,Benzine,5,1,1,51,0,1398,1163,5.3
9499,58652.0,Benzine,5,1,1,66,0,1398,1163,5.0
9499,20365.0,Benzine,5,1,1,51,0,1398,1163,5.3
9495,23736.0,Benzine,5,1,1,51,0,1229,1163,5.3
9499,33500.0,Benzine,5,1,1,51,0,1229,1163,5.3
9500,22900.0,Benzine,5,1,1,55,0,1398,1088,5.1
9495,22182.0,Benzine,5,1,1,51,0,1229,1163,5.3
9790,12147.0,Benzine,5,1,1,66,0,1398,1163,5.2
9495,21473.0,Benzine,5,1,1,51,0,1229,1163,5.3
9495,19250.0,Benzine,5,1,1,51,0,1229,1163,5.3
9700,9968.0,Benzine,5,1,1,66,0,1398,1163,5.1
9495,27608.0,Benzine,5,1,1,51,0,1229,1163,5.3
9495,21313.0,Benzine,5,1,1,51,0,1229,1163,5.3
9495,24700.0,Benzine,5,1,1,51,0,1229,1163,5.3
9490,33643.0,Benzine,5,1,1,66,0,1398,1163,5.1
9490,5.0,Benzine,5,0,1,51,1,1229,1163,5.8
9490,23600.0,Benzine,5,1,1,66,0,1398,1163,5.2
9490,23590.0,Benzine,5,1,1,66,0,1398,1163,5.2
9480,16634.0,Benzine,5,1,1,52,0,1229,1163,5.3
9480,15389.0,Benzine,5,1,1,51,1,1229,1163,5.4
9470,10.0,Benzine,5,1,1,51,0,1229,1120,5.4
9450,16128.0,Benzine,5,1,1,66,0,1398,1163,5.8
9450,11000.0,Benzine,5,1,1,51,0,1229,1163,5.4
9400,15967.0,Benzine,5,1,1,66,0,1398,1163,5.8
9400,19499.0,Benzine,5,1,1,66,0,1398,1163,5.6
9400,18702.0,Benzine,5,1,1,66,0,1398,1163,5.8
9400,27492.0,Benzine,5,1,1,66,0,1398,1163,5.6
9400,27352.0,Benzine,5,1,1,66,0,1398,1163,5.2
9495,21141.0,Benzine,5,1,1,51,0,1229,1163,5.3
9400,35000.0,Benzine,5,1,1,51,0,1229,1163,5.3
9490,35000.0,Benzine,5,1,1,51,0,1229,1163,5.3
9390,9110.0,Benzine,5,1,1,66,1,1400,1163,5.2
9390,25000.0,Benzine,5,1,1,66,0,1398,1163,5.2
9390,43000.0,Benzine,5,1,1,51,0,1229,1163,5.3
9300,25221.0,Benzine,5,1,1,51,0,1229,1163,5.4
9390,25000.0,Benzine,5,1,1,51,0,1229,1163,5.4
9300,35291.0,Benzine,5,1,1,55,0,1398,1184,5.3
9300,29497.0,Benzine,5,1,1,55,0,1398,1184,5.3
9300,28732.0,Benzine,5,1,1,55,0,1398,1184,5.3
9300,7500.0,Benzine,5,1,1,66,0,1398,1141,5.1
9300,28474.0,Benzine,5,1,1,55,0,1398,1184,5.3
9300,58400.0,Benzine,5,1,1,66,0,1398,1163,5.2
9300,37035.0,Benzine,5,1,1,55,0,1398,1184,5.3
9500,7000.0,Benzine,5,1,1,51,0,1229,1135,5.7
9500,20000.0,Benzine,5,1,1,51,0,1229,1163,5.3
9500,18552.0,Benzine,5,1,1,66,0,1398,1163,5.2
9500,20570.0,Benzine,5,1,1,66,0,1398,1163,5.2
9500,24666.0,Benzine,5,1,1,55,0,1398,1088,5.1
9500,20000.0,Benzine,5,1,1,66,0,1398,1163,5.1
9500,29900.0,Benzine,5,1,1,55,0,1398,1088,5.1
9500,14088.0,Benzine,5,1,1,66,0,1398,1163,5.2
9500,25770.0,Benzine,5,1,1,66,0,1398,1163,5.2
9500,11000.0,LPG/CNG,5,1,1,66,0,1398,1259,5.3
9500,24719.0,Benzine,5,1,1,66,0,1398,1163,5.2
9500,28000.0,Benzine,5,1,1,51,0,1229,1163,5.3
9500,27600.0,Benzine,5,1,1,55,0,1398,1088,5.1
9500,31948.0,Benzine,6,1,1,74,0,1364,1237,5.1
9500,35000.0,Diesel,5,1,1,55,0,1248,1120,3.8
9500,25614.0,Benzine,5,1,1,66,0,1398,1163,5.2
9500,1501.0,Benzine,5,1,1,66,0,1398,1163,5.6
9500,19000.0,Benzine,5,1,1,55,0,1398,1163,5.1
9500,39500.0,Benzine,5,1,1,55,0,1350,1163,5.1
9695,17923.0,Benzine,5,1,1,51,0,1229,1163,5.3
9299,2000.0,Benzine,5,1,1,51,0,1229,1163,5.6
9300,30899.0,Benzine,5,1,1,66,0,1398,1163,5.2
9300,40000.0,Benzine,5,1,1,51,0,1229,1163,5.3
9300,38761.0,Benzine,5,1,1,55,0,1398,1184,5.3
9690,25264.0,Benzine,5,1,1,66,0,1398,1163,5.2
9695,14153.0,Benzine,5,1,1,51,0,1229,1163,5.3
9690,27500.0,Benzine,5,1,1,55,0,1398,1163,5.1
9690,26673.0,Benzine,5,1,1,66,0,1398,1163,5.2
9695,19034.0,Benzine,5,1,1,51,0,1229,1163,5.3
9650,25753.0,Benzine,5,1,1,55,0,1398,1088,5.1
9650,22000.0,Benzine,5,1,1,55,0,1398,1163,5.1
9680,9524.0,Benzine,5,1,1,66,0,1398,1163,5.2
9600,17371.0,Benzine,5,1,1,66,0,1398,1163,5.2
9600,50.0,Benzine,5,0,1,51,0,1229,1163,5.3
9600,12066.0,Benzine,5,1,1,66,0,1398,1163,5.2
9600,26000.0,Benzine,5,1,1,51,0,1229,1163,5.3
9595,24500.0,Benzine,5,1,1,51,0,1229,1163,5.4
9590,29500.0,Benzine,6,1,1,74,0,1364,1237,5.1
9190,100.0,Benzine,5,1,1,55,0,1398,1105,5.6
9580,76300.0,Benzine,5,0,2,66,0,1398,1163,5.2
9500,20414.0,Benzine,5,1,1,66,0,1398,1163,5.2
9170,39750.0,Benzine,5,1,1,51,0,1229,1163,5.4
9000,19973.0,Benzine,6,1,1,74,0,1364,1237,5.6
9000,16000.0,Benzine,5,1,1,66,0,1398,1163,4.9
8999,31054.0,Benzine,5,1,1,66,0,1398,1163,5.2
8990,12.0,Benzine,5,1,1,55,0,1398,1124,5.2
8990,100.0,Benzine,5,1,1,55,0,1398,1105,5.6
8990,11514.0,Benzine,5,1,1,66,0,1398,1163,5.2
8990,32562.0,Benzine,5,1,1,66,0,1398,1163,5.2
8990,28664.0,Benzine,5,1,1,51,0,1229,1163,5.3
14590,4640.0,Benzine,5,1,1,66,1,1400,1163,4.7
14575,50.0,Benzine,6,1,1,66,0,1398,1199,6.6
14490,4415.0,Benzine,6,1,1,66,0,1398,1163,6.6
14540,8900.0,Benzine,5,1,1,66,1,1398,1163,5.9
14500,10.0,Benzine,6,1,1,66,0,1398,1248,6.3
14500,10.0,Benzine,6,0,1,66,1,1398,1163,5.4
14575,50.0,Benzine,6,0,1,66,0,1398,1199,6.3
14490,5797.0,Benzine,6,1,1,66,0,1398,1163,5.9
14490,80.0,Benzine,6,0,1,66,0,1398,1199,6.3
14490,8000.0,Benzine,6,1,1,66,0,1398,1163,6.2
14490,15330.0,Benzine,6,1,1,66,0,1398,1163,6.3
14490,10.0,Benzine,6,0,1,66,0,1398,1163,6.3
14490,37770.0,Benzine,6,1,1,66,0,1400,1063,4.8
14490,10.0,Benzine,6,1,1,66,0,1398,1163,6.2
14490,4063.0,Benzine,6,1,1,66,0,1398,1163,5.9
14710,13333.0,Benzine,6,1,1,66,1,1398,1163,5.9
14700,5300.0,Benzine,6,1,1,66,0,1398,1163,4.8
14700,5.0,Benzine,6,1,1,66,0,1398,1163,6.0
14700,1647.362609,Benzine,6,0,1,66,0,1400,1163,5.3
14699,42212.0,Benzine,6,1,1,66,0,1398,1063,4.8
14698,36542.0,Benzine,6,1,1,66,0,1398,1063,4.8
14690,3275.0,Benzine,6,1,1,66,0,1398,1163,6.0
14690,4901.0,Benzine,6,1,1,66,1,1398,1199,6.6
14690,12000.0,Benzine,6,1,1,66,1,1398,1163,5.9
14680,10.0,Benzine,6,1,1,66,1,1398,1163,6.6
14680,11465.0,Benzine,6,1,1,66,1,1398,1163,5.9
14666,233.0,Benzine,6,1,1,66,0,1398,1199,6.0
14688,10956.0,Benzine,6,1,1,66,1,1398,1199,6.0
14489,10.0,Benzine,6,0,1,66,0,1398,1163,6.6
14650,1000.0,Benzine,6,0,1,66,1,1400,1213,5.9
14489,10.0,Benzine,6,1,1,66,0,1398,1163,6.2
14650,10.0,Benzine,6,0,1,66,1,1398,1163,6.0
14598,4398.0,Benzine,6,1,1,66,0,1398,1163,5.9
14480,2000.0,Benzine,6,1,1,66,0,1398,1199,6.0
14485,15853.0,Benzine,6,1,1,66,1,1398,1163,6.0
14480,15.0,Benzine,6,1,1,66,0,1398,1245,6.7
14480,10.0,Benzine,6,1,1,66,0,1398,1163,6.9
14480,1600.0,Benzine,6,1,1,66,0,1398,1248,6.2
14489,4990.0,Benzine,5,0,1,66,1,1398,1163,5.9
14477,150.0,Benzine,6,0,1,66,0,1398,1960,6.6
14470,350.0,Benzine,6,1,1,66,0,1398,1199,6.3
14450,8968.0,Benzine,6,1,1,66,1,1398,1199,6.0
14450,5.0,Benzine,6,1,1,66,0,1398,1163,6.0
14450,13250.0,Benzine,6,1,1,66,0,1398,1163,6.6
14450,19983.0,Benzine,6,1,1,66,1,1398,1163,5.2
14450,2900.0,Benzine,5,0,1,66,1,1398,1163,6.3
14450,500.0,Benzine,6,0,1,66,0,1398,1199,6.0
14450,4900.0,Benzine,6,0,1,66,1,1398,1258,6.6
14440,10.0,Benzine,6,1,1,66,1,1398,1163,6.0
14440,2612.0,Benzine,6,0,1,66,1,1398,1163,6.0
14300,10.0,Benzine,5,1,1,66,1,1398,1141,4.7
14325,3650.0,Benzine,6,1,1,66,0,1398,1199,6.0
14295,17295.0,Benzine,5,1,1,66,0,1398,1063,4.8
14300,20651.0,Benzine,6,1,1,66,0,1398,1199,5.9
14290,3258.0,Benzine,6,1,1,66,0,1398,1163,5.6
14290,24100.0,Benzine,6,1,1,66,0,1398,1163,5.9
14280,9820.0,Benzine,6,1,1,66,0,1398,1199,6.3
14250,8039.0,Benzine,5,1,1,66,1,1400,1245,6.4
9849,21088.0,Benzine,5,1,1,51,0,1229,1163,5.4
9890,13000.0,Benzine,5,1,2,66,1,1398,1141,5.2
9890,32500.0,Benzine,5,1,2,55,0,1398,1088,5.1
9890,17437.0,Benzine,5,1,1,66,0,1398,1163,5.2
9900,44000.0,Benzine,5,1,1,51,0,1229,1163,5.3
9900,22264.0,Benzine,5,1,1,51,0,1229,1163,5.3
9900,23000.0,LPG/CNG,5,1,1,66,0,1398,1259,5.3
9925,100.0,Benzine,5,1,1,51,0,1229,1163,5.5
9900,29950.0,Benzine,5,1,1,66,0,1398,1163,5.1
9900,9847.0,Benzine,5,1,1,66,0,1398,1163,5.2
9950,9300.0,Benzine,5,1,1,66,0,1398,1163,5.2
9950,15.0,Benzine,5,0,1,51,1,1229,1163,5.6
9925,7100.0,Benzine,5,1,1,51,1,1229,1163,5.4
9950,2500.0,Benzine,5,1,1,51,0,1229,1163,5.4
9950,25868.0,Benzine,5,1,1,51,0,1229,1163,5.3
9950,18000.0,Benzine,5,1,1,55,0,1398,1163,5.1
9950,35152.0,Benzine,5,1,1,51,0,1229,1163,5.3
9950,12545.0,Benzine,5,1,1,66,0,1397,1163,5.2
9950,6500.0,Benzine,5,1,1,66,0,1398,1141,5.6
9950,23842.0,Benzine,5,1,1,66,0,1398,1163,5.2
9950,9607.0,Benzine,5,1,1,66,0,1397,1163,5.2
9946,3850.0,Benzine,5,1,1,66,1,1398,1141,5.2
9945,29594.0,Benzine,5,1,1,51,0,1229,1163,5.3
9940,15560.0,Benzine,5,1,1,66,0,1398,1141,5.2
9940,16451.0,Benzine,5,1,1,66,0,1398,1163,5.1
9940,13292.0,Benzine,5,1,1,66,0,1398,1163,5.1
9900,16000.0,Benzine,5,1,1,51,0,1229,1163,5.3
9940,20845.0,Benzine,5,1,1,66,0,1398,1163,5.0
9940,13488.0,Benzine,5,1,1,66,0,1398,1163,5.1
9900,28000.0,Benzine,5,1,1,55,0,1229,1163,5.3
9900,21161.0,Benzine,5,1,1,66,0,1398,1163,5.6
9900,14890.0,Benzine,5,1,1,66,0,1398,1163,5.6
9900,12797.0,Benzine,5,1,1,66,0,1398,1163,5.2
9900,26800.0,Benzine,5,1,0,55,0,1398,1163,5.1
9900,35372.0,Benzine,5,1,1,55,0,1398,1163,5.1
9900,10900.0,Benzine,5,1,1,55,0,1398,1163,5.3
9900,20000.0,Benzine,5,1,1,55,0,1398,1163,5.1
9900,15512.0,Benzine,5,1,1,66,0,1397,1163,5.2
9900,8800.0,Benzine,5,1,1,55,0,1398,1163,5.1
9900,26300.0,Benzine,5,1,1,55,0,1398,1163,4.3
9900,3850.0,Benzine,5,1,1,66,0,1398,1163,5.2
9900,74.0,Benzine,5,1,2,51,0,1229,1163,5.8
9900,17000.0,Benzine,5,1,1,55,0,1398,1163,5.1
9895,21000.0,Benzine,5,1,1,51,0,1229,1120,5.4
9890,9315.0,Benzine,5,1,1,66,0,1398,1141,5.2
9899,2257.0,Benzine,5,1,1,66,0,1398,1163,5.7
9890,34700.0,Benzine,5,1,1,55,0,1398,1088,5.1
9895,20700.0,Benzine,5,1,1,51,0,1229,1163,5.4
9895,16000.0,Benzine,5,1,1,51,0,1229,1120,5.4
9895,19100.0,Benzine,5,1,1,51,0,1229,1120,5.4
9890,50.0,Benzine,5,1,1,51,0,1229,1163,5.4
9980,7900.0,Benzine,5,1,1,66,0,1398,1163,5.6
9980,8300.0,Benzine,5,1,1,66,0,1398,1163,5.6
9980,19100.0,Benzine,6,1,1,74,0,1364,1163,5.6
9890,33000.0,Benzine,5,1,1,55,0,1398,1088,5.1
9980,10.0,Benzine,5,1,1,51,0,1229,1163,5.3
9890,1.0,Benzine,5,0,1,55,0,1398,1156,5.7
9890,32300.0,Benzine,5,1,1,55,0,1398,1088,5.1
9980,14200.0,Benzine,5,1,1,66,0,1398,1163,5.6
9970,10.0,Benzine,5,1,1,51,1,1229,1199,5.4
9976,19398.0,Benzine,5,1,1,51,0,1229,1163,5.4
9975,26439.0,Benzine,5,1,1,66,0,1398,1163,5.7
9979,10.0,Benzine,5,0,1,51,1,1229,1163,5.8
9965,16920.0,Benzine,5,1,1,51,0,1229,1163,5.3
9950,11000.0,Benzine,5,1,1,51,0,1229,1135,5.6
9950,5.0,Benzine,5,0,1,51,1,1229,1163,5.7
9950,11925.0,Benzine,5,1,1,66,0,1398,1163,5.2
9950,20.0,Benzine,5,0,1,51,0,1229,1163,5.8
9950,10000.0,Benzine,5,1,1,51,1,1229,1120,5.7
9950,14200.0,Benzine,5,1,1,51,0,1229,1163,5.4
9950,4939.0,Benzine,5,1,1,66,1,1398,1163,5.2
9900,43000.0,Benzine,5,1,1,51,0,1229,1163,5.4
9950,16455.0,Benzine,5,1,1,66,0,1398,1163,5.2
9900,37490.0,Benzine,5,1,1,51,0,1229,1163,5.3
9900,19525.0,Benzine,5,1,1,55,0,1398,1163,5.1
9900,10824.0,Benzine,5,1,1,55,0,1398,1088,5.1
9900,20641.0,Benzine,5,1,1,55,0,1398,1088,5.1
9900,26595.0,Benzine,5,1,1,51,0,1229,1163,5.3
9900,27000.0,Benzine,5,1,1,51,0,1229,1163,5.3
9900,19800.0,Benzine,5,1,2,55,0,1398,1163,5.45
9900,24965.0,Benzine,5,1,2,55,0,1398,1088,5.2
9900,25000.0,Benzine,5,1,1,51,0,1229,1163,5.3
9900,13463.0,Benzine,5,1,1,66,0,1397,1163,5.2
9900,28000.0,Benzine,5,1,1,51,0,1229,1163,5.3
9900,22000.0,Benzine,5,1,1,51,0,1229,1163,5.3
9900,7700.0,Benzine,5,1,1,51,0,1229,1163,5.6
9900,18416.0,Benzine,5,1,1,55,0,1398,1088,5.1
9900,18078.0,Benzine,5,1,1,51,0,1229,1163,5.3
9900,7360.0,Benzine,5,1,1,66,0,1397,1163,5.2
9890,15900.0,Benzine,5,1,1,66,0,1398,1141,5.6
9880,1647.362609,Benzine,5,0,1,51,0,1229,1135,5.6
9880,22268.0,Benzine,5,1,1,51,0,1229,1163,5.3
9880,19247.0,Benzine,5,1,1,51,0,1229,1163,5.3
9880,26001.0,Benzine,5,1,1,51,0,1229,1163,5.3
9880,15644.0,Benzine,5,1,1,66,0,1398,1163,5.2
9880,15717.0,Benzine,5,1,1,66,0,1398,1163,5.2
9880,13999.0,Benzine,5,1,1,51,0,1229,1163,5.3
9880,10490.0,Benzine,5,1,1,66,1,1398,1163,5.2
9865,7208.0,Benzine,5,1,2,51,1,1229,1120,5.4
9850,15430.0,Benzine,5,1,1,66,0,1398,1163,5.2
9850,13000.0,Benzine,5,1,1,66,0,1398,1163,5.2
9850,5000.0,Benzine,5,1,2,66,0,1398,1141,5.6
9849,24487.0,Benzine,5,1,2,51,0,1229,1163,5.4
9849,14164.0,Benzine,5,1,2,51,0,1229,1163,5.4
9849,17667.0,Benzine,5,1,2,51,0,1229,1163,5.4
9849,17719.0,Benzine,5,1,2,51,0,1229,1163,5.4
9849,15513.0,Benzine,5,1,2,51,0,1229,1163,5.4
9800,17487.0,Benzine,5,1,1,74,0,1398,1163,5.2
9849,17661.0,Benzine,5,1,1,51,0,1229,1163,5.4
9800,18920.0,Benzine,5,1,1,74,0,1398,1163,5.2
9800,19400.0,Benzine,5,1,1,66,0,1398,1163,5.2
9800,44200.0,Benzine,5,1,1,66,0,1398,1163,5.2
9800,22500.0,Benzine,5,1,1,66,0,1398,1163,5.2
9800,43600.0,Benzine,5,1,1,66,0,1398,1163,5.2
9800,37200.0,Benzine,5,1,1,66,0,1398,1163,5.2
9800,11252.0,Benzine,5,1,1,66,0,1398,1163,5.2
9800,43000.0,Benzine,5,1,1,66,0,1398,1163,5.2
9800,19557.0,Benzine,5,1,1,51,0,1229,1163,5.4
9800,42400.0,Benzine,5,1,1,66,0,1398,1163,5.2
9800,45900.0,Benzine,5,1,1,66,0,1398,1163,5.2
9800,39000.0,Benzine,5,1,1,66,0,1398,1163,5.1
9800,24500.0,Benzine,5,1,1,55,0,1398,1163,5.1
9800,9800.0,Benzine,5,1,1,66,0,1398,1163,5.1
9800,41500.0,Benzine,5,1,1,66,0,1398,1163,5.2
14790,1000.0,Benzine,6,0,1,66,1,1398,1199,6.0
14790,7500.0,Benzine,6,0,1,66,1,1398,1199,6.0
15190,3901.0,Benzine,6,0,1,66,1,1398,1163,5.9
15250,10.0,Benzine,6,0,1,66,1,1398,1163,6.0
15450,3.0,Benzine,6,0,1,66,0,1398,1163,6.3
15490,355.0,Benzine,6,0,1,66,1,1398,1163,6.3
15890,8000.0,Benzine,5,0,1,66,1,1398,1163,6.9
15890,8000.0,Benzine,6,0,1,66,1,1398,1163,6.9
15850,3260.0,Benzine,6,0,1,66,1,1398,1163,5.9
16390,500.0,Benzine,6,0,1,66,0,1398,1199,6.3
15980,8000.0,Benzine,6,0,1,66,1,1398,1199,6.0
15991,51.0,Benzine,6,0,1,66,1,1398,1163,6.2
15990,5000.0,Benzine,6,0,1,66,0,1398,1163,5.6
16990,5000.0,Benzine,6,0,1,66,0,1398,1163,6.3
16691,51.0,Benzine,6,0,1,66,1,1398,1163,6.9
16740,6.0,Benzine,6,0,1,66,1,1398,1199,6.3
17450,1647.362609,Benzine,6,0,1,66,0,1398,1163,6.3
17450,1647.362609,Benzine,6,0,1,66,1,1398,1199,6.3
16940,4.0,Benzine,6,0,1,66,1,1398,1199,6.0
9990,1647.362609,Benzine,5,0,1,55,0,1398,1156,5.6
9990,1647.362609,Benzine,5,0,1,55,0,1398,1163,5.3
9990,12.0,Benzine,5,0,1,51,1,1229,1163,5.5
16990,9.0,Benzine,6,0,1,66,0,1398,1163,6.2
16950,10.0,Benzine,6,0,1,66,1,1398,1163,6.0
17880,12.0,Benzine,6,0,1,66,0,1398,1199,6.3
17777,10.0,Benzine,6,0,1,66,0,1398,1163,6.6
17777,10.0,Benzine,6,0,1,66,0,1398,1199,6.0
17690,20.0,Benzine,6,0,1,66,0,1398,1199,6.3
17680,962.0,Benzine,6,0,1,66,1,1398,1163,6.0
17648,22.0,Benzine,5,0,1,66,0,1398,1199,6.3
17593,14.0,Benzine,6,0,1,66,0,1364,1199,6.3
17580,10.0,Benzine,6,0,1,66,1,1398,1199,6.6
17490,3000.0,Benzine,6,0,1,66,1,1398,1163,6.6
17540,1647.362609,Benzine,6,0,1,66,1,1398,1199,6.0
17491,0.0,Benzine,6,0,0,66,0,1398,1163,6.9
17490,565.0,Benzine,6,0,0,66,0,1398,1199,6.3
17500,10.0,Benzine,6,0,0,66,0,1398,1163,6.2
17490,1647.362609,Benzine,6,0,0,66,0,1398,1163,6.6
17490,1000.0,Benzine,6,0,0,66,0,1398,1199,6.3
17490,2500.0,Benzine,6,0,1,66,1,1398,1237,5.2
17450,1647.362609,Benzine,6,0,1,66,0,1398,1199,6.0
16940,5.0,Benzine,6,0,1,66,0,1398,1163,6.2
16950,850.0,Benzine,6,0,1,66,0,1398,1199,6.2
16900,300.0,Benzine,6,0,1,66,1,1398,1178,6.1
16891,0.0,Benzine,6,0,0,66,0,1398,1163,6.0
17450,1647.362609,Benzine,6,0,0,66,0,1398,1199,6.0
17490,1647.362609,Benzine,6,0,0,66,0,1398,1199,6.0
16890,10000.0,Benzine,6,0,1,66,1,1398,1163,6.3
16890,4.0,Benzine,6,0,1,66,1,1398,1163,6.0
16850,10.0,Benzine,6,0,1,66,1,1398,1163,6.0
16830,50.0,Benzine,6,0,1,66,0,1398,1163,6.3
16820,6.0,Benzine,6,0,1,66,1,1398,1199,6.3
16791,51.0,Benzine,6,0,1,66,0,1399,1163,6.6
16791,51.0,Benzine,6,0,1,66,0,1398,1163,5.8
16790,10.0,Benzine,6,0,1,66,0,1398,1248,6.6
16790,1647.362609,Benzine,6,0,1,66,1,1398,1199,6.0
16790,10.0,Benzine,6,0,1,66,0,1398,1163,6.3
16750,1647.362609,Benzine,6,0,1,66,0,1398,1199,6.0
16741,51.0,Benzine,6,0,1,66,1,1398,1163,6.3
18490,10.0,Benzine,6,0,1,66,0,1398,1199,6.0
18622,15.0,Benzine,6,0,1,66,0,999,1099,4.6
18501,10.0,Benzine,5,0,1,66,0,1398,1063,4.7
18490,50.0,Benzine,6,0,1,66,0,1398,1163,6.3
18490,250.0,Benzine,6,0,1,66,1,1398,1199,6.3
18480,5.0,Benzine,6,0,1,66,1,1398,1163,6.0
18450,1647.362609,Benzine,6,0,1,66,0,1398,1163,6.0
18450,10.0,Benzine,5,0,1,66,0,1398,1063,4.8
18450,3.0,Benzine,6,0,1,66,0,1398,1199,6.0
17999,10.0,Benzine,6,0,1,66,0,1400,1063,4.8
18163,15.0,Benzine,5,0,1,66,0,1398,1063,4.8
17990,100.0,Benzine,6,0,1,66,1,1398,1199,6.3
17990,10000.0,Benzine,6,0,1,66,1,1398,1163,6.3
17990,1647.362609,Benzine,6,0,1,66,0,1398,1660,6.2
17980,10.0,Benzine,6,0,1,66,0,1398,1199,6.2
17950,10.0,Benzine,6,0,1,66,1,1398,1163,6.0
17900,5000.0,Benzine,6,0,1,66,0,1398,1248,6.3
17980,1500.0,Benzine,6,0,1,66,1,1398,1199,6.3
17950,787.0,Benzine,5,0,1,66,0,1398,1099,5.6
17450,10.0,Benzine,6,0,1,66,1,1398,1163,6.0
17380,10.0,Benzine,6,0,1,66,1,1398,1199,6.6
17340,1647.362609,Benzine,6,0,1,66,0,1398,1199,6.0
17291,0.0,Benzine,6,0,0,66,0,1398,1163,6.9
17250,15.0,Benzine,6,0,1,66,0,1398,1163,6.6
17290,20.0,Benzine,6,0,1,66,0,1398,1163,6.0
17290,10.0,Benzine,6,0,1,66,0,1398,1199,6.6
17250,1647.362609,Benzine,6,0,1,66,0,1398,1199,6.0
17150,1647.362609,Benzine,6,0,1,66,1,1398,1199,6.0
17091,0.0,Benzine,6,0,0,66,0,1398,1163,6.0
16990,1647.362609,Benzine,6,0,0,66,1,1398,1199,6.0
17050,1647.362609,Benzine,6,0,0,66,1,1398,1199,6.0
16999,10.0,Benzine,6,0,0,66,0,1400,1063,4.8
16990,2500.0,Benzine,6,0,1,66,1,1398,1163,6.8
16990,1900.0,Benzine,6,0,1,66,1,1398,1163,6.0
17890,10.0,Benzine,6,0,1,66,0,1398,1163,6.3
16701,51.0,Benzine,6,0,1,66,1,1398,1163,6.2
16690,5.0,Benzine,6,0,1,66,1,1398,1163,6.3
16690,500.0,Benzine,6,0,1,66,1,1398,1199,6.0
16690,1647.362609,Benzine,6,0,1,66,1,1398,1199,6.0
16690,15.0,Benzine,6,0,1,66,0,1364,1163,5.4
16690,50.0,Benzine,6,0,1,66,0,1398,1163,6.3
16690,10.0,Benzine,6,0,1,66,0,1398,1163,6.3
16690,10.0,Benzine,6,0,1,66,1,1398,1163,6.0
16579,500.0,Benzine,5,0,1,66,1,1398,1163,6.2
16670,3000.0,Benzine,6,0,1,66,0,1398,1163,6.6
16625,100.0,Benzine,6,0,1,66,0,1398,1163,6.0
16690,50.0,Benzine,6,0,1,66,0,1398,1163,6.2
16590,10.0,Benzine,6,0,1,66,0,1398,1163,6.3
16499,10.0,Benzine,6,0,1,66,0,1398,1063,4.8
16499,5.0,Benzine,6,0,1,66,0,1398,1248,6.3
15990,900.0,Benzine,6,0,1,66,0,1398,1234,6.3
15990,2647.0,Benzine,6,0,1,66,1,1398,1199,6.0
15990,8000.0,Benzine,6,0,1,66,1,1398,1199,6.3
15990,2801.0,Benzine,6,0,1,66,1,1398,1199,6.6
15990,7000.0,Benzine,6,0,1,66,1,1398,1163,6.3
16490,5000.0,Benzine,6,0,1,66,0,1398,1163,5.6
15990,10.0,Benzine,6,0,1,66,0,1398,1199,6.3
15990,10.0,Benzine,6,0,1,66,0,1398,1163,6.3
15990,10.0,Benzine,5,0,1,66,0,1398,1163,4.8
15990,8000.0,Benzine,6,0,1,66,1,1398,1163,6.6
15990,51.0,Benzine,6,0,1,66,1,1398,1163,6.2
15990,2776.0,Benzine,6,0,1,66,0,1398,1163,6.0
15990,1866.0,Benzine,6,0,1,66,0,1398,1163,6.6
15990,1647.362609,Benzine,6,0,1,66,0,1398,1163,5.9
16490,10.0,Benzine,6,0,1,66,0,1398,1199,6.6
16490,6000.0,Benzine,6,0,1,66,1,1398,1163,6.6
16490,10.0,Benzine,6,0,1,66,0,1398,1163,6.3
16480,4900.0,Benzine,6,0,1,66,1,1398,1248,6.4
16490,4.0,Benzine,6,0,1,66,1,1398,1163,5.9
16475,10.0,Benzine,6,0,1,66,1,1398,1163,6.3
16450,40.0,Benzine,6,0,1,66,0,1398,1163,6.6
16450,100.0,Benzine,6,0,1,66,1,1398,1199,6.6
16450,2500.0,Benzine,6,0,1,66,1,1398,1163,6.9
16450,10.0,Benzine,6,0,1,66,1,1398,1199,6.3
16450,4.0,Benzine,6,0,1,66,0,1400,1163,5.9
16450,10.0,Benzine,6,0,1,66,0,1398,1199,6.2
16450,1567.0,Benzine,6,0,1,66,0,1398,1163,6.3
16440,1500.0,Benzine,6,0,1,66,1,1398,1199,6.0
16440,10.0,Benzine,6,0,1,66,1,1398,1163,6.0
16440,12.0,Benzine,6,0,1,66,1,1398,1263,6.2
16390,10.0,Benzine,6,0,1,66,1,1398,1163,5.8
16390,4100.0,Benzine,6,0,1,66,1,1398,1163,6.6
16350,10.0,Benzine,6,0,1,66,0,1400,1199,6.2
16333,100.0,Benzine,6,0,1,66,0,1398,1199,6.0
16350,4990.0,Benzine,6,0,1,66,1,1398,1163,6.2
16290,10.0,Benzine,6,0,1,66,0,1398,1163,5.3
16290,10.0,Benzine,6,0,1,66,1,1398,1199,6.3
16290,10.0,Benzine,6,0,1,66,0,1398,1163,6.2
16290,1200.0,Benzine,6,0,1,66,0,1398,1163,6.3
16240,10.0,Benzine,6,0,1,66,1,1398,1199,6.0
16250,3000.0,Benzine,6,0,1,66,1,1398,1163,6.6
16140,10.0,Benzine,6,0,1,66,0,1398,1199,6.0
16178,4.0,Benzine,6,0,1,66,1,1398,1163,6.0
16090,10.0,Benzine,6,0,1,66,0,1398,1163,6.9
16225,100.0,Benzine,6,0,1,66,0,1398,1199,6.0
16201,51.0,Benzine,6,0,1,66,1,1398,1163,6.2
15996,51.0,Benzine,6,0,1,66,1,1398,1163,6.2
15889,10.0,Benzine,6,0,1,66,1,1398,1163,6.3
15991,51.0,Benzine,6,0,1,66,1,1398,1163,6.9
15880,8000.0,Benzine,6,0,1,66,1,1398,1199,6.0
15850,10.0,Benzine,6,0,1,66,1,1398,1163,6.0
15880,3.0,Benzine,6,0,1,66,1,1398,1163,5.9
15880,5.0,Benzine,6,0,1,66,1,1398,1163,5.9
15850,200.0,Benzine,6,0,1,66,1,1398,1199,6.6
15980,1647.362609,Benzine,6,0,0,66,1,1398,1199,6.6
15980,518.0,Benzine,6,0,1,66,0,1398,1199,6.6
15980,1647.362609,Benzine,6,0,1,66,0,1398,1163,5.6
15975,10.0,Benzine,6,0,1,66,1,1398,1163,6.2
15950,5000.0,Benzine,6,0,1,66,1,1398,1199,6.0
15950,10.0,Benzine,6,0,1,66,1,1398,1163,6.0
15950,1647.362609,Benzine,6,0,1,66,0,1398,1199,6.0
15979,2500.0,Benzine,6,0,1,66,1,1398,1163,4.8
15975,10.0,Benzine,6,0,1,66,1,1398,1163,6.6
15950,23.0,Benzine,6,0,1,66,0,1398,1163,5.9
15969,5.0,Benzine,6,0,1,66,0,1398,1163,5.2
15925,100.0,Benzine,6,0,1,66,0,1398,1163,6.0
15900,3500.0,Benzine,6,0,1,66,0,1398,1234,5.6
15890,3201.0,Benzine,6,0,1,66,1,1398,1199,6.6
15950,10.0,Benzine,6,0,1,66,1,1398,1163,6.3
15940,10.0,Benzine,6,0,1,66,0,1398,1199,6.0
15940,8000.0,Benzine,6,0,1,66,1,1398,1163,6.9
15840,10.0,Benzine,6,0,1,66,0,1398,1163,6.0
15790,50.0,Benzine,6,0,1,66,0,1398,1163,6.3
15790,1500.0,Benzine,6,0,1,66,0,1398,1163,6.2
15690,3655.0,Benzine,6,0,1,66,0,1398,1248,6.6
15650,3.0,Benzine,6,0,1,66,0,1398,1163,6.3
15690,1647.362609,Benzine,6,0,1,66,1,1398,1163,6.0
15650,10.0,Benzine,6,0,1,66,0,1398,1163,6.6
15650,3.0,Benzine,6,0,1,66,0,1398,1163,6.6
15740,10.0,Benzine,6,0,1,66,1,1398,1163,6.0
15650,10.0,Benzine,6,0,1,66,0,1398,1163,6.3
15650,10.0,Benzine,6,0,1,66,0,1398,1163,5.9
15590,10.0,Benzine,6,0,1,66,1,1398,1163,5.9
15490,7623.0,Benzine,6,0,1,66,0,1398,1167,6.4
15490,10.0,Benzine,6,0,1,66,0,1369,1163,5.4
15490,10.0,Benzine,6,0,1,66,0,1398,1163,6.3
15540,10.0,Benzine,6,0,1,66,1,1398,1163,6.0
15590,10.0,Benzine,6,0,1,66,0,1398,1163,5.3
15490,3650.0,Benzine,6,0,1,66,0,1398,1248,6.6
15490,2559.0,Benzine,6,0,1,66,0,1398,1248,6.6
15490,5000.0,Benzine,6,0,1,66,0,1398,1163,5.6
15490,3.0,Benzine,6,0,1,66,0,1398,1163,6.3
15490,10.0,Benzine,6,0,1,66,0,1396,1163,6.2
15490,6.0,Benzine,6,0,1,66,1,1398,1163,5.9
15450,46.0,Benzine,6,0,1,66,0,1398,1163,6.3
15490,5.0,Benzine,6,0,1,66,0,1398,1163,6.9
15490,1647.362609,Benzine,6,0,1,66,1,1398,1163,5.9
15490,505.0,Benzine,6,0,1,66,1,1398,1163,5.9
15490,355.0,Benzine,6,0,1,66,1,1398,1163,6.0
15450,10.0,Benzine,6,0,1,66,0,1398,1163,6.3
15450,50.0,Benzine,5,0,1,66,0,1398,1163,6.3
15440,10.0,Benzine,6,0,1,66,1,1398,1163,6.0
15450,50.0,Benzine,6,0,1,66,0,1398,1163,6.6
15420,6.0,Benzine,6,0,1,66,1,1398,1199,6.3
15390,3501.0,Benzine,6,0,1,66,1,1398,1163,5.9
15390,3001.0,Benzine,6,0,1,66,1,1398,1163,5.9
15390,1647.362609,Benzine,6,0,1,66,0,1398,1120,6.9
15290,2500.0,Benzine,6,0,1,66,1,1398,1163,6.6
15290,50.0,Benzine,6,0,1,66,0,1398,1163,6.3
15390,5.0,Benzine,6,0,1,66,0,1398,1163,6.6
15290,7500.0,Benzine,6,0,1,66,1,1398,1199,6.0
15290,5.0,Benzine,6,0,1,66,0,1398,1163,6.6
15199,5000.0,Benzine,6,0,1,66,1,1398,1163,6.2
15190,5.0,Benzine,6,0,1,66,0,1398,1163,6.6
14990,5000.0,Benzine,6,0,1,66,1,1398,1163,6.6
14990,10.0,Benzine,6,0,1,66,0,1398,1163,5.9
14990,5.0,Benzine,6,0,1,66,1,1398,1199,6.0
14990,500.0,Benzine,6,0,1,66,0,1398,1199,6.3
14990,12.0,Benzine,6,0,1,66,1,1390,1163,5.9
14990,1500.0,Benzine,6,0,1,66,0,1398,1234,7.0
14990,1083.0,Benzine,6,0,1,66,0,1398,1163,6.0
14990,1500.0,Benzine,6,0,1,66,1,1398,1163,6.2
14990,8.0,Benzine,6,0,1,66,0,1398,1248,6.2
14980,50.0,Benzine,6,0,1,66,1,1398,1163,6.6
14970,980.0,Benzine,6,0,1,66,0,1398,1163,6.0
14960,10.0,Benzine,6,0,1,66,1,1398,1163,6.2
14950,3.0,Benzine,6,0,1,66,0,1398,1163,6.3
14950,10.0,Benzine,6,0,1,66,0,1398,1163,5.9
14900,1647.362609,Benzine,6,0,1,66,0,1398,1199,6.0
14900,14.0,Benzine,6,0,1,66,0,1398,1163,6.0
14940,10.0,Benzine,6,0,1,66,0,1398,1163,6.0
14950,5.0,Benzine,6,0,1,66,0,1398,1163,6.0
14900,10.0,Benzine,6,0,1,66,0,1398,1163,6.0
14899,2.0,Benzine,6,0,1,66,1,1398,1199,6.6
14890,10.0,Benzine,6,0,1,66,0,1398,1163,6.2
14900,50.0,Benzine,6,0,1,66,1,1398,1248,6.3
14899,7.0,Benzine,6,0,1,66,1,1398,1199,6.6
14890,1990.0,Benzine,6,0,1,66,1,1398,1163,6.3
14825,4500.0,Benzine,5,0,1,66,1,1398,1163,5.8
14825,1640.0,Benzine,5,0,1,66,1,1398,1163,5.9
14875,30.0,Benzine,6,0,1,66,0,1398,1163,6.0
14850,1000.0,Benzine,5,0,1,66,1,1398,1163,6.3
14890,3.0,Benzine,6,0,1,66,1,1398,1163,6.0
14770,5.0,Benzine,6,0,1,66,0,1398,1163,5.9
14770,5.0,Benzine,8,0,1,66,0,1398,1163,5.9
14790,5.0,Benzine,6,0,1,66,0,1398,1199,6.0
14770,5.0,Benzine,5,0,1,66,0,1398,1163,5.9
14750,5695.0,Benzine,6,0,1,66,1,1398,1199,6.9
14750,2000.0,Benzine,6,0,1,66,0,1398,1199,6.0
14750,1000.0,Benzine,6,0,1,66,0,1398,1163,6.9
14750,50.0,Benzine,6,0,1,66,0,1398,1163,6.6
14714,1647.362609,Benzine,6,0,1,66,0,1398,1331,6.6
10470,10.0,Benzine,5,0,1,51,1,1229,1163,5.6
10490,22.0,Benzine,5,0,1,51,1,1229,1163,5.8
10250,3.0,Benzine,5,0,1,51,1,1229,1163,5.8
10450,100.0,Benzine,5,0,1,51,0,1229,1135,5.6
10418,7.0,Benzine,5,0,1,55,0,1398,1211,5.7
10445,1.0,Benzine,5,0,1,55,0,1398,1234,5.7
10350,1647.362609,Benzine,5,0,1,66,0,1398,1163,5.6
10328,1647.362609,Benzine,5,0,1,51,0,1229,1163,5.3
10689,10.0,Benzine,5,0,1,51,1,1229,1163,5.8
10800,50.0,Benzine,5,0,1,51,0,1229,1163,5.3
10740,10.0,Benzine,5,0,1,55,0,1398,1132,5.3
10290,5.0,Benzine,5,0,1,51,1,1229,1163,5.5
10750,50.0,Benzine,5,0,1,51,0,1229,1163,5.9
10750,50.0,Benzine,5,0,1,51,0,1229,1163,5.8
10800,6.0,Benzine,5,0,1,66,0,1398,1163,5.7
10799,150.0,Benzine,5,0,1,51,0,1229,1170,5.4
10979,10.0,Benzine,5,0,1,51,1,1229,1163,5.4
10800,1647.362609,Benzine,5,0,1,51,0,1229,1088,5.3
10970,15.0,Benzine,5,0,1,51,0,1229,1120,5.9
10900,50.0,Benzine,5,0,1,51,0,1229,1163,5.3
10940,12.0,Benzine,5,0,1,51,1,1229,1120,5.6
10990,5.0,Benzine,5,0,1,51,0,1229,1163,5.5
10950,8.0,LPG/CNG,5,0,1,66,0,1398,1259,5.3
10970,10.0,Benzine,5,0,1,51,1,1229,1163,5.6
10964,1647.362609,Benzine,5,0,1,51,0,1200,1163,5.6
10950,1647.362609,Benzine,5,0,1,66,0,1398,1173,5.7
10950,50.0,Benzine,5,0,1,51,0,1229,1163,5.3
10950,7.0,LPG/CNG,5,0,1,66,0,1398,1252,5.0
10940,12.0,Benzine,5,0,1,51,1,1398,1162,5.9
10905,1647.362609,Benzine,5,0,1,66,0,1398,1163,5.0
10900,100.0,Benzine,5,0,1,51,0,1229,1163,5.6
10900,1.0,Benzine,5,0,1,51,0,1229,1163,5.3
10900,10.0,Benzine,5,0,1,51,0,1229,1163,5.3
10900,25.0,Benzine,5,0,1,51,0,1229,1238,5.0
10990,10.0,Benzine,5,0,1,51,1,1229,1173,5.6
10900,1647.362609,Benzine,5,0,1,51,0,1229,1163,5.3
10990,10.0,Benzine,5,0,1,51,0,1229,1120,5.9
10990,1647.362609,Benzine,5,0,1,55,0,1398,1163,5.3
10990,5.0,Benzine,5,0,1,51,1,1229,1163,5.5
10990,6277.0,Benzine,5,0,1,55,0,1398,1163,5.3
10990,19200.0,Benzine,5,0,1,66,0,1398,1234,5.6
10989,10.0,Benzine,5,0,1,51,0,1229,1163,5.6
10989,10.0,Benzine,5,0,1,51,0,1398,1163,5.6
10988,47.0,Benzine,5,0,1,51,1,1229,1163,5.5
10980,10.0,Benzine,5,0,1,51,1,1229,1120,5.9
10979,10.0,Benzine,5,0,1,51,1,1229,1163,5.5
10900,8.0,Benzine,5,0,1,55,0,1398,1163,5.3
10899,100.0,Benzine,5,0,1,66,0,1398,1141,5.6
10890,10.0,Benzine,5,0,1,51,1,1229,1163,5.4
10890,100.0,Benzine,5,0,1,51,0,1229,1163,5.6
10890,1647.362609,Benzine,5,0,0,51,0,1229,1163,5.4
10890,1700.0,Benzine,5,0,1,66,0,1398,1163,5.7
10890,10.0,Benzine,5,0,1,51,0,1229,1120,5.9
10870,5.0,Benzine,5,0,1,51,1,1229,1163,5.7
10850,15.0,Benzine,5,0,1,51,0,1229,1120,5.9
10848,3.0,Benzine,5,0,1,51,1,1229,1163,5.5
10850,10.0,Benzine,5,0,1,51,0,1229,1120,5.9
10790,5000.0,Benzine,5,0,1,55,0,1398,1163,5.3
10790,1647.362609,Benzine,5,0,1,55,0,1398,1163,5.3
10790,5.0,Benzine,5,0,1,51,1,1229,1163,5.5
10790,10.0,Benzine,5,0,1,55,0,1398,1163,5.3
10789,150.0,Benzine,5,0,1,51,0,1229,1170,5.4
10779,10.0,Benzine,5,0,1,51,0,1229,1163,5.9
10770,1647.362609,Benzine,5,0,1,51,0,1229,1173,5.7
10770,10.0,Benzine,5,0,2,51,0,1229,1135,5.6
10690,1647.362609,Benzine,5,0,2,51,0,1229,1173,5.6
10765,10.0,Benzine,5,0,2,55,0,1398,1163,5.3
10750,1647.362609,Benzine,5,0,0,55,1,1398,1156,5.2
10750,1647.362609,Benzine,5,0,1,55,0,1398,1163,5.3
10720,2.0,Benzine,5,0,1,51,0,1229,1135,5.6
10700,10.0,Benzine,5,0,1,51,0,1229,1163,5.3
10699,10.0,Benzine,5,0,1,55,0,1398,1094,5.2
10690,5.0,Benzine,5,0,1,51,1,1229,1163,5.8
10690,10.0,Benzine,5,0,1,55,0,1398,1163,5.3
10690,15.0,Benzine,5,0,1,51,1,1229,1163,5.6
10690,22.0,Benzine,5,0,1,51,0,1229,1124,5.4
10690,5.0,Benzine,5,0,1,51,1,1229,1163,5.5
10689,1.0,Benzine,5,0,1,51,1,1229,1163,5.8
10680,1647.362609,Benzine,5,0,1,51,0,1229,1163,5.6
10141,51.0,Benzine,5,0,1,51,0,1229,1163,5.1
10240,5.0,Benzine,5,0,1,55,0,1398,1163,5.3
10100,1647.362609,Benzine,5,0,0,51,0,1229,1088,5.3
10083,1647.362609,Benzine,5,0,0,51,0,1398,1163,5.6
9999,15.0,Benzine,5,0,0,51,0,1229,1163,5.4
10590,10.0,Benzine,5,0,0,51,0,1229,1163,5.6
10590,50.0,Benzine,5,0,0,51,0,1229,1163,5.8
10091,1647.362609,Benzine,5,0,0,66,0,1398,1163,5.0
10580,1647.362609,Benzine,5,0,0,51,0,1229,1163,5.4
10490,5.0,Benzine,5,0,1,51,1,1229,1163,5.8
10500,10.0,Benzine,5,0,1,51,0,1229,1163,5.3
10500,20.0,Benzine,5,0,1,51,0,1229,1163,5.3
10499,325.0,Benzine,5,0,1,51,0,1229,1163,5.4
10490,15.0,Benzine,5,0,1,51,0,1229,1163,5.4
10500,1647.362609,Benzine,5,0,1,51,0,1229,1163,5.3
10490,15.0,Benzine,5,0,1,51,1,1229,1163,5.6
10490,5.0,Benzine,5,0,1,51,1,1229,1163,5.5
10490,6.0,Benzine,5,0,1,51,1,1229,1163,5.8
9990,10.0,Benzine,5,0,1,51,0,1229,1163,5.9
9990,100.0,Benzine,5,0,1,51,0,1229,1163,5.4
9990,5.0,Benzine,5,0,1,51,0,1229,1163,5.4
9990,5.0,Benzine,5,0,1,55,0,1398,1114,5.3
9990,3.0,Benzine,5,0,1,51,0,1229,1163,5.5
9990,8.0,Benzine,5,0,1,55,0,1398,1119,5.6
9990,5.0,Benzine,5,0,1,51,1,1229,1163,3.0
9990,10.0,Benzine,5,0,1,51,1,1229,1135,5.6
10288,10.0,Benzine,5,0,1,51,1,1229,1163,5.5
10288,3.0,Benzine,5,0,1,51,1,1229,1163,5.5
10250,22.0,Benzine,5,0,1,51,1,1229,1163,5.8
10990,5550.0,Benzine,5,0,1,66,0,1398,1163,5.5
10990,30.0,Benzine,5,0,1,55,0,1398,1119,5.6
10990,5000.0,Benzine,5,0,1,66,0,1398,1163,5.5
10990,50.0,Benzine,5,0,1,55,0,1398,1114,5.3
10990,3500.0,Benzine,5,0,1,66,0,1398,1163,5.5
10990,3000.0,Benzine,5,0,1,66,0,1398,1163,5.5
10990,10.0,Benzine,5,0,1,51,0,1229,1163,5.6
10990,3000.0,Benzine,5,0,1,66,0,1398,1163,5.7
11100,1647.362609,Benzine,5,0,1,51,0,1229,1163,5.3
11100,1647.362609,Benzine,5,0,1,51,0,1229,1088,5.3
11400,200.0,Benzine,5,0,1,51,1,1229,1135,5.6
11400,1647.362609,Benzine,5,0,1,51,0,1229,1163,5.3
11400,1647.362609,Benzine,5,0,1,51,0,1229,1088,5.3
11400,4100.0,Benzine,5,0,1,51,0,1229,1163,5.3
11400,10.0,Benzine,5,0,1,51,0,1229,1163,5.3
11399,5.0,Benzine,5,0,1,51,0,1229,1120,5.7
11390,100.0,Benzine,5,0,1,51,1,1229,1135,5.6
11390,7.0,Benzine,5,0,1,55,0,1398,1163,5.3
11390,1501.0,Benzine,5,0,1,66,0,1398,1163,5.7
11390,7.0,Benzine,5,0,1,51,1,1198,1163,5.8
11390,15.0,Benzine,5,0,1,51,1,1229,1163,5.6
11390,10.0,Benzine,5,0,1,51,1,1229,1173,5.6
11333,1.0,Benzine,5,0,1,51,0,1229,1163,5.9
11325,1.0,Benzine,5,0,1,66,0,1398,1156,5.6
11300,10.0,Benzine,5,0,1,51,0,1229,1163,5.3
11300,5.0,Benzine,5,0,1,66,0,1398,1163,5.1
11294,1647.362609,Benzine,5,0,1,51,0,1200,1163,5.3
11294,5.0,Benzine,5,0,1,51,0,1229,1120,5.6
11290,10.0,Benzine,5,0,1,51,1,1229,1120,5.4
11290,12.0,Benzine,5,0,1,51,0,1229,1163,5.4
11290,5.0,Benzine,5,0,1,51,1,1229,1163,5.7
11290,50.0,Benzine,5,0,1,66,0,1398,1163,5.7
11290,8.0,Benzine,5,0,1,55,0,1398,1119,5.6
11290,10.0,Benzine,5,0,1,51,1,1229,1173,5.6
11280,10.0,Benzine,5,0,1,66,0,1398,1163,5.7
11288,10.0,Benzine,5,0,1,51,1,1229,1135,5.9
11280,12.0,Benzine,5,0,1,66,0,1398,1163,5.7
11270,10.0,Benzine,5,0,1,51,1,1229,1163,5.6
11250,100.0,Benzine,5,0,1,51,1,1229,1135,5.6
11250,5.0,Benzine,5,0,1,51,1,1229,1163,5.7
11250,15.0,Benzine,5,0,1,51,1,1229,1163,5.6
11251,6000.0,Benzine,5,0,1,51,0,1195,1163,5.3
11250,10.0,Benzine,5,0,1,51,1,1229,1120,5.9
11250,19.0,Benzine,5,0,1,51,0,1229,1145,5.6
11250,10.0,Benzine,5,0,1,51,0,1229,1145,5.6
11250,50.0,Benzine,5,0,1,51,1,1229,1135,5.6
11244,1647.362609,Benzine,5,0,1,51,0,1200,1163,5.3
11200,10.0,Benzine,5,0,1,51,0,1229,1163,5.3
11240,1647.362609,Benzine,6,0,1,66,1,999,1199,4.7
11222,10.0,Benzine,5,0,1,51,0,1229,1120,5.9
11200,1.0,Benzine,6,0,1,74,0,1400,1163,5.6
11190,10.0,Benzine,5,0,1,51,1,1229,1120,5.3
11199,8.0,Benzine,5,0,1,51,0,1229,1173,5.7
11199,8.0,Benzine,5,0,1,51,1,1229,1173,5.7
11175,10.0,Benzine,5,0,1,51,0,1229,1163,5.9
11169,5.0,Benzine,5,0,1,51,0,1229,1120,5.6
11190,10.0,Benzine,5,0,1,51,0,1229,1163,5.4
11190,10.0,Benzine,5,0,1,51,1,1229,1163,5.6
11190,15.0,Benzine,5,0,1,51,1,1229,1163,5.6
11100,1.0,Benzine,5,0,0,51,0,1229,1120,5.0
11030,100.0,Benzine,5,0,0,55,0,1398,1211,5.3
10990,1501.0,Benzine,6,0,1,74,0,1364,1237,5.6
11100,50.0,Benzine,5,0,1,51,0,1229,1163,5.3
10990,10.0,Benzine,5,0,1,51,0,1229,1135,5.6
11090,50.0,Benzine,5,0,1,51,0,1229,1163,5.7
11000,1647.362609,Benzine,5,0,1,51,0,1229,1088,5.3
11000,1.0,Benzine,5,0,1,51,0,1229,1086,5.3
10999,100.0,Benzine,5,0,1,51,0,1229,1135,5.6
11000,1647.362609,Benzine,5,0,0,51,0,1398,1163,5.3
10999,1.0,LPG/CNG,5,0,0,66,0,1398,1163,5.6
11335,10.0,Benzine,5,0,1,55,0,1398,1163,5.3
11290,5.0,Benzine,5,0,1,51,1,1229,1163,5.4
10990,12.0,Benzine,5,0,1,51,1,1229,1163,6.9
11100,1.0,Benzine,5,0,1,55,0,1398,1156,5.7
10990,3.0,Benzine,5,0,1,51,0,1229,1163,5.5
10995,3916.0,Benzine,5,0,1,66,0,1398,1163,5.7
10990,10.0,Benzine,5,0,0,55,1,1398,1156,5.2
10990,100.0,Benzine,5,0,1,51,0,1229,1163,5.6
10990,250.0,Benzine,5,0,1,66,0,1398,1163,5.2
10990,12.0,Benzine,5,0,1,51,0,1229,1163,5.4
10990,1550.0,Benzine,5,0,1,66,0,1398,1163,5.7
10990,5.0,Benzine,5,0,1,55,0,1398,1119,5.6
10990,50.0,Benzine,5,0,1,51,0,1229,1163,5.7
10990,8.0,Benzine,5,0,1,55,0,1398,1119,5.6
8980,174564.0,Diesel,6,3,1,100,0,1598,1487,5.6
11000,154800.0,Diesel,6,3,1,100,0,1598,1513,4.9
12950,88000.0,Diesel,6,2,1,100,0,1598,1613,5.1
12480,145945.0,Diesel,6,3,1,125,1,1956,1487,5.5
12980,156184.0,Diesel,6,3,1,125,0,1956,1487,5.6
13490,134000.0,Diesel,6,3,1,125,0,1598,1487,5.7
15900,61000.0,Diesel,6,3,2,125,0,1956,1743,5.6
13490,99990.0,Diesel,6,2,1,125,0,2000,1503,5.6
13480,131255.0,Diesel,6,3,1,125,0,1956,1487,5.6
14990,111984.0,Diesel,6,3,2,125,1,1956,1503,4.3
15300,63791.0,Diesel,6,2,1,100,0,1598,1487,5.6
15300,77125.0,Diesel,6,2,1,125,0,1598,1487,5.6
14999,81167.0,Diesel,6,2,1,101,0,1598,1503,5.4
15300,73191.0,Diesel,6,2,1,100,0,1598,1487,5.6
16490,80615.0,Diesel,6,3,1,125,0,1956,1487,5.6
15990,33938.0,Diesel,6,3,1,125,1,1956,1487,5.5
16490,63305.0,Benzine,6,3,1,125,0,1598,1487,7.2
17900,48523.0,Benzine,6,3,1,125,1,1598,1487,5.6
16490,96760.0,Diesel,6,3,1,125,0,1956,2320,5.6
17900,60000.0,Diesel,6,3,1,120,0,1956,1741,5.4
17490,48200.0,Diesel,6,3,1,100,0,1598,1623,4.8
16900,72583.0,Benzine,6,2,1,125,1,1598,1701,7.2
16900,47000.0,Diesel,6,2,1,100,1,1598,1487,5.1
17970,53403.0,Diesel,6,3,1,125,1,1956,1503,5.4
8290,189166.0,Diesel,6,3,1,88,0,1598,1487,5.6
18400,28725.0,Diesel,6,2,1,100,0,1598,1503,5.0
18400,44000.0,Diesel,8,3,1,125,0,1956,1660,5.7
18264,40000.0,Diesel,6,2,2,125,1,1998,1487,5.6
18250,48500.0,Diesel,6,2,2,125,0,1956,1743,5.6
9690,159000.0,Diesel,6,3,1,88,1,1598,1487,4.1
9650,99000.0,Diesel,6,3,1,100,0,1598,1623,3.9
9850,108000.0,Diesel,6,3,1,88,0,1598,1596,3.9
9850,179000.0,Diesel,6,3,1,100,0,1598,1664,3.9
9750,89000.0,Diesel,6,3,1,100,0,1598,1623,3.9
9650,157000.0,Diesel,6,3,1,100,0,1598,1571,3.8
9580,160542.0,Diesel,6,3,1,125,0,1956,1487,5.6
9500,222346.0,Diesel,6,3,1,125,0,1956,1487,4.5
9480,105121.0,Diesel,6,3,1,100,0,1598,1487,5.6
9450,145000.0,Diesel,6,3,1,100,1,1598,1701,3.9
9280,132242.0,Diesel,6,3,1,100,0,1598,1487,5.6
9350,147000.0,Diesel,6,3,1,100,1,1598,1701,3.9
8980,140387.0,Diesel,6,3,1,88,0,1598,1487,5.6
8913,168729.0,Diesel,6,3,1,100,0,1598,1487,5.4
8600,185000.0,Diesel,6,3,1,88,0,1956,1538,3.7
8980,156686.0,Diesel,6,3,1,100,0,1598,1487,5.6
8980,176744.0,Diesel,6,3,1,100,0,1598,1487,5.6
17999,69300.0,Diesel,6,3,1,125,0,1956,1487,5.4
18000,80000.0,Benzine,6,3,1,125,0,1598,1613,6.5
17999,37550.0,Benzine,6,2,1,184,0,1998,1733,8.0
17990,68950.0,Diesel,6,3,1,125,0,1956,1743,5.5
17999,33100.0,Benzine,6,3,1,125,0,1598,1613,6.7
17990,116926.0,Diesel,6,3,1,125,0,1956,1487,6.4
17999,46100.0,Benzine,6,2,2,125,1,1598,1701,7.0
17999,38874.0,Diesel,6,3,1,101,0,1598,1503,5.4
17990,145000.0,Benzine,6,3,1,239,0,1598,1487,5.6
17989,51530.0,Diesel,6,3,1,125,0,1956,1487,5.5
17990,99850.0,Benzine,6,3,1,184,1,1998,1503,8.3
17990,133100.0,Diesel,6,3,1,125,0,1956,1743,5.7
17990,57600.0,Diesel,6,3,1,125,0,1956,1901,6.2
17980,109000.0,Diesel,6,3,1,125,1,1956,1487,6.2
17980,47600.0,Diesel,6,3,1,125,1,1956,1674,5.4
17490,58618.0,Diesel,6,3,1,100,0,1598,1658,4.9
17960,20710.0,Diesel,6,2,1,100,1,1598,1487,5.1
17489,95990.0,Benzine,6,2,1,121,1,1490,1487,6.2
17950,54763.0,Diesel,6,3,1,125,1,1956,1487,5.5
17950,42000.0,Diesel,6,3,3,100,0,1598,1503,5.4
17900,29610.0,Diesel,6,2,1,100,0,1598,1503,5.0
17480,50280.0,Diesel,6,3,2,125,1,1956,1487,5.7
17980,66106.0,Diesel,6,3,2,125,1,1956,1487,5.5
17480,77050.0,Diesel,6,2,1,125,1,1956,1503,5.4
17480,63000.0,Diesel,6,3,1,125,0,1956,1487,5.5
17450,30550.0,Diesel,6,3,1,100,1,1598,1487,5.1
17450,50908.0,Diesel,6,3,1,100,0,1598,1601,5.1
17300,57866.0,Diesel,6,3,1,100,0,1598,1701,5.0
17220,75185.0,Diesel,6,3,1,125,1,1956,1487,5.7
16997,27291.0,Benzine,6,3,1,125,0,1598,1487,6.2
16990,12006.0,Diesel,6,2,1,100,0,1598,1503,5.0
16990,69784.0,Diesel,6,3,1,100,1,1598,1786,5.6
17900,77252.0,Diesel,6,2,1,100,0,1598,1503,5.4
16990,109346.0,Diesel,6,3,1,143,1,1956,1487,6.6
16990,61500.0,Diesel,6,3,1,125,0,1956,1843,5.7
16990,52061.0,Diesel,6,3,1,125,1,1956,1674,5.4
16985,61500.0,Diesel,6,3,1,125,0,1956,1487,4.9
16980,133650.0,Diesel,6,3,1,125,0,1956,1843,5.6
16990,46000.0,Diesel,6,3,2,125,0,1956,1487,5.5
17850,14040.0,Benzine,6,2,1,125,0,1598,1487,7.0
17800,33000.0,Diesel,6,3,1,125,0,1956,1733,5.7
17900,71892.0,Diesel,6,2,1,100,1,1598,1701,5.1
17790,37902.0,Benzine,6,2,1,184,0,1998,1487,8.0
17750,75690.0,Diesel,6,3,1,125,1,1956,1487,6.2
17700,64000.0,Diesel,8,2,1,125,0,1956,1666,5.7
17890,75580.0,Diesel,6,3,1,125,0,1956,1929,6.4
17500,52100.0,Diesel,6,3,1,100,0,1598,1623,5.0
17500,76000.0,Diesel,6,3,1,125,1,1956,1487,5.5
17495,30680.0,Diesel,6,3,1,100,0,1598,1487,5.6
16980,93335.0,Diesel,6,3,1,125,1,1956,1487,5.5
16950,117500.0,Diesel,6,3,2,125,1,2000,1487,5.5
16980,91875.0,Diesel,6,3,1,125,0,1956,1487,5.5
16950,75990.0,Diesel,6,3,1,125,0,1956,1503,5.5
16950,84700.0,Diesel,6,3,1,125,1,1598,1487,5.6
16900,89468.0,Benzine,6,2,1,125,0,1598,1701,6.2
16900,64000.0,Diesel,6,3,1,125,1,1956,1487,6.2
16850,100000.0,Diesel,6,3,1,125,1,1956,1487,6.2
16799,77000.0,Diesel,6,3,2,125,0,1956,1743,5.6
16790,83197.0,Diesel,6,2,1,100,1,1598,1733,4.9
16900,59800.0,Diesel,6,2,1,125,1,1956,1487,5.6
16750,85988.0,Diesel,6,2,1,125,1,1956,1487,5.6
16690,97211.0,Diesel,6,3,1,125,1,1956,1838,5.6
16501,65000.0,Benzine,6,2,1,125,1,1598,1487,7.0
16500,48000.0,Diesel,6,3,1,100,0,1598,1701,5.0
16500,75000.0,Benzine,6,2,1,184,0,1998,1733,8.0
16490,44000.0,Diesel,6,2,2,100,0,1598,1664,5.1
16680,65500.0,Diesel,6,3,2,125,1,1956,1674,5.4
16490,52501.0,Diesel,6,3,1,125,1,1956,1503,5.4
16460,89563.0,Diesel,6,2,2,125,1,1956,1487,5.5
16460,77708.0,Benzine,6,2,2,125,1,1956,1487,5.5
16420,85327.0,Diesel,6,3,2,125,1,1956,1901,6.4
16400,74941.0,Diesel,6,2,1,100,0,1598,1487,5.6
16400,78762.0,Diesel,6,2,1,125,0,1598,1487,5.6
16400,68525.0,Diesel,6,2,1,125,0,1598,1487,5.6
16333,16500.0,Diesel,6,3,1,125,1,1956,1674,5.4
16450,44000.0,Diesel,6,3,1,100,0,1598,1613,6.0
16000,53000.0,Diesel,6,3,1,100,0,1598,1701,5.0
15990,102291.0,Diesel,6,3,1,125,1,1956,1487,5.5
16000,53000.0,Diesel,6,3,1,100,0,1598,1664,5.1
15990,81920.0,Diesel,6,2,1,125,0,1598,1487,5.6
15780,118656.0,Diesel,6,3,1,125,0,1956,1487,5.6
15990,15146.0,Diesel,6,3,1,100,0,1598,1503,5.0
15990,79984.0,Diesel,6,3,1,100,1,1598,1522,5.1
15990,104750.0,Diesel,6,3,1,125,0,1956,1743,5.5
15780,56000.0,Diesel,6,3,1,118,0,1956,1503,6.6
15748,71986.0,Diesel,6,3,1,100,0,1598,1613,5.6
15699,72215.0,Diesel,6,2,1,125,0,1956,1487,5.6
15689,60244.0,Diesel,6,3,2,125,1,1956,1487,5.5
15600,60000.0,Diesel,6,3,2,100,0,1598,1701,5.1
15600,94000.0,Diesel,6,2,1,100,0,1598,1701,5.0
15500,94700.0,Benzine,6,3,1,125,0,1598,1613,7.2
15499,32000.0,Diesel,6,3,1,100,0,1598,1613,5.1
15480,114912.0,Diesel,6,3,1,125,1,1956,1487,5.5
15400,112789.0,Diesel,6,2,1,125,0,1956,2300,5.6
15400,52000.0,Diesel,6,3,1,125,0,1956,1733,5.7
15300,77270.0,Diesel,6,2,1,100,0,1598,1487,5.6
15340,64324.0,Diesel,6,2,1,100,0,1598,1701,5.6
15300,67746.0,Diesel,6,2,1,100,0,1598,1487,5.6
15480,107959.0,Diesel,6,3,1,125,1,1956,1733,5.7
15300,69145.0,Diesel,6,2,1,100,0,1598,1487,5.6
14480,50000.0,Diesel,6,3,2,125,1,1956,1743,5.7
15300,78825.0,Diesel,6,2,1,100,0,1598,1487,5.6
15300,77982.0,Diesel,6,2,1,100,0,1598,1487,5.6
15300,62800.0,Diesel,6,2,1,125,0,1598,1487,5.6
14450,54932.0,Diesel,6,3,1,100,1,1598,1487,5.1
14400,81076.0,Diesel,6,3,1,125,0,1956,1733,5.7
14480,86000.0,Diesel,6,2,1,100,0,1598,1623,4.7
14400,90500.0,Diesel,6,3,1,100,1,1598,1701,5.1
14350,86000.0,Diesel,6,3,1,125,0,1956,1741,5.9
14200,34000.0,Diesel,6,3,2,100,0,1598,1664,5.1
14150,150000.0,Diesel,6,3,1,125,1,1956,1503,5.6
14100,101291.0,Diesel,6,2,1,100,0,1598,2300,4.9
14000,92680.0,Diesel,6,2,1,125,0,1956,1513,5.0
13995,135000.0,Diesel,6,3,1,100,0,1598,1503,4.9
13990,25259.0,Diesel,6,3,1,100,0,1598,1487,5.6
13990,157900.0,Diesel,6,3,2,125,0,1956,1487,6.2
13990,94119.0,Diesel,6,3,1,125,0,1956,2320,5.6
13990,99000.0,Diesel,6,2,1,125,0,1956,1513,5.0
13990,59000.0,Diesel,6,3,2,125,1,1956,1503,5.4
13980,137552.0,Diesel,6,3,1,125,0,1956,1487,5.6
15300,80000.0,Diesel,6,3,1,125,0,1956,1658,5.7
15250,130251.0,Diesel,6,3,1,125,1,1956,1487,5.7
13980,119726.0,Diesel,6,2,1,125,0,1956,1487,5.6
13980,130805.0,Diesel,6,3,1,125,0,1956,1487,5.6
15220,42800.0,Benzine,6,3,1,125,1,1598,1503,7.0
15200,88000.0,Diesel,6,3,1,125,0,1956,1733,5.7
15000,60000.0,Diesel,6,3,2,125,0,1956,1974,5.4
13980,104424.0,Diesel,6,3,1,125,0,1956,1487,5.6
14900,79971.0,Diesel,6,2,1,100,0,1598,1487,5.6
14900,70000.0,Diesel,6,3,1,125,0,1956,1843,6.4
14900,91700.0,Diesel,6,3,1,125,0,1956,1733,5.7
14900,70968.0,Diesel,6,3,1,125,0,1956,2450,6.2
14850,82800.0,Diesel,6,3,1,100,0,1598,1487,5.6
14800,40231.0,Diesel,6,3,1,100,0,1598,1503,5.4
14800,82381.0,Diesel,6,2,1,100,0,1598,1487,5.6
14590,82529.0,Diesel,6,3,1,100,0,1598,1613,5.2
14700,60100.0,Diesel,6,2,1,100,1,1598,1701,5.1
14580,94220.0,Diesel,6,3,1,101,0,1598,1487,5.6
14500,88617.0,Diesel,6,3,1,125,0,1956,2450,6.2
14499,166500.0,Diesel,6,3,1,125,0,1956,1929,6.4
14490,85000.0,Diesel,6,3,2,125,1,1956,1743,5.6
14490,100000.0,Diesel,6,3,1,100,1,1598,1503,4.9
14480,94900.0,Diesel,6,3,1,125,1,1956,1487,5.7
14480,130774.0,Diesel,6,3,1,125,1,1956,1733,5.7
14480,106499.0,Diesel,6,3,1,100,1,1598,1701,5.1
14480,129400.0,Diesel,6,2,1,125,1,1956,1487,5.6
14990,64000.0,Diesel,6,3,1,100,1,1598,1487,5.4
14990,86071.0,Diesel,6,3,1,125,1,1956,1503,4.3
14990,76800.0,Diesel,6,2,1,100,0,1598,1487,4.3
14990,74017.0,Diesel,6,3,2,125,0,1956,1743,5.5
14990,68920.0,Diesel,6,2,1,100,0,1598,1487,4.3
14990,126377.0,Diesel,6,3,1,125,1,1956,1733,5.7
14980,48700.0,Diesel,6,3,1,100,1,1598,1503,5.4
14980,78990.0,Diesel,6,2,1,100,1,1598,1487,4.9
14980,55000.0,Diesel,6,3,2,100,0,1600,1503,5.4
13980,134487.0,Diesel,6,3,1,125,1,1956,1487,5.6
14980,100000.0,Diesel,6,2,1,125,1,1956,1487,5.5
13979,120282.0,Diesel,6,3,1,125,0,1956,1487,5.7
13950,89000.0,Diesel,6,3,1,125,0,1956,2300,5.6
13950,80000.0,Diesel,6,3,1,125,0,1956,1733,5.7
13900,79928.0,Diesel,6,2,1,100,0,1598,1487,5.6
13970,81279.0,Diesel,6,3,1,100,1,1598,1487,5.6
14480,117059.0,Diesel,6,3,1,125,1,1956,1733,5.7
13900,63000.0,Diesel,6,3,1,125,0,1956,1843,6.4
13900,97000.0,Diesel,6,3,1,100,0,1598,1701,5.0
13890,84900.0,Diesel,6,2,1,100,0,1598,1503,5.4
13900,65000.0,Diesel,6,3,1,100,0,1598,1613,5.0
13850,133800.0,Diesel,6,3,1,125,1,1956,1487,5.5
13900,109900.0,Diesel,6,2,1,100,0,1598,2000,5.1
13899,85000.0,Diesel,6,3,2,100,0,1598,1664,5.1
13700,90615.0,Diesel,6,3,1,100,0,1598,1701,5.0
13500,105000.0,Diesel,6,3,1,100,0,1598,1623,5.1
13690,81298.0,Diesel,6,3,1,100,1,1598,1522,5.1
13500,96000.0,Diesel,6,3,1,125,0,1956,1743,5.6
14980,114100.0,Diesel,6,3,1,125,1,1956,1487,5.6
14980,130635.0,Diesel,6,3,1,125,1,1956,1733,5.7
14980,90627.0,Diesel,6,3,1,125,0,1956,1487,5.6
14979,113607.0,Diesel,6,3,1,125,1,1956,1487,5.8
14970,98356.0,Diesel,6,3,1,100,1,1598,1487,5.6
14970,95000.0,Diesel,6,3,1,125,0,1956,1733,5.7
14970,117684.0,Diesel,6,3,1,125,1,1956,1487,5.6
14950,78900.0,Diesel,6,3,1,125,1,1956,1487,5.7
14950,138000.0,Diesel,6,3,1,143,0,1956,1843,6.4
14950,73600.0,Diesel,6,2,1,100,0,1598,1487,5.1
14980,88400.0,Diesel,6,3,1,125,0,1956,1503,5.4
14900,78423.0,Diesel,6,2,1,100,0,1598,1487,5.6
14900,72537.0,Diesel,6,2,1,100,0,1598,1487,5.6
14950,53581.0,Diesel,6,3,2,100,0,1598,1701,5.1
14950,96470.0,Diesel,6,3,1,125,1,1956,1487,5.5
14950,117500.0,Diesel,6,3,1,125,1,1956,1487,5.6
14950,55775.0,Diesel,6,3,1,100,1,1598,1786,5.1
14950,31720.0,Diesel,6,3,2,100,1,1598,1503,4.9
14900,112244.0,Diesel,6,3,1,100,0,1598,1487,5.6
13500,110000.0,Diesel,6,3,2,125,0,1956,1743,5.6
14900,77233.0,Diesel,6,2,1,100,0,1598,1487,5.6
15990,64000.0,Diesel,6,2,1,125,0,1956,1487,5.7
15980,88346.0,Benzine,6,3,1,125,1,1598,1503,6.7
15980,86153.0,Diesel,6,3,1,125,1,1956,1733,5.7
15980,57500.0,Diesel,6,2,1,100,0,1598,1503,4.9
15980,45531.0,Diesel,6,3,1,100,1,1598,1786,5.1
15980,47050.0,Diesel,6,3,1,100,1,1598,1701,5.1
15979,131187.0,Diesel,6,3,1,125,0,1956,1487,6.4
15950,89000.0,Diesel,6,3,1,125,1,1956,1503,5.4
15950,70550.0,Diesel,6,2,1,125,1,1956,1487,5.6
15970,68420.0,Diesel,6,3,2,125,1,1956,1503,5.8
15950,76000.0,Diesel,6,3,2,125,0,1956,1743,5.6
15950,108090.0,Diesel,6,3,2,100,0,1598,1548,5.0
15900,93167.0,Diesel,6,3,1,125,0,1956,1733,5.7
15900,33900.0,Diesel,6,2,1,100,0,1598,1701,5.0
13480,123301.0,Diesel,6,3,1,125,0,1956,1487,5.7
13480,94500.0,Diesel,6,3,1,100,0,1598,1658,5.1
15950,80052.0,Diesel,6,3,2,125,0,1956,1743,5.6
15900,140000.0,Diesel,6,2,1,125,0,1956,1733,5.7
13300,103091.0,Diesel,6,2,1,125,0,1956,1513,5.0
15900,46000.0,Diesel,6,3,2,100,1,1598,1613,4.9
13150,87000.0,Diesel,6,2,1,125,0,1956,2300,5.6
13150,87000.0,Diesel,6,2,1,125,0,1956,1674,5.6
12999,98000.0,Diesel,6,3,1,100,0,1598,1701,5.0
12999,75499.0,Diesel,6,2,1,100,1,1598,1487,5.1
13040,126671.0,Diesel,6,3,1,125,1,1956,1487,5.5
12990,163383.0,Diesel,6,3,1,100,0,1598,1613,5.2
12990,88075.0,Diesel,6,2,1,100,0,1598,1701,5.0
12990,99999.0,Diesel,6,3,1,125,0,1956,1733,5.7
12480,105333.0,Diesel,6,3,1,100,0,1598,1487,5.6
12989,85000.0,Diesel,6,2,1,100,0,1598,1701,5.0
12980,130722.0,Diesel,6,3,1,125,1,1956,1733,5.7
12980,136826.0,Diesel,6,3,1,120,0,1956,1487,5.6
12480,143900.0,Diesel,6,3,1,100,1,1598,1487,5.6
12980,162675.0,Diesel,6,3,1,125,0,1956,1743,5.6
12975,42951.0,Diesel,6,2,1,100,0,1598,1664,5.1
12970,116000.0,Diesel,6,2,1,100,0,1598,1513,3.0
11900,109000.0,Diesel,6,3,1,125,0,1956,1743,5.6
12950,79000.0,Diesel,6,3,1,100,0,1598,1701,5.0
11850,89000.0,Diesel,6,2,1,100,0,1598,1623,4.9
11875,81423.0,Benzine,6,2,1,125,0,1598,1733,8.0
11850,89000.0,Diesel,6,2,1,100,0,1598,2300,4.9
11840,92459.0,Diesel,6,3,1,100,1,1598,1487,5.1
11825,88319.0,Diesel,6,2,1,100,0,1598,1664,5.1
11790,215968.0,Diesel,6,3,1,125,0,1956,1487,5.6
11750,96000.0,Diesel,6,2,1,100,0,1598,1623,4.9
11750,96000.0,Diesel,6,2,1,100,0,1598,2300,4.9
11700,107000.0,Diesel,6,2,1,92,0,1956,1503,4.7
11700,97000.0,Diesel,6,3,1,100,0,1598,1487,5.0
11675,73194.0,Diesel,6,2,1,100,0,1598,1664,5.1
11650,107100.0,Diesel,5,2,1,101,1,1600,1503,5.4
11650,107100.0,Diesel,5,2,1,101,0,1600,1503,5.4
11650,99950.0,Diesel,6,2,1,100,0,1598,2300,4.9
12480,44000.0,Diesel,6,3,1,125,0,1956,1674,5.6
12400,89107.0,Diesel,6,3,1,100,1,1598,1487,5.1
12390,65200.0,Diesel,6,3,1,125,0,1956,1733,5.7
12100,103000.0,Diesel,6,2,1,92,0,1956,1503,4.2
12390,127963.0,Diesel,6,3,1,100,0,1598,1664,5.1
12390,77065.0,Diesel,6,3,1,100,0,1598,1487,5.6
12300,75715.0,Diesel,6,2,1,125,0,1956,1513,5.0
12290,158000.0,Diesel,6,3,1,125,0,1956,1487,5.5
12195,96879.0,Diesel,6,2,1,100,0,1598,1513,4.9
12100,67000.0,Diesel,6,3,3,100,0,1598,1664,5.1
12000,185000.0,Diesel,6,3,1,100,0,2967,2295,9.1
11999,100500.0,Diesel,6,3,1,100,0,1598,1623,5.0
11990,102000.0,Diesel,6,2,1,100,0,1598,1487,5.1
11990,100000.0,Diesel,6,2,1,88,0,1598,1513,4.0
11990,91447.0,Diesel,6,3,1,100,0,1598,1701,5.0
11980,161689.0,Diesel,6,2,1,125,0,1956,1487,5.6
12940,78900.0,Diesel,6,3,1,100,0,1598,1487,5.1
12900,128600.0,Diesel,6,3,1,120,0,1956,1668,5.9
12900,64000.0,Diesel,6,3,1,100,0,1598,1623,4.9
12900,109000.0,Diesel,6,2,1,125,0,1956,1513,5.6
12900,67000.0,Diesel,6,3,1,100,0,1598,1701,5.0
12900,103000.0,Diesel,6,2,1,125,0,1956,1513,5.6
12900,80000.0,Diesel,6,3,1,100,0,1598,1701,5.0
12900,85000.0,Diesel,6,2,1,100,0,1598,1487,5.1
12890,97038.0,Diesel,6,3,1,100,1,1598,1664,5.1
12880,90000.0,Diesel,6,2,1,100,1,1598,1664,5.1
11600,68000.0,Benzine,6,2,1,191,0,1998,1503,8.6
10990,95000.0,Diesel,6,3,1,100,0,1598,1513,3.8
12888,82000.0,Diesel,6,3,1,125,0,1956,1658,4.7
10990,92380.0,Diesel,6,3,1,100,0,1598,1487,5.1
12799,93000.0,Diesel,6,3,1,100,0,1598,1613,5.0
12780,119270.0,Diesel,6,3,1,125,0,1956,1487,5.6
10949,172357.0,Diesel,6,3,1,100,1,1598,1733,5.1
10990,101600.0,Diesel,6,3,1,100,0,1598,1487,5.1
10900,86399.0,Diesel,6,3,1,100,0,1598,1613,5.2
10990,109500.0,Diesel,6,2,1,100,0,1600,1487,5.6
10900,99000.0,Diesel,6,3,1,100,0,1598,1664,4.1
10980,179800.0,Diesel,6,3,2,100,0,1598,1487,5.6
10900,84900.0,Diesel,6,3,1,100,0,1598,1701,5.0
10990,99900.0,Diesel,6,2,1,100,0,1600,1487,5.6
10850,232000.0,Diesel,6,3,1,125,0,1956,1487,5.5
10829,111000.0,Diesel,6,3,1,100,0,1598,1487,5.6
10800,200000.0,Diesel,6,3,2,125,1,1956,1487,5.5
10600,102000.0,Diesel,6,3,1,100,0,1598,1701,5.0
10580,179227.0,Diesel,6,3,1,125,0,1956,1487,5.6
10500,112000.0,Diesel,6,2,1,100,0,1598,1513,4.9
10500,113000.0,Diesel,6,3,1,100,0,1598,1487,5.1
10400,78000.0,Diesel,7,3,2,100,0,1598,1543,3.6
11900,96329.0,Diesel,6,3,1,100,0,1598,1701,5.0
12790,117000.0,Diesel,6,3,1,125,1,1956,1743,5.5
12750,159000.0,Diesel,6,3,1,125,0,1956,1613,6.4
12775,45312.0,Diesel,6,2,1,100,0,1598,1664,5.1
12700,70000.0,Diesel,6,2,1,100,0,1598,1701,5.6
12695,187182.0,Diesel,6,3,1,125,1,1956,1487,8.7
12750,159000.0,Diesel,8,3,1,125,0,1956,1613,6.4
12680,175119.0,Diesel,6,3,1,125,0,1956,1487,5.6
12600,52685.0,Diesel,6,3,1,100,0,1598,1623,5.1
12500,114040.0,Diesel,6,2,1,100,0,1598,1513,4.9
12500,118000.0,Diesel,6,3,1,100,0,1598,1664,5.1
12500,92000.0,Diesel,6,3,1,100,0,1598,1701,5.0
12500,78000.0,Diesel,6,2,1,100,0,1598,1513,4.9
12500,116523.0,Diesel,6,2,1,100,0,1598,1513,4.9
12500,77500.0,Diesel,7,2,1,100,0,1598,1487,5.4
12500,80000.0,Diesel,6,2,1,100,0,1598,1613,4.3
12500,96000.0,Diesel,6,3,1,100,0,1598,1613,5.2
12500,92000.0,Diesel,6,3,1,125,0,1956,1733,5.7
12490,107000.0,Diesel,6,3,1,100,0,1598,1487,5.1
12490,87000.0,Diesel,6,2,1,100,0,1598,1487,5.1
11500,95722.0,Diesel,6,3,1,100,0,1598,1701,5.0
11500,89000.0,Diesel,6,3,1,100,0,1598,1701,5.0
10300,94000.0,Diesel,6,3,1,100,0,1598,1701,5.0
10262,99990.0,Diesel,6,2,1,125,0,1956,1513,5.0
11500,106000.0,Diesel,6,2,1,100,0,1598,1513,4.9
11490,99000.0,Diesel,6,2,1,125,0,1598,1487,5.6
12490,108000.0,Diesel,6,3,1,100,0,1598,1487,5.1
10100,107235.0,Diesel,6,2,1,100,0,1598,1513,4.0
9980,155000.0,Diesel,6,3,1,100,1,1598,1487,5.1
9990,189473.0,Diesel,6,3,1,125,0,1956,1487,5.6
9950,180000.0,Diesel,6,3,1,100,0,1598,1487,5.1
9780,135382.0,Diesel,6,3,1,100,0,1598,1487,5.6
9750,186000.0,Diesel,6,3,1,100,1,1598,1733,5.1
9980,180033.0,Diesel,6,2,1,125,0,1956,1487,5.6
9980,178069.0,Diesel,6,3,1,125,0,1956,1487,5.6
9980,216560.0,Diesel,6,3,1,125,0,1956,1743,5.5
9900,152000.0,Diesel,6,3,2,100,0,1598,1701,5.0
9800,160000.0,Diesel,6,3,2,100,0,1856,1701,4.5
9280,158565.0,Diesel,6,3,1,100,0,1598,1487,5.6
9480,145444.0,Diesel,6,3,1,100,0,1598,1487,5.6
9500,177296.0,Diesel,6,3,1,100,1,1598,1487,5.1
9000,214000.0,Diesel,6,3,1,100,0,1598,1701,5.1
8990,88123.0,Diesel,6,2,1,100,0,1598,1701,5.1
9490,213687.0,Diesel,6,3,1,100,0,1598,1487,5.6
9480,152400.0,Diesel,6,3,1,100,0,1598,1487,5.6
11490,94390.0,Diesel,6,2,1,100,0,1598,1487,5.1
11450,111200.0,Diesel,5,2,1,101,1,1600,1503,5.4
11490,97400.0,Diesel,6,3,1,100,0,1598,1487,5.1
11490,89200.0,Diesel,6,3,1,100,0,1598,1487,5.1
11490,76250.0,Diesel,6,3,1,100,0,1598,1487,5.1
11480,141448.0,Diesel,6,3,1,125,0,1956,1487,5.6
11480,175258.0,Diesel,6,3,1,125,0,1956,1487,5.6
11480,125900.0,Diesel,6,3,1,100,1,1598,1503,5.4
11300,149000.0,Diesel,6,3,1,100,0,1598,1623,5.1
11000,99000.0,Diesel,6,3,1,100,0,1598,1701,5.0
11400,124200.0,Diesel,6,3,1,100,1,1598,1487,5.1
11450,111200.0,Diesel,5,2,1,101,0,1600,1503,5.4
11295,105000.0,Diesel,6,3,1,100,1,1598,1701,4.9
10500,42000.0,Benzine,6,3,1,103,0,1364,1503,5.3
9850,108000.0,Diesel,6,3,1,88,0,1598,2300,3.9
10980,87141.0,Diesel,6,3,1,100,0,1598,1487,5.6
11680,178959.0,Diesel,6,3,1,125,1,1956,1733,4.7
11699,85336.0,Diesel,6,3,1,88,0,1598,1596,3.9
11589,75427.0,Diesel,6,3,1,100,1,1598,1503,3.8
11500,87301.0,Diesel,6,3,1,100,0,1598,1790,4.3
11500,91558.0,Diesel,6,2,1,100,0,1600,1487,5.6
11500,96000.0,Diesel,6,2,1,100,0,1598,1513,3.9
11500,129618.0,Diesel,6,3,1,88,0,1598,2400,4.1
12675,66313.0,Diesel,6,3,1,100,1,1598,1487,3.9
13399,35636.0,Diesel,6,2,1,88,0,1598,1596,3.9
13540,60901.0,Diesel,6,2,1,100,1,1598,1613,3.8
13650,130089.0,Diesel,6,3,1,125,0,1956,1733,4.5
13900,80326.0,Diesel,6,2,1,81,0,1598,1428,4.1
13890,118500.0,Diesel,6,3,1,125,1,1956,1487,4.5
13900,123900.0,Diesel,6,3,1,125,1,1956,1733,4.5
13900,68000.0,Diesel,6,3,1,100,0,1598,1701,4.1
14940,58988.0,Benzine,6,3,1,103,0,1364,1487,5.6
13990,125000.0,Diesel,6,3,1,125,1,1956,1487,4.5
13990,144700.0,Diesel,6,3,1,100,0,1598,1658,3.9
14444,11400.0,Diesel,6,3,1,88,1,1598,1487,3.9
14700,70000.0,Diesel,6,2,1,100,0,1598,1441,4.3
14699,34630.0,Diesel,6,2,1,100,1,1598,1571,3.8
14698,93192.0,Diesel,6,3,1,100,0,1598,1503,3.8
14600,76978.0,Diesel,6,3,1,125,0,1956,1487,5.6
14680,122200.0,Diesel,6,3,1,100,0,1598,1664,3.9
14500,57000.0,Diesel,6,3,1,100,0,1598,1513,3.9
14500,77000.0,Diesel,6,2,1,100,0,1598,1441,4.3
14499,82751.0,Diesel,6,2,1,101,0,1598,1503,5.4
14500,76500.0,Diesel,6,3,1,100,0,1598,1664,3.9
14490,78225.0,Diesel,6,2,1,101,0,1598,1503,5.4
14490,26500.0,Diesel,6,3,2,100,0,1598,1571,3.8
14490,32294.0,Diesel,6,2,1,101,0,1598,1503,4.3
14490,96124.0,Diesel,6,3,2,100,0,1598,1503,5.4
14490,30968.0,Diesel,6,2,1,88,0,1598,1513,3.9
14480,59264.0,Diesel,6,3,1,100,1,1598,1900,5.6
14940,58624.0,Benzine,6,3,1,103,0,1364,1487,5.6
14900,98500.0,Diesel,6,3,2,125,0,1956,1733,4.5
14900,48323.0,Diesel,6,2,1,88,0,1598,2300,5.4
14900,111872.0,Diesel,6,3,2,100,0,1598,1513,4.1
14900,73300.0,Benzine,6,3,1,103,1,1364,1487,5.8
14900,48503.0,Diesel,6,3,1,100,0,1598,1513,3.0
14900,19951.0,Diesel,6,3,1,89,0,1598,1487,4.0
14890,90000.0,Diesel,6,3,1,125,0,1598,1487,4.7
14900,12100.0,Benzine,6,3,1,103,0,1364,1503,5.5
14840,49598.0,Benzine,6,3,1,103,0,1364,1487,5.8
14840,49986.0,Benzine,6,3,1,103,0,1364,1487,5.6
14800,47000.0,Diesel,6,2,1,100,0,1598,1664,4.1
14800,31000.0,Diesel,6,3,2,100,0,1598,1701,3.9
14800,33500.0,Benzine,6,3,2,103,0,1364,1503,5.6
14800,94800.0,Diesel,6,3,1,125,0,1956,1487,4.5
14790,83000.0,Diesel,6,3,2,125,1,1956,1503,4.3
14770,56328.0,Diesel,6,3,2,88,0,1598,1626,4.1
14750,115909.0,Diesel,6,3,1,125,0,1956,1733,4.5
14300,76500.0,Diesel,6,3,1,88,0,1598,1487,5.6
14740,49739.0,Benzine,6,3,1,103,0,1364,1487,5.6
14400,33000.0,Diesel,6,3,1,100,0,1598,1664,3.9
14990,78790.0,Diesel,6,3,1,100,1,1598,1487,3.9
14990,74893.0,Diesel,6,3,1,125,1,1956,1503,4.5
14990,138170.0,Diesel,6,3,1,100,0,1598,1564,4.3
14990,35123.0,Diesel,6,3,1,100,1,1598,1487,5.1
14990,72200.0,Diesel,6,3,1,100,0,1598,1664,3.9
14990,86117.0,Diesel,6,2,1,101,0,1598,1487,5.6
14990,68401.0,Diesel,6,3,2,125,0,1956,1487,4.5
14980,71577.0,Diesel,6,3,1,125,0,1956,1503,4.3
14980,48918.0,Diesel,6,2,1,88,1,1598,1733,3.9
14950,128370.0,Diesel,6,3,1,125,1,1956,1487,4.5
14950,93140.0,Diesel,6,3,1,125,0,1956,1613,5.6
14950,53595.0,Diesel,6,3,1,125,1,1956,1733,4.5
14950,84900.0,Diesel,6,3,1,125,1,1956,1487,4.5
14950,75629.0,Diesel,6,3,1,125,1,1956,1503,4.3
14940,61443.0,Benzine,6,3,1,103,0,1364,1487,5.6
14940,59416.0,Benzine,6,3,1,103,0,1364,1487,5.6
14290,34780.0,Diesel,6,2,1,101,0,1598,1503,4.3
14940,57889.0,Benzine,6,3,1,103,0,1364,1487,5.6
14290,72000.0,Diesel,6,3,1,100,1,1598,1487,3.9
14290,69980.0,Diesel,6,2,1,100,1,1598,1487,4.5
14290,100600.0,Diesel,6,3,1,125,0,1956,1487,5.6
14250,46000.0,Diesel,6,2,2,88,0,1598,1664,4.1
14250,49850.0,Diesel,6,3,2,100,1,1598,1701,3.9
14200,70000.0,Diesel,6,3,2,100,0,1598,1513,3.0
14200,35123.0,Benzine,6,2,2,103,0,1490,1440,5.9
14000,65000.0,Diesel,6,3,2,125,0,1956,1843,5.6
14000,53600.0,Diesel,6,2,2,100,0,1598,1571,3.8
14000,78597.0,Diesel,6,3,2,88,0,1598,1487,4.3
14000,93165.0,Diesel,6,2,2,100,0,1598,1487,4.6
13999,33500.0,Benzine,6,3,2,103,0,1364,1503,5.6
13990,96448.0,Diesel,6,3,2,88,0,1598,1626,4.1
13990,125000.0,Diesel,6,3,1,125,0,1598,1487,4.7
13980,72167.0,Benzine,6,3,1,103,1,1364,1623,5.6
13980,97300.0,Benzine,6,3,2,125,0,1598,1701,6.0
13990,109000.0,Diesel,6,3,1,125,0,1598,1487,4.7
13980,92550.0,Diesel,6,3,1,125,1,1956,1487,4.5
13950,104915.0,Diesel,6,3,1,100,0,1598,1487,5.6
13950,71500.0,Benzine,6,3,1,103,0,1364,1613,5.6
13940,79986.0,Benzine,6,3,1,103,0,1364,1487,5.6
13950,116146.0,Diesel,6,3,1,100,0,1598,1564,4.3
13940,61069.0,Benzine,6,3,1,103,0,1364,1487,5.6
13940,69730.0,Benzine,6,3,1,103,0,1364,1487,5.6
13900,89824.0,Diesel,6,2,1,100,0,1598,1513,3.9
13990,69511.0,Diesel,6,3,1,101,0,1598,1503,5.4
13900,98539.0,Diesel,6,3,1,100,0,1598,1571,3.9
13900,35638.0,Diesel,6,2,1,88,0,1598,1503,5.4
13900,97000.0,Diesel,6,2,1,100,0,1598,1513,3.8
13900,153000.0,Diesel,6,3,1,125,0,1956,1733,5.6
13870,74949.0,Diesel,6,2,1,100,0,1598,1613,3.9
13800,39068.0,Diesel,6,3,1,100,0,1598,1571,3.8
13900,38333.0,Diesel,6,2,1,88,0,1598,1487,5.6
13850,124920.0,Diesel,6,3,1,100,0,1598,1503,5.2
13800,88641.0,Diesel,6,2,1,100,0,1598,1571,3.9
13900,56798.0,Benzine,6,3,1,103,0,1364,1623,5.6
13890,39369.0,Diesel,6,3,1,100,0,1598,2110,3.8
13880,112456.0,Diesel,6,3,1,100,1,1598,1487,3.9
13800,87712.0,Diesel,6,2,1,100,0,1598,1571,3.9
13799,94308.0,Diesel,6,2,1,101,0,1598,1503,5.4
13690,93726.0,Diesel,6,2,1,88,0,1600,1596,3.9
13390,55110.0,Diesel,6,3,1,100,0,1598,2280,3.9
13500,82000.0,Diesel,6,3,1,100,0,1598,1513,3.9
13500,114000.0,Diesel,6,3,1,125,0,1956,1733,4.5
13780,124800.0,Diesel,6,3,1,125,1,1956,1487,5.6
13800,83757.0,Diesel,6,2,1,100,0,1598,1571,3.9
13500,46897.0,Diesel,6,2,1,89,0,1598,1503,3.0
13500,79678.0,Diesel,6,3,1,100,0,1598,1623,3.9
13490,107850.0,Diesel,6,3,1,88,0,1598,1487,3.9
13500,94000.0,Diesel,6,2,1,100,0,1598,1513,3.9
13500,88607.0,Diesel,6,2,1,100,0,1598,1441,4.3
13500,27258.0,Diesel,6,2,1,88,0,1600,1596,3.9
13500,83000.0,Diesel,6,3,1,100,0,1598,1664,3.9
13499,95000.0,Diesel,6,3,1,125,1,1956,1733,4.5
13490,73295.0,Diesel,6,3,1,100,0,1598,1503,5.4
12980,91500.0,Diesel,6,3,1,100,1,1598,1487,5.6
13490,59000.0,Diesel,6,3,1,88,0,1598,1513,3.0
13480,56600.0,Diesel,6,3,1,100,1,1598,1487,3.9
13400,100000.0,Diesel,6,3,1,100,0,1598,1613,4.3
13400,37983.0,Diesel,6,3,1,100,0,1598,2300,3.8
13489,82743.0,Diesel,6,3,1,100,0,1598,1487,3.9
12980,105002.0,Diesel,6,3,1,125,0,1956,1487,4.5
12980,104058.0,Diesel,6,3,1,125,0,1956,1487,5.6
12980,145001.0,Diesel,6,3,1,125,0,1956,1487,5.6
12980,146887.0,Diesel,6,3,1,125,0,1956,1487,5.6
12980,87250.0,Diesel,6,3,1,88,1,1598,1487,5.6
12950,66520.0,Diesel,6,3,1,100,0,1598,1613,4.3
12980,112936.0,Diesel,6,3,1,125,0,1956,1487,5.6
12979,61227.0,Diesel,6,3,1,100,1,1598,1487,3.9
12900,114000.0,Diesel,6,3,1,125,0,1956,1733,4.5
12900,94000.0,Diesel,6,3,1,88,0,1598,1487,4.1
12900,89000.0,Diesel,6,2,1,100,0,1598,1513,3.9
12900,76000.0,Diesel,6,3,1,100,0,1598,1664,4.1
12900,17000.0,Diesel,6,3,1,88,0,2000,1503,5.4
12890,90200.0,Diesel,6,3,1,88,1,1598,1701,4.1
12900,96000.0,Diesel,6,2,1,100,0,1598,1513,3.9
12890,69800.0,Diesel,6,3,1,88,1,1598,1487,4.1
12876,82008.0,Diesel,6,3,2,100,0,1598,1664,3.9
12840,77041.0,Benzine,6,3,1,103,0,1364,1487,5.6
13000,134000.0,Diesel,6,3,1,125,0,1956,1623,4.3
13390,90800.0,Diesel,6,3,2,100,1,1598,1487,4.1
13350,158800.0,Diesel,6,3,2,125,0,1956,1733,4.5
13330,66200.0,Diesel,6,3,2,100,0,1598,1701,3.9
13290,57146.0,Diesel,6,3,1,125,0,1956,2275,4.5
13000,127024.0,Diesel,6,3,1,100,0,1598,1513,3.9
12999,99000.0,Diesel,6,2,1,100,0,1598,1513,3.0
12995,65391.0,Diesel,6,3,1,88,1,1598,1487,4.3
12990,96000.0,Diesel,6,3,1,125,0,1956,1487,4.5
12990,91000.0,Diesel,6,3,1,88,0,1598,1664,4.1
12990,92683.0,Diesel,6,3,1,101,0,1598,1487,5.6
12990,80000.0,Diesel,6,2,1,100,1,1600,1487,4.0
12990,111991.0,Diesel,6,2,1,100,1,1598,1487,3.9
12990,58989.0,Diesel,6,3,1,88,0,1598,1487,4.1
12490,85653.0,Diesel,6,3,1,100,0,1598,1613,3.9
12990,84227.0,Diesel,6,3,1,101,0,1598,1503,3.0
12990,99000.0,Diesel,6,3,1,100,0,1598,1613,4.1
12490,132911.0,Diesel,6,3,1,125,1,1956,1487,4.5
12990,136132.0,Diesel,6,3,1,125,0,1956,1733,4.5
12980,83112.0,Benzine,6,3,1,103,0,1364,1487,5.6
12490,65295.0,Diesel,6,3,1,100,0,1598,2280,3.9
12480,112218.0,Diesel,6,2,1,100,1,1598,1487,3.9
12450,128980.0,Diesel,6,3,2,125,0,1956,1487,4.5
12480,71130.0,Diesel,6,3,2,100,1,1598,1487,3.9
12480,136672.0,Diesel,6,3,1,125,0,1956,1487,5.6
12750,75709.0,Diesel,6,3,1,100,0,1598,1487,5.4
12980,98200.0,Diesel,6,3,1,100,1,1598,1487,5.6
12450,78000.0,Diesel,6,3,1,100,0,1598,1543,3.6
12450,45000.0,Benzine,6,3,1,103,0,1364,1613,5.6
12450,50000.0,Benzine,6,3,1,103,0,1364,1503,5.3
12450,40000.0,Benzine,6,3,1,103,0,1364,1503,5.3
12450,44000.0,Benzine,6,3,1,103,0,1364,1503,5.3
12650,89000.0,Diesel,6,3,1,100,0,1598,1701,4.1
12650,89000.0,Diesel,6,3,1,100,0,1598,2400,4.1
12595,68116.0,Diesel,6,3,1,100,1,1598,1487,3.9
12599,66069.0,Diesel,6,2,1,100,0,1598,1701,4.1
12580,89716.0,Diesel,6,3,1,88,1,1598,1701,4.1
12500,60250.0,Diesel,6,3,1,100,0,1598,1701,3.9
12500,77161.0,Diesel,6,3,1,88,0,1598,1664,5.6
12500,84000.0,Diesel,6,2,1,100,0,1598,1571,3.8
12500,81822.0,Diesel,6,2,1,100,0,1598,1701,3.9
12500,87000.0,Diesel,6,3,1,100,0,1598,1543,3.6
12500,144000.0,Diesel,6,3,1,100,0,1598,1513,3.9
12500,125447.0,Diesel,6,2,1,100,0,1598,1513,3.9
12500,89500.0,Diesel,6,3,1,100,1,1598,1664,3.9
12500,79990.0,Diesel,6,3,1,88,0,1956,1538,3.0
12499,134500.0,Diesel,6,3,1,125,1,1956,1733,4.5
12499,111000.0,Diesel,6,3,1,125,0,1956,1503,4.3
12400,101000.0,Diesel,6,3,1,100,0,1598,1487,5.1
12400,119000.0,Diesel,6,3,1,100,0,1598,1623,3.9
12400,63800.0,Diesel,6,3,1,88,0,1956,1733,3.9
12300,165000.0,Diesel,6,3,1,88,0,1598,1513,3.9
12490,145000.0,Diesel,6,2,1,100,0,1600,1503,5.4
12000,115000.0,Diesel,6,3,1,100,0,1598,1623,3.9
12300,120810.0,Diesel,6,3,1,125,0,1956,1733,4.7
12000,72000.0,Diesel,6,3,1,100,0,1598,1513,3.8
12000,116000.0,Diesel,6,3,1,88,0,1598,1596,3.9
11995,92856.0,Diesel,6,2,1,100,0,1598,1513,3.8
11999,107000.0,Diesel,6,2,1,100,0,1598,1513,3.0
11999,91176.0,Diesel,6,2,1,100,0,1598,1441,4.0
11995,92960.0,Diesel,6,2,1,100,0,1598,1513,3.8
11990,80000.0,Diesel,6,3,1,88,0,1598,1513,3.9
11990,60000.0,Diesel,6,2,1,88,0,1598,1513,3.9
11999,85000.0,Diesel,6,3,1,88,1,1598,1487,4.1
11950,45000.0,Benzine,6,3,1,103,0,1364,1503,5.3
11980,165435.0,Diesel,6,3,1,125,0,1956,1487,5.6
11980,146645.0,Diesel,6,3,1,125,0,1956,1487,5.6
11990,85590.0,Diesel,6,3,1,100,0,1598,1503,5.4
11950,91223.0,Diesel,6,2,1,100,0,1600,1487,5.6
11980,89982.0,Diesel,6,3,1,195,0,1956,1487,4.9
11970,89042.0,Diesel,6,3,1,100,1,1598,1503,5.4
11950,57000.0,Benzine,6,3,1,103,0,1364,1503,5.3
11900,75000.0,Diesel,6,3,1,100,0,1598,1664,4.1
11900,149000.0,Diesel,6,3,2,100,1,1598,1701,3.9
11900,118000.0,Diesel,6,3,1,100,1,1598,1487,3.9
11850,122327.0,Diesel,6,3,1,100,0,1598,1487,4.1
11900,105039.0,Diesel,6,3,1,100,0,1598,1623,3.9
11899,69435.0,Diesel,6,3,1,88,0,1598,1596,3.9
11890,84460.0,Diesel,6,3,1,88,1,1598,1733,4.1
11880,108785.0,Diesel,6,3,1,100,1,1598,1487,3.9
11800,130000.0,Diesel,6,3,2,88,0,1598,1664,4.1
11700,155784.0,Diesel,6,3,1,100,1,1598,1487,3.9
11500,180180.0,Diesel,6,3,1,88,0,1598,1623,4.1
11499,100000.0,Diesel,6,3,1,88,1,1598,1664,4.1
11490,89000.0,Diesel,6,2,1,100,0,1598,1513,3.9
11490,136000.0,Diesel,6,3,1,125,1,1956,1743,5.5
11480,167255.0,Diesel,6,3,1,125,0,1956,1487,5.6
11299,51592.0,Diesel,6,3,1,88,0,1598,1596,3.9
11100,78000.0,Diesel,6,3,1,100,0,1598,1513,3.8
11000,10500.0,Diesel,6,2,2,88,0,1598,1623,4.1
10990,113000.0,Diesel,6,3,1,88,0,1600,1487,5.6
10990,80000.0,Diesel,6,3,1,100,0,1598,1513,3.8
10990,103100.0,Diesel,6,3,1,100,0,1598,1487,5.1
10980,166600.0,Diesel,6,3,1,100,1,1598,1487,5.6
10950,76000.0,Diesel,6,3,1,100,0,1598,1571,3.8
10950,88000.0,Diesel,6,2,2,100,0,1598,1571,3.8
10950,88000.0,Diesel,6,2,2,100,0,1598,2300,3.8
10950,93000.0,Diesel,6,2,2,100,0,1598,2300,3.8
10950,122000.0,Diesel,6,3,1,88,0,1598,1664,4.1
10910,85905.0,Diesel,6,2,2,100,0,1598,1441,4.0
10900,126100.0,Diesel,6,3,1,88,0,1598,1664,4.1
10900,119000.0,Diesel,6,3,1,100,0,1598,1623,3.0
10740,150000.0,Diesel,6,3,2,88,0,1598,1664,4.1
10500,69000.0,Diesel,6,3,1,88,0,1598,1623,4.1
10799,153413.0,Diesel,6,3,1,100,0,1598,1613,3.8
10899,92870.0,Diesel,6,2,1,100,0,1598,1513,3.8
10600,107000.0,Diesel,6,2,1,125,0,1600,1487,5.6
10500,60000.0,Benzine,6,2,1,125,0,1598,1701,6.2
10490,187000.0,Diesel,6,3,1,100,0,1598,1626,3.9
10450,76000.0,Diesel,6,3,1,88,0,1598,1596,3.9
10395,124608.0,Diesel,6,3,1,100,1,1598,1487,3.9
10480,179000.0,Diesel,6,3,1,125,1,1956,1487,4.5
10490,190000.0,Diesel,6,3,1,100,0,1598,1664,4.1
10350,43000.0,Benzine,6,3,1,103,0,1364,1503,5.3
10345,134200.0,Diesel,6,3,1,88,1,1598,1487,4.1
10000,31500.0,Diesel,6,2,1,100,0,1598,1623,4.1
9980,157809.0,Diesel,6,3,1,100,0,1598,1487,5.6
9900,214999.0,Diesel,6,3,1,100,0,1598,1513,3.0
9900,124000.0,Diesel,6,2,1,88,0,1600,1503,5.4
14990,72728.0,Diesel,6,2,1,125,0,1598,1487,5.6
15299,51500.0,Diesel,6,3,1,125,0,1956,1843,5.6
15350,82900.0,Diesel,6,2,1,125,1,1956,1733,4.5
15290,61400.0,Diesel,6,3,1,125,0,1956,1788,4.7
15200,85000.0,Diesel,6,3,1,125,0,1956,1613,4.3
15190,79980.0,Diesel,6,2,1,100,0,1598,1487,3.9
15250,91000.0,Diesel,6,3,2,125,0,1956,1487,4.7
15490,46000.0,Diesel,6,3,1,88,0,1598,1664,4.1
15000,62100.0,Diesel,6,3,1,125,0,1956,1664,4.5
15790,60000.0,Diesel,6,3,1,88,0,1956,1713,3.9
15390,68341.0,Benzine,6,3,1,103,1,1364,1487,5.6
15000,73130.0,Diesel,6,3,1,100,0,1598,1487,4.1
15845,41028.0,Benzine,6,3,2,103,1,1364,1503,5.6
15790,15900.0,Benzine,6,3,2,103,0,1400,1618,5.3
15750,118450.0,Diesel,6,3,1,125,0,1956,1733,4.5
15750,42000.0,Benzine,6,2,1,103,0,1364,1487,5.6
15700,40000.0,Benzine,6,2,0,103,1,1364,1623,5.6
15690,42000.0,Diesel,6,3,2,100,1,1598,1503,4.5
15500,120000.0,Diesel,6,3,1,125,0,1956,1788,5.4
15500,45000.0,Diesel,6,3,1,100,0,1598,1487,5.6
15500,92000.0,Diesel,6,3,1,125,0,1956,1613,4.3
15500,74882.0,Diesel,6,3,1,100,0,1598,1589,4.3
15499,55000.0,Diesel,6,3,2,100,0,1598,1701,3.9
15499,66210.0,Diesel,6,3,2,101,0,1598,1487,5.6
15500,40850.0,Diesel,6,3,2,100,1,1598,1664,3.9
15490,10791.0,Diesel,6,3,1,88,0,1598,1596,3.9
15490,50505.0,Diesel,6,2,1,100,1,1598,1664,5.6
15490,102000.0,Diesel,6,3,1,125,1,1956,1487,4.5
15490,39000.0,Diesel,6,3,1,88,0,1598,1733,3.9
15490,92700.0,Diesel,6,3,1,100,0,1598,1664,4.3
15490,70000.0,Diesel,6,3,1,125,0,1956,1843,4.5
15480,27679.0,Diesel,6,2,1,125,0,1956,1487,5.6
15480,112130.0,Diesel,6,3,1,125,1,1956,1733,4.5
15450,146758.0,Diesel,6,3,1,100,0,1598,1564,3.9
15450,71069.0,Benzine,6,3,1,103,1,1364,1487,7.9
15450,59880.0,Benzine,6,3,2,103,1,1364,1613,5.8
15450,76450.0,Diesel,6,3,1,125,0,1956,1733,4.5
15450,32651.0,Diesel,6,2,1,88,0,1598,1664,5.6
15450,96721.0,Diesel,6,3,1,125,1,1956,1487,4.5
15440,49992.0,Benzine,6,3,1,103,0,1364,1487,5.6
15400,38000.0,Diesel,6,3,1,100,0,1598,1701,3.9
15400,56013.0,Diesel,6,3,1,100,0,1598,1613,5.1
14999,39950.0,Diesel,6,3,1,100,1,1598,1487,3.9
14998,59456.0,Diesel,6,3,1,100,0,1598,1701,3.9
14995,153683.0,Diesel,6,3,1,100,0,1598,1564,4.1
14995,31900.0,Diesel,6,3,1,88,0,1598,1487,5.6
14990,33000.0,Diesel,6,3,2,88,0,1598,1487,4.1
14995,31665.0,Diesel,6,3,2,88,0,1598,1487,5.6
14990,80000.0,Diesel,6,3,2,125,1,2000,1503,5.0
14990,115450.0,Diesel,6,3,1,125,0,1956,1487,4.5
14990,96750.0,Diesel,6,3,1,125,0,1956,1487,4.5
18479,112895.0,Diesel,6,2,1,125,1,1956,1487,5.5
19980,52150.0,Diesel,6,2,1,125,0,1956,1901,6.4
19890,25047.0,Diesel,6,2,1,100,0,1598,1522,5.5
18950,64000.0,Diesel,6,2,1,100,0,1598,1462,5.2
20500,25494.0,Diesel,8,2,1,125,0,1956,1487,5.15
19880,45848.0,Benzine,6,2,1,121,1,1490,1503,6.0
20900,23900.0,Diesel,6,1,1,100,0,1598,1585,5.2
21450,28850.0,Benzine,6,1,1,121,0,1490,1487,5.7
21690,29100.0,Benzine,6,1,1,121,0,1490,1487,6.2
21950,24152.0,Benzine,6,1,1,121,1,1490,1487,6.2
21690,24390.0,Diesel,6,1,1,100,1,1598,1522,5.5
21890,22600.0,Diesel,6,2,1,100,1,1598,1503,5.1
21940,24620.0,Diesel,8,1,1,125,1,1956,1503,5.5
21950,31206.0,Benzine,6,1,1,121,1,1490,1487,6.1
21980,29957.0,Benzine,6,2,1,121,1,1490,1503,6.1
21980,27800.0,Diesel,6,2,1,125,1,1956,1487,5.6
21990,13990.0,Benzine,6,2,1,121,1,1490,1503,6.0
21990,13860.0,Benzine,6,1,1,121,1,1490,1503,6.1
21690,26960.0,Benzine,6,1,1,121,1,1500,1487,6.2
21990,27941.0,Benzine,6,1,1,121,1,1490,1487,6.2
21850,29300.0,Benzine,6,1,1,121,1,1490,1522,6.2
15909,20346.0,Diesel,6,2,1,100,0,1598,1701,4.1
15900,36852.0,Diesel,6,2,1,100,0,1598,1503,4.3
15900,6120.0,Diesel,6,2,1,100,0,1598,1701,3.9
16182,14069.0,Diesel,6,2,1,100,0,1598,1701,4.1
16100,29906.0,Benzine,6,1,1,103,0,1490,1503,5.7
15990,50630.0,Diesel,6,2,1,100,0,1598,1571,3.9
15990,39525.0,Diesel,6,1,1,101,0,1598,1503,4.3
15970,48000.0,Diesel,6,2,2,100,0,1598,1487,3.9
15940,32300.0,Benzine,6,2,3,103,1,1364,1513,5.3
15900,37850.0,Diesel,6,2,1,100,0,1598,1503,4.3
15880,51999.0,Diesel,6,2,1,125,0,1956,1487,4.5
15850,28800.0,Diesel,6,2,2,100,1,1598,1487,3.9
21890,31000.0,Diesel,6,1,1,100,0,1598,1585,5.2
21870,53300.0,Diesel,6,2,1,125,1,1956,1743,5.6
21800,28160.0,Diesel,6,2,1,125,0,1956,1487,5.7
21800,7500.0,Diesel,6,1,1,100,0,1598,1585,5.2
21800,15975.0,Diesel,6,1,1,100,0,1598,1585,5.2
21880,24599.0,Diesel,6,1,1,125,0,1956,1633,5.6
21780,24423.0,Benzine,6,2,1,121,1,1490,1472,6.1
21780,28508.0,Benzine,6,1,1,121,0,1598,1487,6.2
21750,15991.0,Diesel,6,1,1,100,0,1598,1503,5.4
21740,29610.0,Benzine,6,1,1,121,1,1490,1487,5.6
21800,37000.0,Diesel,6,1,1,100,0,1598,1585,5.2
21780,24500.0,Benzine,6,1,1,121,1,1490,1522,6.2
21770,38749.0,Benzine,6,2,1,121,0,1490,1487,6.1
21700,23500.0,Diesel,6,1,1,100,0,1598,1585,5.2
21700,25104.0,Benzine,6,2,1,125,0,1598,1733,7.0
21980,20541.0,Diesel,8,1,1,125,0,1956,1487,5.7
21980,19212.0,Diesel,8,1,1,125,0,1956,1487,5.7
21990,48652.0,Diesel,6,2,1,127,0,1956,1487,5.6
21990,20698.0,Diesel,6,2,1,100,0,1598,1503,5.4
21989,70670.0,Diesel,6,1,1,125,1,1956,1716,5.7
21980,28121.0,Diesel,8,1,1,125,0,1956,1487,5.7
21980,19239.0,Diesel,6,1,1,125,0,1956,1503,5.6
21980,29950.0,Benzine,6,1,1,121,1,1490,1487,6.2
21980,15500.0,Diesel,6,2,1,100,1,1598,1522,5.5
21980,29400.0,Benzine,6,1,1,121,1,1490,1487,6.2
21980,30900.0,Benzine,6,1,1,121,1,1490,1487,6.2
21950,26300.0,Diesel,6,1,1,100,1,1598,1503,5.5
21000,25494.0,Diesel,8,2,1,125,0,1956,1487,5.15
21950,21622.0,Diesel,6,1,1,100,1,1598,1503,5.5
20999,20201.0,Benzine,6,1,1,121,0,1490,1522,6.4
20999,9890.0,Diesel,6,1,1,100,0,1598,1487,5.6
20999,11288.0,Benzine,6,2,1,121,0,1490,1487,6.2
20990,24998.0,Diesel,6,2,1,125,0,1998,1503,5.4
20999,34700.0,Benzine,6,2,2,125,1,1598,1701,7.0
20990,25800.0,Diesel,6,1,1,100,0,1598,1522,5.5
20990,28881.0,Benzine,6,1,1,121,0,1490,1487,5.7
20990,28798.0,Benzine,6,1,1,121,0,1490,1487,5.7
20980,18750.0,Benzine,8,2,1,125,1,1598,1487,7.0
20990,29800.0,Diesel,6,2,1,125,1,1956,1503,5.4
20950,13481.0,Benzine,6,2,1,121,0,1490,1522,6.2
20950,25550.0,Diesel,6,2,1,100,1,1598,1673,4.3
20980,27921.0,Diesel,6,1,1,125,0,1956,1487,5.7
20950,22800.0,Diesel,6,1,1,100,1,1598,1522,5.5
20900,27400.0,Diesel,6,1,1,100,0,1598,1510,5.2
21950,25272.0,Diesel,6,1,1,100,0,1598,1503,5.1
21950,9950.0,Benzine,6,2,1,121,0,1490,1522,6.2
20900,27720.0,Diesel,6,1,1,100,0,1598,1447,5.1
20900,19250.0,Diesel,6,1,1,100,0,1598,1560,4.6
21900,33000.0,Diesel,6,2,1,100,0,1598,1522,5.1
21900,25000.0,Diesel,6,2,1,100,0,1598,1522,5.5
21900,13600.0,Diesel,6,1,1,100,0,1598,1487,5.6
21900,23177.0,Diesel,6,1,1,100,0,1598,1701,5.0
21900,22000.0,Diesel,6,1,1,100,0,1598,1585,5.2
21900,22900.0,Benzine,6,1,1,121,1,1490,1487,6.2
21900,28112.0,Diesel,6,1,1,100,0,1598,1585,5.2
21900,20394.0,Diesel,6,1,1,100,0,1598,1585,5.2
21900,21525.0,Diesel,6,1,1,100,0,1598,1510,5.2
21900,29861.0,Benzine,6,1,1,121,0,1490,1487,5.8
21900,21500.0,Diesel,6,1,1,100,0,1598,1585,5.2
21900,7374.0,Diesel,6,1,1,100,0,1598,1487,5.6
21890,30156.0,Benzine,6,2,1,121,1,1490,1522,6.2
21890,11000.0,Benzine,6,1,1,121,1,1490,1503,6.0
21690,18568.0,Diesel,8,1,1,125,1,1956,1487,5.7
21650,13000.0,Diesel,6,1,1,100,0,1598,1585,5.2
21649,28277.0,Benzine,6,1,1,121,1,1490,1522,6.4
21631,49590.0,Diesel,8,2,2,125,1,1956,1666,5.7
21590,15800.0,Benzine,6,2,2,121,0,1490,1487,6.2
21550,26970.0,Benzine,6,1,1,121,1,1490,1487,5.6
21500,17711.0,Diesel,6,2,2,100,0,1598,1626,5.0
21500,21276.0,Diesel,6,2,2,100,0,1598,1538,5.0
21480,24800.0,Benzine,6,1,1,121,0,1490,1472,6.1
21480,33900.0,Diesel,6,2,1,100,0,1598,1503,5.1
21480,24590.0,Diesel,6,1,1,100,1,1598,1522,5.5
21480,24600.0,Diesel,8,1,1,125,1,1956,1666,5.7
21480,27000.0,Diesel,6,1,1,100,0,1598,1440,5.1
21450,31612.0,Diesel,6,2,1,125,0,1956,1487,5.7
21450,43788.0,Diesel,8,2,1,125,1,1956,1733,5.7
21450,27500.0,Benzine,6,1,1,121,1,1490,1487,6.2
21450,12000.0,Benzine,6,2,1,121,0,1490,1472,6.1
20900,16250.0,Diesel,6,1,1,100,0,1598,1585,5.5
20900,29387.0,Diesel,6,1,1,100,0,1598,1510,5.2
20880,36500.0,Diesel,6,2,1,125,1,1956,1487,5.5
20850,22000.0,Diesel,6,1,1,100,0,1598,1487,5.6
20850,16279.0,Diesel,6,1,1,100,0,1598,1510,5.2
20850,21900.0,Benzine,6,2,1,121,1,1490,1487,5.6
20850,21041.0,Diesel,6,1,1,100,0,1598,1510,5.2
20800,31207.0,Diesel,8,2,1,125,0,1956,1613,5.6
20790,17615.0,Benzine,6,2,1,121,0,1490,1503,6.1
20790,34825.0,Benzine,6,2,2,121,0,1490,1487,5.8
20780,45644.0,Diesel,6,2,1,125,0,1956,1487,5.6
20750,7189.0,Diesel,6,2,1,125,0,1956,1503,5.5
20700,25576.0,Diesel,6,2,1,125,0,1956,1503,5.5
20750,25249.0,Diesel,6,2,1,125,0,1956,1503,5.5
20670,30460.0,Diesel,6,1,1,100,1,1598,1503,5.5
20635,2400.0,Diesel,6,1,1,100,0,1598,1503,4.3
20630,11600.0,Diesel,6,1,1,100,0,1598,1503,4.3
21440,9521.0,Diesel,6,2,1,100,1,1598,1503,5.0
21440,29750.0,Benzine,6,1,1,121,1,1490,1487,5.6
21410,1.0,Benzine,6,2,1,121,0,1498,1580,6.2
21400,11558.0,Diesel,6,1,1,100,0,1598,1585,5.2
21400,16962.0,Diesel,6,1,1,100,0,1598,1585,5.2
21390,12669.0,Benzine,6,2,1,121,0,1490,1522,6.2
21390,25368.0,Benzine,6,2,1,121,0,1490,1487,6.2
21300,18500.0,Benzine,6,2,1,121,0,1490,1522,6.2
21390,22785.0,Benzine,6,2,1,121,0,1490,1487,5.8
21300,36750.0,Diesel,6,2,1,100,0,1598,1440,5.1
21300,28000.0,Diesel,6,1,1,100,0,1598,1585,5.2
21250,30020.0,Benzine,6,1,1,121,1,1490,1487,5.8
21222,7520.0,Benzine,6,1,1,121,0,1490,1503,6.1
21200,20600.0,Diesel,6,1,1,100,0,1598,1487,5.2
21165,48562.0,Diesel,8,2,1,125,0,1956,1666,5.7
21150,21460.0,Benzine,6,1,1,121,0,1490,1487,6.2
21000,30000.0,Diesel,6,2,1,100,0,1598,1623,4.9
20490,23935.0,Diesel,6,1,1,100,1,1598,1503,4.3
20480,8100.0,Diesel,6,1,1,100,1,1598,1522,5.5
20480,22691.0,Diesel,6,1,1,100,1,1598,1503,4.3
20450,29549.0,Benzine,6,2,1,125,1,1598,1503,6.7
19800,36354.0,Diesel,6,2,1,100,0,1598,1701,5.0
19450,99591.0,Diesel,8,2,1,125,1,1956,1487,5.6
20450,24338.0,Diesel,6,2,1,125,0,1956,1503,5.5
19440,24152.0,Benzine,6,2,1,121,1,1490,1522,6.2
19790,42300.0,Benzine,6,2,1,184,0,1998,1503,7.8
19770,16000.0,Diesel,6,2,1,100,1,1598,1503,5.5
19770,22422.0,Benzine,6,2,1,121,1,1490,1487,6.2
19750,24900.0,Diesel,6,2,1,100,1,1598,1503,5.5
19670,19500.0,Diesel,6,2,1,100,1,1598,1503,5.4
19770,52446.0,Diesel,6,1,1,125,1,1956,1487,5.7
19600,40154.0,Diesel,6,2,1,100,0,1598,1613,5.1
19725,24905.0,Diesel,6,2,1,100,0,1598,1503,4.2
19500,17600.0,Diesel,6,2,1,100,0,1598,1626,5.0
19500,24803.0,Diesel,6,1,1,100,0,1490,1487,5.7
19500,24600.0,Diesel,6,1,1,100,0,1598,1585,5.5
19499,37125.0,Diesel,6,2,3,125,0,1956,1901,6.4
19480,12979.0,Diesel,6,2,1,100,1,1598,1673,5.4
19490,30339.0,Diesel,6,2,1,100,1,1598,1503,5.1
19490,29800.0,Benzine,6,2,2,125,1,1598,1701,7.2
19490,14800.0,Diesel,6,2,1,100,1,1598,1522,5.5
19330,60146.0,Diesel,6,2,1,100,1,1598,1487,5.2
19299,25134.0,Diesel,6,1,2,100,0,1598,1487,5.5
19299,26939.0,Diesel,6,1,1,100,0,1598,1487,5.5
19000,130000.0,Diesel,6,2,1,125,0,1956,1733,5.7
19250,27103.0,Diesel,6,1,1,100,0,1598,1487,5.0
18990,15678.0,Diesel,6,2,2,100,0,1598,1522,5.5
18990,116000.0,Diesel,6,2,1,125,1,1956,1487,6.2
18990,34334.0,Diesel,6,2,1,125,0,1598,1503,5.4
18990,17887.0,Benzine,6,2,1,125,0,1598,1613,6.7
18990,17200.0,Diesel,6,2,1,100,0,1598,1537,5.0
18980,14990.0,Diesel,6,1,1,100,1,1598,1522,5.5
18960,54598.0,Diesel,6,2,2,125,1,1956,1487,5.5
18950,56000.0,Diesel,6,2,2,100,1,1598,1522,5.1
18980,84102.0,Diesel,6,2,1,125,1,1956,1838,5.6
18970,25570.0,Diesel,6,2,1,125,1,1956,1733,5.7
18980,150800.0,Diesel,6,2,1,125,0,1956,1503,5.4
18950,27850.0,Diesel,6,2,1,100,0,1598,2270,5.0
20440,23530.0,Benzine,6,2,2,121,0,1490,1487,6.1
18950,28000.0,Diesel,6,2,1,125,0,1956,1487,5.5
20380,30125.0,Diesel,6,2,1,125,1,1956,1664,4.3
20250,17450.0,Benzine,6,2,1,125,0,1598,1487,7.0
20400,29910.0,Diesel,6,2,1,125,0,1956,1487,5.7
20200,32300.0,Benzine,6,2,1,121,0,1490,1472,6.1
20000,24500.0,Benzine,6,2,2,121,0,1490,1522,6.2
19990,22146.0,Diesel,6,2,1,125,1,1956,1743,5.6
19990,53646.0,Diesel,6,2,1,125,0,1956,1743,5.6
19990,29854.0,Diesel,6,2,1,100,0,1598,1503,5.4
19990,29736.0,Diesel,6,1,1,100,0,1598,1447,5.1
19990,9050.0,Diesel,6,2,1,100,1,1598,1503,5.5
19990,31830.0,Diesel,6,2,1,100,0,1600,1513,5.0
19990,60481.0,Diesel,6,2,1,125,0,1956,1743,5.6
19990,24900.0,Diesel,6,1,1,100,0,1598,1503,4.3
19990,22900.0,Diesel,6,1,1,100,0,1598,1503,4.3
19990,85000.0,Diesel,6,2,1,125,0,1956,1901,6.4
19990,26100.0,Diesel,6,1,1,100,0,1598,1503,4.3
19980,26400.0,Diesel,8,2,2,125,1,1956,1666,5.7
19990,25200.0,Diesel,6,1,1,100,0,1598,1503,4.3
19950,23300.0,Diesel,6,2,1,100,1,1598,1503,5.5
19980,24950.0,Diesel,6,2,1,100,1,1598,1503,5.4
19970,32300.0,Diesel,6,2,1,125,1,1956,1743,5.6
19950,24881.0,Diesel,6,2,1,100,1,1598,1503,4.3
19920,24680.0,Diesel,6,2,1,100,1,1598,1503,5.5
19900,29000.0,Diesel,6,2,1,125,0,1956,1658,5.7
19950,47500.0,Diesel,6,2,2,125,0,1956,1743,5.6
19900,85211.0,Diesel,8,2,2,125,0,1956,1660,5.7
19900,96499.0,Diesel,6,2,2,100,0,1598,1437,4.5
19900,13300.0,Diesel,6,1,1,100,0,1598,1510,5.2
19900,29853.0,Diesel,6,1,1,100,0,1598,1510,5.2
19900,28000.0,Diesel,6,1,1,100,0,1598,1485,4.6
19900,24853.0,Diesel,5,1,1,100,0,1598,1487,5.6
19900,27384.0,Diesel,6,1,1,100,0,1598,1664,4.1
19900,24178.0,Diesel,6,1,1,100,0,1598,1487,5.2
19900,27419.0,Diesel,5,1,1,100,0,1598,1487,5.5
19895,14980.0,Diesel,6,2,1,100,0,1598,1543,3.6
18450,30500.0,Diesel,6,2,2,125,1,1956,1487,5.6
18450,34300.0,Diesel,6,2,2,125,1,1956,1487,5.6
18400,29295.0,Diesel,6,2,1,100,0,1598,1503,5.0
18950,88687.0,Diesel,8,2,1,125,0,1956,1487,5.7
18950,35000.0,Diesel,6,2,1,125,0,1598,1487,5.0
18900,91910.0,Diesel,6,2,1,125,0,1956,1487,5.6
18900,23584.0,Diesel,6,2,1,100,0,1598,1522,5.1
18450,93000.0,Diesel,6,2,1,125,1,1956,1743,5.5
18890,42444.0,Diesel,6,2,1,125,0,1956,1901,6.4
18450,98473.0,Diesel,6,2,1,125,1,1956,1487,5.5
18800,38000.0,Diesel,6,2,1,125,0,1956,1743,5.6
18890,27800.0,Diesel,6,2,1,100,0,1598,1503,5.4
18890,24800.0,Diesel,6,2,1,100,1,1598,1503,5.4
18890,26100.0,Diesel,6,2,1,100,1,1598,1503,5.4
18850,29248.0,Diesel,6,2,1,100,0,1598,1503,5.0
18800,22452.0,Diesel,6,2,1,100,0,1598,1701,5.0
18750,78000.0,Benzine,6,2,1,121,1,1490,1503,6.1
18700,12621.0,Diesel,6,2,1,100,0,1598,1503,5.0
18660,54000.0,Diesel,6,2,1,125,0,1956,1743,5.6
18650,34625.0,Diesel,6,2,2,125,0,1956,1843,5.6
18500,24000.0,Diesel,6,2,2,100,0,1598,1522,5.1
18490,20017.0,Diesel,6,2,2,100,0,1598,1447,5.1
18490,11883.0,Diesel,6,1,1,100,0,1598,1503,5.4
16890,65500.0,Diesel,6,2,2,101,0,1598,1487,5.6
16900,24614.0,Benzine,6,1,1,103,0,1490,1503,5.7
16490,15258.0,Diesel,6,1,1,101,0,1598,1503,4.3
16890,8200.0,Diesel,6,2,1,100,0,1598,1503,4.3
16890,200.0,Diesel,6,1,1,100,0,1598,1503,5.2
16400,36000.0,Diesel,6,2,1,88,0,1598,1664,3.9
16490,31715.0,Diesel,6,2,1,100,0,1598,1503,4.3
16480,35000.0,Diesel,6,2,1,100,1,1598,1487,3.9
16400,20900.0,Diesel,6,2,1,100,0,1598,1487,5.6
16440,33800.0,Diesel,6,2,1,100,1,1598,1664,3.9
16479,61580.0,Diesel,6,2,1,100,1,1598,1664,4.1
16400,24873.0,Benzine,6,1,1,103,0,1490,1503,5.7
17990,27121.0,Diesel,6,2,1,100,0,1598,1487,3.9
17990,5141.0,Diesel,6,2,1,100,0,1598,1503,5.0
16990,73600.0,Diesel,6,2,1,125,0,1956,2240,5.6
17990,28415.0,Diesel,6,2,1,125,0,1956,1487,5.3
17450,16650.0,Diesel,6,1,1,100,0,1598,1503,4.3
17450,20800.0,Diesel,6,2,1,81,0,1598,1440,4.0
17475,31809.0,Diesel,6,2,1,88,0,1598,1664,5.6
17480,7092.0,Benzine,6,2,1,103,0,1490,1503,5.9
18800,25909.0,Diesel,6,2,1,125,0,1956,1487,5.3
18690,22500.0,Benzine,6,2,1,103,0,1490,1503,5.9
18500,49000.0,Diesel,6,2,1,125,0,1956,1633,5.3
18800,35674.0,Diesel,6,2,2,100,0,1598,1664,4.1
18800,26144.0,Benzine,6,1,1,103,0,1490,1487,5.7
18900,34386.0,Diesel,6,1,1,125,0,1956,1633,4.4
18900,17200.0,Benzine,6,1,1,103,1,1490,1487,6.0
18900,22880.0,Diesel,6,2,1,100,0,1598,1503,4.3
18890,28900.0,Diesel,6,2,2,125,0,1956,1582,5.2
18900,19500.0,Benzine,6,1,1,103,1,1490,1503,5.9
18890,10650.0,Benzine,6,2,1,103,1,1490,1456,5.7
18890,20900.0,Benzine,6,2,1,103,0,1490,1440,5.9
18880,73000.0,Diesel,6,2,1,125,0,1956,1487,5.3
18880,14775.0,Diesel,6,2,1,125,0,1956,1487,5.3
18880,14700.0,Diesel,6,1,1,100,0,1598,1503,4.3
18850,24524.0,Diesel,6,2,1,125,0,1956,1487,5.3
18850,23672.0,Diesel,6,2,1,125,0,1956,1487,5.3
18850,22502.0,Diesel,6,2,1,125,0,1956,1487,5.3
18880,9200.0,Diesel,6,1,1,81,0,1598,1503,4.2
18850,22561.0,Diesel,6,2,1,125,0,1956,1487,5.3
18870,12073.0,Benzine,6,2,1,103,0,1490,1487,5.8
18850,23635.0,Diesel,6,2,1,125,0,1956,1487,5.3
18790,24243.0,Diesel,6,2,1,100,0,1598,1503,4.3
18850,11000.0,Diesel,6,2,1,125,1,1956,1487,5.6
18800,24171.0,Diesel,6,2,1,125,0,1956,1487,5.3
18800,25221.0,Benzine,6,1,1,103,0,1490,1487,5.7
18790,23060.0,Benzine,6,1,1,103,1,1490,1487,6.0
18795,18000.0,Benzine,6,1,1,103,0,1490,1440,5.9
18780,12900.0,Diesel,6,1,1,100,1,1598,1503,4.2
18790,14400.0,Diesel,6,2,1,100,1,1598,1503,5.4
18750,24964.0,Benzine,6,1,1,103,0,1490,1487,5.7
18750,21290.0,Diesel,6,2,1,125,0,1956,1503,5.5
18750,25883.0,Diesel,6,2,1,125,0,1956,1487,5.3
18750,25358.0,Diesel,6,2,1,125,0,1956,1487,5.3
18750,25350.0,Diesel,6,2,1,125,0,1956,1487,5.3
18750,25070.0,Diesel,6,2,1,125,0,1956,1487,5.3
18780,15700.0,Diesel,6,1,1,100,1,1598,1503,4.2
18760,27432.0,Diesel,6,2,1,100,1,1598,1487,5.6
18600,24724.0,Diesel,6,2,1,125,0,1956,1503,4.2
18599,28850.0,Diesel,6,2,1,125,0,1956,1633,5.6
18740,8764.0,Benzine,6,2,1,103,1,1490,1440,5.9
18700,29765.0,Benzine,6,1,1,103,0,1490,1487,5.7
18690,13500.0,Diesel,6,2,1,100,1,1598,1503,4.3
18654,13953.0,Diesel,6,2,1,100,0,1598,1487,5.6
18627,23167.0,Diesel,6,1,1,81,0,1598,1503,4.3
18625,24028.0,Diesel,6,1,1,100,0,1598,1503,4.2
18580,12300.0,Benzine,6,2,1,121,0,1490,1440,6.0
18500,23000.0,Benzine,6,2,2,103,0,1490,1487,6.0
18500,9500.0,Diesel,6,2,2,100,0,1598,1543,3.6
18500,38100.0,Benzine,6,1,1,103,0,1490,1487,6.0
18499,11600.0,Benzine,6,2,1,103,0,1490,1503,5.9
18495,21301.0,Diesel,6,2,1,100,0,1600,1503,5.4
18490,27854.0,Benzine,6,1,1,103,0,1490,1487,5.7
18500,45000.0,Diesel,6,2,1,125,0,1956,1633,5.6
18490,35600.0,Diesel,6,2,1,100,1,1598,1503,4.3
18490,12446.0,Diesel,6,2,1,100,0,1598,1503,4.3
18480,12890.0,Diesel,6,2,1,125,0,1956,1503,5.2
17480,7150.0,Diesel,6,1,1,100,1,1598,1503,4.3
17980,10550.0,Diesel,6,1,1,100,1,1598,1503,4.3
18480,24391.0,Diesel,6,2,1,125,0,1956,1503,5.2
17980,17800.0,Benzine,6,2,1,103,0,1490,1503,5.9
17980,10250.0,Diesel,6,1,1,100,1,1598,1503,4.2
17400,9500.0,Diesel,6,2,1,88,0,1598,1623,4.1
17980,9100.0,Diesel,6,2,1,100,0,1598,1503,5.4
17450,16000.0,Benzine,6,2,1,103,0,1364,1613,5.8
17300,26000.0,Diesel,6,2,1,100,0,1598,1503,5.4
17300,32544.0,Diesel,6,2,1,100,0,1598,1503,4.3
17280,8960.0,Diesel,6,2,1,100,0,1598,1503,4.3
17300,35000.0,Diesel,6,2,1,125,0,1956,1633,5.3
17210,79640.0,Diesel,6,2,1,125,0,1956,1733,4.5
17170,7120.0,Benzine,6,2,2,103,0,1490,1487,5.6
17000,61000.0,Diesel,6,2,1,100,0,1598,1571,3.8
17094,28142.0,Diesel,6,2,1,81,0,1598,1487,5.6
17150,14942.0,Benzine,6,2,1,103,0,1490,1503,5.7
17000,45000.0,Diesel,6,1,1,100,0,1598,1441,4.3
18333,18888.0,Diesel,6,2,1,100,0,1598,1503,3.8
16990,36698.0,Diesel,6,2,1,100,0,1598,1503,4.3
18300,22158.0,Diesel,6,2,1,100,0,1598,1503,4.3
18250,27500.0,Benzine,6,2,1,103,1,1490,1456,5.7
18054,24178.0,Diesel,6,2,1,100,0,1598,1487,5.6
18290,71700.0,Diesel,6,2,1,125,1,1956,1613,4.5
17995,13953.0,Diesel,6,2,1,100,0,1600,1487,5.6
18000,30459.0,Diesel,6,2,1,100,0,1598,1503,4.3
18000,22000.0,Benzine,6,2,2,121,0,1490,1440,5.4
17999,48500.0,Diesel,6,2,2,125,0,1956,1582,5.5
17999,34344.0,Diesel,6,2,1,125,1,1956,1487,4.5
17995,28142.0,Diesel,6,2,1,81,0,1600,1503,5.4
17990,6716.0,Diesel,6,2,1,100,0,1598,1733,4.3
17990,15990.0,Diesel,6,2,1,100,0,1598,1503,4.3
17990,28337.0,Diesel,6,2,1,125,0,1956,1487,5.3
17990,15364.0,Benzine,6,2,1,103,0,1490,1440,5.9
17990,28849.0,Diesel,6,2,1,100,0,1598,1503,4.3
17990,75010.0,Diesel,6,2,1,125,1,1956,1733,4.5
17500,34000.0,Diesel,6,2,1,100,0,1598,1441,4.3
17990,19900.0,Diesel,6,2,1,100,0,1598,1658,4.1
17500,16300.0,Diesel,6,2,1,100,1,1598,1503,4.2
17500,39379.0,Benzine,6,2,1,103,0,1598,1503,5.4
17500,27760.0,Benzine,6,2,1,125,0,1598,1701,6.5
17500,26607.0,Diesel,6,2,1,100,0,1598,1503,4.3
17500,16000.0,Benzine,6,1,1,103,0,1490,1487,6.0
17500,14674.0,Benzine,6,2,1,103,0,1490,1456,5.7
17490,3158.0,Benzine,6,1,1,103,1,1490,1503,5.7
17500,34631.0,Diesel,6,2,1,100,0,1598,1441,4.0
17495,57400.0,Diesel,6,2,2,125,0,1956,1487,4.5
17500,22500.0,Diesel,6,2,2,125,0,1956,1733,4.5
17490,26000.0,Diesel,6,2,1,81,0,1598,1487,4.3
17480,27675.0,Diesel,6,2,1,81,0,1598,1522,4.3
17480,26976.0,Benzine,6,2,1,103,1,1364,1613,5.8
17950,18000.0,Benzine,6,2,1,103,0,1364,1487,5.6
17480,12950.0,Benzine,6,1,1,103,1,1490,1440,5.9
17950,35000.0,Diesel,6,2,1,125,0,1956,1487,5.3
17950,16000.0,Diesel,6,2,1,100,0,1598,1503,4.2
17490,16735.0,Diesel,6,2,1,100,0,1598,1503,5.0
17950,21000.0,Diesel,6,2,1,81,0,1598,1487,4.3
17950,15000.0,Diesel,6,1,1,100,0,1598,1503,4.3
17950,15600.0,Benzine,6,2,2,103,0,1490,1440,5.9
17950,73077.0,Diesel,6,2,1,125,0,1956,1487,5.3
17925,33042.0,Diesel,6,2,1,100,0,1598,1503,4.3
17925,27664.0,Diesel,6,2,1,100,0,1598,1503,4.3
17900,42713.0,Diesel,6,2,1,100,0,1598,1503,5.4
17900,33693.0,Diesel,6,2,1,100,0,1598,1503,5.4
17900,22457.0,Benzine,6,2,1,103,0,1490,1456,5.7
17900,21900.0,Diesel,6,2,1,100,0,1598,1503,4.3
17900,7164.0,Diesel,6,2,1,88,0,1598,1503,5.4
17900,46560.0,Diesel,6,2,2,125,1,1956,1843,4.7
18480,14937.0,Benzine,6,1,1,103,1,1500,1518,5.6
18480,11600.0,Diesel,6,1,1,100,1,1598,1503,4.2
17480,48653.0,Diesel,6,2,2,100,1,1598,1487,3.9
17850,29998.0,Diesel,6,2,1,125,0,1956,1487,5.3
17900,65531.0,Diesel,6,2,1,100,0,1598,1440,4.5
17880,14980.0,Diesel,6,2,1,100,0,1598,1503,4.3
17850,13688.0,Diesel,6,2,1,100,0,1598,1503,5.0
17850,9848.0,Benzine,6,1,1,103,0,1490,1503,6.2
17825,23990.0,Diesel,6,2,1,100,0,1600,1487,5.6
17800,21550.0,Diesel,6,2,1,100,0,1598,1571,3.9
17725,12835.0,Diesel,6,1,1,100,0,1600,1503,5.4
17690,21517.0,Diesel,6,2,1,100,0,1598,1503,4.3
17750,17609.0,Diesel,6,2,1,100,0,1490,1503,6.2
17590,88600.0,Diesel,6,2,1,125,1,1956,1487,5.6
17590,12100.0,Diesel,6,1,1,100,0,1598,1503,4.3
17550,11403.0,Benzine,6,2,1,125,1,1598,1503,5.9
17690,9599.0,Benzine,6,2,1,103,0,1490,1440,5.9
17550,18120.0,Benzine,6,2,1,103,0,1490,1503,5.7
17550,16387.0,Diesel,6,2,1,100,0,1598,1503,5.0
18480,7800.0,Diesel,6,1,1,100,1,1598,1503,4.2
18480,14750.0,Diesel,6,1,1,100,1,1598,1537,5.0
18450,31950.0,Diesel,6,2,1,125,1,1956,1733,4.5
18450,15300.0,Benzine,6,2,1,103,0,1490,1487,6.0
18480,10950.0,Diesel,6,1,1,100,1,1598,1503,4.2
18470,25530.0,Benzine,6,2,1,103,1,1364,1487,5.8
18470,31892.0,Benzine,6,2,1,103,1,1364,1487,5.6
18450,23624.0,Benzine,6,1,1,103,0,1490,1503,5.7
18390,47500.0,Diesel,6,2,2,125,0,1956,1503,5.2
18390,14400.0,Benzine,6,2,1,103,0,1490,1440,5.9
18390,25291.0,Diesel,6,2,1,125,1,1956,1503,5.2
18380,25249.0,Diesel,6,2,1,125,0,1956,1582,5.2
18380,11701.0,Benzine,6,1,1,103,0,1490,1503,5.7
18388,18700.0,Diesel,6,2,1,100,1,1598,1701,3.9
18450,17899.0,Benzine,6,2,1,103,0,1490,1487,6.0
17990,8471.0,Diesel,6,2,1,100,0,1598,1503,5.4
18350,24808.0,Diesel,6,2,1,100,1,1598,1487,3.9
18350,14000.0,Diesel,6,1,1,125,0,1598,1503,5.4
16990,19488.0,Diesel,6,1,1,100,0,1598,1503,4.3
16990,29586.0,Diesel,6,2,1,100,0,1598,1503,4.3
17990,13488.0,Benzine,6,1,1,103,0,1490,1503,5.7
17990,16600.0,Diesel,6,2,1,100,0,1598,1503,4.3
17990,9354.0,Diesel,6,2,1,100,0,1598,1503,4.3
17990,14600.0,Benzine,6,1,1,103,0,1490,1487,6.0
17990,41000.0,Diesel,6,2,1,100,0,1598,1487,5.6
17990,15300.0,Benzine,6,2,1,103,0,1490,1487,6.0
17990,13200.0,Diesel,6,2,1,100,0,1598,1503,4.3
17989,15243.0,Benzine,6,2,1,103,1,1490,1503,5.7
17989,49004.0,Diesel,6,2,1,125,1,1956,1487,5.6
17990,13100.0,Benzine,6,1,1,103,0,1490,1440,5.9
17990,16300.0,Diesel,6,1,1,100,0,1598,1503,4.3
17980,15565.0,Diesel,6,2,1,100,1,1598,1503,5.1
17980,20209.0,Diesel,6,1,1,100,0,1598,1503,4.3
16990,31715.0,Diesel,6,2,1,100,0,1598,1503,4.3
17989,33363.0,Benzine,6,2,1,103,0,1490,1503,5.9
17550,25400.0,Diesel,6,2,2,100,1,1598,1487,3.9
18333,10500.0,Diesel,6,2,1,100,0,1598,1503,3.8
17980,22321.0,Diesel,6,2,1,125,0,1956,1487,4.5
17980,28200.0,Diesel,6,2,2,100,1,1598,1487,3.9
16990,9036.0,Diesel,6,1,1,100,0,1598,1503,5.0
16990,7746.0,Benzine,6,2,1,103,0,1490,1503,6.2
16990,16145.0,Benzine,6,2,1,103,0,1490,1503,6.2
16990,12078.0,Diesel,6,2,1,100,0,1598,1487,4.5
16980,16160.0,Diesel,6,2,1,100,1,1598,1664,4.5
16980,28950.0,Diesel,6,2,1,100,1,1598,1487,3.9
16980,3500.0,Diesel,6,1,1,100,1,1598,1503,4.2
16980,28200.0,Diesel,6,2,1,100,0,1598,1503,4.3
16950,11642.0,Benzine,6,2,1,103,1,1490,1503,5.9
16950,19200.0,Diesel,6,2,2,100,1,1598,1487,3.9
16900,47655.0,Diesel,6,2,1,100,0,1598,1503,4.3
16900,29927.0,Diesel,6,2,1,100,0,1598,1503,4.3
16900,30050.0,Diesel,6,2,1,100,0,1598,1503,4.3
16900,29382.0,Diesel,6,2,1,100,0,1598,1503,4.3
16900,41415.0,Benzine,6,2,1,103,0,1364,2355,5.6
17980,9150.0,Benzine,6,1,1,103,0,1490,1487,5.9
16400,24245.0,Benzine,6,1,1,103,0,1490,1503,5.7
16400,7000.0,Diesel,6,2,1,125,0,1956,1658,4.5
16350,25647.0,Benzine,6,1,1,103,0,1490,1503,5.7
16290,21477.0,Diesel,6,1,1,101,0,1598,1503,4.3
16350,25604.0,Benzine,6,1,1,103,0,1490,1503,5.7
16250,28547.0,Benzine,6,1,1,103,0,1490,1503,5.7
16190,23191.0,Diesel,6,1,1,101,0,1598,1503,4.3
16250,27141.0,Benzine,6,1,1,103,0,1490,1503,5.7
16840,32100.0,Diesel,6,2,1,100,1,1598,1664,3.9
16825,26235.0,Diesel,6,2,1,100,1,1598,1664,3.9
16800,21959.0,Benzine,6,1,1,103,0,1490,1503,5.7
16800,23401.0,Benzine,6,1,1,103,0,1490,1503,5.7
16730,34700.0,Diesel,6,2,1,100,1,1598,1487,3.9
16690,16510.0,Diesel,6,1,1,101,0,1598,1503,4.3
16650,12315.0,Diesel,6,2,1,81,0,1956,1503,4.2
16550,22186.0,Benzine,6,1,1,103,0,1490,1503,6.2
16500,20255.0,Diesel,6,2,1,100,0,1598,1701,4.1
18900,25341.0,Benzine,6,1,1,103,0,1490,1487,5.7
18900,36142.0,Diesel,6,2,1,100,0,1598,1503,4.3
18900,1530.0,Diesel,6,1,1,100,0,1598,1503,4.3
18900,25800.0,Benzine,6,2,1,103,0,1490,2000,5.4
18900,20826.0,Diesel,6,2,1,125,0,1956,1487,5.3
18900,21903.0,Diesel,6,2,1,125,0,1956,1487,5.3
18900,18300.0,Diesel,6,2,1,125,0,1956,1487,5.3
18900,21054.0,Diesel,6,2,1,125,0,1956,1487,5.3
18900,21321.0,Diesel,6,2,1,125,0,1956,1487,5.3
18900,9600.0,Benzine,6,1,1,103,1,1490,1503,5.7
18900,69800.0,Diesel,6,2,1,125,0,1956,1633,5.3
18900,15510.0,Diesel,6,2,1,100,0,1598,1503,4.3
18900,21900.0,Diesel,6,2,1,100,0,1598,1503,4.3
18900,70000.0,Diesel,6,2,2,125,1,1956,1503,5.4
18900,19499.0,Diesel,6,2,1,125,0,1956,1487,5.7
18900,22000.0,Benzine,6,1,1,103,1,1490,1503,5.7
18900,52050.0,Diesel,6,2,1,125,0,1956,1487,5.3
22400,53923.0,Diesel,6,1,1,125,0,1598,1487,5.6
22500,25660.0,Diesel,6,1,1,100,0,1598,1585,5.2
22880,27300.0,Diesel,8,1,1,125,1,1956,1487,5.7
23500,30994.0,Diesel,6,1,1,100,0,1598,1510,5.2
23725,19750.0,Diesel,8,1,1,125,0,2000,1487,5.6
22980,28900.0,Diesel,8,1,1,125,0,1956,1666,5.7
23750,18210.0,Benzine,6,1,1,121,1,1500,1584,5.6
23890,28539.0,Benzine,6,1,1,121,1,1490,1522,6.2
23716,1647.362609,Diesel,6,0,1,100,0,1598,1441,5.0
23124,1647.362609,Benzine,6,0,1,121,0,1490,1472,5.9
23989,28043.0,Diesel,6,1,1,125,1,1956,1487,5.7
23989,24775.0,Diesel,8,1,1,125,1,1956,1666,5.7
23990,24999.0,Diesel,8,1,1,125,1,1956,1487,5.7
23985,25252.0,Diesel,6,1,1,125,0,1956,1487,5.6
23985,25236.0,Diesel,8,1,1,125,1,1956,1613,5.5
24444,22900.0,Benzine,6,1,1,121,1,1490,1487,6.1
23990,11387.0,Benzine,6,1,1,121,1,1500,1584,5.6
24490,19166.0,Benzine,6,1,1,121,1,1500,1584,5.6
24700,23904.0,Benzine,6,1,1,121,1,1490,1487,6.2
24690,19500.0,Benzine,6,1,1,121,1,1490,1522,6.2
24690,12668.0,Benzine,6,1,1,121,1,1490,1487,6.1
24680,24950.0,Diesel,6,1,1,125,1,1956,1487,5.6
24590,23882.0,Diesel,8,1,1,125,1,1956,1666,5.7
24680,21961.0,Diesel,6,1,1,125,1,1956,1487,5.6
24640,33451.0,Diesel,6,1,1,125,1,1956,1487,5.6
24590,39780.0,Benzine,6,1,1,121,1,1490,1472,6.1
24590,24874.0,Diesel,8,1,1,125,0,1956,1487,5.6
24590,24600.0,Benzine,6,1,1,121,1,1490,1472,6.1
24570,29700.0,Diesel,6,1,1,125,1,1956,1487,5.6
24550,6000.0,Benzine,6,1,1,121,0,1490,1487,5.8
24525,20300.0,Benzine,6,1,1,121,0,1500,1487,5.6
24500,28890.0,Diesel,6,1,1,125,0,1956,1666,5.7
24500,24987.0,Benzine,6,1,1,121,0,1490,1522,6.4
24500,24035.0,Diesel,6,1,1,125,0,1956,1666,5.7
24500,26059.0,Diesel,6,1,1,125,0,1956,1666,5.6
24490,29600.0,Diesel,6,1,1,125,0,1956,1487,5.7
24500,17869.0,Diesel,6,1,1,125,0,1956,1613,5.5
24490,13557.0,Diesel,8,1,1,125,1,1956,1958,5.6
24490,28939.0,Benzine,6,1,1,121,0,1490,1522,6.2
24490,21600.0,Benzine,6,1,1,122,1,1490,1487,6.2
24490,25051.0,Diesel,6,1,1,125,1,1956,1958,5.6
24490,13579.0,Benzine,6,1,1,121,1,1500,1487,6.1
24490,29984.0,Diesel,8,1,1,125,1,1956,1666,5.7
24490,7693.0,Benzine,6,1,1,121,1,1490,1487,6.2
24490,13513.0,Benzine,6,1,1,121,1,1490,1487,6.2
24490,24000.0,Diesel,8,1,1,125,1,1956,1487,5.7
24470,20730.0,Diesel,8,1,1,125,1,1956,1666,5.7
24490,28965.0,Benzine,6,1,1,121,0,1490,1487,6.2
24490,6500.0,Diesel,6,1,1,125,0,1956,1503,5.2
24450,30303.0,Benzine,6,1,1,121,0,1490,1487,6.2
24480,19408.0,Benzine,6,1,1,121,0,1490,1503,6.1
24450,21085.0,Diesel,6,1,1,125,0,1956,1487,5.6
24444,33250.0,Benzine,6,1,1,121,1,1490,1487,6.2
24450,23591.0,Diesel,6,1,1,125,1,1956,1503,5.6
22998,28470.0,Diesel,6,1,1,100,0,1598,1613,5.6
22990,24737.0,Benzine,6,1,1,121,1,1490,1487,5.8
24450,31330.0,Diesel,8,1,1,125,0,1956,1487,5.7
24450,27765.0,Benzine,6,1,1,121,1,1490,1534,5.4
24430,29948.0,Diesel,6,1,1,125,1,1956,1487,5.6
24360,24872.0,Diesel,6,1,1,125,1,1956,1487,5.6
24290,15992.0,Diesel,6,1,1,125,1,1956,1487,5.7
24400,26900.0,Diesel,8,1,1,125,1,1956,1487,5.5
24380,30800.0,Benzine,6,1,1,121,1,1490,1522,6.2
24360,22900.0,Diesel,6,1,1,125,1,1956,1487,5.6
24290,15880.0,Diesel,8,1,1,125,0,1956,1613,5.6
24290,24650.0,Benzine,6,1,1,121,0,1490,1522,6.2
24390,18320.0,Diesel,8,1,1,125,1,1956,1666,5.7
24250,20162.0,Diesel,8,1,1,125,1,1956,1487,5.7
24250,25200.0,Diesel,6,1,1,125,0,1956,1487,5.7
24250,16300.0,Diesel,8,1,1,125,1,1956,1666,5.7
24190,25355.0,Benzine,6,1,1,121,0,1490,1522,6.2
23990,18035.13007,Benzine,6,1,1,122,1,1490,1487,6.2
23990,22550.0,Diesel,8,1,1,125,1,2000,1958,5.6
23990,10152.0,Benzine,6,1,1,121,1,1490,1487,6.1
22990,10421.0,Diesel,6,1,1,125,0,1598,1487,5.7
22990,28730.0,Benzine,6,1,1,121,1,1499,1487,4.5
23990,15422.0,Benzine,6,1,1,121,1,1490,1503,6.1
23990,19500.0,Diesel,8,1,1,125,1,1956,1613,5.6
22990,19700.0,Diesel,6,1,1,125,0,1956,1503,5.5
22990,24276.0,Benzine,6,1,1,121,1,1490,1522,6.2
23989,26280.0,Diesel,6,1,1,125,1,1956,1487,5.7
22990,19809.0,Benzine,6,1,1,121,1,1490,1522,6.2
22990,22883.0,Benzine,6,1,1,121,0,1490,1462,6.2
22989,22833.0,Benzine,6,1,1,121,0,1490,1503,6.1
22990,27450.0,Benzine,6,1,1,121,1,1490,1503,6.1
22990,22837.0,Benzine,6,1,1,121,1,1490,1522,6.2
22989,13889.0,Benzine,6,1,1,121,0,1490,1487,6.2
22989,14320.0,Benzine,6,1,1,121,0,1490,1487,6.2
22980,28950.0,Diesel,6,1,1,125,1,1956,1487,5.6
22980,25273.0,Diesel,6,1,1,125,0,1956,1487,5.7
22990,25583.0,Benzine,6,1,1,121,0,1490,1487,6.1
22980,29999.0,Diesel,6,1,1,125,0,1956,1487,5.7
22980,28813.0,Diesel,6,1,1,125,0,1956,1487,5.7
23500,24913.0,Benzine,6,1,1,121,0,1490,1472,6.1
23500,29600.0,Benzine,6,1,1,122,0,1490,1522,6.2
23990,23568.0,Diesel,6,1,2,125,1,1956,1503,5.5
23980,28300.0,Diesel,6,1,1,125,1,1956,1487,5.6
23980,25400.0,Diesel,6,1,1,125,1,1956,1487,5.6
23980,24600.0,Diesel,6,1,1,125,1,1956,1487,5.6
23980,28600.0,Diesel,6,1,1,100,0,1598,1522,5.4
23980,22845.0,Benzine,6,1,1,121,0,1490,1472,6.1
23980,9544.0,Diesel,6,1,1,125,1,1956,1633,5.6
23980,22500.0,Benzine,6,1,1,122,1,1490,1487,6.2
23980,15469.0,Diesel,8,1,1,125,1,1956,1613,5.5
23980,23782.0,Benzine,6,1,1,121,1,1598,1487,6.2
23980,24677.0,Diesel,8,1,1,125,1,1956,1503,5.2
23970,29900.0,Diesel,6,1,1,125,1,1956,1487,5.6
22980,27807.0,Benzine,6,1,1,121,1,1490,1472,6.1
23500,20456.0,Benzine,6,1,1,121,0,1490,1522,6.2
23500,24337.0,Diesel,6,1,1,125,0,1956,1666,5.7
23490,17100.0,Benzine,6,1,1,121,0,1490,1487,6.1
23490,19700.0,Benzine,6,1,1,121,0,1490,1487,6.1
23490,16011.0,Benzine,6,1,1,121,1,1490,1487,5.8
23490,18400.0,Benzine,6,1,1,121,0,1490,1503,6.0
23490,13550.0,Benzine,6,1,1,121,1,1490,1503,6.0
23490,7000.0,Diesel,6,1,1,100,0,1598,1503,5.4
23490,23928.0,Diesel,8,1,1,125,0,1956,1666,5.7
23490,28579.0,Benzine,6,1,1,121,1,1490,1522,6.2
23490,28927.0,Benzine,6,1,1,121,1,1490,1472,6.1
23489,16978.0,Benzine,6,1,1,121,0,1490,1487,6.2
23480,23350.0,Diesel,8,1,1,125,1,1956,1666,5.7
23488,19999.0,Benzine,6,1,1,121,0,1490,1487,6.1
23480,28777.0,Benzine,6,1,1,121,1,1490,1522,6.2
23480,26226.0,Benzine,6,1,1,121,1,1490,1522,6.2
23480,13613.0,Diesel,8,1,1,125,1,1956,1503,5.2
23470,28168.0,Benzine,6,1,1,121,1,1490,1487,6.2
23460,24300.0,Diesel,8,1,1,125,0,1956,1666,5.7
23460,20300.0,Diesel,8,1,1,125,0,1956,1666,5.7
23450,24497.0,Diesel,6,1,1,125,1,1956,1503,5.6
23440,28900.0,Benzine,6,1,1,121,1,1490,1487,5.6
23433,25000.0,Diesel,6,1,1,100,0,1598,1492,5.1
23425,17750.0,Diesel,8,1,1,125,0,2000,1487,5.6
23400,10652.0,Diesel,6,1,1,100,0,1598,1487,5.6
23390,11800.0,Benzine,6,1,1,121,0,1490,1487,6.1
23390,15900.0,Benzine,6,1,1,121,0,1490,1487,6.1
23390,12500.0,Benzine,6,1,1,121,0,1490,1487,6.1
23380,4900.0,Diesel,6,1,1,101,0,1598,1487,5.6
23325,19850.0,Diesel,8,1,1,125,0,2000,1503,5.4
23375,22044.0,Diesel,8,1,1,125,0,1956,1666,5.7
23300,32430.0,Diesel,8,1,1,125,1,1956,1487,5.7
23290,24708.0,Diesel,6,1,1,125,0,1956,1487,5.6
23250,29633.0,Benzine,6,1,1,121,1,1500,1487,5.6
23300,22770.0,Diesel,8,1,1,125,1,1956,1487,5.7
23475,25470.0,Benzine,6,1,1,121,1,1490,1522,6.2
23950,14402.0,Benzine,6,1,1,121,1,1490,1487,6.2
23950,14000.0,Benzine,6,1,1,121,1,1490,1503,6.1
23950,24034.0,Benzine,6,1,1,121,0,1490,1487,6.2
23950,29000.0,Benzine,6,1,1,121,1,1490,1487,6.1
23950,16095.0,Diesel,6,1,1,100,1,1598,1522,5.5
23950,29643.0,Benzine,6,1,1,121,1,1490,1522,6.2
23950,32700.0,Diesel,8,1,1,125,1,1956,1666,5.7
23940,16048.0,Benzine,6,1,1,121,1,1490,1487,6.1
23950,29076.0,Benzine,6,1,1,121,0,1490,1487,6.2
23940,41088.0,Diesel,6,1,1,125,1,1956,1633,5.6
23900,7123.0,Diesel,6,1,1,125,0,1956,1666,5.4
23900,20716.0,Diesel,6,1,1,100,0,1598,1701,5.0
23900,12450.0,Diesel,6,1,1,100,0,1598,1510,5.2
23890,26741.0,Diesel,8,1,1,125,1,1956,1666,5.7
23890,24678.0,Diesel,8,1,1,125,1,1956,1666,5.7
23900,14288.0,Diesel,6,1,1,100,0,1598,1487,5.6
23890,29357.0,Diesel,8,1,1,125,1,1956,1666,5.7
23890,23100.0,Diesel,6,1,1,125,0,1956,1487,5.6
23890,20955.0,Diesel,8,1,1,125,1,1956,1666,5.7
23890,24827.0,Benzine,6,1,1,121,1,1490,1522,6.2
23890,11698.0,Benzine,6,1,1,121,0,1490,1503,6.1
23890,29900.0,Diesel,6,1,1,125,1,1956,1487,5.6
23890,29740.0,Benzine,6,1,1,121,1,1490,1522,6.2
23890,25960.0,Diesel,6,1,1,125,1,1956,1487,5.6
23890,24700.0,Diesel,6,1,1,125,1,1956,1487,5.6
23880,25097.0,Benzine,6,1,1,121,1,1490,1598,6.2
23880,29157.0,Benzine,6,1,1,121,1,1500,1584,5.6
23880,29440.0,Benzine,6,1,1,121,1,1500,1584,5.6
23880,31713.0,Diesel,8,1,1,125,1,1956,1487,5.6
23870,8930.0,Benzine,6,1,1,121,0,1490,1487,5.8
23850,10000.0,Diesel,6,1,1,100,1,1598,1522,5.5
23850,25673.0,Diesel,6,1,1,125,1,1956,1487,5.6
23849,24208.0,Diesel,6,1,1,100,0,1598,1537,5.6
23825,24999.0,Diesel,8,1,1,125,0,2000,1487,5.6
23825,20550.0,Diesel,8,1,1,125,0,2000,1503,5.4
23800,17357.0,Diesel,6,1,1,100,0,1598,1585,5.2
23825,19705.0,Benzine,6,1,1,121,0,1500,1487,5.6
23790,25900.0,Diesel,8,1,1,125,0,1956,1487,4.5
23760,29192.0,Benzine,6,1,1,121,1,1490,1487,6.1
23750,16174.0,Benzine,6,1,1,121,0,1490,1503,6.1
23750,29513.0,Benzine,6,1,1,121,0,1490,1522,6.2
23750,29987.0,Benzine,6,1,1,121,0,1490,1487,5.8
23690,24870.0,Benzine,6,1,1,122,1,1490,1503,6.1
23690,13350.0,Benzine,6,1,1,121,1,1490,1487,6.1
23625,18890.0,Diesel,8,1,1,125,0,2000,1487,5.6
23600,28766.0,Benzine,6,1,1,121,1,1490,1522,6.2
23600,27711.0,Diesel,6,1,1,125,0,1956,1487,5.7
23595,20200.0,Benzine,6,1,1,121,0,1490,1487,5.8
23590,28827.0,Benzine,6,1,1,121,0,1490,1487,6.1
23590,22950.0,Diesel,8,1,1,125,0,1956,1613,5.6
23560,29200.0,Benzine,6,1,1,121,1,1490,1487,5.6
23550,11600.0,Diesel,6,1,1,125,1,1956,1487,5.7
23500,23927.0,Diesel,6,1,1,100,0,1598,1487,5.2
23500,35000.0,Diesel,6,1,1,100,0,1598,1440,5.1
22980,24703.0,Diesel,6,1,1,125,0,1956,1487,5.7
22980,29600.0,Diesel,8,1,1,125,1,1956,1666,5.7
22974,20000.0,Benzine,6,1,1,121,0,1490,1487,6.1
22970,19400.0,Diesel,6,1,1,125,1,1956,1503,5.5
22970,28000.0,Diesel,6,1,1,125,1,1956,1503,5.5
22970,22700.0,Diesel,6,1,1,125,1,1956,1487,5.7
22950,26995.0,Benzine,6,1,1,121,1,1490,1522,6.2
22950,21000.0,Benzine,6,1,1,121,1,1490,1503,6.1
22950,28914.0,Benzine,6,1,1,121,1,1490,1584,5.6
22950,27112.0,Benzine,6,1,1,121,1,1490,1487,6.2
22950,62295.0,Diesel,8,1,1,125,1,1956,1487,5.7
22940,29488.0,Diesel,6,1,1,125,0,1956,1487,5.6
22900,20450.0,Benzine,6,1,1,121,1,1490,1487,6.2
22900,23500.0,Diesel,6,1,1,100,0,1598,1560,4.6
22900,14875.0,Diesel,6,1,1,100,0,1598,1585,5.2
22900,15402.0,Diesel,6,1,1,100,0,1598,1503,5.4
22900,29100.0,Benzine,6,1,1,121,0,1490,1487,5.8
22900,32027.0,Diesel,6,1,1,100,0,1598,1510,5.2
22900,25094.0,Benzine,6,1,1,121,0,1490,1472,6.1
22900,19905.0,Diesel,6,1,1,100,0,1598,1510,5.2
22900,20606.0,Diesel,6,1,1,100,0,1598,1510,5.2
22900,24628.0,Diesel,6,1,1,100,0,1598,1487,5.6
22890,30434.0,Benzine,6,1,1,121,1,1490,1522,6.2
22890,25647.0,Diesel,8,1,1,125,1,1956,1487,5.7
22890,29276.0,Benzine,6,1,1,121,0,1490,1487,6.2
22890,24574.0,Diesel,8,1,1,125,1,1956,1487,5.7
22890,20260.0,Diesel,8,1,1,125,1,1956,1487,5.7
22890,29100.0,Benzine,6,1,1,121,0,1490,1522,6.2
22890,20790.0,Diesel,6,1,1,100,0,1598,1487,5.3
22890,20855.0,Diesel,8,1,1,125,1,1956,1487,5.7
22890,21000.0,Diesel,6,1,1,100,0,1598,1567,5.4
22890,21759.0,Diesel,8,1,1,125,1,1956,1487,5.7
22890,23600.0,Diesel,6,1,1,100,0,1598,1567,5.4
22890,24100.0,Diesel,6,1,1,100,0,1598,1567,5.4
22890,29600.0,Benzine,6,1,1,121,1,1490,1522,6.2
22880,29500.0,Benzine,6,1,1,121,1,1490,1522,6.2
22880,29965.0,Benzine,6,1,1,121,1,1490,1522,6.2
22865,22712.0,Diesel,6,1,1,100,1,1598,1522,5.5
22850,22560.0,Benzine,6,1,1,121,1,1490,1503,5.4
22825,22999.0,Benzine,6,1,1,121,0,1500,1487,5.6
22800,29509.0,Benzine,6,1,1,121,0,1490,1487,6.2
22825,22650.0,Diesel,8,1,1,125,0,1956,1613,5.5
22790,19950.0,Benzine,6,1,1,121,0,1490,1487,6.2
22789,29597.0,Benzine,6,1,1,121,1,1490,1487,6.2
22789,24572.0,Benzine,6,1,1,121,0,1490,1487,6.2
22790,19425.0,Benzine,6,1,1,121,0,1490,1487,5.6
22790,31090.0,Benzine,6,1,1,121,0,1490,1487,5.6
22789,28854.0,Benzine,6,1,1,121,1,1490,1487,6.2
22750,29920.0,Benzine,6,1,1,121,1,1490,1487,6.2
22700,29028.0,Benzine,6,1,1,121,0,1490,1487,6.2
22680,11006.0,Benzine,6,1,1,121,1,1490,1487,5.8
22650,33210.0,Benzine,6,1,1,121,1,1490,1503,5.8
22540,25074.0,Diesel,6,1,1,125,0,1956,1487,5.6
22600,32207.0,Diesel,6,1,1,100,0,1598,1585,5.2
22590,29625.0,Benzine,6,1,1,121,0,1490,1487,5.6
22550,28848.0,Diesel,6,1,1,125,0,1956,1487,8.7
22500,16913.0,Diesel,6,1,1,100,0,1598,1585,5.2
22350,18382.0,Diesel,6,1,1,100,1,1598,1503,4.3
22390,25173.0,Diesel,6,1,1,100,0,1598,1522,5.5
22250,23580.0,Diesel,8,1,1,125,1,1956,1503,5.5
22300,19700.0,Diesel,6,1,1,100,0,1598,1585,5.2
22250,17850.0,Diesel,8,1,1,125,1,1956,1503,5.5
22389,14500.0,Diesel,8,1,1,125,1,1956,1487,5.7
22214,27000.0,Diesel,6,1,1,100,0,1598,1440,5.1
22190,29329.0,Benzine,6,1,1,121,0,1490,1522,6.2
22200,31000.0,Diesel,6,1,1,125,0,1956,1487,5.6
22000,26886.0,Diesel,6,1,1,100,0,1598,1487,5.6
22180,33660.0,Diesel,8,1,2,125,1,1956,1487,5.7
21998,9325.0,Diesel,6,1,1,100,0,1598,1543,5.4
22500,28803.0,Benzine,6,1,1,121,0,1490,1472,6.1
22499,28518.0,Diesel,6,1,1,100,0,1598,1613,5.6
22490,29380.0,Benzine,6,1,1,121,1,1490,1522,6.2
22490,31147.0,Benzine,6,1,1,121,1,1490,1522,6.2
22490,7880.0,Benzine,6,1,1,121,0,1490,1487,6.1
22490,25960.0,Diesel,6,1,1,125,1,1956,1503,5.5
22480,24800.0,Benzine,6,1,1,121,0,1490,1472,6.1
22490,27411.0,Benzine,6,1,1,121,0,1490,1522,6.2
22480,29509.0,Benzine,6,1,1,121,0,1490,1487,6.2
22450,30290.0,Diesel,6,1,1,125,0,1956,1487,5.6
22450,33970.0,Diesel,6,1,1,125,0,1956,1487,5.6
22450,29920.0,Benzine,6,1,1,121,1,1490,1487,6.2
22450,26900.0,Diesel,6,1,1,125,1,1956,1487,5.7
22450,31031.0,Diesel,6,1,1,125,0,1956,1487,5.6
18980,10300.0,Diesel,6,1,1,100,1,1598,1503,4.2
18950,19043.0,Benzine,6,1,1,103,0,1490,1487,5.7
18950,24987.0,Diesel,6,1,1,125,1,1956,1487,5.8
19995,20000.0,Diesel,6,1,1,100,0,1598,2080,4.5
19999,19900.0,Benzine,6,1,1,103,0,1490,1487,6.0
19749,11850.0,Benzine,6,1,1,121,1,1490,1487,6.1
20380,23833.0,Benzine,6,1,1,121,1,1490,1503,6.0
20490,28450.0,Diesel,6,1,1,125,0,1956,1487,5.3
20489,21172.0,Diesel,6,1,1,100,0,1598,1503,4.3
20550,29150.0,Benzine,6,1,1,121,1,1490,1487,5.8
20500,1501.0,Diesel,6,1,1,100,0,1598,1537,4.5
19995,21800.0,Benzine,6,1,1,103,1,1490,1487,6.0
20512,1647.362609,Diesel,6,0,1,81,0,1598,1441,4.0
20950,9206.0,Benzine,6,1,1,103,0,1490,1487,5.8
21480,28707.0,Benzine,6,1,1,121,1,1490,1487,6.1
20950,13200.0,Benzine,6,1,1,103,0,1490,1487,6.0
21550,25150.0,Diesel,6,1,1,125,0,1956,1487,5.6
21540,29100.0,Benzine,6,1,1,121,1,1490,1487,6.1
21520,15300.0,Benzine,6,1,1,103,0,1490,1487,5.6
20990,13900.0,Diesel,6,1,1,125,0,1956,1503,5.2
20990,23037.0,Benzine,6,1,1,121,1,1490,1503,6.0
20990,23820.0,Diesel,6,1,1,125,1,1956,1503,5.2
20989,18026.0,Benzine,6,1,1,121,0,1490,1487,5.8
20986,25396.0,Benzine,6,1,1,121,1,1490,1487,6.1
20990,18174.0,Benzine,6,1,1,103,1,1490,1487,6.0
20990,24622.0,Benzine,6,1,1,121,1,1490,1487,6.4
20980,27895.0,Benzine,6,1,1,121,1,1490,1487,6.1
21325,24900.0,Diesel,6,1,1,125,0,2000,1503,5.4
21300,1647.362609,Benzine,6,0,1,103,0,1490,1441,5.5
21150,29600.0,Benzine,6,1,1,121,1,1490,1487,5.8
21290,24800.0,Benzine,6,1,1,121,0,1490,1440,6.0
21280,21800.0,Benzine,6,1,1,121,1,1490,1472,6.1
21500,29350.0,Benzine,6,1,1,121,0,1490,1487,6.1
21250,29500.0,Benzine,6,1,1,121,0,1490,1487,6.1
21500,24198.0,Benzine,6,1,1,121,0,1490,1487,5.8
21495,14000.0,Benzine,6,1,1,121,0,1490,1462,5.8
21490,31569.0,Benzine,6,1,1,121,1,1490,1487,5.6
21495,10355.0,Benzine,6,1,1,121,0,1490,1487,6.1
21490,8201.0,Benzine,6,1,1,103,1,1490,1487,6.0
21490,20400.0,Benzine,6,1,1,103,0,1490,1487,5.6
21490,30272.0,Diesel,6,1,1,125,1,1956,1633,5.6
21490,5418.0,Benzine,6,1,1,121,1,1490,1503,5.7
21490,20500.0,Benzine,6,1,1,103,0,1490,1487,5.8
21490,28932.0,Benzine,6,1,1,121,1,1490,1503,6.0
21480,14800.0,Benzine,6,1,1,121,0,1490,1487,5.8
21480,28800.0,Benzine,6,1,1,121,1,1490,1522,6.2
21480,11298.0,Diesel,6,1,1,125,0,1956,1503,5.2
20980,22500.0,Benzine,6,1,1,103,0,1490,1487,5.8
20980,23200.0,Diesel,6,1,1,125,1,1956,1633,5.6
21489,11120.0,Benzine,6,1,1,121,0,1490,1503,5.7
20980,29397.0,Benzine,6,1,1,121,1,1490,1487,6.1
20980,21279.0,Diesel,6,1,1,125,0,1956,1487,5.3
20980,28990.0,Benzine,6,1,1,121,1,1490,1487,6.1
20980,13500.0,Benzine,6,1,1,103,0,1490,1503,5.9
20980,23726.0,Benzine,6,1,1,121,0,1496,1487,5.6
20980,13890.0,Diesel,6,1,1,125,1,1956,1487,5.6
20980,27300.0,Diesel,6,1,1,125,1,1956,1582,5.5
20980,28650.0,Diesel,6,1,1,125,1,1956,1633,5.6
21001,1647.362609,Benzine,6,0,1,103,0,1490,1441,5.0
21000,5.0,Diesel,6,1,1,100,0,1598,1487,4.5
20999,22375.0,Benzine,6,1,1,103,0,1490,1487,5.6
20999,3030.0,Benzine,6,1,1,103,0,1490,1487,5.8
20999,17875.0,Benzine,6,1,1,103,0,1490,1503,5.4
20990,29023.0,Diesel,6,1,1,125,0,1956,1487,5.3
20999,9920.0,Benzine,6,1,1,103,0,1490,1487,6.0
20990,24279.0,Benzine,6,1,1,121,0,1490,1503,6.0
20990,24980.0,Diesel,6,1,1,100,1,1598,1503,5.4
20990,20000.0,Benzine,6,1,1,103,0,1490,1487,5.8
20990,24853.0,Benzine,6,1,1,121,1,1490,1487,5.8
21480,15400.0,Diesel,6,1,1,125,1,1956,1582,5.5
21470,30200.0,Diesel,6,1,1,100,0,1598,1487,4.5
21450,18121.0,Benzine,6,1,1,103,0,1490,1487,5.8
20960,35304.0,Diesel,6,1,1,125,1,1956,1633,5.6
21450,25000.0,Benzine,6,1,1,121,1,1490,1503,5.4
21450,29200.0,Benzine,6,1,1,121,1,1490,1487,6.1
21450,29143.0,Benzine,6,1,1,121,0,1490,1487,6.1
20970,24721.0,Benzine,6,1,1,121,1,1490,1441,6.0
20960,28540.0,Diesel,6,1,1,125,1,1956,1503,5.5
21450,12400.0,Diesel,6,1,2,125,0,1956,1582,5.5
20960,8900.0,Benzine,6,1,1,103,0,1490,1487,6.0
21450,21664.0,Benzine,6,1,1,121,0,1490,1472,5.7
21425,24500.0,Diesel,6,1,1,125,0,2000,1487,5.6
20950,19061.0,Benzine,6,1,1,121,1,1500,1487,5.8
20979,28827.0,Benzine,6,1,1,121,1,1490,1487,6.1
20990,29402.0,Benzine,6,1,1,121,1,1500,1487,6.1
20950,9990.0,Benzine,6,1,1,103,1,1490,1487,5.8
21440,29970.0,Diesel,6,1,1,125,1,1956,1487,5.4
21425,24100.0,Diesel,6,1,1,125,0,2000,1503,5.4
21390,24753.0,Benzine,6,1,1,121,1,1490,1503,6.0
21389,22764.0,Benzine,6,1,1,121,0,1490,1487,6.1
21425,24600.0,Diesel,6,1,1,125,0,2000,1487,5.6
21365,1647.362609,Benzine,6,0,0,103,0,1598,1503,6.1
21425,25300.0,Diesel,6,1,1,125,0,2000,1503,5.4
21380,25420.0,Diesel,6,1,1,125,1,1956,1487,5.4
21350,27000.0,Diesel,6,1,1,125,1,1956,1487,5.6
21350,29100.0,Benzine,6,1,1,121,1,1490,1487,6.1
20950,16700.0,Benzine,6,1,1,103,0,1490,1503,5.4
20950,17700.0,Benzine,6,1,1,121,0,1490,1487,5.8
20950,15900.0,Benzine,6,1,1,103,0,1500,1503,5.4
20950,28100.0,Benzine,6,1,1,121,1,1490,1487,6.1
20950,36500.0,Diesel,6,1,1,125,1,1956,1633,5.6
20940,17342.0,Benzine,6,1,1,103,0,1490,1487,6.0
20900,4000.0,Diesel,6,1,1,100,0,1598,1537,4.5
20950,29304.0,Diesel,6,1,1,125,0,1490,1487,5.7
20900,15504.0,Diesel,6,1,1,100,0,1598,1503,5.4
20900,19900.0,Diesel,6,1,1,125,0,1956,1633,5.6
20900,14500.0,Diesel,6,1,1,100,0,1598,1503,4.2
20900,1.0,Diesel,6,1,1,100,0,1600,1503,5.5
20900,24000.0,Benzine,6,1,1,103,1,1490,1503,5.9
20900,17665.0,Diesel,6,1,1,100,0,1598,1503,4.3
20900,24000.0,Benzine,6,1,1,103,1,1490,1487,6.0
20350,18106.0,Benzine,6,1,1,121,0,1490,1487,6.2
20900,25000.0,Diesel,6,1,1,125,1,1956,1503,5.5
20500,35000.0,Diesel,6,1,1,100,0,1598,1440,4.3
20350,19460.0,Benzine,6,1,1,121,0,1490,1487,5.7
21330,12700.0,Diesel,6,1,1,125,0,1956,1503,5.4
20490,24940.0,Diesel,6,1,1,100,1,1598,1503,4.3
20490,31661.0,Benzine,6,1,1,121,0,1490,1440,6.0
20350,21300.0,Diesel,6,1,1,100,1,1598,1503,4.2
20300,29601.0,Diesel,6,1,1,125,0,1956,1487,5.7
20230,22000.0,Benzine,6,1,1,103,1,1490,1503,5.9
20300,17724.0,Benzine,6,1,1,103,0,1598,1503,5.4
20900,27980.0,Diesel,6,1,1,125,1,1956,1487,5.3
20280,23200.0,Diesel,6,1,1,125,1,1956,1633,5.6
20890,20.0,Benzine,6,1,1,103,0,1490,1487,6.0
20180,28865.0,Benzine,6,1,1,121,0,1490,1487,5.8
20332,28871.0,Benzine,6,1,1,121,1,1490,1487,6.1
20890,24750.0,Diesel,6,1,1,100,1,1598,1503,4.3
20890,23100.0,Benzine,6,1,1,121,0,1490,1503,6.0
20890,25394.0,Benzine,6,1,1,121,1,1490,1487,6.1
20890,23500.0,Benzine,6,1,1,121,0,1490,1487,6.1
20890,29010.0,Diesel,6,1,1,125,1,1956,1487,5.4
20890,29069.0,Benzine,6,1,1,121,1,1490,1487,6.1
20890,19000.0,Benzine,6,1,1,103,1,1490,1487,5.8
20890,12813.0,Diesel,6,1,1,125,1,1956,1487,5.6
20825,25999.0,Diesel,6,1,1,125,0,2000,1503,5.4
20480,28800.0,Benzine,6,1,1,121,1,1490,1522,6.2
20890,15515.0,Diesel,6,1,1,125,1,1956,1487,5.6
20890,16643.0,Diesel,6,1,1,125,1,1956,1487,5.6
20480,29817.0,Diesel,6,1,1,125,0,1956,1503,5.3
20889,29581.0,Benzine,6,1,1,121,1,1490,1487,5.8
20850,28559.0,Benzine,6,1,1,121,1,1490,1487,6.1
20480,29340.0,Diesel,6,1,1,125,1,1956,1487,5.3
20450,8500.0,Benzine,6,1,1,103,1,1490,1503,5.7
20450,28900.0,Benzine,6,1,1,121,1,1490,1487,6.1
20450,28500.0,Benzine,6,1,1,121,1,1490,1487,6.1
20450,24522.0,Diesel,6,1,1,100,0,1598,1503,5.1
20440,20000.0,Benzine,6,1,1,121,1,1490,1440,6.0
20400,4000.0,Diesel,6,1,1,100,0,1598,1441,4.3
20400,28746.0,Diesel,6,1,1,125,0,1956,1487,5.7
20180,24980.0,Diesel,6,1,1,125,0,1956,1503,5.2
20171,1647.362609,Benzine,6,0,0,103,0,1490,1441,5.5
20150,29350.0,Benzine,6,1,1,121,1,1490,1487,5.8
20180,24727.0,Diesel,6,1,1,125,0,1956,1503,5.2
20390,11000.0,Benzine,6,1,1,121,0,1490,1487,6.1
20100,23015.0,Benzine,6,1,1,121,0,1490,1487,6.2
20025,28823.0,Benzine,6,1,1,121,0,1490,1487,6.1
20878,21999.0,Benzine,6,1,1,121,0,1490,1487,6.1
20000,15541.0,Diesel,6,1,1,100,0,1598,1503,5.4
20800,29104.0,Diesel,6,1,1,125,0,1490,1487,6.2
20790,17000.0,Benzine,6,1,1,103,0,1490,1487,6.0
20780,28800.0,Benzine,6,1,1,121,1,1490,1522,6.2
20750,29420.0,Benzine,6,1,1,121,0,1490,1487,5.7
20750,22646.0,Diesel,6,1,1,100,0,1598,1487,5.6
20750,29600.0,Diesel,6,1,1,125,1,1956,1487,5.3
20750,26217.0,Benzine,6,1,1,121,0,1490,1487,6.1
20750,28600.0,Benzine,6,1,1,121,0,1490,1503,5.7
20740,29421.0,Diesel,6,1,1,100,1,1598,1537,5.0
20730,24600.0,Diesel,6,1,1,100,1,1598,1503,4.3
20750,24545.0,Diesel,6,1,1,100,0,1598,1487,5.6
20750,5450.0,Benzine,6,1,1,103,0,1490,1440,5.9
20580,1647.362609,Benzine,6,0,0,103,0,1490,1503,5.9
19999,29478.0,Diesel,6,1,1,125,1,2000,1487,5.3
20650,24700.0,Benzine,6,1,1,121,1,1490,1440,5.7
19400,3095.0,Benzine,6,1,1,103,0,1490,1456,5.9
20630,4600.0,Diesel,6,1,1,100,0,1598,1537,5.0
20730,30208.0,Benzine,6,1,1,121,1,1490,1487,5.8
19690,28800.0,Benzine,6,1,1,121,0,1490,1487,6.1
19600,9450.0,Diesel,6,1,1,100,0,1598,1503,4.5
19590,10506.0,Benzine,6,1,1,103,1,1490,1503,5.5
20680,14247.0,Diesel,6,1,1,125,0,1956,1503,5.2
19650,25200.0,Diesel,6,1,1,125,0,1956,1582,5.5
20550,28734.0,Diesel,6,1,1,125,0,1956,1487,5.7
19590,14420.0,Benzine,6,1,1,103,0,1490,1487,6.0
19590,30896.0,Diesel,6,1,1,100,0,1598,1487,4.5
19525,5500.0,Benzine,6,1,1,103,0,1490,1456,5.7
19500,28500.0,Benzine,6,1,1,103,0,1490,1440,5.9
19500,28949.0,Benzine,6,1,1,121,0,1490,1487,5.7
19490,13817.0,Benzine,6,1,1,103,1,1500,1503,5.4
19490,29000.0,Benzine,6,1,1,121,1,1490,1487,6.1
19490,17865.0,Diesel,6,1,1,100,0,1598,1487,5.0
19489,17950.0,Benzine,6,1,1,103,0,1490,1487,6.0
19490,18900.0,Diesel,6,1,1,100,0,1598,1503,5.4
19480,26127.0,Diesel,6,1,1,125,0,1956,1503,5.2
19450,13314.0,Benzine,6,1,1,103,0,1490,1503,5.9
19450,29798.0,Benzine,6,1,1,122,0,1490,1487,5.7
19480,23707.0,Diesel,8,1,1,125,0,1956,1503,5.7
19397,10600.0,Diesel,6,1,1,125,0,1956,1487,5.3
19325,29250.0,Diesel,6,1,1,100,0,1598,1503,4.5
19300,33023.0,Diesel,6,1,1,100,0,1598,2000,4.3
19290,24950.0,Diesel,6,1,1,100,0,1598,1503,5.4
19290,20700.0,Diesel,6,1,1,100,1,1598,1503,5.4
19290,24150.0,Diesel,6,1,1,100,1,1598,1503,5.4
19290,25100.0,Diesel,6,1,1,100,1,1598,1503,5.4
19880,13380.0,Diesel,6,1,1,125,0,1956,1503,5.2
19850,23233.0,Benzine,6,1,1,121,0,1490,1487,6.2
19850,28669.0,Benzine,6,1,1,121,0,1490,1487,5.7
19290,24500.0,Diesel,6,1,1,100,1,1598,1503,5.4
19990,27392.0,Diesel,6,1,1,125,1,1956,1503,5.2
19980,12020.0,Benzine,6,1,1,103,0,1490,1503,5.9
19980,22919.0,Diesel,6,1,1,125,0,1956,1503,5.2
19980,24551.0,Diesel,6,1,1,125,0,1956,1503,5.2
19980,11690.0,Diesel,6,1,1,100,0,1598,1503,4.3
19980,32850.0,Benzine,6,1,1,121,1,1490,1487,6.1
19450,29446.0,Benzine,6,1,1,121,0,1490,1487,5.7
19980,24992.0,Diesel,6,1,1,125,0,1956,1503,5.2
19990,1501.0,Diesel,6,1,1,100,0,1598,1537,4.5
19990,14500.0,Diesel,6,1,1,100,0,1598,1503,4.3
19800,22500.0,Diesel,6,1,1,100,0,1598,1537,4.5
19990,20800.0,Diesel,6,1,1,100,0,1598,1503,4.5
19990,20066.0,Benzine,6,1,1,103,0,1490,1487,5.8
19990,26083.0,Benzine,6,1,1,121,0,1490,1487,5.7
19200,3000.0,Diesel,6,1,1,100,0,1598,1487,4.5
19850,29081.0,Benzine,6,1,1,121,0,1956,1487,5.7
19800,28332.0,Benzine,6,1,1,121,0,1490,1487,6.2
19800,26637.0,Benzine,6,1,1,121,0,1490,1487,6.2
19800,7765.0,Diesel,6,1,1,100,0,1600,1503,4.3
19800,26424.0,Benzine,6,1,1,121,0,1490,1487,6.2
19790,4390.0,Diesel,6,1,1,100,0,1598,1503,4.5
19777,5750.0,Benzine,6,1,1,103,0,1490,1487,5.8
19774,15000.0,Diesel,6,1,1,100,0,1598,1503,4.3
19760,15511.0,Benzine,6,1,1,103,0,1490,1440,5.9
19750,28382.0,Benzine,6,1,1,121,0,1490,1487,6.2
19750,25681.0,Benzine,6,1,1,121,1,1490,1487,5.8
19950,29800.0,Benzine,6,1,1,121,1,1490,1487,6.1
19760,15400.0,Diesel,6,1,1,100,0,1598,1503,5.4
19950,23700.0,Benzine,6,1,1,121,1,1490,1503,6.0
19950,15018.0,Benzine,6,1,1,103,0,1490,1503,5.9
19940,25133.0,Benzine,6,1,1,121,0,1490,1503,5.7
19980,25000.0,Benzine,6,1,1,103,0,1490,1440,5.9
19980,16389.0,Benzine,6,1,1,121,0,1490,1487,5.8
19980,29947.0,Diesel,6,1,1,125,0,1956,1503,5.2
19980,13250.0,Diesel,6,1,1,125,1,1956,1582,5.5
19980,29750.0,Benzine,6,1,1,121,1,1490,1487,5.8
19980,23200.0,Diesel,6,1,1,125,1,1956,1633,5.6
19970,24722.0,Diesel,6,1,1,100,0,1598,1503,4.3
19970,29815.0,Benzine,6,1,1,121,0,1598,1487,5.6
19950,24906.0,Benzine,6,1,1,121,1,1490,1503,6.0
19980,27950.0,Benzine,6,1,1,121,1,1490,1487,5.8
19950,24600.0,Diesel,6,1,1,100,0,1598,1503,4.3
19990,16749.0,Diesel,6,1,1,100,1,1598,1503,4.3
19990,13500.0,Benzine,6,1,1,121,0,1490,1440,6.0
19950,30435.0,Benzine,6,1,1,103,1,1500,1487,5.8
19990,13000.0,Diesel,6,1,1,100,0,1598,1503,4.3
19990,26803.0,Benzine,6,1,1,103,0,1490,1456,5.7
19990,12500.0,Benzine,6,1,1,103,0,1490,1487,6.0
19990,28699.0,Benzine,6,1,1,121,0,1490,1487,5.7
19990,24900.0,Benzine,6,1,1,121,0,1490,1440,6.0
19990,9826.0,Benzine,6,1,1,103,1,1490,1503,5.7
19990,14970.0,Benzine,6,1,1,103,0,1490,1503,5.7
19990,29317.0,Benzine,6,1,1,121,0,1490,1487,5.8
19902,1647.362609,Benzine,6,0,0,103,0,1598,1503,5.5
19900,15500.0,Diesel,6,1,1,100,0,1598,1503,4.3
19935,22600.0,Benzine,6,1,1,103,0,1490,1487,5.6
19750,27933.0,Benzine,6,1,1,122,0,1364,1487,5.9
19900,26700.0,Diesel,6,1,1,100,1,1598,1487,5.0
19900,1501.0,Diesel,6,1,1,100,0,1598,1537,4.5
19900,14648.0,Diesel,6,1,1,100,0,1598,1503,4.3
19900,26000.0,Diesel,6,1,1,125,0,1956,1487,5.3
19900,28737.0,Benzine,6,1,1,121,0,1490,1487,6.2
19900,22409.0,Benzine,6,1,1,121,0,1490,1487,6.2
19900,30000.0,Benzine,6,1,1,121,0,1490,1440,6.0
19900,29500.0,Benzine,6,1,1,121,1,1490,1487,6.1
19900,26500.0,Benzine,6,1,1,103,1,1490,1487,6.0
19900,37500.0,Diesel,6,0,0,100,0,1598,1560,5.0
19950,27900.0,Benzine,6,1,1,121,1,1490,1487,6.1
19990,16643.0,Benzine,6,1,1,121,0,1490,1440,5.7
18999,24914.0,Benzine,6,1,1,103,1,1490,1456,5.7
18999,15500.0,Diesel,6,1,1,81,0,1598,1503,4.2
18990,13093.0,Benzine,6,1,1,121,0,1490,1503,6.0
18990,15100.0,Benzine,6,1,1,103,1,1490,1503,5.7
18990,16185.0,Benzine,6,1,1,103,0,1490,1503,5.9
18990,16000.0,Diesel,6,1,1,100,0,1598,1503,4.3
18990,21767.0,Diesel,6,1,1,100,0,1598,1537,4.5
18945,15974.0,Benzine,6,1,1,103,1,1490,1487,5.8
18925,14648.0,Diesel,6,1,1,100,1,1598,1503,4.3
18990,23910.0,Benzine,6,1,1,103,1,1533,1503,5.4
19900,28843.0,Benzine,6,1,1,121,1,1490,1487,5.8
27990,10.0,Diesel,6,0,0,100,0,1598,1585,5.5
27990,4086.0,Diesel,6,0,0,100,0,1598,1567,5.4
25500,12.0,Diesel,6,0,1,100,0,1598,1441,5.1
25525,1647.362609,Diesel,8,0,1,125,1,1956,1666,5.6
29430,1647.362609,Benzine,6,0,1,121,0,1500,1503,5.4
28001,1647.362609,Benzine,6,0,1,147,0,1598,1441,6.0
29350,10.0,Benzine,6,0,1,147,0,1600,1487,6.4
29315,1647.362609,Diesel,8,0,1,125,1,1598,1666,5.8
32990,5000.0,Diesel,6,0,1,100,0,1598,1503,5.4
33450,10.0,Benzine,6,0,1,147,0,1600,1487,6.4
33450,10.0,Diesel,6,0,1,125,0,1956,1503,5.2
33450,12500.0,Benzine,6,0,1,147,1,1598,1487,6.4
35490,999.0,Benzine,6,0,1,147,0,1600,1503,5.5
33980,3500.0,Benzine,6,0,1,121,0,1490,1522,6.1
33980,8000.0,Diesel,8,0,1,125,1,1956,1613,5.5
37450,10.0,Diesel,8,0,1,154,0,2000,1487,7.1
34600,1647.362609,Diesel,8,0,1,125,0,1956,1660,5.7
37950,10.0,Diesel,8,0,1,154,0,2000,1487,7.1
37899,7965.0,Benzine,6,0,1,147,0,1598,1422,6.7
37890,1647.362609,Diesel,8,0,1,125,1,1956,1613,5.5
37875,27120.0,Benzine,8,0,1,191,0,1998,1649,5.4
37790,10.0,Diesel,6,0,1,100,0,1598,1522,5.4
37750,1647.362609,Diesel,6,0,1,100,0,1598,1487,5.6
37690,1500.0,Diesel,8,0,1,125,0,1956,1613,5.5
37690,5.0,Diesel,6,0,1,154,1,1998,1503,7.1
37599,20000.0,Benzine,8,0,1,191,0,1998,1440,8.6
38450,10.0,Benzine,6,0,1,147,0,1600,1503,6.3
37500,1647.362609,Diesel,8,0,1,125,0,1956,1716,5.7
38229,2500.0,Benzine,6,0,1,147,0,1598,1487,6.7
37992,1000.0,Diesel,8,0,1,154,0,1956,1807,7.2
37999,10.0,Benzine,6,0,1,147,0,1598,1487,5.6
38350,7500.0,Diesel,6,0,1,125,0,1956,1487,5.6
38350,10.0,Benzine,6,0,1,121,0,1490,1522,6.4
38290,1500.0,Benzine,6,0,1,147,0,1598,1487,6.7
38380,1647.362609,Benzine,6,0,1,147,0,1598,1487,6.6
39450,4950.0,Benzine,6,0,1,147,0,1598,1552,6.7
38995,1000.0,Benzine,6,0,1,121,0,1490,1372,5.9
38990,6500.0,Diesel,6,0,1,125,0,1956,1487,5.6
38990,100.0,Diesel,8,0,1,125,1,1956,1613,5.5
38990,11.0,Benzine,6,0,1,147,1,1598,1552,6.6
38950,15000.0,Diesel,8,0,1,154,0,1956,1503,6.9
37990,10.0,Benzine,6,0,1,147,0,1598,1522,5.4
38989,7000.0,Diesel,6,0,1,125,0,1956,1487,5.4
37990,3970.0,Benzine,6,0,1,147,1,1598,1487,6.6
37990,8700.0,Diesel,6,0,1,100,1,1598,1673,5.1
37990,1647.362609,Diesel,8,0,1,125,0,1956,1666,5.7
37990,50.0,Benzine,6,0,1,147,0,1598,1503,6.6
37990,305.0,Diesel,6,0,1,125,1,1956,1487,5.6
37989,7900.0,Diesel,6,0,1,125,1,1956,1487,5.7
37989,7900.0,Diesel,6,0,1,125,1,1956,1503,5.7
37989,10.0,Benzine,6,0,1,121,0,1490,1503,5.7
37980,6.0,Benzine,6,0,1,121,1,1490,1472,6.1
37950,1000.0,Benzine,6,0,1,147,1,1598,1487,6.7
38900,11000.0,Diesel,6,1,1,100,0,1598,1503,5.4
38900,2000.0,Benzine,6,0,1,147,0,1598,1552,6.7
38855,1647.362609,Benzine,6,0,1,121,0,1490,1472,6.1
38690,4500.0,Diesel,8,0,1,125,1,1956,1503,5.6
38679,5.0,Benzine,6,0,1,121,0,1490,1372,5.9
38590,200.0,Diesel,8,0,1,125,0,1956,1666,5.7
38500,3000.0,Diesel,8,0,1,125,0,1956,1666,5.6
38490,10.0,Benzine,6,0,1,147,0,1598,1552,6.7
38490,9999.0,Benzine,8,0,1,147,1,1598,1487,6.6
38480,3500.0,Benzine,6,0,1,147,0,1598,1503,6.0
37490,10.0,Diesel,8,0,1,125,0,2000,1503,5.4
37490,50.0,Diesel,8,0,1,125,0,1956,1487,6.3
37490,10.0,Diesel,8,0,1,154,0,2000,1487,7.1
37490,500.0,Benzine,6,0,1,147,0,1598,1503,6.4
37490,5000.0,Benzine,6,0,1,147,0,1598,1503,6.4
37490,1647.362609,Diesel,6,0,1,100,0,1598,1487,5.6
37450,10.0,Benzine,6,0,1,147,0,1600,1487,6.4
37450,10.0,Diesel,8,0,1,154,1,2000,1487,7.1
34580,1647.362609,Benzine,6,0,1,100,1,1600,1582,5.4
34490,10.0,Diesel,8,0,1,154,1,2000,1503,7.1
34490,1647.362609,Diesel,6,0,1,100,0,1598,1487,5.6
34550,10000.0,Diesel,8,0,1,125,1,1956,1487,7.2
34450,10.0,Benzine,6,0,1,147,0,1600,1487,6.4
34450,10.0,Benzine,6,0,1,147,0,1600,1487,6.9
34390,5000.0,Benzine,6,0,1,121,1,1490,1503,6.1
34315,1647.362609,Benzine,6,0,1,147,1,1598,1552,6.4
33992,3000.0,Diesel,8,0,1,125,0,1956,1618,5.6
33992,1000.0,Diesel,8,0,1,125,0,1956,1618,5.6
33990,3.0,Benzine,6,0,1,147,0,1598,1552,6.7
33990,1500.0,Benzine,6,0,1,147,1,1598,1552,6.7
33990,10.0,Diesel,6,0,1,100,0,1598,1503,5.4
33990,1647.362609,Benzine,6,0,1,147,1,1598,1487,6.6
33990,7851.0,Benzine,6,0,1,147,0,1598,1522,6.6
33990,6000.0,Benzine,6,0,1,121,1,1498,1472,6.1
37450,4900.0,Diesel,8,0,1,125,1,1998,1487,5.6
37430,10.0,Benzine,6,0,1,121,0,1490,1472,6.1
37285,1647.362609,Diesel,8,0,1,154,1,1956,1733,7.0
37235,1647.362609,Diesel,8,0,1,154,1,1956,1772,7.1
37380,3720.0,Diesel,8,0,1,154,0,1956,1733,7.1
36990,10.0,Benzine,6,0,1,147,0,1600,1487,6.4
36990,10.0,Diesel,8,0,1,154,0,2000,1487,7.1
36990,4000.0,Diesel,8,0,1,125,0,1956,1487,5.6
36990,3000.0,Diesel,6,0,1,125,0,1998,1487,5.6
36990,5555.0,Benzine,6,0,1,121,0,1490,1503,6.0
36990,10000.0,Diesel,6,0,1,125,0,1956,1487,5.6
36990,1647.362609,Diesel,6,0,1,100,0,1598,1487,5.6
36990,5.0,Diesel,8,0,1,125,0,1956,1487,4.5
36990,70.0,Diesel,6,0,1,100,0,1598,1487,5.6
36990,4390.0,Benzine,6,0,1,147,1,1598,1487,6.6
36950,10.0,Diesel,8,0,1,154,0,2000,1487,7.1
36950,850.0,Benzine,6,0,1,121,0,1500,1472,5.9
36945,5000.0,Diesel,8,0,1,125,1,1956,1487,5.6
36900,1.0,Diesel,8,0,1,125,0,1956,1660,5.7
36790,1363.0,Diesel,8,0,1,125,0,1956,1666,5.6
33989,9999.0,Benzine,6,0,1,147,0,1598,1487,6.7
36771,1647.362609,Diesel,8,0,1,154,0,1956,1772,7.1
36750,450.0,Diesel,8,0,1,125,0,1956,1613,5.5
36680,4000.0,Benzine,8,0,1,121,0,1490,1487,6.5
36591,0.0,Diesel,6,0,0,125,0,1956,1487,5.6
36590,4262.0,Benzine,6,0,0,147,0,1598,1487,6.7
36590,500.0,Benzine,6,0,1,147,0,1598,1487,6.6
36500,1647.362609,Diesel,6,0,1,100,0,1598,1447,5.1
36491,301.0,Benzine,6,0,1,147,0,1598,1487,6.6
36490,10.0,Diesel,8,0,1,154,0,2000,1487,7.1
36450,10.0,Diesel,8,0,1,154,1,2000,1487,7.1
36450,10.0,Diesel,8,0,1,154,0,2000,1487,7.1
36391,301.0,Benzine,6,0,1,147,1,1600,1552,6.6
36365,1647.362609,Diesel,8,0,1,154,1,1956,1772,7.1
36290,4894.0,Benzine,6,0,1,121,0,1490,1503,6.0
35490,4.0,Benzine,6,0,1,122,0,1490,1522,6.1
35450,10.0,Diesel,8,0,1,154,1,2000,1487,7.1
35450,10.0,Diesel,8,0,1,154,1,2000,1503,7.1
35490,10.0,Diesel,6,0,1,100,0,1598,1522,5.4
36180,1647.362609,Benzine,6,0,1,191,0,1998,1487,8.7
35380,1647.362609,Benzine,6,0,1,191,0,1598,1487,8.6
34991,1647.362609,Diesel,8,0,1,155,0,1956,1441,5.0
35189,1647.362609,Diesel,8,0,1,155,0,1956,1487,5.0
35291,1647.362609,Benzine,6,0,1,147,0,1598,1487,6.0
35085,1647.362609,Diesel,8,0,1,154,1,1956,1733,7.1
35450,10.0,Benzine,6,0,1,147,0,1600,1487,6.9
34990,500.0,Benzine,6,0,1,147,1,1598,1487,6.4
34990,1647.362609,Diesel,8,0,1,125,0,1956,1487,5.6
34950,1647.362609,Benzine,6,0,1,122,0,1490,1522,6.1
34990,5000.0,Benzine,6,0,1,147,1,1598,1487,6.7
36176,1647.362609,Diesel,8,0,1,155,0,1956,1487,5.0
34815,1647.362609,Diesel,8,0,1,154,1,1956,1772,7.1
34890,2987.0,Benzine,6,0,1,147,0,1598,1487,6.7
33900,15.0,Diesel,8,0,1,125,0,1956,1716,6.0
34776,1647.362609,Diesel,8,0,1,155,0,1956,1487,6.0
33899,3211.0,Diesel,6,0,1,101,0,1598,1487,5.6
33950,10.0,Benzine,6,0,1,147,0,1600,1503,6.3
33895,1647.362609,Benzine,6,0,1,121,1,1490,1522,6.1
33900,5000.0,Diesel,8,0,1,125,0,1956,1660,5.7
33800,1647.362609,Diesel,6,0,1,100,0,1598,1522,5.4
33890,1232.0,Diesel,8,0,1,125,1,1956,1613,4.5
33599,1647.362609,Diesel,8,0,0,154,0,1956,1772,7.1
33590,4999.0,Benzine,8,0,1,191,1,1998,1503,8.6
33590,1574.0,Benzine,6,0,1,121,0,1598,1487,5.6
33575,5000.0,Diesel,8,0,1,125,1,1956,1487,5.7
33573,1647.362609,Diesel,8,0,1,125,0,1956,1487,5.0
33500,1647.362609,Diesel,6,0,1,100,0,1598,1510,5.2
33500,1647.362609,Diesel,8,0,1,125,0,1956,1660,5.7
33700,10.0,Diesel,8,0,0,125,0,1956,1633,5.3
33450,250.0,Diesel,8,0,1,154,1,2000,1487,7.1
35990,10.0,Benzine,6,0,1,147,0,1600,1487,6.4
35990,2000.0,Diesel,6,0,1,125,1,1956,1487,5.7
35990,10.0,Benzine,6,0,1,147,0,1600,1487,6.9
36170,2222.0,Diesel,8,0,1,125,0,1956,1487,5.6
35935,1647.362609,Diesel,8,0,1,154,1,1956,1772,7.1
35990,1000.0,Diesel,8,0,1,125,0,1956,1666,5.6
35989,2900.0,Diesel,8,0,1,125,1,1956,1613,5.5
35900,5000.0,Benzine,6,0,1,147,0,1598,1341,5.4
35980,1647.362609,Benzine,6,0,1,121,0,1490,1487,6.3
35979,3900.0,Diesel,8,0,1,125,1,1956,1487,5.6
35970,356.0,Diesel,6,0,1,125,0,1956,1633,5.5
35790,1000.0,Diesel,8,0,1,125,1,1998,1487,5.6
35590,7500.0,Benzine,6,0,1,147,0,1598,1552,6.7
35590,2000.0,Diesel,6,0,1,127,0,1956,1503,5.4
35585,1647.362609,Diesel,8,0,1,154,1,1956,1807,7.1
35555,10.0,Benzine,6,0,1,121,0,1490,1522,6.4
35515,1647.362609,Diesel,8,0,1,154,1,1956,1733,7.1
33235,1647.362609,Benzine,6,0,1,121,1,1490,1472,5.9
33222,5990.0,Benzine,6,0,1,147,0,1598,1487,6.7
32995,1.0,Benzine,6,0,1,147,0,1598,1552,6.4
33215,1647.362609,Benzine,6,0,1,147,1,1598,1522,6.4
33138,1647.362609,Benzine,6,0,1,121,0,1500,1487,5.6
33061,1647.362609,Benzine,6,0,1,121,0,1500,1487,5.6
32995,1.0,Benzine,6,0,1,147,0,1598,1552,6.5
29290,10.0,Benzine,6,0,1,121,0,1500,1487,6.1
29015,1647.362609,Benzine,6,0,1,121,1,1490,1472,5.9
29005,1647.362609,Diesel,6,0,1,100,1,1598,1567,5.3
28995,1647.362609,Benzine,6,0,1,147,1,1598,1522,6.4
28990,15.0,Benzine,6,0,1,121,0,1490,1487,6.2
28950,10.0,Benzine,6,0,1,121,0,1500,1487,6.1
28990,2254.0,Diesel,6,0,1,100,0,1598,1487,5.6
28989,8500.0,Diesel,8,0,1,125,0,1956,1503,5.4
28989,8000.0,Diesel,8,0,1,125,0,1956,1503,5.4
28490,10.0,Benzine,6,0,1,121,0,1500,1487,6.1
28900,30.0,Diesel,6,0,1,100,0,1598,1585,5.5
28850,10.0,Diesel,8,0,1,125,0,1956,1660,5.7
28900,9999.0,Diesel,6,0,1,100,0,1598,1440,5.4
28085,1647.362609,Diesel,6,0,1,100,1,1598,1522,5.2
32990,5000.0,Benzine,6,0,1,121,0,1490,1503,6.1
32990,2002.0,Diesel,8,0,1,125,1,1956,1764,5.6
32950,15.0,Diesel,8,0,1,125,1,1956,1613,5.5
32990,10.0,Benzine,6,0,1,147,0,1600,1487,6.4
32990,3990.0,Diesel,6,0,1,100,0,1598,1582,5.3
32975,15000.0,Diesel,6,0,1,100,0,1598,1440,5.4
32970,550.0,Benzine,6,0,1,147,1,1598,1522,7.9
32850,10000.0,Diesel,8,0,1,125,0,1956,1666,5.7
32700,1.0,Diesel,8,0,0,125,0,1956,1440,5.5
32690,10.0,Benzine,6,0,0,121,0,1490,1503,5.9
32500,1.0,Diesel,8,0,1,125,0,1956,1660,5.7
32490,9000.0,Benzine,6,0,1,121,0,1490,1503,5.7
32505,1647.362609,Diesel,8,0,1,125,1,1956,1666,5.6
32500,2500.0,Diesel,8,0,1,125,0,1956,1716,6.0
32350,10.0,Benzine,6,0,1,147,0,1600,1503,6.3
32345,1647.362609,Benzine,6,0,1,147,0,1598,1487,6.0
32313,1647.362609,Benzine,6,0,1,147,0,1598,1441,6.0
32115,1647.362609,Diesel,8,0,1,125,0,1956,1441,5.0
32054,1647.362609,Benzine,6,0,1,122,0,1490,1487,6.0
31999,3000.0,Diesel,6,0,1,101,0,1598,1503,5.4
31995,1647.362609,Diesel,8,0,1,125,1,1956,1613,5.5
31990,1230.0,Diesel,8,0,1,125,0,1956,1666,5.6
31990,2500.0,Benzine,6,0,1,122,1,1490,1487,6.2
31900,9999.0,Diesel,8,0,1,125,0,1956,1462,5.6
31890,3500.0,Benzine,6,0,1,121,1,1500,1487,6.2
31700,1647.362609,Diesel,6,0,1,100,0,1598,1485,4.6
31690,300.0,Benzine,6,0,1,121,0,1490,1472,6.1
31990,10.0,Benzine,6,0,1,147,0,1600,1487,6.4
31990,15000.0,Diesel,6,0,1,100,1,1598,1487,5.4
31690,8000.0,Benzine,6,0,1,121,1,1490,1472,6.1
31400,5000.0,Diesel,6,0,1,100,0,1598,1585,5.5
31505,1647.362609,Diesel,8,0,1,125,0,1956,1487,6.0
31500,10.0,Diesel,6,0,0,100,0,1598,1522,5.4
31500,6100.0,Diesel,6,0,1,100,0,1598,2115,5.5
31490,8000.0,Diesel,6,0,1,100,1,1598,1582,5.4
31500,10.0,Diesel,6,0,1,125,0,1956,1507,5.2
30990,10.0,Benzine,6,0,1,147,0,1600,1487,6.4
30900,41.0,Diesel,8,0,1,125,0,1956,1660,5.7
30800,11300.0,Benzine,8,0,1,191,0,1998,1487,8.0
30450,10.0,Benzine,6,0,1,147,0,1600,1503,6.4
30299,1647.362609,Benzine,6,0,1,147,0,1598,1487,6.0
30155,1647.362609,Benzine,6,0,1,147,1,1598,1582,6.8
30105,1647.362609,Benzine,6,0,1,147,1,1598,1552,6.4
30000,1104.0,Diesel,6,0,1,100,0,1598,1487,5.2
29995,1.0,Benzine,6,0,1,147,0,1598,1552,6.5
29990,1647.362609,Diesel,6,0,1,100,0,1598,1487,5.6
29990,7.0,Benzine,6,0,1,121,0,1490,1522,6.5
29990,5.0,Benzine,6,0,1,121,0,1490,1503,5.7
29950,10.0,Benzine,6,0,1,121,0,1500,1487,6.1
29900,1.0,Diesel,6,0,1,100,0,1598,1522,5.1
29900,1647.362609,Diesel,8,0,1,125,0,1956,1660,5.7
29900,66.0,Benzine,6,0,1,122,0,1490,1440,6.0
29900,1647.362609,Benzine,6,0,1,122,0,1490,1441,6.0
29797,1647.362609,Diesel,8,0,1,125,0,1956,1487,5.0
29900,1647.362609,Diesel,6,0,1,100,0,1598,1522,5.4
29900,100.0,Diesel,6,0,1,100,0,1598,1585,5.5
29800,1647.362609,Diesel,6,0,1,100,0,1598,1522,5.4
29702,15.0,Diesel,6,0,1,100,0,1598,1503,5.4
29675,1647.362609,Benzine,6,0,1,121,1,1490,1522,6.1
26500,1501.0,Benzine,6,0,1,121,0,1490,1472,5.6
26390,1647.362609,Diesel,6,0,1,100,0,1598,1487,4.0
26590,1647.362609,Diesel,6,0,1,100,0,1598,1567,5.2
26565,1647.362609,Benzine,6,0,1,121,1,1490,1522,6.1
29790,10.0,Benzine,6,0,1,121,0,1500,1487,6.1
26100,1.0,Diesel,8,0,1,100,0,1598,1525,5.5
26095,1647.362609,Benzine,6,0,1,147,1,1598,1522,6.4
26125,1647.362609,Benzine,6,0,1,121,1,1490,1472,5.9
25995,1.0,Benzine,6,0,1,121,0,1490,1472,6.2
25900,1.0,Diesel,8,0,1,125,0,1956,1613,5.5
25885,1647.362609,Diesel,6,0,1,100,1,1598,1567,5.3
25864,1647.362609,Benzine,6,0,0,120,0,1598,1503,6.1
25588,1647.362609,Benzine,6,0,0,122,0,1490,1441,6.0
25862,1.0,Benzine,6,0,0,122,0,1490,1487,6.2
25692,1.0,Benzine,6,0,0,122,0,1490,1487,6.2
25297,1647.362609,Diesel,6,0,0,100,0,1598,1487,4.0
25268,1647.362609,Benzine,6,0,0,121,0,1490,1472,5.9
25693,1.0,Benzine,6,0,0,122,0,1490,1487,6.2
24779,1647.362609,Diesel,6,0,0,100,0,1598,1441,5.0
25195,1647.362609,Diesel,6,0,0,100,1,1598,1522,5.2
25225,1647.362609,Diesel,8,0,0,125,1,1956,1613,5.5
27157,1.0,Benzine,6,0,0,122,0,1490,1487,6.2
27990,2207.0,Diesel,6,0,0,100,0,1598,1567,5.4
27950,10.0,Benzine,6,0,0,121,0,1500,1487,6.1
27804,1647.362609,Diesel,8,0,0,125,0,1956,1441,5.0
27599,7500.0,Benzine,6,0,0,121,0,1500,1503,5.4
27550,10.0,Diesel,6,0,0,100,0,1598,1487,5.4
27228,1.0,Benzine,6,0,0,122,0,1490,1487,6.2
26995,1.0,Benzine,6,0,1,121,0,1490,1441,6.2
26990,1501.0,Benzine,6,0,1,121,0,1490,1472,5.8
26890,1565.0,Benzine,6,0,1,121,1,1500,1534,6.0
26985,1647.362609,Benzine,6,0,1,147,1,1598,1552,6.4
26974,1647.362609,Benzine,6,0,1,122,0,1490,1487,6.0
26668,1647.362609,Benzine,6,0,0,120,0,1598,1503,6.1
23776,1647.362609,Diesel,6,0,0,100,0,1598,1441,4.0
23025,1647.362609,Benzine,6,0,0,103,0,1490,1487,5.6
21617,1647.362609,Diesel,6,0,0,100,0,1598,1441,4.0
39990,6866.0,Benzine,6,0,1,147,1,1598,1487,6.4
27980,1108.0,Benzine,5,0,1,121,0,1490,1487,5.6
39989,5000.0,Benzine,6,0,1,147,0,1598,1503,6.2
27950,25.0,Benzine,6,0,1,147,0,1598,1487,6.6
39980,5555.0,Diesel,8,0,1,125,0,1956,1613,5.5
26511,1647.362609,Benzine,6,0,1,147,0,1598,1503,6.1
28055,1647.362609,Benzine,6,0,1,121,1,1490,1441,5.5
39980,10.0,Benzine,6,0,1,147,1,1600,1552,6.6
29070,1647.362609,Diesel,6,0,1,125,0,1956,1441,5.0
28990,3.0,Diesel,6,0,1,100,0,1598,1483,5.4
28955,1647.362609,Diesel,6,0,1,81,1,1598,1522,4.6
29065,1647.362609,Diesel,6,0,1,100,1,1598,1537,4.8
28990,5.0,Benzine,6,0,1,121,0,1490,1487,6.4
32900,8666.0,Benzine,6,0,1,121,0,1490,1487,5.6
28990,15.0,Benzine,6,0,1,103,0,1500,1503,5.4
28950,7.0,Benzine,6,0,1,121,0,1490,1487,5.8
41490,10.0,Benzine,6,0,1,147,0,1598,1503,5.4
49884,5.0,Benzine,6,0,1,147,0,1599,1503,5.5
49350,1647.362609,Diesel,6,0,1,125,0,1956,1503,5.4
52120,8.0,Benzine,6,0,0,147,1,1598,1537,6.6
40990,15.0,Benzine,6,0,0,147,0,1599,1503,6.3
40909,1.0,Benzine,6,0,0,121,0,1598,1372,6.0
48950,100.0,Diesel,6,0,0,125,0,1956,1503,5.4
41450,1647.362609,Benzine,6,0,0,147,0,1598,1552,6.6
40900,25.0,Benzine,6,0,0,121,0,1490,1422,6.5
44970,1698.0,Benzine,6,0,0,121,0,1490,1422,6.5
42995,10.0,Benzine,6,0,0,147,0,1598,1459,6.3
42475,10.0,Diesel,6,0,0,125,0,2000,1487,5.9
40745,40.0,Benzine,6,0,0,121,0,1490,1487,6.1
44397,5.0,Benzine,6,0,0,147,0,1598,1459,6.3
40533,1.0,Benzine,6,0,0,104,0,1498,1441,5.5
39746,15.0,Benzine,6,0,0,147,0,1598,1459,6.3
39995,5000.0,Benzine,6,0,0,121,0,1490,1403,5.8
39450,10.0,Benzine,6,0,0,100,0,1598,1503,5.4
39190,1647.362609,Diesel,6,0,0,100,0,1598,1487,5.6
38990,1852.0,Benzine,6,0,1,147,0,1598,1503,5.5
39990,500.0,Benzine,6,0,1,147,1,1598,1487,6.6
39977,100.0,Diesel,6,0,1,125,0,1956,1591,5.3
37990,10.0,Diesel,6,0,1,100,0,1598,1503,4.8
37985,1647.362609,Benzine,6,0,1,125,0,1995,1487,5.5
37490,10.0,Diesel,6,0,1,100,0,1598,1540,4.9
38879,500.0,Benzine,6,0,1,147,1,1598,1503,6.3
38500,1647.362609,Benzine,6,0,1,121,0,1490,1522,6.5
38240,10.0,Diesel,6,0,1,125,0,1956,1633,5.6
37950,10.0,Benzine,6,0,1,147,0,1600,1503,6.0
39299,10.0,Benzine,6,0,1,121,0,1500,1487,5.6
36995,15.0,Benzine,6,0,1,121,0,1490,1387,6.1
36500,1647.362609,Benzine,6,0,1,147,0,1598,1487,5.6
36990,5.0,Benzine,6,0,1,147,1,1598,1487,6.3
36490,3291.0,Benzine,6,0,1,147,0,1598,1503,5.5
36200,3768.0,Benzine,6,0,1,147,0,1598,1503,5.5
36032,10.0,Benzine,6,0,1,121,0,1490,1372,5.7
36780,70.0,Diesel,6,0,1,100,0,1598,1487,5.6
35999,100.0,Benzine,6,0,1,149,0,1599,1503,5.4
35990,4900.0,Benzine,6,0,1,121,1,1490,1487,6.1
35990,10.0,Diesel,6,0,1,100,0,1598,1560,5.6
35990,2348.0,Diesel,6,0,1,100,0,1598,1487,5.6
35990,5990.0,Benzine,6,0,1,147,0,1598,1487,6.3
35990,1647.362609,Diesel,6,0,1,81,1,1598,1487,4.2
35980,301.0,Benzine,6,0,1,121,1,1490,1522,6.4
35950,10.0,Benzine,6,0,1,147,0,1600,1487,6.3
35490,10.0,Diesel,6,0,1,100,0,1598,1487,5.6
35990,136.0,Benzine,6,0,1,147,0,1598,1503,5.4
35290,10.0,Benzine,6,0,0,121,0,1490,1441,5.6
33990,3582.0,Diesel,6,0,1,100,0,1598,1487,5.6
33940,650.0,Diesel,6,0,1,125,0,1956,1582,5.5
33790,6446.0,Diesel,6,0,1,125,0,1598,1487,5.6
33900,5.0,Benzine,6,0,0,121,0,1490,1440,6.0
33990,1390.0,Benzine,6,0,1,121,1,1490,1503,5.5
33899,4899.0,Benzine,6,0,1,147,0,1598,1487,6.6
33890,11.0,Benzine,6,0,1,121,0,1490,1487,6.1
33775,1647.362609,Diesel,6,0,1,125,1,1956,1683,5.9
33490,10.0,Benzine,6,0,1,147,0,1600,1487,6.3
33335,1647.362609,Benzine,6,0,1,121,1,1490,1487,5.6
33250,10.0,Benzine,6,0,1,147,0,1600,1503,6.0
33490,8.0,Benzine,6,0,1,122,0,1490,1487,5.7
33475,350.0,Benzine,6,0,1,121,1,1490,1487,6.4
33450,5.0,Diesel,6,0,1,100,0,1598,1540,4.9
32995,20000.0,Benzine,6,0,1,121,0,1490,1372,5.7
32990,8.0,Diesel,6,0,1,100,0,1598,1487,5.6
32990,5555.0,Benzine,6,0,1,103,0,1490,1503,5.6
32990,6.0,Diesel,6,0,1,100,0,1598,1487,5.6
32940,12721.0,Benzine,6,0,1,147,0,1598,1437,6.6
35150,1450.0,Benzine,6,0,1,147,0,1598,1487,5.6
28899,10499.0,Diesel,6,0,1,125,0,1956,1865,5.6
28775,10.0,Benzine,6,0,1,147,0,1600,1487,6.3
28615,1647.362609,Diesel,6,0,1,81,1,1598,1503,4.4
28525,1647.362609,Diesel,6,0,1,100,1,1598,1503,4.6
28500,93.0,Diesel,6,0,1,125,0,1956,1487,6.5
28500,1647.362609,Benzine,6,0,1,121,0,1598,1487,5.6
28315,1647.362609,Benzine,6,0,1,147,1,1598,1503,6.1
28176,1647.362609,Diesel,6,0,1,125,0,1956,1487,5.0
28495,1647.362609,Benzine,6,0,1,147,1,1598,1537,6.3
28390,372.0,Benzine,6,0,1,121,0,1490,1772,5.6
28118,1647.362609,Benzine,6,0,1,103,0,1490,1341,5.7
34995,10.0,Benzine,6,0,1,121,0,1498,1441,5.5
34990,5990.0,Diesel,6,0,1,100,0,1598,1487,5.0
34990,4067.0,Benzine,6,0,1,147,1,1598,1487,6.5
34805,1647.362609,Diesel,6,0,1,125,1,1956,1716,5.9
34950,10.0,Benzine,6,0,1,147,0,1600,1487,6.3
34925,4631.0,Benzine,6,0,1,147,0,1598,1503,5.4
34950,5.0,Benzine,6,0,1,121,0,1490,1403,5.8
34490,1500.0,Diesel,6,0,1,100,0,1598,1567,4.9
34200,1647.362609,Diesel,6,0,1,100,0,1598,1560,5.6
34190,1647.362609,Benzine,6,0,1,103,0,1598,1487,5.6
34750,1647.362609,Diesel,8,0,1,125,0,1956,1658,5.7
34585,1647.362609,Benzine,6,0,1,147,0,1598,1503,6.3
34290,11325.0,Benzine,6,0,1,147,0,1598,1503,6.3
33990,3500.0,Diesel,6,0,1,100,0,1598,1560,5.6
33990,20.0,Benzine,6,0,1,121,0,1598,1503,6.1
33990,8734.0,Diesel,6,0,1,100,0,1598,1487,5.6
29990,1647.362609,Diesel,6,0,1,100,0,1598,1503,4.8
30000,1647.362609,Diesel,8,0,1,100,0,1598,1485,4.6
33990,1798.0,Diesel,6,0,1,100,0,1598,1487,5.6
33990,8.0,Diesel,6,0,1,100,0,1598,1487,5.6
29990,9980.0,Benzine,6,0,1,121,1,1498,1503,5.7
33990,7326.0,Diesel,6,0,1,100,0,1598,1487,5.6
29990,3155.0,Diesel,6,0,1,125,0,1956,1760,6.2
29980,2001.0,Benzine,6,0,1,103,1,1490,1536,5.6
29990,8.0,Benzine,6,0,1,103,0,1490,1441,5.6
29990,77.0,Diesel,6,0,1,100,0,1598,1540,4.9
29990,1647.362609,Benzine,6,0,1,103,0,1490,1441,5.6
29990,5652.0,Benzine,6,0,1,104,0,1500,1387,6.0
29990,6125.0,Diesel,6,0,1,125,0,1956,1582,5.2
29990,7.0,Benzine,6,0,1,147,0,1598,1580,6.6
29950,10.0,Benzine,6,0,1,147,0,1600,1503,6.0
29561,1647.362609,Benzine,6,0,1,121,0,1500,1503,5.4
29888,1647.362609,Diesel,6,0,1,125,1,1956,1582,5.2
29590,607.0,Diesel,6,0,1,100,0,1598,1483,5.4
29400,70.0,Diesel,6,0,1,100,0,1598,1503,4.8
29490,10.0,Benzine,6,0,1,147,0,1600,1487,6.3
29125,1647.362609,Benzine,6,0,1,121,1,1490,1487,5.6
33990,10555.0,Diesel,6,0,1,100,0,1598,1487,5.6
31990,111.0,Diesel,6,0,1,100,0,1598,1503,4.8
31990,1000.0,Diesel,6,0,1,81,0,1598,1522,4.6
31990,2000.0,Benzine,6,0,1,103,0,1490,1456,5.7
31989,5000.0,Benzine,6,0,1,147,0,1598,1487,6.6
31950,10.0,Benzine,6,0,1,147,0,1600,1503,6.0
31980,1370.0,Diesel,6,0,1,125,1,1956,1487,5.5
31950,10.0,Benzine,6,0,1,147,0,1600,1487,6.3
31904,1647.362609,Diesel,6,0,1,125,0,1956,1441,5.0
29200,1.0,Diesel,6,0,0,100,0,1598,1538,3.9
31880,450.0,Benzine,6,0,1,147,0,1598,1503,7.1
31835,1647.362609,Diesel,6,0,1,125,1,1956,1633,5.4
31515,1647.362609,Diesel,6,0,1,125,1,1956,1582,5.3
31459,100.0,Benzine,6,0,1,123,0,1490,1487,5.6
31318,1647.362609,Diesel,6,0,1,100,0,1598,1500,4.3
31000,7.0,Diesel,6,0,0,100,0,1598,1567,4.9
30999,10.0,Benzine,6,0,0,103,0,1490,1441,5.6
30990,1647.362609,Benzine,6,0,1,103,0,1490,1440,5.9
26490,7202.0,Diesel,6,0,1,100,0,1598,1540,4.9
26445,1647.362609,Diesel,6,0,1,100,0,1598,1487,5.6
30900,1647.362609,Diesel,6,0,1,100,0,1598,1560,5.0
30790,3300.0,Diesel,6,0,1,100,0,1598,1503,5.4
26379,5900.0,Diesel,6,0,1,100,1,1598,1487,4.8
26109,1.0,Benzine,6,0,1,122,0,1490,1487,6.1
25990,8.0,Benzine,6,0,1,121,0,1490,1487,6.1
26005,1647.362609,Benzine,6,0,1,121,1,1490,1487,5.6
25990,10.0,Benzine,6,0,1,121,0,1490,1487,6.0
26108,1.0,Benzine,6,0,1,122,0,1490,1487,6.1
26500,5.0,Diesel,6,0,1,100,0,1600,1503,5.4
25990,60.0,Diesel,6,0,1,100,0,1598,1441,4.3
25955,1647.362609,Diesel,6,0,1,100,1,1598,1537,4.8
25745,1647.362609,Diesel,6,0,1,81,1,1598,1522,4.6
25845,1647.362609,Diesel,6,0,1,81,1,1598,1522,4.6
25692,1647.362609,Benzine,6,0,1,122,0,1490,1487,6.0
25715,1647.362609,Diesel,6,0,1,81,1,1598,1503,4.4
30490,4569.0,Diesel,6,0,1,81,0,1598,1487,4.6
32799,1647.362609,Benzine,6,0,1,121,0,1500,1487,5.6
25980,1647.362609,Diesel,6,0,1,125,0,1598,1503,5.2
32793,1647.362609,Diesel,6,0,1,125,0,1956,1487,6.0
32500,300.0,Diesel,6,0,1,125,0,1956,1582,5.5
32525,1647.362609,Benzine,6,0,1,147,1,1598,1503,6.1
32705,1647.362609,Benzine,6,0,1,147,1,1598,1537,6.3
32490,10.0,Benzine,6,0,1,147,0,1600,1487,6.3
32490,10.0,Diesel,6,0,1,100,0,1598,1503,4.8
32489,8650.0,Benzine,6,0,1,121,0,1490,1503,6.0
32275,1647.362609,Benzine,6,0,1,121,1,1490,1441,5.5
32250,10.0,Benzine,6,0,1,147,0,1600,1503,6.0
31990,1000.0,Diesel,6,0,1,100,0,1598,1503,4.8
31990,8900.0,Benzine,6,0,1,121,1,1500,1503,5.6
31990,100.0,Diesel,6,0,1,81,0,1598,1503,4.4
31990,4832.0,Diesel,6,0,1,100,0,1598,1487,5.6
31990,8000.0,Benzine,6,0,1,147,1,1598,1503,6.1
31990,1402.0,Diesel,6,0,1,100,0,1598,1503,5.4
27999,9085.0,Diesel,6,0,1,100,0,1598,1487,5.6
27950,10.0,Benzine,6,0,1,147,0,1600,1487,6.3
27900,9999.0,Benzine,6,0,1,103,0,1490,1341,5.7
27900,6800.0,Diesel,6,0,1,125,0,1598,1503,5.4
31999,5000.0,Benzine,6,0,1,121,0,1490,1487,6.4
27690,5555.0,Diesel,6,0,1,81,0,1598,1522,4.6
27594,1647.362609,Diesel,6,0,1,125,1,1598,1666,5.7
26990,10.0,Benzine,6,0,1,103,1,1490,1441,5.7
27490,1500.0,Diesel,6,0,1,100,0,1598,1503,4.5
27200,5.0,Diesel,6,0,1,100,0,1600,1503,5.4
27450,1647.362609,Diesel,6,0,1,100,0,1598,1503,4.5
26900,1.0,Diesel,6,0,1,125,0,2000,1487,5.6
26990,20.0,Benzine,6,0,1,103,0,1490,1487,6.0
39950,350.0,Benzine,6,0,1,147,0,1598,1552,6.7
26538,1647.362609,Diesel,6,0,1,125,0,1956,1441,5.0
39949,9500.0,Diesel,6,0,1,154,1,1956,1733,7.1
39950,10.0,Diesel,8,0,1,154,0,2000,1487,7.1
39960,11.0,Diesel,8,0,1,154,0,1956,1733,7.1
39950,1647.362609,Diesel,8,0,1,125,0,1956,1613,5.5
39850,1586.0,Benzine,6,0,1,147,1,1598,1487,6.7
39890,500.0,Diesel,8,0,1,125,0,1956,1666,5.7
39690,111.0,Benzine,6,0,1,121,0,1490,1441,6.0
39490,12500.0,Benzine,6,0,1,146,0,1598,1452,6.4
39850,8.0,Diesel,8,0,1,125,0,1956,1487,5.7
39945,19000.0,Benzine,6,0,1,147,0,1598,1452,6.4
39780,5700.0,Diesel,8,0,1,125,0,1956,1503,6.6
39590,1647.362609,Benzine,6,0,1,121,0,1490,1472,6.1
39490,1647.362609,Benzine,6,0,1,121,0,1490,1472,5.9
23007,1647.362609,Diesel,6,0,1,81,0,1598,1487,4.0
23000,1647.362609,Benzine,6,0,1,103,0,1490,1441,5.0
39450,10.0,Diesel,8,0,1,154,1,2000,1487,7.1
22999,7500.0,Diesel,6,0,1,81,0,1600,1487,5.6
39490,1647.362609,Benzine,6,0,1,121,0,1490,1522,6.1
22990,8.0,Diesel,6,0,1,81,0,1598,2000,4.0
22620,1647.362609,Diesel,6,0,1,100,0,1598,1441,4.0
22315,1647.362609,Benzine,6,0,1,103,0,1490,1441,5.5
22800,5000.0,Diesel,6,0,1,81,0,1598,2000,4.0
22328,1647.362609,Benzine,6,0,1,103,0,1490,1487,5.0
22280,1647.362609,Diesel,6,0,1,81,0,1598,1503,4.3
21992,1647.362609,Diesel,6,0,1,81,0,1598,1487,4.0
22120,1.0,Benzine,6,0,1,103,0,1490,1441,5.5
21704,1647.362609,Benzine,6,0,1,121,0,1490,1441,5.7
21900,1.0,Diesel,6,0,1,100,0,1598,1503,4.3
22167,1647.362609,Benzine,6,0,0,103,0,1598,1487,6.1
25625,1647.362609,Diesel,6,0,0,100,1,1598,1503,4.6
25615,1647.362609,Diesel,6,0,0,81,1,1598,1503,4.4
25568,1647.362609,Benzine,6,0,0,103,0,1490,1441,5.5
25500,9300.0,Diesel,6,0,0,100,0,1598,1503,5.4
25475,1647.362609,Benzine,6,0,0,103,1,1490,1487,5.6
25464,1647.362609,Benzine,6,0,0,147,0,1598,1503,6.1
25436,1.0,Benzine,6,0,0,104,0,1490,1487,6.0
25435,1647.362609,Diesel,6,0,0,81,1,1598,1522,4.6
25415,1647.362609,Benzine,6,0,0,147,1,1598,1503,6.1
25375,1647.362609,Diesel,6,0,0,100,0,1598,1487,4.0
25382,1647.362609,Benzine,6,0,0,120,0,1598,1487,6.1
25375,1647.362609,Benzine,6,0,0,147,1,1598,1537,6.3
25295,1647.362609,Diesel,6,0,0,81,1,1598,1503,4.4
24999,5000.0,Diesel,6,0,0,81,0,1600,1487,5.6
24995,1.0,Diesel,6,0,0,100,0,1598,1503,4.8
24990,1501.0,Diesel,6,0,1,100,0,1598,1503,4.3
25165,1647.362609,Benzine,6,0,1,103,1,1490,1487,5.6
25155,1647.362609,Benzine,6,0,1,121,1,1490,1441,5.5
24950,125.0,Benzine,6,0,1,121,0,1490,1441,6.0
24900,1647.362609,Benzine,6,0,1,103,1,1490,1487,5.6
24890,3000.0,Diesel,6,0,1,125,0,1956,1582,5.6
24797,1647.362609,Diesel,6,0,1,100,0,1598,1487,4.0
24745,1647.362609,Diesel,6,0,1,125,1,1956,1582,5.3
24742,1.0,Benzine,6,0,1,122,0,1490,1487,6.1
24845,1647.362609,Diesel,6,0,1,125,1,1956,1633,5.4
24743,1.0,Benzine,6,0,1,122,0,1490,1487,6.1
24700,9800.0,Diesel,6,0,1,100,0,1598,1503,4.2
24323,1647.362609,Benzine,6,0,1,122,0,1490,1441,6.0
24315,1647.362609,Benzine,6,0,1,103,1,1490,1441,5.5
24625,1647.362609,Benzine,6,0,1,103,1,1490,1441,5.5
24203,1647.362609,Diesel,6,0,1,100,0,1598,1487,4.0
40990,15.0,Benzine,8,0,1,147,0,1598,1487,6.6
24257,1647.362609,Benzine,6,0,0,120,0,1598,1503,6.1
40990,1647.362609,Benzine,6,0,0,147,0,1598,1552,6.7
40990,1000.0,Diesel,6,0,1,125,0,1956,1487,5.7
40990,1647.362609,Benzine,6,0,1,121,0,1490,1522,6.2
40989,9999.0,Diesel,8,0,1,154,1,1956,1503,6.9
40980,7.0,Diesel,8,0,1,125,0,1956,1613,5.5
40670,1647.362609,Benzine,6,0,1,121,0,1490,1503,6.1
40990,5555.0,Diesel,8,0,1,125,0,1956,1613,5.5
40490,15.0,Benzine,6,0,1,122,0,1490,1487,6.2
39990,5555.0,Diesel,8,0,1,125,0,1956,1613,5.5
39990,1900.0,Benzine,8,0,1,147,1,1598,1503,6.3
39990,100.0,Benzine,6,0,1,121,1,1490,1522,6.2
40450,10.0,Diesel,8,0,1,154,1,2000,1487,7.1
39990,4000.0,Diesel,8,0,1,154,0,1956,1772,7.1
39990,14721.0,Benzine,6,0,1,147,0,1600,1422,6.3
24080,1647.362609,Diesel,6,0,1,81,0,1598,1487,4.0
39990,10788.0,Benzine,6,0,1,121,0,1490,1452,6.2
24070,1.0,Benzine,6,0,1,104,0,1490,1487,6.0
39990,5555.0,Diesel,8,0,1,125,0,1956,1503,5.5
39990,1647.362609,Diesel,8,0,1,125,0,1956,1666,5.6
23848,1647.362609,Benzine,6,0,1,121,0,1490,1441,5.7
23776,1647.362609,Diesel,6,0,1,100,0,1598,1441,4.0
23561,1647.362609,Diesel,6,0,1,100,0,1598,1441,4.0
23600,1.0,Benzine,6,0,0,122,0,1490,1441,6.0
23561,1647.362609,Diesel,6,0,0,100,0,1598,1441,4.0
23848,1647.362609,Benzine,6,0,0,121,0,1490,1441,5.7
23690,1647.362609,Benzine,6,0,0,103,0,1490,1487,5.0
23362,1647.362609,Benzine,6,0,0,103,0,1490,1441,5.5
23355,1.0,Benzine,6,0,0,104,0,1490,1487,6.0
23351,1.0,Benzine,6,0,0,104,0,1490,1487,6.0
23350,1.0,Benzine,6,0,0,104,0,1490,1487,6.0
23349,1.0,Benzine,6,0,0,104,0,1490,1487,6.0
39990,2500.0,Diesel,8,0,1,125,1,2000,1487,5.7
23187,1647.362609,Diesel,6,0,1,100,0,1598,1487,4.0
23025,1647.362609,Benzine,6,0,1,103,0,1490,1487,5.6
7650,161556.0,Diesel,6,3,1,66,0,1461,1087,3.5
13100,22000.0,Diesel,6,3,1,66,0,1461,1276,3.5
13000,33000.0,Diesel,6,3,1,66,0,1461,1153,3.5
12790,29830.0,Diesel,6,2,1,66,0,1461,1265,3.5
11490,66222.0,Diesel,6,3,1,67,0,1461,1165,5.0
13000,39200.0,Benzine,6,3,1,87,0,1197,1239,5.4
13990,10272.0,Benzine,6,2,1,87,0,1197,1154,5.4
12700,20000.0,Benzine,6,3,1,88,0,1197,1079,5.4
14280,16381.0,Diesel,6,2,1,66,0,1461,1651,3.5
14200,8500.0,Diesel,6,2,1,66,0,1461,1228,5.0
13950,19056.0,Diesel,6,2,1,90,0,1461,1155,5.0
13500,24000.0,Diesel,5,1,1,66,0,1461,1235,4.2
13900,20764.0,Diesel,6,1,1,66,0,1461,1255,3.5
14940,22300.0,Benzine,6,1,1,87,1,1197,1165,5.4
15485,28337.0,Benzine,6,1,1,87,1,1197,1154,5.4
13950,11100.0,Benzine,6,1,1,87,0,1197,1165,5.4
15599,18035.13007,Benzine,6,1,1,88,0,1197,1087,5.3
15590,21210.0,Benzine,6,1,1,87,0,1197,1165,5.4
15600,10.0,Diesel,6,0,1,66,0,1461,1280,4.1
15590,17229.0,Benzine,6,1,1,87,0,1197,1277,5.5
15790,25899.0,Benzine,6,1,1,87,1,1197,1300,5.3
15790,25917.0,Benzine,6,1,1,88,1,1197,1300,5.3
15790,12671.0,Benzine,6,1,1,87,1,1197,1165,5.3
15928,100.0,Benzine,6,1,1,88,1,1197,1087,5.4
15990,9800.0,Diesel,6,1,1,67,0,1461,1165,5.0
15990,3356.0,Benzine,6,1,1,88,0,1197,1165,5.0
15990,13905.0,Benzine,6,1,1,87,1,1197,1300,5.3
15990,5509.0,Benzine,6,1,1,88,0,1197,1119,5.0
15990,22869.0,Diesel,6,1,1,67,0,1461,1165,5.0
15990,21085.0,Diesel,6,1,1,67,0,1461,1119,5.0
15990,5264.0,Benzine,6,1,1,88,0,1197,1165,5.0
15990,5711.0,Benzine,6,1,1,87,1,1197,1165,5.4
15990,19428.0,Benzine,6,1,1,87,1,1197,1300,5.3
15950,9000.0,Benzine,6,1,1,87,1,1197,1087,5.4
15950,13956.0,Benzine,6,3,1,87,0,1197,1170,5.4
15950,3744.0,Benzine,6,2,1,88,0,1197,1065,5.0
15990,6305.0,Benzine,6,1,1,87,1,1197,1165,5.4
15950,6000.0,Diesel,6,1,1,66,0,1461,1228,3.5
15950,7500.0,Benzine,6,1,1,87,1,1197,1087,5.4
15928,100.0,Benzine,6,1,1,88,1,1197,1090,5.4
15905,16800.0,Benzine,6,1,1,88,0,1197,1165,5.4
15945,63711.0,Benzine,6,2,1,87,0,1197,1170,5.4
15920,1647.362609,Benzine,6,0,1,88,0,1197,1087,5.4
15905,19000.0,Benzine,6,1,1,88,1,1197,1165,5.4
15905,16200.0,Benzine,6,1,1,88,1,1197,1165,5.4
15900,14280.0,Benzine,6,1,1,87,0,1197,1165,5.4
15900,7954.0,Benzine,6,1,1,88,0,1197,1165,5.0
15890,14629.0,Benzine,6,1,1,87,1,1197,1165,5.4
15890,13995.0,Benzine,6,1,1,87,1,1197,1300,5.3
15900,12508.0,Diesel,6,1,1,66,0,1461,1717,3.5
15900,31563.0,Benzine,6,2,1,87,0,1197,1065,5.4
15900,65550.0,Benzine,6,3,1,88,0,1197,1139,5.2
15798,1647.362609,Diesel,6,0,1,66,0,1461,1235,4.0
15875,19100.0,Benzine,6,1,1,87,1,1197,1165,5.3
15850,19900.0,Benzine,6,1,1,87,0,1197,1154,5.5
15875,19250.0,Benzine,6,1,1,87,1,1197,1165,5.3
15780,16700.0,Benzine,6,1,1,87,0,1197,1165,5.4
15750,12956.0,Benzine,6,1,1,87,0,1197,1165,5.3
15750,12956.0,Benzine,6,1,1,87,1,1197,1300,5.3
15690,100.0,Benzine,6,1,1,88,1,1197,1087,5.4
15750,49495.0,Benzine,6,3,1,88,0,1197,1054,5.2
15690,100.0,Benzine,6,1,1,88,0,1197,1087,5.0
15690,16040.0,Benzine,6,1,1,87,1,1197,1300,5.3
15652,100.0,Benzine,6,1,1,88,1,1197,1087,5.4
15650,10.0,Benzine,6,1,1,88,0,1197,1087,5.4
15790,23650.0,Benzine,6,1,1,87,0,1197,1165,5.3
15500,11000.0,Benzine,6,2,1,87,0,1197,1154,5.4
15650,20200.0,Benzine,6,1,1,87,0,1197,1087,5.4
15490,24957.0,Benzine,6,2,1,87,0,1197,1154,5.4
15500,11300.0,Benzine,6,1,1,87,0,1197,1087,5.4
15490,23017.0,Benzine,6,1,1,87,1,1197,1165,5.4
15500,19847.0,Benzine,6,1,1,87,0,1197,1087,5.4
15490,9424.0,Benzine,6,2,1,87,1,1197,1165,5.3
15490,10.0,Diesel,6,1,1,67,0,1461,1119,5.0
15490,19014.0,Benzine,6,1,1,87,1,1197,1154,5.4
15490,19308.0,Benzine,6,1,1,87,1,1197,1165,5.4
15485,22439.0,Benzine,6,1,1,87,1,1197,1154,5.4
14990,14980.0,Benzine,6,1,2,87,1,1197,1087,5.4
14990,13900.0,Benzine,6,2,1,87,1,1197,1270,5.4
14990,20261.0,Benzine,6,3,1,56,0,1197,1087,5.0
14990,14424.0,Benzine,6,1,2,87,1,1197,1165,5.4
14990,28059.0,Diesel,6,1,2,66,0,1461,1717,3.9
14987,1647.362609,Diesel,6,0,1,66,0,1461,1185,3.0
15200,3500.0,Diesel,6,0,1,66,0,1461,1152,3.5
15490,10.0,Diesel,6,1,2,66,0,1461,1717,3.5
15000,58000.0,Benzine,6,3,1,162,0,1618,1279,5.9
14990,17081.0,Benzine,6,2,1,87,0,1197,1087,5.4
14990,8900.0,Benzine,6,3,1,88,0,1197,1079,5.4
14985,26077.0,Benzine,6,1,1,87,1,1197,1154,5.4
14980,22494.0,Benzine,6,3,2,87,0,1197,1119,5.0
14990,14500.0,Benzine,6,1,1,87,1,1197,1154,5.4
14950,42999.0,Diesel,6,3,2,56,0,1197,1128,3.7
14950,1386.0,Benzine,6,2,1,87,0,1197,1165,5.4
14950,53332.0,Benzine,6,3,1,88,0,1197,1170,5.4
14950,15912.0,Benzine,6,1,1,87,0,1197,1154,5.4
14950,22013.0,Diesel,6,2,1,90,0,1461,1155,5.0
14950,6649.0,Benzine,6,1,1,87,0,1197,1154,5.4
14950,15689.0,Diesel,6,2,1,90,0,1461,1155,5.0
14950,12000.0,Benzine,6,2,1,87,0,1197,1165,5.4
14940,22638.0,Benzine,6,1,1,87,0,1197,1165,5.4
14990,53800.0,Benzine,6,2,1,88,0,1197,1164,5.4
14990,16130.0,Benzine,6,1,1,88,1,1197,1165,5.4
14990,22607.0,Diesel,6,2,1,67,0,1461,1119,5.0
14990,11687.0,Benzine,6,1,1,88,0,1197,1119,5.4
14990,34334.0,Diesel,5,1,1,66,0,1461,1235,4.0
14990,35912.0,Diesel,6,2,1,66,0,1461,1119,3.9
14990,23000.0,Benzine,6,1,1,87,0,1197,1087,5.4
14990,27900.0,Benzine,6,3,1,87,1,1197,1165,5.4
14990,14400.0,Benzine,6,1,1,87,0,1197,1087,5.4
14990,28517.0,Benzine,6,3,1,87,0,1197,1090,5.4
14990,24400.0,Benzine,6,1,1,87,1,1197,1087,5.4
14990,25600.0,Benzine,6,1,1,87,1,1197,1087,5.4
14990,19528.0,Benzine,6,2,1,88,0,1197,1664,5.0
14990,16600.0,Benzine,6,1,1,87,0,1197,1087,5.4
15485,22735.0,Benzine,6,1,1,87,1,1197,1154,5.4
15485,27188.0,Benzine,6,1,1,87,1,1197,1154,5.4
15485,21939.0,Benzine,6,1,1,87,1,1197,1154,5.4
15485,19377.0,Benzine,6,1,1,87,1,1197,1154,5.4
15480,16100.0,Benzine,6,1,1,87,0,1197,1190,5.3
15480,21900.0,Benzine,6,1,1,87,1,1197,1165,5.3
15480,6586.0,Benzine,6,1,1,88,0,1197,1165,5.0
15470,17456.0,Benzine,6,1,1,87,1,1197,1087,5.4
15450,52972.0,Benzine,6,3,1,88,0,1197,1065,5.2
15450,17790.0,Benzine,6,1,1,87,1,1197,1087,5.3
15400,36780.0,Diesel,6,2,1,66,0,1461,1153,3.5
15290,13520.0,Benzine,6,2,1,56,0,1197,1087,5.0
13900,31011.0,Benzine,6,2,1,88,0,1197,1165,5.0
13900,42504.0,Benzine,6,3,1,88,0,1197,1165,5.4
13850,6800.0,Benzine,6,2,1,87,0,1197,1154,5.4
13800,12000.0,Benzine,6,2,1,87,0,1197,1154,5.4
13800,13500.0,Diesel,6,2,1,66,0,1461,1651,3.5
13800,35000.0,Benzine,6,3,1,87,0,1197,1239,5.4
13800,20110.0,Diesel,6,1,1,66,1,1461,1165,3.5
13800,11000.0,Diesel,6,2,1,66,0,1461,1165,3.5
13690,28300.0,Benzine,6,1,1,87,1,1197,1154,5.4
13690,37083.0,Benzine,6,2,1,88,0,1197,1119,5.0
13670,17087.0,Benzine,6,2,1,88,0,1197,1090,5.3
13600,1647.362609,Diesel,6,0,0,66,0,1461,1280,4.1
13600,1.0,Diesel,6,0,1,66,0,1461,1280,4.1
13550,9500.0,Diesel,6,1,1,66,0,1461,1276,3.5
13500,70760.0,Benzine,6,3,1,87,0,1197,1054,5.4
13500,34500.0,Diesel,6,2,1,66,0,1461,1165,3.5
14925,50253.0,Benzine,6,2,1,88,0,1197,1065,5.4
14900,36500.0,Benzine,6,2,1,88,0,1197,1090,5.4
14900,4523.0,Diesel,6,2,1,66,0,1461,1717,5.0
14900,75161.0,Benzine,6,2,1,87,0,1197,1170,5.4
14890,17286.0,Benzine,6,1,1,87,0,1197,1165,5.4
14890,19500.0,Benzine,6,2,1,87,1,1197,1270,5.4
14870,24473.0,Benzine,6,1,1,87,0,1197,1270,5.4
14899,990.0,Benzine,6,1,1,87,0,1197,1165,5.4
14900,2347.0,Benzine,6,1,1,87,1,1197,1154,5.4
14870,24473.0,Benzine,6,1,1,87,0,1197,1119,5.4
14790,18051.0,Diesel,6,2,1,67,0,1461,1165,5.0
14150,6800.0,Benzine,6,2,1,87,0,1197,1154,5.4
14790,48601.0,Benzine,6,3,1,88,0,1200,1054,5.2
14000,19000.0,Benzine,6,1,1,88,0,1197,1090,5.4
13999,22071.0,Benzine,6,1,1,87,1,1197,1165,5.3
13995,35661.0,Benzine,6,3,1,88,1,1197,1119,5.2
13990,9913.0,Diesel,6,3,1,66,0,1461,1228,3.5
13990,71390.0,Benzine,6,3,1,162,1,1618,1087,5.9
13990,68325.0,Diesel,6,3,1,66,0,1461,1717,3.5
13990,33875.0,Benzine,6,3,1,88,1,1197,1165,5.4
13990,14941.0,Diesel,6,1,1,67,0,1461,1165,5.0
13990,43384.0,Diesel,6,3,1,67,0,1461,1165,5.0
13990,41800.0,Benzine,6,3,1,88,0,1197,1119,5.9
13990,23800.0,Benzine,6,3,1,87,1,1197,1087,5.4
13990,28185.0,Benzine,6,2,1,88,0,1197,1165,5.0
13950,10.0,Diesel,6,3,1,66,0,1461,1228,3.5
14750,17000.0,Benzine,6,2,1,87,0,1197,1165,5.0
14699,16000.0,Diesel,6,1,1,66,0,1461,1280,3.5
14650,1034.0,Diesel,6,2,1,66,0,1461,1165,3.0
13980,23850.0,Benzine,6,2,2,87,0,1197,1087,5.4
14740,37828.0,Benzine,6,3,1,88,0,1197,1054,5.0
13950,20900.0,Benzine,6,1,1,88,0,1149,1087,5.2
14590,19863.0,Benzine,6,3,1,88,0,1197,1165,5.0
14506,1647.362609,Diesel,6,0,1,66,0,1461,1071,3.0
14500,15000.0,Benzine,6,3,1,88,0,1199,1090,5.2
14500,12150.0,Diesel,6,2,2,66,0,1461,1228,3.5
14495,3000.0,Benzine,5,0,1,66,0,898,1087,4.7
14490,17188.0,Benzine,6,1,1,87,0,1197,1087,5.4
14480,30543.0,Diesel,6,1,1,67,0,1461,1165,5.0
14460,7327.0,Benzine,6,2,2,87,1,1197,1165,5.0
14490,9145.0,Diesel,6,1,1,67,0,1461,1119,5.0
14440,26500.0,Benzine,6,2,2,87,1,1461,1119,5.0
14400,26879.0,Benzine,6,1,1,87,1,1197,1087,5.0
14450,8750.0,Benzine,6,3,1,87,1,1197,1165,5.4
12650,46000.0,Diesel,6,3,1,66,0,1461,1228,3.5
14400,21012.0,Benzine,6,1,1,87,1,1197,1087,5.0
12600,31214.0,Benzine,6,2,1,88,0,1197,1090,5.2
14290,37065.0,Benzine,6,3,1,56,0,1197,1087,5.0
12550,46668.0,Benzine,6,3,1,87,1,1197,1165,5.0
12545,23491.0,Benzine,6,3,1,88,0,1197,1079,5.4
12590,40676.0,Benzine,6,2,1,87,0,1197,1119,5.4
12500,55000.0,Benzine,6,3,1,88,0,1197,1090,5.2
12490,28500.0,Benzine,6,3,2,88,0,1197,1119,5.4
13390,31356.0,Benzine,6,2,1,87,0,1197,1087,5.4
12545,23491.0,Benzine,6,3,2,88,0,1197,1079,5.4
13300,59897.0,Diesel,6,3,1,66,0,1461,1071,3.5
13250,20500.0,Benzine,6,3,2,88,1,1197,1119,5.2
13200,24700.0,Benzine,6,1,1,87,0,1197,1090,5.0
13200,14610.0,Benzine,6,3,2,88,0,1197,1165,5.0
13280,14000.0,Diesel,6,2,1,66,0,1461,1165,3.5
12000,32713.0,Diesel,6,2,1,66,0,1461,1276,3.4
12400,41748.57692,Diesel,6,2,1,66,0,1461,1165,5.0
12000,10100.0,Diesel,6,2,1,66,0,1461,1228,3.5
12000,55000.0,Benzine,6,3,1,87,0,1197,1154,5.4
12000,37000.0,Diesel,6,3,1,66,0,1461,1260,3.3
11999,27840.0,Benzine,6,3,1,87,0,1197,1154,5.4
11990,19100.0,Benzine,6,3,1,87,0,1197,1686,5.4
11990,17890.0,Benzine,6,3,1,88,0,1197,1165,5.4
11950,93473.0,Diesel,6,3,1,66,0,1461,1128,3.5
11900,25500.0,Diesel,6,3,1,66,0,1461,1180,3.5
11900,120964.0,Benzine,6,3,1,87,0,1197,1139,5.4
11900,29000.0,Benzine,6,2,1,87,0,1197,1165,5.4
11990,73300.0,Diesel,6,3,1,66,0,1461,1165,5.0
11900,75022.0,Diesel,6,2,1,66,0,1461,1228,5.0
11800,35000.0,Diesel,5,3,1,81,0,1461,1146,3.5
11750,23300.0,Benzine,6,3,1,87,0,1197,1154,5.4
11890,46000.0,Benzine,6,2,1,87,0,1197,1165,5.0
13490,19296.0,Diesel,6,1,1,66,0,1461,1071,3.5
13495,37600.0,Benzine,6,3,1,87,1,1197,1087,5.3
13470,22914.0,Diesel,6,3,1,66,0,1461,1165,5.0
13490,36200.0,Diesel,6,3,1,66,0,1461,1228,3.5
13400,7.0,Diesel,6,1,1,66,0,1461,1228,3.5
13450,12176.0,Benzine,6,2,1,87,1,1197,1165,5.4
13400,17547.0,Benzine,6,3,1,87,0,1197,1239,5.4
13445,45000.0,Benzine,6,3,1,88,1,1197,1239,5.4
11600,20000.0,Diesel,6,1,1,66,0,1461,1228,3.5
11500,17000.0,Diesel,6,3,1,66,0,1461,1119,5.0
11500,32713.0,Diesel,6,2,1,66,0,1461,1276,3.4
11600,47000.0,Benzine,6,2,1,88,0,1197,1164,5.4
12999,20000.0,Benzine,6,3,1,87,0,1197,1154,5.4
12990,24043.0,Benzine,6,1,1,87,1,1197,1165,5.4
12990,17557.0,Diesel,6,1,1,66,0,1461,1717,3.5
12990,20842.0,Diesel,6,1,2,66,1,1461,1087,3.3
12980,19000.0,Diesel,6,2,1,66,0,1461,1165,3.5
12960,4529.0,Diesel,6,2,1,66,0,1461,1180,3.5
12950,4529.0,Diesel,6,2,1,66,0,1461,1180,3.5
12950,29790.0,Diesel,6,2,1,66,0,1461,1165,3.5
12900,35000.0,Benzine,6,3,1,87,0,1197,1154,5.4
12900,19000.0,Benzine,6,2,1,87,0,1197,1563,5.4
12900,40327.0,Diesel,6,2,1,66,0,1461,1717,3.5
12900,21904.0,Benzine,6,2,1,87,0,1197,1563,5.4
12860,21788.0,Benzine,6,2,1,87,0,1197,1090,5.4
10500,26000.0,Benzine,6,1,2,87,0,1197,1154,5.4
12860,28916.0,Benzine,6,2,1,88,0,1197,1090,5.4
12850,60000.0,Diesel,6,3,1,66,0,1461,1228,3.5
12800,34732.0,Diesel,6,2,1,66,0,1461,1228,3.5
10000,70000.0,Diesel,6,3,1,66,0,1500,1165,5.0
10490,50601.0,Diesel,5,3,1,66,0,1461,1209,3.3
10000,80000.0,Diesel,6,3,1,66,0,1461,1119,5.0
9990,12000.0,Diesel,5,2,1,66,0,1461,1260,3.3
9999,42000.0,Diesel,6,2,1,66,0,1461,1276,3.5
9900,51000.0,Diesel,6,2,1,66,0,1461,1214,3.3
9900,14230.0,Diesel,6,3,1,66,0,1197,1087,5.0
9790,93968.0,Diesel,6,3,1,66,0,1461,1717,3.5
9690,91000.0,Diesel,6,3,1,66,0,1461,1165,3.5
9500,90000.0,Diesel,6,3,1,66,0,1461,1071,3.7
9500,58000.0,Diesel,6,3,1,66,0,1461,1228,3.5
9500,93000.0,Diesel,6,3,2,66,0,1461,1255,3.5
8900,89910.0,Diesel,6,2,1,66,0,1461,1165,3.5
8699,125333.0,Diesel,5,3,2,66,0,1461,1146,3.3
8350,133523.0,Diesel,6,3,1,66,0,1461,1165,5.0
8490,23863.0,Electric,6,3,1,55,0,1461,1165,5.0
11400,63000.0,Benzine,6,3,2,87,1,1197,1087,5.2
11400,63000.0,Benzine,6,3,2,87,1,1197,1165,5.2
11300,28000.0,Benzine,6,2,1,87,0,1197,1154,5.4
11206,67930.0,Diesel,6,3,1,66,0,1461,1165,5.0
11000,48000.0,Diesel,6,3,1,66,0,1461,1165,5.0
11000,38000.0,Diesel,6,2,1,66,0,1461,1228,3.5
11390,60892.0,Diesel,6,3,1,66,0,1461,1228,3.5
10990,50000.0,Diesel,6,2,1,66,0,1461,1228,3.5
10990,15559.0,Diesel,6,2,1,66,0,1461,1717,3.5
10945,92000.0,Diesel,6,3,1,66,1,1461,1119,5.0
10950,36600.0,Benzine,6,3,1,88,0,1197,1165,5.2
10900,47000.0,Diesel,6,2,1,66,0,1461,1153,3.5
10900,64103.0,Diesel,6,3,1,66,0,1461,1152,3.5
10800,51985.0,Benzine,6,3,1,87,1,1197,1087,5.4
10900,43000.0,Diesel,6,3,1,66,0,1461,1119,3.5
10800,18035.13007,Diesel,6,1,2,66,0,1461,1228,3.5
10590,34000.0,Diesel,6,3,1,66,1,1461,1228,3.5
10700,34000.0,Diesel,5,3,1,66,0,1461,1146,3.2
10500,78851.0,Diesel,6,3,1,66,0,1461,1165,3.5
10500,23000.0,Diesel,6,2,1,66,0,1461,1121,3.6
15990,18199.0,Benzine,6,1,2,87,0,1197,1154,5.4
6490,55800.0,Diesel,5,3,1,55,0,1461,1071,3.6
7490,56485.0,Diesel,5,2,1,55,0,1461,1165,3.3
6490,112000.0,Diesel,5,3,1,55,0,1461,1087,3.3
7900,26255.0,Diesel,5,2,1,55,0,1461,1209,3.3
7500,140000.0,Diesel,5,3,1,55,0,1461,1162,4.0
7900,19282.0,Diesel,5,2,1,55,0,1461,1209,3.3
7900,20971.0,Diesel,5,2,1,55,0,1461,1209,3.3
7990,76021.0,Diesel,5,3,1,67,0,1461,1165,5.0
7990,2880.0,LPG/CNG,5,2,1,53,0,1461,1165,5.0
7990,87030.0,Diesel,5,3,1,55,0,1461,1071,3.6
8290,23724.0,Benzine,5,2,1,54,0,1149,1165,5.0
8290,104171.0,Diesel,5,3,1,55,0,1461,1165,3.3
8300,80000.0,Diesel,5,3,1,55,0,1461,1146,3.3
8200,95000.0,Benzine,5,3,1,66,0,898,1092,4.7
8299,120000.0,Diesel,5,3,1,55,0,1461,1260,3.3
8290,39748.0,Diesel,5,3,1,56,0,1461,1209,3.45
8300,29000.0,Diesel,5,3,1,55,0,1461,1260,3.3
8290,50207.0,Diesel,5,3,1,66,0,1461,1260,3.3
8490,19700.0,Benzine,5,3,1,54,0,1149,1059,5.6
8500,30000.0,Diesel,5,2,1,66,0,1461,1087,3.2
8500,77000.0,LPG/CNG,5,2,1,66,0,898,1115,5.0
8490,49178.0,Benzine,5,3,2,54,0,1149,1119,5.4
8500,56111.0,Benzine,5,3,1,54,0,1149,1119,5.0
8490,39990.0,Benzine,5,1,2,55,0,1461,1165,5.0
8490,41820.0,Diesel,5,2,1,55,0,1461,1165,3.3
8490,38733.0,Diesel,5,2,1,55,0,1461,1165,3.3
8490,43709.0,Benzine,5,2,1,55,0,1149,1059,5.0
8490,23110.0,Diesel,5,2,1,55,0,1461,1165,3.3
8490,32481.0,Benzine,5,2,1,55,0,1149,1059,5.0
8490,38046.0,Benzine,5,2,1,55,0,1149,1059,5.0
8490,48597.0,Benzine,5,3,2,55,0,1149,1059,5.0
8490,39170.0,Benzine,5,3,1,54,0,1149,1141,5.6
8490,69315.0,Diesel,5,2,1,55,0,1461,1165,3.3
8490,49600.0,Diesel,5,3,1,66,0,1461,1071,3.0
8490,39148.0,Benzine,5,3,2,54,1,1149,1165,5.6
8500,48648.0,Benzine,5,2,1,54,0,1149,1087,5.6
8490,51490.0,Benzine,5,3,2,54,0,1149,1087,5.6
8490,50100.0,Benzine,5,3,2,54,1,1149,1087,5.6
8490,42210.0,Benzine,5,2,1,54,0,1149,1119,5.0
8490,56118.0,Diesel,5,2,1,55,0,1461,1165,3.2
8500,52000.0,Diesel,5,2,1,55,0,1461,1071,3.6
8499,77000.0,Benzine,5,3,1,55,0,1149,1052,5.5
8499,76019.0,Diesel,5,3,1,55,0,1461,1209,3.6
8499,93000.0,Diesel,5,3,1,55,0,1461,1194,3.6
8499,37801.0,Diesel,5,3,1,66,0,1461,1071,3.0
8499,45000.0,Diesel,5,3,1,66,0,1461,1071,3.0
8490,86213.0,Diesel,5,3,1,56,0,1461,1209,3.45
8490,95000.0,Diesel,5,3,1,55,0,1461,1260,3.3
8490,33445.0,Benzine,5,3,1,54,1,1149,1058,5.6
8490,78680.0,Benzine,5,3,1,55,0,1149,1118,5.5
8490,25150.0,Benzine,5,3,1,54,1,1149,1055,5.5
8490,143258.0,Diesel,5,3,1,67,0,1461,1165,5.0
8490,83464.0,Diesel,5,3,1,55,0,1461,1165,3.5
8490,11658.0,Benzine,5,2,1,54,1,1149,1165,5.6
8490,99495.0,Diesel,5,3,1,56,0,1461,1165,5.0
8490,42208.0,Benzine,5,3,1,54,1,1149,1165,5.6
8480,81630.0,Diesel,5,3,1,66,1,1461,1119,3.3
8480,49.0,Diesel,5,1,1,55,0,1461,1162,4.0
8480,33000.0,Benzine,5,1,1,54,0,1149,1141,5.6
8480,122617.0,Diesel,5,3,1,55,0,1461,1165,3.3
8470,87860.0,Diesel,5,3,1,66,0,1461,1119,5.0
8450,84000.0,Diesel,5,3,1,55,0,1461,1087,3.3
8470,84500.0,Diesel,5,3,1,55,0,1461,1071,3.0
8450,60000.0,Benzine,5,3,1,55,0,1149,977,5.6
8450,84000.0,Diesel,5,3,1,55,0,1461,1651,3.6
8450,112372.0,Benzine,5,3,1,66,0,898,1084,4.7
8450,54000.0,Benzine,5,2,1,54,1,1149,1119,5.7
8490,65372.0,Diesel,5,2,1,66,0,1461,1165,3.2
8450,72049.0,Benzine,5,3,1,54,1,1149,1087,5.6
8200,84000.0,Diesel,5,3,1,55,0,1461,1071,3.6
8200,25290.0,Benzine,5,2,1,54,1,1200,1087,5.0
8199,23300.0,Benzine,5,3,1,54,0,1149,1052,5.6
8190,115000.0,Diesel,5,2,1,55,0,1500,1165,5.0
8150,51304.0,Diesel,5,2,1,55,0,1461,1165,3.3
8190,44023.0,Diesel,5,3,1,56,0,1461,1209,3.45
8150,35774.0,Diesel,5,2,1,55,0,1461,1165,3.3
8190,48260.0,Diesel,5,3,1,66,0,1461,1196,3.3
8150,33285.0,Diesel,5,2,1,55,0,1461,1165,3.3
8150,30012.0,Diesel,5,2,1,55,0,1461,1165,3.3
8150,29766.0,Diesel,5,2,1,55,0,1461,1165,3.3
8150,121226.0,Diesel,5,3,1,55,0,1461,1165,5.0
8100,50052.0,Diesel,5,2,1,55,0,1461,1165,3.3
8100,48072.0,Diesel,5,2,1,55,0,1461,1165,3.3
8100,61000.0,Diesel,5,3,1,55,0,1461,1087,3.3
8080,59679.0,Diesel,5,2,1,55,0,1461,1165,3.3
8000,84000.0,Benzine,5,3,1,54,0,1149,1055,5.6
8000,120500.0,Diesel,5,3,1,66,0,1461,1209,3.3
7999,84108.0,Benzine,5,3,1,66,0,898,1009,4.5
7999,111645.0,Diesel,5,3,1,55,0,1461,1146,3.6
7999,42780.0,Benzine,5,3,1,54,1,1149,1105,5.5
7999,32000.0,Benzine,5,2,1,54,0,1149,1134,5.6
7999,88000.0,Diesel,5,3,1,55,0,1461,1071,3.0
7999,110003.0,Diesel,5,3,1,66,0,1461,1260,3.3
7990,72945.0,Diesel,5,3,1,66,1,1461,1119,5.0
8400,72573.0,Diesel,5,3,1,55,0,1461,1146,3.3
7990,85800.0,Diesel,5,3,1,66,0,1500,1165,5.0
8400,35305.0,Benzine,5,3,1,54,0,1149,1165,5.0
8400,54000.0,Diesel,5,3,1,66,0,1461,1146,3.3
8400,23000.0,Diesel,5,2,1,55,0,1461,1209,3.3
8400,35000.0,Benzine,5,3,1,66,0,898,1084,4.7
8400,50000.0,Benzine,5,3,1,55,0,1149,977,5.6
8400,39414.0,Diesel,5,3,1,55,0,1461,1260,3.3
8400,32536.0,Diesel,5,3,1,55,0,1461,1260,3.3
8400,95000.0,Diesel,5,3,1,55,0,1461,1071,3.0
8399,66000.0,Diesel,5,2,3,55,0,1461,1162,3.3
8399,26743.0,Benzine,5,3,1,54,1,1149,1087,5.6
8380,74000.0,Benzine,5,3,2,54,0,1149,1052,5.6
7990,106000.0,Diesel,5,3,2,55,0,1461,1165,5.0
8390,93921.0,Diesel,5,3,2,55,0,1461,1165,5.0
8350,45000.0,Diesel,5,3,2,55,0,1461,1651,3.6
7990,58356.0,Diesel,5,3,2,55,0,1461,1165,3.2
7990,53000.0,Diesel,5,2,1,55,0,1461,1087,3.3
8350,59000.0,Benzine,5,3,3,66,0,898,1087,4.3
7990,52000.0,Diesel,5,3,1,55,0,1461,1071,3.6
7990,38329.0,Diesel,5,3,1,55,0,1461,1165,3.3
7990,59171.0,Diesel,5,2,1,56,0,1461,1209,3.45
7990,60632.0,Diesel,5,2,1,55,0,1461,1165,3.3
8000,45000.0,Benzine,5,3,1,54,0,1149,1055,5.6
8000,89000.0,Diesel,5,3,1,55,0,1461,1146,3.3
7970,34264.0,Diesel,5,2,1,55,0,1461,1209,3.3
7980,79980.0,Diesel,5,3,1,56,0,1461,1165,5.0
7970,141600.0,Diesel,5,3,1,55,0,1461,1071,3.0
7980,47870.0,Diesel,5,2,1,55,0,1461,1209,3.3
7950,51064.0,Diesel,5,1,1,66,0,1461,1157,3.2
7950,81000.0,Diesel,5,3,1,55,0,1461,1087,3.3
7950,37800.0,Benzine,5,3,1,55,0,1149,1059,5.6
7950,93000.0,Diesel,5,3,1,55,0,1461,1087,3.3
7950,48000.0,Diesel,5,3,1,55,0,1461,1087,3.3
7950,86000.0,Diesel,5,2,0,55,0,1461,1165,3.3
7950,68900.0,Diesel,5,3,1,56,0,1500,1165,5.0
7950,68900.0,Diesel,5,3,1,56,1,1500,1165,5.0
7950,93000.0,Diesel,5,3,1,55,0,1461,1651,3.6
7950,81000.0,Diesel,5,3,1,55,0,1461,1651,3.6
7950,48000.0,Diesel,5,3,1,55,0,1461,1162,3.3
7950,76000.0,Diesel,5,2,1,55,0,1461,1071,3.6
7950,107291.0,Diesel,5,3,1,55,0,1461,1146,3.3
7950,66000.0,Diesel,5,3,1,55,0,1461,1087,3.3
7900,126000.0,Diesel,5,3,1,66,0,1461,1121,5.0
7900,45206.0,Diesel,5,2,1,55,0,1461,1209,3.3
7900,89000.0,Diesel,5,3,1,55,0,1461,1146,3.6
7900,59000.0,Diesel,5,3,1,66,0,1461,1209,3.3
7900,91000.0,Benzine,5,3,1,54,0,1149,980,5.6
7900,85300.0,Benzine,5,3,1,54,0,1149,1165,5.0
7900,41000.0,Benzine,5,2,1,54,0,1149,1055,5.6
7900,82000.0,Diesel,5,2,1,55,0,1461,1071,3.6
7900,98000.0,Diesel,5,3,1,55,0,1461,1071,3.6
7900,45000.0,Diesel,5,3,1,55,0,1461,1162,3.3
7900,70000.0,Diesel,5,3,1,55,0,1461,1087,3.3
7900,135050.0,Diesel,5,3,1,63,0,1461,1119,5.0
7900,29671.0,Diesel,5,3,1,55,0,1461,1165,5.0
7900,37000.0,Benzine,5,3,1,54,0,1149,1055,5.6
7880,98694.0,Diesel,5,3,1,55,0,1461,1165,3.3
7200,100000.0,Diesel,5,3,1,55,0,1461,1087,3.3
7200,160000.0,Diesel,5,3,1,55,0,1461,1194,3.6
7000,125210.0,Diesel,5,3,1,55,0,1461,1209,3.6
7200,148000.0,Diesel,5,3,1,55,0,1461,1260,3.3
7000,121328.0,Diesel,5,3,1,55,0,1461,1209,3.3
6990,62147.0,Diesel,5,2,1,55,0,1461,1209,3.6
6999,61000.0,Diesel,5,3,1,66,0,1461,1227,3.7
6990,89263.0,Diesel,5,3,1,55,0,1461,1165,3.3
6990,87816.0,Diesel,5,3,1,55,0,1461,1165,3.3
6990,75954.0,Diesel,5,3,1,55,0,1461,1165,3.3
6990,92130.0,Diesel,5,3,1,55,0,1461,1165,3.3
6950,1647.362609,LPG/CNG,5,0,1,66,0,898,1224,6.1
6950,24861.0,Benzine,5,2,1,66,0,898,1057,4.2
6950,1647.362609,LPG/CNG,5,0,1,66,0,890,1165,5.0
7879,98694.0,Diesel,5,3,1,55,0,1461,1165,3.3
7850,77000.0,Diesel,5,3,1,55,0,1461,1087,3.3
7800,68000.0,Diesel,5,3,1,55,0,1461,1146,3.6
7800,25100.0,Diesel,5,2,1,55,0,1500,1209,3.3
7800,83000.0,Diesel,5,3,1,55,0,1461,1146,3.3
7800,93500.0,Diesel,5,3,1,55,0,1461,1119,3.3
7800,26000.0,Benzine,5,2,1,55,0,1149,1059,5.6
7800,139500.0,Diesel,5,3,1,66,0,1461,1071,3.3
7800,42049.0,Benzine,5,3,1,54,0,1149,1059,5.6
7800,32756.0,Diesel,5,2,1,55,0,1461,1214,3.3
7795,162960.0,Diesel,5,3,1,65,0,1461,1160,3.2
7790,69233.0,Diesel,5,3,1,56,0,1461,1209,3.45
7790,39836.0,Diesel,5,3,2,55,0,1461,1087,3.3
7750,125988.0,Diesel,5,3,1,55,0,1461,1165,5.0
7750,51000.0,Benzine,5,3,1,66,0,898,1087,4.9
7480,94000.0,Diesel,5,3,1,66,0,1461,1260,3.3
7450,97000.0,Diesel,5,3,1,55,0,1461,1087,3.3
7700,95000.0,Diesel,5,3,1,55,0,1461,1162,5.5
7450,44000.0,Diesel,5,3,1,55,0,1461,1165,3.1
7300,120000.0,Diesel,6,3,1,66,0,1461,1276,3.5
7400,16600.0,Diesel,5,2,1,55,0,1461,1214,3.3
7390,60002.0,Diesel,5,3,1,56,0,1461,1209,3.45
7299,149276.0,Diesel,5,3,1,55,0,1461,1071,3.6
7280,89692.0,Diesel,5,3,1,55,0,1461,1165,3.3
7300,80000.0,Diesel,5,3,1,66,0,1461,1146,3.3
7300,104200.0,Diesel,5,3,1,66,1,1461,1165,5.0
7250,148488.0,Diesel,5,3,1,55,0,1461,1119,5.0
7700,72000.0,Diesel,5,3,1,55,0,1461,1087,3.3
7250,25668.0,Benzine,5,3,1,54,0,1149,1052,5.6
7200,37402.0,Diesel,5,2,1,55,0,1461,1216,4.2
7600,91000.0,Diesel,5,3,1,55,0,1461,1146,3.3
7600,59000.0,Benzine,5,3,1,54,0,1149,1052,5.6
7600,65000.0,Diesel,5,3,1,55,0,1461,1071,3.6
7699,72500.0,Benzine,5,3,1,66,0,898,1092,4.6
7690,63372.0,Diesel,5,2,1,56,0,1461,1165,5.0
7600,60000.0,Diesel,5,3,1,55,0,1461,1071,3.6
7500,35000.0,Benzine,5,3,1,54,0,1149,1052,5.6
7590,71603.0,Diesel,5,3,1,66,0,1461,1165,3.2
7500,34000.0,Benzine,5,3,1,54,0,1149,1052,5.6
7500,120000.0,Diesel,5,3,1,55,0,1461,1146,3.6
7500,20000.0,Benzine,5,3,1,54,0,1461,1165,5.0
7500,71000.0,Diesel,5,3,1,66,0,1461,1209,3.3
7500,29000.0,Diesel,5,2,1,55,0,1461,1214,3.3
7500,41000.0,Benzine,5,3,1,54,0,1149,1141,5.6
7500,75000.0,Diesel,5,3,1,55,0,1461,1209,3.6
7500,86800.0,Diesel,5,3,1,56,0,1500,1165,5.0
7500,66000.0,Diesel,5,3,1,66,0,1461,1087,3.2
7500,86800.0,Diesel,5,3,1,56,1,1500,1165,5.0
7500,62000.0,Diesel,5,3,1,55,0,1461,1071,3.6
7500,47000.0,Benzine,5,3,1,54,0,1149,1052,5.6
7500,98000.0,Diesel,5,3,1,55,0,1461,1071,3.6
7500,88000.0,Diesel,5,3,1,66,0,1461,1260,3.2
7500,44000.0,Benzine,5,3,1,66,0,898,1055,4.5
7495,105000.0,Diesel,5,3,1,55,0,1461,1162,3.3
7490,69031.0,Diesel,5,2,1,56,0,1461,1165,5.0
7490,59535.0,Diesel,5,3,1,55,0,1461,1165,3.3
7490,79900.0,Diesel,5,3,1,55,0,1461,1194,3.6
7490,87000.0,Diesel,5,3,1,55,0,1461,1071,3.6
7490,46398.0,Diesel,5,3,1,55,0,1461,1165,5.0
6900,36818.0,Diesel,5,2,1,55,0,1461,1209,3.45
6900,124000.0,Diesel,5,3,1,55,0,1461,1087,3.3
6900,105000.0,Benzine,5,0,1,54,0,1149,980,5.5
7490,48404.0,Diesel,5,3,1,55,0,1461,1165,5.0
6900,85000.0,Diesel,5,3,1,55,0,1461,1071,3.6
6900,87000.0,Diesel,5,3,1,55,0,1461,1162,3.3
6900,28500.0,Benzine,5,3,2,54,0,1149,1052,5.6
6900,96000.0,Diesel,5,3,1,55,0,1461,1071,3.6
6890,102264.0,Diesel,5,3,1,66,0,1461,1165,3.2
6800,34000.0,Benzine,5,3,1,54,0,1149,1087,5.6
6900,82494.0,Diesel,5,3,1,55,0,1461,1165,5.0
6790,104656.0,Diesel,5,3,1,66,0,1461,1165,3.2
6600,74000.0,Benzine,5,3,1,54,0,1149,1055,5.6
6500,138700.0,Diesel,5,3,1,55,0,1461,1162,3.3
6500,160000.0,Diesel,5,3,1,55,0,1461,1194,3.3
6500,100000.0,Benzine,5,3,1,54,0,1149,1055,5.5
6499,149000.0,Diesel,5,3,1,55,0,1461,1146,3.3
6290,106236.0,Diesel,5,3,1,55,0,1461,1165,3.3
6400,69637.0,Diesel,5,3,1,55,0,1461,1216,4.2
6250,67250.0,Benzine,5,3,1,66,0,898,1092,4.7
6200,99000.0,Diesel,5,3,1,66,0,1197,1087,5.0
6200,99000.0,Diesel,5,3,1,66,0,1461,1209,3.45
6000,93000.0,Diesel,5,3,1,55,0,1461,1165,5.0
6000,35000.0,Diesel,5,2,1,55,0,1461,1182,3.3
5938,156692.0,Diesel,5,3,1,55,0,1461,1087,3.3
5900,163500.0,Diesel,5,3,1,66,0,1461,1196,3.3
5900,78000.0,Diesel,5,3,1,66,0,1500,1209,3.45
5890,134500.0,Diesel,5,3,1,40,0,1461,1087,3.3
5850,97000.0,Diesel,5,3,1,55,0,1461,1087,3.3
5800,74000.0,Diesel,5,3,1,55,0,1197,1087,5.0
5700,140000.0,Diesel,5,3,1,55,0,1461,1146,3.6
15998,20588.0,Benzine,6,1,1,87,0,1197,1165,5.3
15995,33486.0,Benzine,6,3,1,88,0,1197,1139,5.2
15990,17900.0,Benzine,6,2,1,87,0,1197,1164,5.4
15990,15162.0,Diesel,6,1,1,67,0,1461,1165,5.0
15990,10488.0,Benzine,6,3,1,87,1,1197,1239,5.4
15990,36980.0,Benzine,6,3,2,147,1,1618,1087,5.9
5445,123000.0,Diesel,5,3,1,55,0,1461,1146,3.6
15990,17603.0,Benzine,6,1,1,87,1,1197,1087,5.0
15990,2476.0,Diesel,6,1,1,67,0,1461,1165,5.0
15990,16942.0,Benzine,6,1,1,87,1,1197,1165,5.4
15990,9407.0,Benzine,6,1,1,87,1,1197,1165,5.4
15990,15250.0,Benzine,6,1,1,87,1,1197,1154,5.4
15990,13795.0,Benzine,6,1,1,87,0,1197,1154,5.4
15990,19799.0,Benzine,6,1,1,87,1,1197,1087,5.0
15990,21352.0,Benzine,6,1,1,87,1,1197,1300,5.3
15990,13377.0,Benzine,6,1,2,87,0,1197,1154,5.4
15990,17134.0,Benzine,6,1,1,87,0,1197,1165,5.3
15990,26630.0,Benzine,6,1,1,87,1,1197,1300,5.3
8500,41493.0,Diesel,5,3,1,55,0,1461,1087,5.0
8500,65000.0,Benzine,5,3,1,54,0,1149,1052,5.6
8500,59073.0,Diesel,5,3,1,55,0,1461,1071,3.6
8500,120620.0,Diesel,5,3,1,66,0,1197,1087,5.0
8580,37985.0,Benzine,5,3,1,54,1,1149,1087,5.6
8700,33500.0,Benzine,5,3,1,66,0,898,1092,4.7
26000,2900.0,Benzine,6,0,1,162,0,1618,1279,5.9
29000,7000.0,Benzine,6,1,1,162,0,1618,1279,5.9
8700,24900.0,Benzine,5,3,1,54,0,1149,1052,5.6
29000,23000.0,Benzine,6,1,1,162,0,1618,1279,5.9
27900,10500.0,Benzine,6,2,1,162,0,1618,1087,5.9
22000,20000.0,Benzine,6,2,1,162,0,1618,1279,5.9
22000,18500.0,Benzine,6,1,1,162,0,1618,1279,5.9
22000,26000.0,Benzine,6,1,1,162,0,1618,1279,5.9
27000,5000.0,Benzine,6,1,1,162,0,1618,1279,5.9
21800,22031.0,Benzine,6,1,1,162,0,1618,1279,5.9
21500,14000.0,Benzine,6,2,1,162,0,1618,1279,5.9
19900,54413.0,Benzine,6,2,2,162,0,1618,1165,5.9
21000,5900.0,Benzine,6,1,1,162,0,1618,1279,5.9
18300,32000.0,Benzine,6,3,1,162,0,1618,1279,5.9
17500,41000.0,Benzine,6,3,1,162,0,1618,1279,5.9
19499,40000.0,Benzine,6,3,1,162,0,1618,1279,5.9
18500,49000.0,Benzine,6,3,1,162,0,1618,1279,5.9
18500,9000.0,Benzine,6,1,1,147,0,1618,1279,5.9
16900,44700.0,Benzine,6,3,1,162,0,1618,1279,5.9
16500,45000.0,Benzine,6,3,1,162,0,1618,1279,5.9
16000,10287.0,Diesel,6,1,1,66,0,1461,1228,3.5
15800,132.0,Diesel,6,1,1,66,0,1461,1228,3.5
15000,35000.0,Diesel,6,3,1,66,0,1461,1228,3.5
8700,4500.0,Benzine,5,3,1,54,0,1149,1055,5.6
14900,19900.0,Diesel,6,3,1,66,0,1461,1228,3.5
8700,30.0,Diesel,5,1,1,55,0,1461,1216,4.0
8690,1647.362609,Benzine,5,0,1,56,0,900,1165,5.0
8690,26740.0,Benzine,5,3,1,54,1,1149,1105,5.6
8690,44000.0,Benzine,5,3,2,54,1,1149,1052,5.6
8650,36750.0,Benzine,5,3,0,54,0,1149,1052,5.6
8660,63404.0,Diesel,5,3,1,66,1,1461,1260,5.0
8600,89850.0,Diesel,5,3,1,55,0,1461,1162,3.3
8650,103155.0,Diesel,5,3,1,66,0,1461,1165,3.6
8600,75000.0,Diesel,5,3,1,55,0,1461,1165,5.0
8600,42000.0,Diesel,5,2,2,66,0,1461,1260,3.3
8600,86000.0,Diesel,5,3,1,55,0,1461,1146,3.6
8600,81400.0,Diesel,5,3,1,66,0,1461,1071,3.6
8600,6900.0,Diesel,5,3,1,55,0,1461,1165,3.3
8600,29117.0,Benzine,5,3,1,54,0,1149,1165,5.6
14900,4866.0,Diesel,6,1,1,66,0,1461,1228,3.5
14000,22000.0,Diesel,6,1,1,66,0,1461,1228,3.5
8590,27202.0,Benzine,5,2,1,54,0,1149,1052,5.6
14000,18000.0,Benzine,6,2,1,87,0,1197,1154,5.4
14000,22000.0,Diesel,6,2,1,66,0,1461,1228,3.5
14000,7000.0,Diesel,6,1,1,66,0,1461,1280,4.1
13300,61000.0,Diesel,6,3,1,66,0,1461,1227,3.5
13200,89000.0,Diesel,6,3,1,66,0,1461,1255,3.5
11500,49000.0,Diesel,6,3,1,66,0,1461,1276,3.5
12850,4000.0,Diesel,6,1,1,66,0,1461,1228,3.9
12500,28000.0,Benzine,6,3,1,88,0,1197,1199,5.2
11200,45123.0,Diesel,6,3,1,66,0,1461,1228,3.5
10000,40500.0,Diesel,6,3,1,66,0,1461,1227,3.5
9900,79000.0,Diesel,6,3,1,66,0,1461,1227,3.5
10900,69800.0,Diesel,6,3,1,66,0,1461,1255,3.7
10500,3500.0,Diesel,6,1,1,66,0,1461,1228,3.5
10000,70000.0,Diesel,6,3,1,66,0,1461,1227,3.7
9900,60000.0,Diesel,6,3,1,66,0,1461,1228,3.5
11000,78000.0,Diesel,6,3,1,66,0,1461,1227,3.5
8500,62000.0,Diesel,5,3,1,55,0,1461,1146,3.3
8500,62000.0,Diesel,5,3,1,55,0,1461,1071,3.6
8500,55000.0,Diesel,5,3,1,55,0,1461,1146,3.6
7500,100000.0,Diesel,6,3,1,66,0,1461,1255,3.7
8500,34564.0,Diesel,5,2,1,55,0,1461,1165,5.0
8500,109501.0,Diesel,5,3,1,55,0,1461,1260,3.3
8500,72500.0,Diesel,5,3,1,55,0,1461,1146,3.6
8500,82700.0,Diesel,5,3,1,55,0,1461,1071,3.6
8500,90000.0,Diesel,5,3,1,55,0,1461,1146,3.3
8500,80000.0,Diesel,5,3,1,66,0,1461,1260,3.3
8500,50.0,Diesel,5,3,1,66,0,1461,1146,3.4
8500,36000.0,Diesel,5,2,1,55,0,1461,1260,3.3
8500,55000.0,Diesel,5,3,1,55,0,1461,1071,3.3
8500,120985.0,Diesel,5,3,1,66,0,1461,1157,3.2
7200,130000.0,Diesel,6,3,1,66,0,1461,1276,3.5
8590,24238.0,Diesel,5,2,1,56,0,1461,1209,3.45
16990,10.0,Diesel,6,0,1,56,0,1197,1087,5.0
17500,48752.0,Benzine,6,2,1,87,0,1197,1170,5.4
17480,6087.0,Benzine,6,1,1,87,0,1197,1087,5.4
17300,10.0,Diesel,6,0,1,66,0,1461,1280,4.1
17390,6490.0,Benzine,6,1,1,87,0,1197,1087,5.4
17250,2000.0,Benzine,6,0,1,88,0,1197,1165,5.4
18490,10564.0,Benzine,6,1,1,164,0,1618,1165,5.9
17450,5000.0,Benzine,6,0,1,88,0,1197,1087,5.2
8800,110733.0,Diesel,5,2,1,55,0,1461,1165,5.0
18490,100.0,Benzine,6,0,1,87,1,1197,1154,5.4
8790,45369.0,Benzine,5,2,1,66,0,1461,1165,5.0
8999,57000.0,Benzine,5,2,1,54,1,1149,1119,4.7
8990,42253.0,Diesel,5,2,1,56,0,1461,1209,3.45
9389,29669.0,Benzine,5,2,1,54,1,1149,1119,5.7
8990,12122.0,Benzine,5,2,2,54,0,1149,1052,5.6
8990,9751.0,Benzine,5,2,2,56,0,1197,1087,5.0
9400,36000.0,Diesel,5,2,2,55,0,1461,1165,5.0
9400,45000.0,Benzine,5,2,1,54,1,1149,1119,5.7
9450,7.0,Benzine,5,1,1,54,0,1149,1052,5.6
9490,31370.0,Benzine,5,2,1,54,0,1149,1141,5.7
9500,4991.0,Benzine,5,1,1,54,0,1149,1134,5.6
9499,25500.0,Benzine,5,2,2,54,0,1149,1052,5.6
9499,65203.0,Diesel,5,2,2,55,0,1461,1090,3.3
9490,37176.0,Benzine,5,2,2,54,0,1149,1066,5.6
9490,26000.0,Benzine,5,2,1,54,0,1149,1052,5.0
9490,28400.0,Benzine,5,1,1,54,0,1149,1165,5.6
9490,39250.0,Benzine,5,1,1,54,0,1149,1165,5.6
9490,40691.0,Benzine,5,2,1,54,0,1149,1030,5.7
9490,27572.0,Diesel,5,2,1,55,0,1461,1209,3.3
9490,22000.0,Benzine,5,2,1,54,0,1149,1165,5.0
9490,84496.0,Diesel,5,2,1,56,0,1461,1165,5.0
9490,50200.0,Benzine,5,2,1,54,1,1149,1087,5.7
9490,51100.0,Benzine,5,2,1,54,1,1149,1087,5.7
9490,11000.0,Diesel,5,2,1,55,0,1461,1165,3.3
9490,26000.0,Benzine,5,2,1,54,0,1461,1165,5.0
9450,63000.0,Benzine,5,2,1,54,1,1149,1141,5.6
9490,12300.0,Benzine,5,2,1,54,0,1149,1052,5.6
9450,38500.0,Diesel,5,2,1,55,0,1461,1162,3.3
9450,60217.0,Benzine,5,2,1,53,0,1149,1119,5.0
9450,45572.0,Benzine,5,1,1,54,0,1149,1059,5.6
9450,18000.0,Benzine,5,2,1,54,0,1149,1134,5.6
9490,35132.0,Benzine,5,2,1,56,0,1149,1165,5.0
9400,17000.0,Benzine,5,2,1,54,0,1461,1165,5.0
9400,42598.0,Diesel,5,2,1,55,0,1461,1711,3.3
9400,73652.0,Diesel,5,2,1,66,0,1461,1119,3.3
9400,54000.0,Diesel,5,2,1,55,0,1461,1162,4.0
9400,30000.0,Diesel,6,2,1,55,0,1461,1121,3.5
9400,58200.0,Diesel,5,2,1,55,0,1461,1162,3.3
9390,10.0,Diesel,5,1,1,56,0,1461,1209,3.45
9390,43577.0,Diesel,5,2,1,67,0,1461,1209,3.45
9389,52074.0,Benzine,5,2,1,54,1,1149,1119,5.7
9389,36591.0,Benzine,5,2,1,54,1,1149,1119,5.7
9389,47948.0,Benzine,5,2,1,54,1,1149,1119,5.7
9300,30375.0,Benzine,5,2,1,66,0,898,1082,4.7
9300,31500.0,Benzine,5,1,1,54,0,1149,1134,5.6
9300,57000.0,Diesel,6,2,1,81,0,1461,1204,3.5
9290,85000.0,Diesel,5,2,1,55,0,1461,1162,3.3
9290,15000.0,Diesel,5,2,1,55,0,1461,1165,3.3
9300,42000.0,Diesel,5,2,1,55,0,1461,1071,3.0
9290,14936.0,Diesel,5,2,1,56,0,1461,1209,3.45
9289,46610.0,Benzine,5,2,1,54,1,1149,1119,5.7
9262,10.0,Benzine,5,0,1,56,0,898,1154,5.2
9250,40000.0,Benzine,5,2,1,66,0,898,1092,4.7
9250,33000.0,Benzine,5,2,1,54,0,1149,1059,5.6
9200,12300.0,Benzine,5,2,1,54,0,1149,980,5.6
9200,14000.0,Benzine,5,2,1,54,0,1149,1141,5.6
9200,3500.0,Benzine,5,1,1,54,0,1149,980,5.6
8990,9200.0,Benzine,5,1,1,54,0,1149,1087,5.6
9199,43800.0,Diesel,5,2,1,55,0,1461,1146,3.3
9190,36305.0,Benzine,5,2,1,54,0,1149,1141,5.7
8990,33431.0,Diesel,5,2,1,55,0,1461,1134,3.3
8990,51900.0,Benzine,5,2,1,54,1,1149,1119,5.7
9190,46424.0,Benzine,5,2,1,54,0,1149,1119,5.7
8990,30000.0,Benzine,5,2,1,55,0,1149,1059,5.6
8990,6415.0,Benzine,5,1,1,54,0,1149,1165,5.6
8990,40328.0,Diesel,5,2,1,55,0,1461,1071,3.0
8990,40681.0,Benzine,5,2,1,55,0,1149,1059,5.0
8990,47032.0,Benzine,5,2,1,55,0,1149,1059,5.0
8990,49170.0,Benzine,5,2,1,55,0,1149,1059,5.0
8990,28101.0,Diesel,5,2,1,55,0,1461,1165,3.3
8990,39560.0,Benzine,5,2,1,55,0,1149,1059,5.0
8990,40500.0,Benzine,5,2,1,55,0,1149,1059,5.0
8990,36281.0,Diesel,5,2,1,55,0,1461,1071,3.0
9170,10.0,Benzine,5,0,1,56,0,898,1198,5.0
8990,46519.0,Diesel,5,2,1,55,0,1461,1071,3.0
9150,29000.0,Diesel,5,2,1,55,0,1461,1119,3.6
9075,35779.0,Benzine,5,1,1,55,0,1149,1052,5.6
8990,35348.0,Benzine,5,2,1,55,0,1149,1059,5.0
9000,31000.0,Benzine,5,2,1,54,1,1149,1119,5.7
9000,26000.0,Benzine,5,2,2,54,1,1149,1119,5.6
9000,40000.0,Diesel,5,2,2,66,0,1461,1196,3.2
9000,28500.0,Benzine,5,2,2,55,0,1149,1059,5.6
9000,20500.0,Benzine,5,2,2,54,0,1149,1052,5.6
9100,20057.0,Diesel,5,2,2,55,0,1461,1165,3.3
9000,30000.0,Benzine,5,2,2,54,1,1149,1119,5.6
9000,1500.0,Diesel,5,2,2,55,0,1461,1214,3.3
9000,50000.0,Diesel,5,2,1,55,0,1461,1162,3.3
9000,40000.0,LPG/CNG,5,2,2,54,0,1149,1134,6.0
9000,41000.0,LPG/CNG,5,2,2,54,0,1149,1134,6.0
9000,16900.0,Diesel,5,1,1,55,0,1461,1260,3.3
8999,10600.0,Benzine,5,1,2,54,0,1149,1052,5.6
9000,44000.0,Diesel,5,2,1,55,0,1461,1162,3.3
8999,26000.0,Diesel,5,1,1,66,0,1461,1260,3.3
9000,63000.0,Diesel,5,2,1,55,0,1461,1162,3.3
8990,38597.0,Benzine,5,2,1,55,0,1149,1059,5.0
8990,30449.0,Benzine,5,2,1,55,0,1149,1059,5.0
8990,23806.0,Diesel,5,2,1,56,0,1461,1209,3.45
8990,28124.0,Diesel,5,1,1,56,0,1461,1209,3.45
8990,7000.0,Benzine,5,1,2,54,1,1149,1165,5.6
8980,27935.0,Benzine,5,2,1,54,1,1149,1119,5.7
8900,47000.0,Benzine,5,2,1,54,0,1149,1141,5.6
8900,45941.0,Diesel,5,2,1,55,0,1461,1209,3.3
8900,27094.0,Benzine,5,2,1,54,0,1149,1134,5.6
8900,23234.0,Diesel,5,2,1,55,0,1461,1119,3.3
8900,67000.0,Diesel,5,2,1,55,0,1461,1260,3.3
8900,42962.0,Diesel,5,2,1,55,0,1461,1260,3.3
8900,8000.0,LPG/CNG,5,2,1,54,0,1149,1052,5.0
8899,45031.0,Diesel,5,2,1,55,0,1461,1090,3.3
8900,35000.0,Benzine,5,2,1,54,0,1149,1052,5.6
8890,49000.0,Diesel,5,2,1,55,0,1461,1162,3.3
8899,49772.0,Diesel,5,2,1,55,0,1461,1090,3.3
8775,29741.0,Benzine,5,1,2,55,0,1149,1052,5.6
8750,1647.362609,Benzine,5,0,0,55,0,997,980,5.5
8750,47000.0,Diesel,5,2,1,55,0,1461,1090,3.3
8800,36000.0,Benzine,5,2,1,54,0,1200,1165,5.0
8750,1.0,Benzine,5,0,1,55,0,997,980,5.5
8700,131494.0,Diesel,5,2,1,55,0,1461,1165,5.0
8700,31000.0,Benzine,5,2,1,54,0,1149,1134,5.6
18440,150.0,Benzine,6,0,1,87,0,1197,1087,5.4
18350,1.0,Benzine,6,0,1,88,0,1199,1090,5.2
18400,29935.0,Benzine,6,1,1,87,0,1197,1170,5.4
18400,28995.0,Benzine,6,1,1,87,0,1197,1170,5.4
18340,150.0,Benzine,6,0,1,87,0,1197,1165,5.4
18200,10.0,Diesel,6,0,1,66,0,1461,1280,4.1
17980,86349.0,Benzine,6,2,1,87,1,1197,1087,5.4
17999,11112.0,Benzine,6,1,1,87,0,1197,1170,5.4
18087,1647.362609,Diesel,6,0,1,66,1,1461,1308,4.1
17990,24500.0,Benzine,6,2,1,147,1,1618,1165,5.9
17980,10780.0,Benzine,6,1,1,147,0,1618,1087,5.9
17950,20658.0,Benzine,6,1,1,87,0,1197,1170,5.4
17950,10.0,Benzine,6,1,1,87,0,1197,1165,5.4
17910,10.0,Diesel,6,0,1,67,0,1461,1165,5.0
17890,21800.0,Benzine,6,2,2,147,1,1618,1279,5.9
17900,18035.13007,Diesel,6,1,1,66,0,1461,1119,5.0
17900,15293.0,Benzine,6,2,2,87,0,1197,1065,5.4
17950,10.0,Benzine,6,1,1,88,0,1197,1165,5.4
17950,3704.0,Benzine,6,2,2,87,0,1197,1065,5.4
17800,12.0,Diesel,6,0,0,66,0,1461,1071,3.5
17800,10600.0,Benzine,6,2,1,162,0,1618,1279,5.9
17590,12474.0,Benzine,6,2,1,147,0,1618,1087,5.9
17750,50021.0,Benzine,6,2,1,88,0,1197,1170,5.4
17690,2500.0,Benzine,6,0,0,87,0,1197,1165,5.4
17690,10.0,Diesel,6,1,1,67,0,1461,1165,5.0
17590,3078.0,Benzine,6,0,0,87,0,1197,1165,5.4
17695,50021.0,Benzine,6,2,1,88,0,1197,1170,5.4
16500,20000.0,Benzine,6,2,1,87,0,1197,1239,5.4
16500,5677.0,Benzine,6,1,1,88,0,1197,1664,5.4
16495,15000.0,Benzine,6,1,1,87,0,1197,1154,5.4
16495,22500.0,Benzine,6,1,1,87,0,1197,1154,5.5
16490,10.0,Diesel,6,1,1,66,0,1461,1087,3.9
16490,12210.0,Benzine,6,1,1,87,0,1197,1154,5.4
16490,14235.0,Benzine,6,1,1,88,1,1197,1165,5.3
16490,7770.0,Benzine,6,2,1,87,0,1197,1087,5.4
16450,121.0,Diesel,6,2,1,66,0,1461,1228,3.5
16487,120.0,Benzine,6,1,1,87,0,1197,1154,5.4
16390,10.0,Diesel,6,0,0,56,0,1197,1087,5.0
16390,7977.0,Benzine,6,1,1,87,1,1197,1165,5.3
16490,10.0,Diesel,6,0,0,56,0,1197,1087,5.0
16389,16750.0,Benzine,6,1,1,88,1,1197,1087,5.4
16295,100.0,Benzine,6,1,1,88,0,1197,1087,5.4
16290,2001.0,Benzine,6,1,1,87,1,1197,1165,5.4
16166,100.0,Benzine,6,1,1,88,1,1197,1087,5.4
17990,500.0,Benzine,6,0,1,87,0,1197,1165,5.5
16990,22750.0,Benzine,6,2,1,56,0,1197,1087,5.0
17590,10500.0,Diesel,6,1,1,66,0,1461,1119,5.0
16990,10.0,Diesel,6,0,1,66,0,1461,1119,5.0
16950,33993.0,Benzine,6,2,1,88,0,1197,1170,5.4
16950,14967.0,Benzine,5,2,1,88,0,1197,1065,5.4
16945,22614.0,Benzine,6,2,1,88,0,1197,1065,5.4
16945,10.0,Benzine,6,0,1,88,0,1197,1165,5.4
16900,8524.0,Benzine,6,2,1,88,0,1197,1065,5.2
16890,14100.0,Benzine,6,1,1,87,1,1197,1087,5.4
16880,18900.0,Benzine,6,1,1,87,0,1197,1087,5.3
16800,10.0,Diesel,6,0,1,66,0,1461,1280,4.1
16790,8.0,Diesel,6,0,1,66,0,1461,1119,3.9
16790,10.0,Diesel,6,1,1,67,0,1461,1165,5.0
16750,54329.0,Benzine,6,2,1,88,0,1197,1170,5.4
16700,35500.0,Benzine,6,2,1,87,0,1197,1170,5.4
16620,784.0,Diesel,6,0,1,66,0,1461,1119,3.5
16590,5400.0,Benzine,6,1,1,87,0,1197,1154,5.3
16690,8750.0,Benzine,6,1,1,87,0,1197,1087,5.4
16523,100.0,Benzine,6,1,1,88,1,1197,1087,5.4
16590,13510.0,Benzine,6,1,1,87,1,1197,1300,5.3
17200,1647.362609,Diesel,6,0,1,66,0,1461,1308,4.1
17157,100.0,Benzine,6,1,1,88,0,1197,1165,5.0
17099,1647.362609,Benzine,6,0,1,88,1,1197,1090,5.4
17000,14.0,Benzine,6,1,1,88,0,1197,1119,5.4
16999,20.0,Diesel,6,2,1,66,0,1461,1201,3.5
16999,9.0,Benzine,6,1,1,87,0,1197,1165,5.4
16998,16500.0,Benzine,6,2,1,147,0,1618,1165,5.9
16995,37937.0,Benzine,7,2,1,88,0,1197,1143,5.3
16990,12853.0,Benzine,6,2,1,87,0,1197,1065,5.4
16990,10.0,Diesel,6,1,1,67,0,1461,1165,5.0
16990,10.0,Diesel,6,1,1,66,0,1461,1717,3.5
16100,12481.0,Diesel,6,1,1,66,0,1461,1717,3.5
16990,13534.0,Diesel,6,2,1,67,0,1461,1119,5.0
16090,10.0,Diesel,6,1,1,67,0,1461,1165,5.0
16000,52000.0,Diesel,6,2,1,66,0,1461,1165,5.0
15998,13274.0,Benzine,6,1,1,87,0,1197,1165,5.3
16500,80009.0,Benzine,6,1,1,88,0,1197,1090,5.4
9500,23000.0,Diesel,5,2,1,55,0,1461,1214,3.3
9500,44000.0,Benzine,5,2,1,54,0,1149,1066,5.6
9680,50000.0,Benzine,5,2,1,54,0,1149,1059,5.6
9824,23000.0,Benzine,5,2,1,55,0,1149,1059,5.6
9900,5307.0,Benzine,5,1,1,54,0,1149,1087,5.6
9970,28750.0,Benzine,5,2,1,54,1,1149,1141,5.6
9750,55400.0,Benzine,5,2,1,54,1,1149,1119,5.7
9900,46000.0,Diesel,5,2,1,55,0,1461,1214,3.3
9900,28000.0,Benzine,5,1,1,54,0,1149,1119,5.7
9900,50998.0,Benzine,5,2,1,66,0,898,1082,4.7
9950,3750.0,Benzine,5,1,1,54,0,1149,980,5.6
9950,100.0,Benzine,5,1,1,54,0,1149,1123,5.5
9990,39000.0,Diesel,5,2,1,55,0,1461,1165,3.3
9950,15900.0,Diesel,5,1,1,55,0,1461,1260,3.3
9930,1647.362609,Benzine,5,0,1,56,1,898,1165,5.0
9950,19330.0,Benzine,5,2,1,54,0,1149,1134,5.6
9950,44431.0,Benzine,5,2,1,54,0,1149,1141,5.6
9900,19900.0,Diesel,5,2,1,55,0,1461,1146,3.3
9900,5412.0,Benzine,5,1,1,56,0,898,1090,5.0
9900,28000.0,Diesel,5,1,1,55,0,1461,1162,4.0
9900,27530.0,Benzine,5,1,1,54,0,1149,1052,5.6
9900,35000.0,Benzine,5,1,1,66,0,898,1017,5.0
9900,39000.0,Diesel,5,2,1,66,0,1461,1214,3.3
9900,150.0,Benzine,5,0,1,56,0,898,1087,5.0
9900,22613.0,Diesel,5,1,1,55,0,1461,1165,5.0
9990,15.0,Diesel,5,1,1,56,0,1461,1165,5.0
9990,46000.0,Benzine,5,2,1,54,1,1149,1141,5.6
9990,24360.0,Benzine,5,2,1,54,1,1149,1119,5.7
9990,43900.0,Diesel,5,2,1,66,0,1461,1153,3.5
9990,43675.0,Diesel,5,1,1,66,0,1461,1119,3.3
9990,68652.0,Diesel,5,2,1,66,0,1461,1670,5.0
9990,1380.0,Benzine,5,0,1,56,0,898,1165,5.0
9980,3851.0,Benzine,5,1,1,54,0,1149,1087,5.6
9980,10.0,Diesel,5,1,1,56,0,1461,1165,5.0
9980,51837.0,Diesel,5,2,1,56,0,1461,1165,5.0
9970,42500.0,Benzine,5,2,1,54,1,1149,1105,5.5
9980,33943.0,Benzine,5,2,1,54,1,1149,1119,5.7
9972,1.0,Benzine,5,0,1,54,0,1149,1165,5.6
9971,1.0,Benzine,5,0,1,54,0,1149,1165,5.6
9980,59943.0,Diesel,5,2,1,56,0,1461,1165,5.0
9980,10832.0,Benzine,5,2,1,54,0,1149,1165,5.0
9900,9000.0,Diesel,6,1,1,81,0,1461,1205,3.3
9900,1647.362609,LPG/CNG,5,0,1,66,0,898,1224,6.1
9899,42289.0,Benzine,5,2,1,54,0,1149,1141,5.6
9890,1647.362609,Benzine,5,0,1,56,0,900,1165,5.0
9899,8557.0,Benzine,5,1,1,55,1,1199,1165,5.0
9890,1.0,Benzine,5,0,1,56,0,898,1165,5.0
9900,86000.0,Diesel,5,2,1,66,0,1461,1162,3.2
9890,62858.0,Diesel,5,2,1,66,0,1461,1670,3.2
9890,62024.0,Diesel,5,2,1,66,0,1461,1670,3.2
9885,1913.0,Benzine,5,1,1,54,0,1149,1123,5.6
9880,26230.0,Benzine,5,1,1,54,0,1149,1165,5.6
9880,26230.0,Benzine,5,1,1,54,0,1149,1087,5.6
9875,49536.0,Benzine,6,2,1,54,0,1197,1165,5.4
9870,10.0,Benzine,5,0,1,54,1,1149,1052,5.6
9850,1647.362609,Benzine,5,0,1,55,0,900,980,5.5
9850,71426.0,Diesel,5,2,1,55,0,1461,1162,3.3
9850,31000.0,Benzine,5,2,1,54,0,1149,1134,5.6
9850,16000.0,Benzine,5,2,1,54,0,1149,1052,6.0
9840,11542.0,Benzine,5,1,1,54,0,1149,1052,5.6
9900,44451.0,Diesel,5,2,1,66,0,1461,1146,5.0
9900,6523.0,Benzine,5,1,1,54,0,1149,1087,5.6
9900,84375.0,Diesel,5,2,1,55,0,1461,1162,3.3
9900,2500.0,Benzine,5,1,1,54,0,1149,1052,5.6
9900,52086.0,Diesel,5,2,1,66,0,1461,1146,5.0
9900,55178.0,Diesel,5,1,1,66,0,1461,1119,3.3
9900,68874.0,Diesel,5,2,1,55,0,1461,1162,3.3
9900,1.0,Diesel,5,0,1,55,0,1461,1234,4.2
9900,180.0,Benzine,5,1,1,54,0,1149,1165,5.6
9900,30943.0,Diesel,5,1,1,55,0,1461,1071,3.3
9800,52000.0,Diesel,5,2,1,55,0,1500,1260,3.3
9800,24000.0,Benzine,5,2,1,54,0,1149,1052,5.6
9800,17200.0,Benzine,5,1,1,54,0,1149,1087,5.6
9900,24100.0,Diesel,5,2,2,55,0,1461,1162,3.3
9800,52000.0,Benzine,5,1,1,54,0,1149,1141,5.7
9900,32000.0,Benzine,5,1,1,66,0,898,1092,5.0
9800,55000.0,Diesel,5,2,1,55,0,1461,1260,3.3
9800,51000.0,Benzine,5,1,1,54,0,1149,1141,5.6
9800,41000.0,Benzine,5,1,1,54,0,1149,1141,5.6
9800,46500.0,Diesel,5,2,1,66,0,1461,1071,3.3
9800,40000.0,Diesel,5,2,1,66,0,1461,1260,3.3
9800,74900.0,Diesel,5,2,1,66,0,1461,1071,3.3
9800,42374.0,Benzine,5,2,1,66,0,898,1157,4.7
9800,27000.0,Benzine,5,2,1,54,0,1149,1141,5.6
9750,59000.0,Diesel,5,2,1,55,0,1461,1214,3.3
9680,44235.0,Diesel,5,2,1,66,0,1461,1165,3.2
9680,44235.0,Diesel,6,2,1,66,0,1461,1087,3.2
9680,44235.0,Diesel,6,2,1,66,0,1461,1165,5.0
9679,44235.0,Diesel,5,2,1,66,0,1461,1165,3.2
9650,3000.0,Benzine,5,2,1,54,0,1149,1134,5.6
9650,31000.0,Benzine,5,2,2,54,0,1149,1141,5.6
9600,42000.0,Benzine,5,2,1,54,1,1149,1119,5.7
9600,52700.0,Benzine,5,2,1,54,1,1149,1119,5.7
9600,7000.0,Benzine,5,2,1,54,0,1149,1055,5.6
9600,37000.0,Diesel,5,2,1,55,0,1461,1162,3.3
9600,19000.0,Diesel,5,2,1,66,0,1461,1071,3.3
9600,51000.0,Diesel,6,2,1,66,0,1461,1165,3.3
9600,22000.0,Benzine,5,1,1,56,0,1200,1154,5.0
9590,11000.0,Benzine,5,1,1,54,0,1149,1087,5.6
9580,19500.0,Benzine,5,2,1,54,1,1149,1087,5.6
9545,10.0,Benzine,5,0,1,56,0,898,1126,5.0
9590,30120.0,Benzine,5,2,1,54,0,1149,1141,5.7
9500,22950.0,Benzine,5,2,1,54,0,1149,1087,5.6
9500,23000.0,Benzine,5,2,1,55,0,1149,1059,5.6
9550,47200.0,Benzine,5,1,1,54,0,1149,1119,5.7
9500,71500.0,LPG/CNG,5,2,1,66,0,898,1115,5.0
9500,5500.0,Benzine,5,1,1,54,0,1149,1134,5.6
9500,70000.0,Diesel,5,2,1,55,0,1461,1071,3.6
9500,55000.0,Benzine,5,2,1,54,0,1149,1141,5.6
9500,21700.0,Diesel,5,1,1,55,0,1461,1162,3.3
9500,27000.0,Benzine,5,2,1,54,0,1100,1052,5.6
9500,26370.0,Diesel,5,1,1,55,0,1461,1162,4.0
9500,33094.0,Diesel,5,2,1,55,0,1461,1670,4.0
9500,16750.0,Benzine,5,2,2,54,0,1149,1052,5.6
9500,8945.0,Benzine,5,1,1,54,0,1149,1134,5.6
9500,38000.0,Diesel,5,2,2,55,0,1461,1165,3.3
9500,10419.0,Benzine,5,1,1,54,0,1149,1134,5.6
9500,17866.0,Benzine,5,1,1,54,0,1149,1134,5.6
9750,18018.0,Benzine,5,1,1,54,0,1149,1134,5.6
9500,14688.0,Benzine,5,1,1,54,0,1149,1134,5.6
9500,18500.0,Diesel,5,2,1,55,0,1461,1162,3.3
9500,27000.0,Diesel,5,2,1,55,0,1461,1162,3.3
9700,18035.13007,Benzine,5,1,1,55,0,900,980,5.5
9750,26016.0,Benzine,5,2,1,66,0,898,1082,4.7
9700,43000.0,Diesel,5,2,1,55,0,1461,1071,3.3
9700,45000.0,Benzine,5,2,1,54,0,1149,1052,5.6
9700,30000.0,Diesel,5,2,1,55,0,1461,1071,3.3
9690,15932.0,Benzine,5,2,1,54,0,1149,1105,5.6
9690,9000.0,Benzine,5,2,2,54,0,1149,1052,5.6
9690,43500.0,Benzine,5,1,1,54,1,1149,1119,5.7
9690,1647.362609,Benzine,5,0,0,56,0,898,1092,5.0
20450,30000.0,Benzine,6,1,1,162,0,1618,1279,5.9
18990,8101.0,Benzine,6,1,1,88,0,1197,1170,5.4
20490,150.0,Benzine,6,1,1,147,0,1618,1087,5.9
22500,17000.0,Benzine,6,1,1,162,0,1618,1279,5.9
23021,10.0,Benzine,6,1,1,162,0,1618,1165,5.9
18970,10.0,Diesel,6,1,1,66,0,1461,1087,3.5
18980,497.0,Diesel,6,0,0,66,0,1461,1119,3.5
18950,8022.0,Benzine,6,1,1,88,0,1197,1170,5.4
26970,10.0,Benzine,6,0,0,162,0,1618,1279,5.9
26900,9000.0,Benzine,6,1,1,162,0,1618,1279,5.9
26890,50.0,Benzine,6,1,1,162,0,1618,1279,5.9
27490,2700.0,Benzine,6,1,1,162,0,1618,1204,5.9
26800,19350.0,Benzine,6,1,1,162,0,1618,1279,5.9
9990,26000.0,Benzine,5,1,1,54,0,1149,1052,5.6
31500,10000.0,Benzine,6,1,1,162,0,1618,1204,5.9
29850,8990.0,Benzine,6,1,1,162,1,1618,1279,5.9
9990,24000.0,Benzine,5,1,1,54,0,1149,1052,5.6
9990,5.0,Benzine,5,0,0,56,1,898,1165,5.0
9999,21698.0,Benzine,5,1,1,54,0,1149,1119,5.0
9998,18035.13007,Benzine,5,1,1,55,0,1149,1087,5.6
9999,18000.0,Benzine,5,1,1,54,0,1149,1087,5.5
9999,10.0,Benzine,5,0,1,56,0,898,1165,5.0
9999,100.0,Diesel,5,1,1,55,0,1461,1280,3.3
9999,5000.0,Benzine,5,1,1,54,0,1149,1134,5.6
9999,10.0,Benzine,5,0,1,56,0,898,1165,5.2
9999,3000.0,Benzine,5,1,1,54,0,1149,1134,5.6
9999,20.0,Benzine,5,0,1,56,0,898,1165,5.1
9999,1647.362609,Benzine,5,0,1,56,0,898,1165,5.1
9999,18008.0,Benzine,5,1,1,54,0,1461,1165,5.0
9999,10.0,Diesel,5,1,1,55,0,1461,1280,3.3
9999,7637.0,Benzine,5,1,1,54,0,1149,1165,5.0
9999,16000.0,Benzine,5,1,1,66,0,898,1092,4.7
9999,9900.0,Benzine,5,1,1,56,0,898,1165,5.0
9999,14877.0,Benzine,5,1,1,54,0,1149,1165,5.0
9999,8007.0,Benzine,5,1,1,54,0,1149,1134,5.6
9999,6510.0,Benzine,5,1,1,54,0,1149,1134,5.6
9999,9.0,Benzine,5,0,1,56,0,898,1200,5.2
9999,10322.0,Benzine,5,1,1,54,0,1149,1165,5.0
9999,13333.0,Benzine,5,1,1,54,0,1149,1165,5.6
9999,18035.13007,Diesel,5,1,1,55,0,1461,1280,3.3
9999,12834.0,Benzine,5,1,1,54,0,1149,1165,5.0
9999,9156.0,Benzine,5,1,1,54,0,1149,1141,5.7
9999,1647.362609,Benzine,5,0,1,56,0,898,1165,5.2
9999,12312.0,Benzine,5,1,1,54,0,1149,1119,5.0
9999,6332.0,Benzine,5,0,1,56,0,898,1119,5.0
9999,15.0,Benzine,5,0,1,55,0,898,1100,5.0
9999,1647.362609,Benzine,5,0,1,56,0,898,900,5.2
9999,11314.0,Benzine,5,1,1,54,0,1461,1165,5.0
9999,8031.0,Benzine,5,1,1,54,0,1461,1165,5.0
9999,5000.0,Benzine,5,1,1,56,0,898,1165,5.0
9999,1000.0,Benzine,5,1,1,56,0,898,1165,4.9
9999,11004.0,Benzine,5,1,1,54,0,1461,1165,5.0
9999,15674.0,Benzine,5,1,1,54,0,1461,1165,5.0
9999,14039.0,Benzine,5,1,1,54,0,1461,1165,5.0
9999,15678.0,Benzine,5,1,1,54,0,1461,1165,5.0
9999,9733.0,Benzine,5,1,1,54,1,1149,1165,5.6
9999,30000.0,Benzine,5,1,1,54,0,1461,1165,5.0
9999,14532.0,Benzine,5,1,1,54,0,1461,1165,5.0
9999,14066.0,Benzine,5,1,1,54,0,1461,1165,5.0
9999,21543.0,Benzine,5,1,1,54,0,1461,1165,5.0
9999,17364.0,Benzine,5,1,1,54,0,1461,1165,5.0
9999,21654.0,Benzine,5,1,1,54,0,1149,1119,5.0
9990,10604.0,Benzine,5,1,1,54,0,1149,1134,5.6
9990,1647.362609,Benzine,5,0,1,55,0,898,1087,5.0
9990,1.0,Benzine,5,0,1,56,0,898,1090,5.0
9990,21175.0,Benzine,5,1,1,54,0,1149,1141,5.6
9990,6017.0,Benzine,5,1,2,54,0,1149,1165,5.0
9990,15663.0,Benzine,5,1,1,66,0,898,1082,4.2
9990,9000.0,Benzine,5,1,1,54,0,1149,1216,5.6
9990,9500.0,Benzine,5,1,1,54,1,1149,1141,5.6
9990,32000.0,Benzine,5,1,1,54,0,1149,1134,5.6
9990,1647.362609,Benzine,5,0,1,56,1,898,1165,5.0
9990,40433.0,Diesel,5,1,1,66,0,1461,1260,3.3
9990,47400.0,Benzine,5,1,1,54,0,1149,1141,5.6
9990,8900.0,Diesel,5,1,1,55,0,1461,1165,5.0
9990,10.0,Benzine,5,0,1,56,0,898,1165,5.0
9990,12600.0,Benzine,5,1,1,54,1,1149,1052,5.6
9990,99.0,Benzine,5,0,1,56,0,898,1165,5.0
9990,5.0,Benzine,5,0,1,56,0,898,1090,5.0
29740,21197.0,Benzine,7,1,1,163,0,1618,1179,5.9
28949,9336.0,Benzine,6,1,1,162,0,1618,1179,5.9
28880,150.0,Benzine,6,1,1,162,0,1618,1165,5.9
28689,4000.0,Benzine,6,1,1,162,1,1618,1279,5.9
27777,1600.0,Benzine,6,1,1,162,1,1618,1279,5.9
27777,50.0,Benzine,6,1,1,162,1,1618,1279,5.9
27777,1999.0,Benzine,6,1,1,162,1,1618,1279,5.9
26770,10.0,Benzine,7,0,1,90,0,1333,1233,5.0
26666,1600.0,Benzine,6,1,1,162,1,1618,1279,5.9
26666,550.0,Benzine,6,1,1,162,1,1618,1279,5.9
25555,1647.362609,Benzine,6,0,1,162,1,1618,1279,5.9
25000,39000.0,Benzine,6,1,1,162,0,1618,1279,5.9
24940,3500.0,Benzine,6,1,1,162,0,1618,1279,5.9
24900,17000.0,Benzine,6,1,1,162,0,1618,1087,5.9
25990,7900.0,Benzine,6,1,1,162,0,1618,1204,5.9
24888,1647.362609,Benzine,6,0,1,162,1,1618,1279,5.9
24300,500.0,Benzine,6,1,1,162,0,1618,1279,5.9
24170,10.0,Benzine,6,1,1,162,1,1618,1279,5.9
24000,9000.0,Benzine,6,1,1,162,0,1618,1279,5.9
23999,40000.0,Benzine,6,1,1,162,0,1618,1279,5.9
23990,10.0,Benzine,6,1,1,147,0,1618,1288,5.0
18889,10.0,Benzine,6,1,1,87,0,1197,1087,5.4
18800,23194.0,Benzine,6,1,1,87,0,1197,1170,5.4
18800,10.0,Diesel,6,0,1,66,0,1461,1280,4.1
18790,15000.0,Benzine,6,1,1,87,0,1197,1090,5.4
18680,2569.0,Benzine,6,0,1,87,1,1197,1265,5.4
18745,18821.0,Benzine,6,1,1,88,0,1197,1065,5.4
18700,10.0,Diesel,6,0,1,66,0,1461,1280,4.1
18500,44000.0,Benzine,6,1,1,162,0,1618,1279,5.9
18690,1.0,Benzine,6,1,1,87,1,1197,1165,5.4
23990,5400.0,Benzine,6,1,1,162,0,1618,1279,5.9
23990,16771.0,Benzine,6,1,1,162,0,1618,1279,5.9
23920,5210.0,Benzine,6,1,2,162,0,1618,1087,5.9
23500,11000.0,Benzine,6,1,2,162,0,1618,1279,5.9
23021,10.0,Benzine,6,1,1,162,0,1618,1279,5.9
23021,50.0,Benzine,6,1,1,162,0,1618,1279,5.9
23021,5.0,Benzine,6,1,1,162,0,1618,1279,5.9
23021,4.0,Benzine,6,1,1,162,0,1618,1279,5.9
23021,18035.13007,Benzine,6,1,1,162,0,1618,1279,5.9
22300,5000.0,Benzine,6,1,1,147,0,1618,1279,5.9
22222,10.0,Benzine,6,1,1,162,0,1618,1279,5.9
22500,26252.0,Benzine,6,1,1,162,0,1618,1204,5.9
22470,20.0,Benzine,6,0,1,87,0,1197,1165,5.4
21990,4828.0,Diesel,6,1,1,66,0,1461,1180,3.5
21990,9990.0,Benzine,6,1,1,162,0,1618,1204,5.9
22490,150.0,Benzine,6,1,1,162,0,1618,1087,5.9
21590,7500.0,Benzine,6,1,1,147,0,1618,1279,5.9
21900,18900.0,Benzine,6,1,1,162,0,1618,1279,5.9
21900,10600.0,Benzine,6,1,1,162,0,1618,1279,5.9
21000,30600.0,Benzine,6,1,1,162,1,1618,1279,5.9
21690,3821.0,Benzine,6,1,1,147,0,1618,1087,5.9
20999,19000.0,Benzine,6,1,1,162,0,1618,1279,5.9
20950,100.0,Benzine,6,0,1,147,0,1618,1087,5.9
20800,24000.0,Benzine,6,1,1,87,0,1197,1170,5.4
20730,8.0,Diesel,6,0,1,66,0,1461,1205,3.9
20680,99.0,Diesel,6,0,1,66,1,1461,1395,3.3
23021,100.0,Benzine,6,1,1,162,0,1618,1279,5.9
23000,18000.0,Benzine,6,1,1,162,0,1618,1279,5.9
23000,34500.0,Benzine,6,1,1,162,0,1618,1279,5.9
22990,10500.0,Benzine,6,1,1,162,0,1618,1279,5.9
22600,50.0,Benzine,6,0,1,147,1,1618,1279,5.9
22975,13948.0,Benzine,6,1,1,162,0,1618,1087,5.9
22950,100.0,Benzine,6,0,1,162,0,1618,1087,5.9
22800,6000.0,Benzine,6,1,1,147,0,1461,1165,5.0
22600,12000.0,Benzine,6,1,1,162,0,1618,1204,5.9
19999,150.0,Benzine,6,1,1,147,0,1618,1087,5.9
19990,23997.0,Benzine,6,1,1,88,0,1200,1065,5.4
19970,7405.0,Benzine,6,1,1,88,0,1197,1065,5.4
19900,29670.0,Diesel,6,1,1,66,0,1461,1180,3.5
19670,10.0,Diesel,6,0,1,66,0,1461,1205,3.9
19580,500.0,Diesel,6,0,1,66,1,1461,1370,4.0
19589,10.0,Benzine,6,1,1,87,1,1197,1087,5.4
19490,8.0,Benzine,6,1,1,87,0,1197,1165,5.4
19490,1647.362609,Diesel,6,0,1,66,0,1461,1267,5.0
19460,10.0,Diesel,6,0,1,66,0,1461,1205,3.9
19450,10.0,Diesel,6,0,1,66,0,1461,1308,4.1
19300,29000.0,Benzine,6,1,1,147,0,1618,1279,5.9
19300,10.0,Diesel,6,0,1,66,0,1461,1280,4.1
19190,50.0,Benzine,6,0,1,87,0,1197,1087,5.4
19490,3182.0,Benzine,6,1,1,87,0,1197,1165,5.4
18990,4280.0,Benzine,6,1,1,87,0,1197,1165,5.3
18990,1647.362609,Benzine,6,0,1,87,0,1197,1087,5.4
10190,16036.0,Benzine,5,1,1,66,0,898,1092,4.7
10190,14445.0,Benzine,5,1,1,66,0,898,1092,4.7
9999,100.0,Diesel,5,1,2,55,0,1461,1280,3.3
10490,750.0,Benzine,5,1,1,56,0,898,1087,5.0
10000,15932.0,Benzine,5,1,1,54,0,1149,980,5.6
10000,8000.0,Benzine,5,1,1,54,0,1461,1134,5.6
10000,41048.0,Benzine,5,1,1,54,0,1149,1141,5.6
10490,7500.0,Benzine,5,1,1,54,0,1149,1052,5.6
10499,16750.0,Benzine,5,1,1,54,1,1149,1134,5.6
10500,32000.0,Diesel,5,1,1,55,0,1461,1162,4.0
10495,9340.0,Benzine,5,1,1,54,0,1149,1165,5.0
10491,2585.0,Diesel,5,1,1,56,0,1461,1209,3.45
10564,10.0,Benzine,5,0,1,56,0,1461,1119,5.0
10530,1.0,Benzine,5,0,1,66,0,898,1165,5.0
10790,8086.0,Benzine,5,1,1,54,1,1149,1087,5.0
10790,34544.0,Benzine,5,1,1,54,1,1149,1141,5.7
10589,15.0,Benzine,5,0,1,56,0,898,1100,5.0
10790,56832.0,Diesel,5,1,1,55,0,1461,1165,3.3
10790,50.0,Benzine,5,0,1,55,0,898,1087,5.0
10798,10.0,Benzine,5,0,1,56,0,898,1165,5.2
10798,5431.0,Benzine,5,1,1,54,0,1149,1165,5.6
10799,10.0,Benzine,5,0,1,56,0,898,1087,5.0
10799,10.0,Benzine,5,0,1,56,0,898,1165,5.0
10798,5000.0,Benzine,5,1,1,56,0,898,1165,5.0
10800,13000.0,Benzine,5,1,1,66,0,898,1082,4.7
10690,10.0,Benzine,5,1,1,54,1,1149,1134,5.6
10690,4.0,Benzine,5,0,1,56,0,898,1087,5.0
10690,1647.362609,Benzine,5,0,1,55,0,898,1055,5.0
10690,3000.0,Benzine,5,0,1,56,0,898,1165,5.0
10690,4341.0,Benzine,5,1,1,54,1,1149,1087,5.6
10798,3857.0,Benzine,5,1,1,56,0,898,1165,5.0
10798,10.0,Diesel,5,1,1,55,0,1461,1209,3.45
10798,3552.0,Benzine,5,1,1,56,0,898,1165,5.0
10798,3439.0,Benzine,5,1,1,56,0,898,1165,5.0
10798,5801.0,Benzine,5,1,1,56,0,898,1165,5.0
10798,2200.0,Benzine,5,1,1,56,0,898,1165,5.0
10798,2000.0,Benzine,5,1,1,56,0,898,1165,5.0
10790,1647.362609,Benzine,5,0,1,56,0,898,1165,5.0
10797,1.0,Diesel,5,1,1,55,0,1461,1209,3.45
10798,5000.0,Benzine,5,1,1,56,0,898,1276,5.0
10790,0.0,Benzine,5,0,0,56,0,898,1165,5.0
10690,2330.0,Benzine,5,1,1,54,0,1149,1052,5.6
10660,5500.0,Benzine,5,1,1,54,0,1149,1059,5.0
10690,1600.0,Benzine,5,1,1,54,0,1149,1052,5.6
10650,19.0,Benzine,5,0,0,56,0,898,1087,5.0
10690,1417.0,Benzine,5,1,1,54,0,1149,1052,5.6
10690,58480.0,Diesel,5,1,1,55,0,1461,1165,3.3
10644,10.0,Benzine,5,0,1,54,0,1149,1087,5.6
10640,1.0,Benzine,5,0,1,56,0,898,1198,5.0
10610,11.0,Benzine,5,0,1,56,1,898,1087,5.0
10601,10263.0,Benzine,5,1,1,54,1,1149,1165,5.6
10590,14.0,Benzine,5,1,1,56,0,898,1087,5.0
10590,63941.0,Diesel,5,1,1,55,0,1461,1165,5.0
10590,1.0,Benzine,5,0,1,56,0,898,1090,5.0
10790,10.0,Diesel,5,1,1,56,0,1461,1165,5.0
10590,16.0,Benzine,5,0,1,56,0,898,1126,5.0
10770,10.0,Benzine,5,0,1,54,1,1149,1052,5.6
10777,8338.0,Benzine,5,0,1,56,1,898,1119,5.0
10760,10.0,Benzine,5,0,1,56,0,898,1165,5.0
10750,19875.0,Benzine,5,1,1,55,0,1149,1165,5.0
10750,7.0,Benzine,5,0,1,55,0,898,1087,5.0
10750,6800.0,Benzine,5,1,1,66,0,898,1157,4.7
10750,12900.0,Benzine,5,1,1,54,0,1149,1134,5.6
10750,12900.0,Benzine,5,1,1,54,0,1149,1165,5.6
10700,1.0,Diesel,5,0,1,55,0,1461,1234,4.2
10700,14800.0,Benzine,5,1,1,54,0,1149,1134,5.6
10750,31571.0,Diesel,5,1,1,66,0,1461,1119,3.3
10700,11611.0,Benzine,5,1,1,54,0,1149,1052,5.6
10700,8000.0,Diesel,5,1,1,55,0,1461,1189,4.1
10507,1.0,Benzine,5,0,1,54,0,1149,1119,5.6
10506,1.0,Benzine,5,0,1,54,0,1149,1119,5.6
10500,7500.0,Benzine,5,1,1,66,0,898,1092,4.7
10500,21112.0,Benzine,5,1,1,66,0,898,1082,4.7
10500,18700.0,Benzine,5,1,1,66,0,898,1082,4.7
10500,20187.0,Benzine,5,1,1,66,0,898,1092,5.0
10500,30000.0,Diesel,5,1,1,55,0,1461,1214,3.3
10500,19800.0,Diesel,5,1,1,55,0,1461,1162,4.0
10500,17000.0,LPG/CNG,5,1,1,66,0,898,1115,5.0
10500,30384.0,Diesel,5,1,1,66,0,1461,1119,3.3
10500,14000.0,Diesel,5,1,1,66,0,1461,1214,3.3
10699,18784.0,Diesel,5,1,1,55,0,1461,1162,4.0
10389,15.0,Benzine,5,0,1,56,0,898,1100,5.0
10490,8358.0,Benzine,5,1,1,55,0,1149,1566,5.6
10490,8782.0,Benzine,5,1,1,55,0,1149,1566,5.6
10500,13705.0,Diesel,5,1,1,66,0,1461,1119,5.0
10500,29339.0,Diesel,5,1,1,66,0,1461,1119,5.0
10389,1000.0,Benzine,5,0,1,56,0,898,1100,5.0
10499,22000.0,Diesel,5,1,1,55,0,1461,1162,4.0
10499,19550.0,Benzine,5,1,1,54,1,1149,1134,5.6
10389,1000.0,Benzine,5,0,1,55,0,898,1100,5.0
10300,28000.0,Benzine,5,1,2,54,1,1149,1052,5.6
10370,1647.362609,Benzine,5,0,1,55,0,898,1055,5.0
10365,11.0,Benzine,5,0,1,56,1,898,1087,5.0
10300,1647.362609,Diesel,5,0,0,55,0,1461,1071,3.6
10300,1.0,Diesel,5,0,1,55,0,1461,1071,3.6
10300,18035.13007,Diesel,5,1,2,55,0,1461,1216,4.2
10300,14928.0,Benzine,5,1,1,66,0,898,1092,5.0
10300,14000.0,Benzine,5,1,1,66,0,898,1092,5.0
10300,19400.0,Benzine,5,1,1,66,0,898,1092,5.0
10290,1604.0,Benzine,5,1,1,54,1,1149,1134,5.6
10290,9.0,Benzine,5,0,1,55,0,898,1087,5.0
10490,14200.0,Benzine,5,1,2,54,1,1149,1052,5.6
10490,500.0,Benzine,5,0,2,56,0,898,1165,5.0
10490,36036.0,Diesel,5,1,2,66,0,1461,1119,3.3
10460,99.0,Benzine,5,0,2,54,1,1149,1209,5.6
10450,12281.0,Benzine,5,1,1,54,0,1149,1087,5.0
10450,9169.0,Benzine,5,1,1,54,0,1149,1087,5.0
10450,24886.0,Benzine,5,1,1,54,0,1149,1087,5.6
10450,113392.0,Diesel,5,1,1,66,0,1461,1119,5.0
10450,39500.0,Diesel,5,1,1,66,0,1461,1119,3.3
10450,39900.0,Diesel,5,1,1,66,0,1461,1119,3.3
10450,24500.0,Diesel,5,1,1,66,0,1461,1119,3.3
10450,29300.0,Diesel,5,1,1,66,0,1461,1119,3.3
10450,28800.0,Diesel,5,1,1,66,0,1461,1119,3.3
10450,28000.0,Diesel,5,1,1,66,0,1461,1119,3.3
10450,29200.0,Diesel,5,1,1,66,0,1461,1119,3.3
10450,27500.0,Diesel,5,1,1,66,0,1461,1119,3.3
10450,28200.0,Diesel,5,1,1,66,0,1461,1119,3.3
10400,17000.0,Benzine,5,1,1,66,0,898,1092,5.0
10490,22497.0,Diesel,5,1,1,55,0,1461,1071,3.3
10490,6.0,Benzine,5,0,1,55,0,898,1087,5.0
10490,17000.0,Diesel,5,1,1,55,0,1461,1162,4.0
10490,10.0,Benzine,5,0,1,56,0,898,1165,5.0
10490,27700.0,Diesel,5,1,1,55,0,1461,1162,4.0
10490,30980.0,Benzine,5,1,1,54,1,1149,1052,5.6
10200,100.0,Diesel,5,0,1,55,0,1461,1216,4.0
10490,14500.0,Benzine,5,1,1,54,0,1149,1052,5.6
10200,41508.0,Benzine,5,1,1,54,0,1149,1141,5.6
10200,83200.0,Diesel,5,1,1,55,0,1461,1162,3.3
10200,25787.0,Benzine,5,1,1,54,0,1149,1134,5.6
10200,36426.0,Benzine,5,1,1,54,0,1149,1141,5.6
10200,421.0,Benzine,5,0,1,56,0,898,1087,5.0
10200,13665.0,Benzine,5,1,1,66,0,898,1092,4.7
10200,29317.0,Diesel,6,1,1,66,0,1461,1121,3.5
10270,99.0,Benzine,5,1,1,54,1,1149,1055,5.5
10450,28900.0,Diesel,5,1,1,66,0,1461,1119,3.3
10400,35000.0,Benzine,5,1,1,66,0,898,1082,4.7
10400,14450.0,Benzine,5,1,1,66,0,898,1092,4.7
10399,11300.0,Benzine,5,1,1,54,0,1149,1141,5.6
10390,1647.362609,Benzine,5,0,1,56,0,898,1126,5.0
10390,1.0,Benzine,5,0,1,56,0,898,1126,5.0
10390,10365.0,Benzine,5,1,1,55,0,1149,1566,5.6
10390,1233.0,Benzine,5,0,1,56,0,898,1087,5.0
10390,1647.362609,Diesel,5,0,1,56,0,1500,1165,5.0
10390,12.0,Benzine,5,0,1,56,0,898,1126,5.0
10000,22740.0,Diesel,5,1,1,66,0,1461,1260,3.3
10000,16200.0,Diesel,5,1,1,66,0,1461,1260,3.3
10000,20279.0,Benzine,5,1,1,54,0,1149,980,5.6
10000,30600.0,LPG/CNG,5,1,1,66,0,898,1115,5.0
10000,13000.0,Diesel,5,1,1,55,0,1461,1162,4.0
10390,1647.362609,Benzine,5,0,1,74,0,1000,1165,5.0
10880,150.0,Benzine,5,0,1,56,0,898,1087,5.0
10880,50.0,Benzine,5,0,1,56,0,898,1165,5.0
11222,1647.362609,Benzine,5,0,1,55,1,899,1087,4.2
11400,150.0,Benzine,5,0,1,56,0,898,1087,5.0
11410,1647.362609,Benzine,5,0,1,56,1,1461,1091,5.0
11150,20.0,Benzine,5,0,1,56,0,898,1165,5.0
10990,50.0,Benzine,5,0,1,56,0,898,1165,5.0
11490,15.0,Benzine,5,0,1,56,0,898,1165,5.0
11299,8.0,Benzine,5,0,1,56,0,898,1087,5.6
11490,10.0,Benzine,5,0,1,56,0,898,1123,5.0
11380,10.0,Benzine,5,0,1,57,0,898,1087,5.0
11450,10.0,Benzine,5,0,1,56,0,898,1198,5.2
11480,50.0,Benzine,5,0,1,56,1,898,1165,5.0
11480,15.0,Benzine,5,0,1,56,0,898,1087,5.0
11486,7.0,Benzine,5,0,1,55,0,898,1087,5.0
11470,1.0,Benzine,5,0,1,56,0,898,1198,5.0
11480,1.0,Benzine,5,0,1,66,0,898,1165,5.0
11464,10.0,Benzine,5,0,1,56,0,1461,1119,5.0
11462,1647.362609,Benzine,5,0,1,66,0,898,1082,4.0
11460,1647.362609,Benzine,5,0,1,66,0,898,1084,5.0
11460,1647.362609,Benzine,5,0,1,55,1,899,1087,4.2
11450,150.0,Benzine,5,0,1,56,0,898,1087,5.0
11450,10.0,Benzine,5,0,1,56,0,898,1087,5.0
11390,1647.362609,Benzine,5,0,1,55,0,898,1055,5.0
11390,1647.362609,Benzine,5,0,1,56,0,898,1165,5.0
11390,1647.362609,Benzine,5,0,1,56,1,898,1165,5.0
11371,1647.362609,Benzine,5,0,1,56,0,898,1087,5.0
11350,1647.362609,Benzine,5,0,1,55,0,898,1163,4.7
11300,1.0,Benzine,5,0,1,56,0,898,1165,5.0
11299,10.0,Benzine,5,0,1,56,0,898,1087,5.0
11350,12000.0,Benzine,5,0,1,66,0,898,1165,5.2
11490,12.0,Benzine,5,0,1,56,0,898,1123,5.0
11490,10.0,Benzine,5,0,0,55,0,1197,1087,5.0
11490,10.0,Benzine,5,0,0,56,0,898,1090,5.0
11490,50.0,Benzine,5,0,1,56,0,898,1165,5.0
11490,10.0,Benzine,5,0,1,56,0,898,1090,5.0
11490,10.0,Benzine,5,0,1,56,0,898,1165,5.0
11490,1.0,Benzine,5,0,1,56,1,899,1087,5.2
11490,100.0,Benzine,5,0,1,56,0,898,1165,5.0
11490,10.0,Benzine,5,0,1,56,0,898,1087,5.0
11490,1647.362609,Benzine,5,0,0,66,0,898,1165,5.2
11410,1647.362609,Benzine,5,0,0,56,1,1461,1091,5.0
11400,1.0,Diesel,5,0,0,66,0,1461,1119,5.0
11400,1647.362609,Diesel,5,0,0,55,0,1461,1234,4.2
11400,5.0,Benzine,5,0,0,55,0,1200,1165,5.0
10990,1647.362609,Benzine,5,0,0,56,0,898,1165,5.0
10990,10.0,Benzine,5,0,0,54,0,1149,1087,5.6
11200,1.0,Benzine,5,0,0,55,0,898,1165,5.1
11220,1647.362609,Benzine,5,0,0,55,0,899,1087,5.0
11200,1647.362609,Benzine,5,0,0,56,0,898,1165,5.2
11222,1647.362609,Benzine,5,0,0,55,1,899,1087,4.2
10990,9.0,Benzine,5,0,0,56,0,898,1090,5.0
11200,10.0,Benzine,5,0,1,56,0,898,1165,5.2
11199,10.0,Benzine,5,0,1,56,0,898,1087,5.0
11199,4.0,Benzine,5,0,1,55,1,898,1165,5.0
11190,10.0,Benzine,5,0,1,56,0,898,1127,5.0
11190,1647.362609,Benzine,5,0,0,56,0,898,1165,5.0
11190,20.0,Benzine,5,0,0,56,0,898,1165,5.0
11180,9998.0,Benzine,5,0,1,56,1,898,1165,5.0
11170,10.0,Benzine,5,0,1,56,1,898,1165,5.0
10990,9.0,Benzine,5,0,1,56,0,898,1090,5.0
11165,5.0,Benzine,5,0,0,56,0,898,1165,5.0
10990,10.0,Benzine,5,0,0,55,0,1197,1087,5.0
10990,1.0,Benzine,5,0,0,55,0,898,1092,5.0
11150,100.0,Benzine,5,0,1,56,0,898,1087,5.0
10990,1.0,Benzine,5,0,1,55,0,898,1092,5.0
10990,1647.362609,Benzine,5,0,1,55,0,899,1087,4.0
10990,38.0,Benzine,5,0,1,56,0,898,1165,5.2
10990,10.0,Benzine,5,0,1,56,0,898,1090,5.0
10990,1647.362609,Benzine,5,0,1,56,0,898,1165,5.2
10990,10.0,Benzine,5,0,1,57,0,898,1087,5.0
10990,1647.362609,Benzine,5,0,1,55,0,898,1165,5.0
10990,13.0,Benzine,5,0,1,55,0,898,1165,5.0
11150,10.0,Benzine,5,0,0,56,0,898,1092,5.0
10990,1647.362609,Benzine,5,0,0,56,0,898,1092,5.0
10990,50.0,Benzine,5,0,0,55,0,898,1090,5.0
10990,10.0,Benzine,5,0,1,56,0,898,1165,5.0
10990,1647.362609,Benzine,5,0,1,56,0,898,1198,5.2
10990,20.0,Benzine,5,0,0,56,1,898,1165,5.0
10990,849.0,Benzine,5,0,0,56,0,898,1087,5.0
10990,4500.0,Benzine,5,0,1,56,1,898,1087,4.7
10985,15.0,Benzine,5,0,2,56,0,898,1164,5.0
10990,1647.362609,Benzine,5,0,2,56,0,898,1165,5.0
10985,95.0,Benzine,5,0,2,56,0,898,1164,5.0
10984,1647.362609,Benzine,5,0,2,55,0,899,1087,4.2
10980,6.0,Benzine,5,0,1,56,0,898,1165,5.0
10984,1647.362609,Benzine,6,0,1,55,1,899,1087,4.2
10980,20.0,Benzine,5,0,1,56,0,898,1087,5.0
10980,1.0,Benzine,5,0,1,55,0,898,1087,5.6
10980,10.0,Benzine,5,0,1,56,0,898,1165,5.0
10970,10.0,Benzine,5,0,1,54,1,1149,1052,5.6
11150,10.0,Benzine,5,0,1,56,0,898,1198,5.2
11100,1647.362609,Benzine,5,0,1,56,0,898,1161,5.2
11100,1.0,Benzine,5,0,1,55,0,898,1092,5.0
11111,50.0,Benzine,5,0,1,56,0,898,1165,5.0
11090,1647.362609,Benzine,5,0,0,56,0,898,1165,5.0
11100,1647.362609,Benzine,5,0,0,55,0,1461,1119,5.0
11050,1.0,Benzine,5,0,0,66,0,898,1198,5.0
11040,5.0,Benzine,5,0,1,56,0,898,1165,5.0
10999,10.0,Benzine,5,0,1,56,0,898,1165,5.0
10999,1.0,Diesel,5,0,1,55,0,1461,1234,4.2
10999,3.0,Benzine,5,0,1,55,1,898,1165,5.0
10995,10.0,Benzine,5,0,1,66,0,898,1165,5.0
10999,5.0,Benzine,5,0,1,55,0,899,1087,5.0
11000,1.0,Benzine,5,0,0,55,0,898,1165,5.1
11290,100.0,Benzine,5,0,1,56,0,898,1165,5.0
11290,10.0,Benzine,5,0,1,57,0,898,1087,5.0
11290,5.0,Benzine,5,0,1,56,1,898,1087,5.0
11290,50.0,Benzine,5,0,1,56,0,898,1165,5.0
11290,50.0,Benzine,5,0,1,56,1,898,1165,5.0
11290,32.0,Benzine,5,0,1,54,0,1149,1052,5.6
11290,10.0,Benzine,5,0,1,66,0,898,1087,5.0
11250,1647.362609,Benzine,5,0,1,56,0,898,1092,5.0
11250,5.0,Benzine,5,0,0,56,0,898,1165,5.0
11270,1647.362609,Benzine,5,0,1,55,0,898,1087,5.0
11280,5.0,Benzine,5,0,1,56,1,898,1165,5.0
11250,10.0,Benzine,5,0,1,56,1,898,1276,5.0
10880,50.0,Benzine,5,0,1,56,0,898,1263,5.1
10880,10.0,Benzine,5,0,1,55,0,898,1165,5.0
10880,10.0,Benzine,5,0,1,56,0,898,1165,5.0
10860,99.0,Benzine,5,0,1,56,1,898,1087,5.0
10850,10.0,Benzine,5,0,1,56,0,898,1165,5.0
10800,10.0,Benzine,5,0,1,56,0,898,1165,5.0
10800,5.0,Benzine,5,0,1,56,0,898,1090,5.0
10970,1.0,Benzine,5,0,1,56,0,898,1165,5.0
10946,1647.362609,Benzine,5,0,1,55,1,899,1087,4.2
10964,10.0,Benzine,6,0,1,66,0,1461,1119,5.0
10945,10.0,Benzine,5,0,1,54,0,898,1165,5.0
10900,100.0,Benzine,5,0,1,66,0,898,1165,5.2
10900,1.0,Benzine,5,0,1,56,0,898,1165,5.2
10900,1647.362609,Benzine,5,0,1,56,0,898,1245,5.0
10890,1647.362609,Benzine,5,0,1,66,0,898,1084,5.0
10890,50.0,Benzine,5,0,1,56,0,898,1165,5.0
10900,10.0,Benzine,5,0,1,56,0,898,1165,5.2
10890,1647.362609,Benzine,5,0,1,55,0,898,1055,5.0
10890,11.0,Benzine,5,0,1,56,0,898,1127,5.0
13250,1647.362609,Benzine,6,0,0,77,0,1998,1163,4.8
16033,1647.362609,Benzine,6,0,0,77,0,1998,1163,4.8
16033,101.0,Benzine,6,0,0,77,0,1998,1163,4.8
13250,101.0,Benzine,6,0,0,77,0,1998,1163,4.8
10850,1647.362609,Benzine,6,0,0,77,0,1598,1163,4.8
14399,101.0,Benzine,6,0,0,77,0,1598,1163,4.8
14399,1647.362609,Benzine,6,0,0,77,0,1598,1163,4.8
13189,1647.362609,Benzine,6,0,0,77,0,1598,1163,4.8
14823,101.0,Benzine,6,0,0,77,0,1598,1163,4.8
14823,1647.362609,Benzine,6,0,0,77,0,1598,1163,4.8
13189,101.0,Benzine,6,0,0,77,0,1598,1163,4.8
12250,101.0,Benzine,6,0,0,77,0,1598,1163,4.8
12250,1647.362609,Benzine,6,0,0,77,0,1598,1163,4.8
11900,1647.362609,Benzine,6,0,0,77,0,1598,1163,4.8
11900,101.0,Benzine,6,0,0,77,0,1598,1163,4.8
12000,1647.362609,Benzine,6,0,0,81,0,1600,1163,4.8
10900,1647.362609,Benzine,6,0,0,77,0,1598,1163,4.8
10900,101.0,Benzine,6,0,0,77,0,1598,1163,4.8
17500,141000.0,Diesel,6,3,1,118,0,1598,1734,4.6
17950,99950.0,Diesel,6,3,1,118,0,1598,1659,4.6
17950,99950.0,Diesel,6,3,1,118,0,1598,2353,4.7
17990,109745.0,Diesel,6,3,1,118,0,1598,1734,4.6
22600,100000.0,Diesel,6,3,1,118,0,1598,1734,4.7
22500,84000.0,Diesel,6,3,1,118,0,1598,1734,4.7
22690,68021.0,Diesel,6,3,1,119,0,1598,1734,4.7
22500,32559.0,Diesel,6,3,1,118,0,1598,1734,4.7
22500,70000.0,Diesel,6,2,1,118,0,1598,1734,4.7
22990,76950.0,Diesel,6,3,1,118,0,1598,1791,4.7
23690,53447.0,Diesel,6,2,1,118,0,1598,1734,4.7
24900,19377.0,Diesel,6,3,1,118,0,1598,2353,4.7
24999,10613.0,Diesel,6,1,1,118,0,1598,1734,4.6
24999,10890.0,Diesel,6,1,1,118,0,1598,1734,4.6
24590,16163.0,Diesel,6,2,1,118,0,1598,1734,4.7
24999,18000.0,Diesel,6,1,1,118,0,1598,1734,4.6
25490,49606.0,Benzine,6,2,2,147,0,1618,1734,6.8
24900,21790.0,Diesel,6,3,1,118,0,1598,2353,4.7
26900,2748.0,Diesel,6,1,1,118,0,1598,1734,4.7
26895,50544.0,Benzine,6,3,1,147,0,1618,1734,6.2
26900,122518.0,Diesel,6,3,1,118,0,1598,1734,4.7
26900,18035.13007,Diesel,6,1,1,118,0,1598,1734,4.7
26890,7300.0,Diesel,6,3,2,118,0,1598,1734,4.7
25995,14478.0,Diesel,6,1,1,118,0,1600,1685,5.0
25990,34987.0,Diesel,6,3,1,118,0,1598,1659,4.7
25995,16247.0,Diesel,6,1,1,118,0,1600,1685,5.0
27790,22220.0,Diesel,6,2,2,118,0,1598,1734,4.6
27600,43000.0,Diesel,6,3,1,118,0,1598,1659,4.6
27590,26800.0,Diesel,6,1,1,118,0,1598,1734,4.7
27500,25836.0,Diesel,6,3,1,118,0,1598,1635,4.6
25990,15888.0,Diesel,6,2,2,118,0,1598,1734,4.6
25990,33500.0,Benzine,7,3,1,147,0,1618,1684,6.2
25990,45000.0,Diesel,6,2,2,118,0,1598,1659,4.0
25990,16613.0,Diesel,6,2,2,118,0,1598,1734,4.7
25990,64000.0,Diesel,6,3,1,118,0,1598,1659,4.7
25980,53000.0,Benzine,7,3,1,147,0,1618,1684,5.3
25950,55800.0,Benzine,6,3,2,147,0,1618,1648,6.2
25950,136863.0,Diesel,6,3,2,118,0,1598,1635,4.6
25900,41378.0,Benzine,7,3,2,147,0,1618,1685,5.0
25885,53745.0,Diesel,6,3,2,118,1,1598,1734,4.7
25750,28918.0,Diesel,6,1,1,118,0,1598,1734,4.7
25650,31221.0,Diesel,6,2,2,118,0,1598,1734,4.7
25500,47000.0,Diesel,6,2,1,118,0,1598,1734,4.7
25500,33837.0,Diesel,6,3,2,118,0,1598,1734,4.7
27500,31200.0,Benzine,7,3,2,147,1,1618,1684,5.3
25500,46000.0,Diesel,6,2,1,118,0,1598,2471,4.7
27500,24200.0,Diesel,6,3,1,118,0,1598,1659,4.7
27500,44000.0,Benzine,7,2,1,147,0,1618,1684,5.3
27490,35290.0,Diesel,6,3,2,118,0,1598,1659,4.7
27450,65373.0,Diesel,6,3,2,118,0,1600,1635,4.6
27400,57870.0,Diesel,6,3,2,118,0,1598,1635,4.7
27400,12000.0,Diesel,6,2,1,118,0,1598,1734,4.7
27199,18000.0,Diesel,6,1,1,118,0,1598,1734,4.7
27090,36307.0,Benzine,7,2,2,165,0,1798,1734,6.8
27001,14651.0,Diesel,6,1,1,118,0,1598,1685,4.7
27289,47458.0,Diesel,6,2,2,118,1,1598,1734,4.7
27000,26000.0,Diesel,6,2,2,118,0,1598,2353,4.7
27000,41000.0,Diesel,6,2,1,118,0,1598,1734,4.6
26880,42000.0,Diesel,6,3,2,117,0,1598,1734,4.7
26800,332.0,Benzine,7,1,1,165,0,1798,1734,6.8
26700,58000.0,Diesel,6,3,2,118,1,1598,1734,4.7
26890,64895.0,Diesel,6,3,2,118,0,1598,1734,4.7
26890,10557.0,Diesel,6,1,1,119,0,1598,1734,4.7
26500,40000.0,Diesel,6,3,3,118,0,1598,1734,4.7
26490,41231.0,Diesel,6,2,1,118,0,1598,1659,4.7
26490,46752.0,Diesel,6,3,3,118,0,1598,1634,4.6
26300,26900.0,Diesel,6,3,1,118,0,1598,1734,4.7
26000,43000.0,Diesel,6,3,2,118,0,1598,1659,4.7
26500,48922.0,Benzine,6,3,1,147,1,1618,1734,6.2
26450,32853.0,Diesel,6,1,1,118,0,1598,1734,4.6
25999,34109.0,Diesel,6,1,1,118,0,1598,1734,4.7
25999,24433.0,Diesel,6,2,1,118,0,1598,1659,4.0
27000,47000.0,Diesel,6,3,2,118,0,1598,1659,4.7
27000,29220.0,Diesel,6,3,1,118,0,1598,1659,4.7
26995,40000.0,Benzine,7,3,1,147,0,1618,1609,6.2
26995,69530.0,Diesel,6,3,1,118,0,1598,1635,4.6
27000,46000.0,Diesel,6,2,3,118,0,1598,1734,4.7
26994,14478.0,Diesel,6,1,1,118,0,1598,1734,4.7
26990,4068.0,Diesel,6,1,1,118,0,1598,1734,4.6
26990,1923.0,Diesel,6,1,1,118,0,1598,1734,4.6
26990,5992.0,Diesel,6,2,3,118,1,1598,1734,4.7
26990,1935.0,Diesel,6,1,1,118,0,1598,1734,4.6
26990,5841.0,Diesel,6,1,1,118,0,1598,1734,4.6
26990,2751.0,Diesel,6,1,1,118,0,1598,1734,4.6
26970,19800.0,Benzine,7,3,1,147,1,1618,1734,6.2
26950,19450.0,Diesel,6,3,1,118,0,1598,1734,4.7
26990,16869.0,Diesel,6,1,1,119,0,1598,1734,4.7
26950,24700.0,Benzine,7,3,1,147,0,1618,1615,6.2
25490,24053.0,Diesel,6,1,1,118,0,1598,1685,5.0
25490,20329.0,Diesel,6,1,1,118,0,1598,1685,5.0
25000,31000.0,Diesel,6,2,2,118,0,1598,1659,4.7
25211,32512.0,Diesel,6,2,1,118,0,1598,1734,4.7
25100,90000.0,Diesel,6,3,1,118,0,1598,1659,4.7
25490,17057.0,Diesel,6,1,1,119,0,1598,1734,4.7
25000,88000.0,Diesel,6,3,1,118,0,1598,1734,4.6
25300,49000.0,Diesel,6,3,1,118,0,1598,1659,4.7
25000,49785.0,Diesel,6,2,1,118,0,1598,1659,4.6
24999,5600.0,Diesel,6,2,2,118,0,1598,1734,4.7
26900,10000.0,Diesel,6,3,1,118,0,1598,1734,4.7
24900,16955.0,Diesel,6,3,1,118,0,1598,2353,4.7
25000,99000.0,Diesel,6,3,1,118,0,1598,1734,4.5
24900,86900.0,Diesel,6,3,1,118,1,1598,1734,4.7
24900,42700.0,Diesel,6,2,1,118,0,1598,1734,4.7
24899,112061.0,Diesel,6,3,1,118,0,1598,1635,4.6
24900,55290.0,Diesel,6,3,1,118,0,1598,1659,4.7
24900,34700.0,Diesel,6,2,1,118,0,1598,1734,4.7
24900,45908.0,Diesel,6,2,1,118,0,1598,1659,4.7
24850,98877.0,Diesel,6,3,1,118,0,1598,1634,4.6
24840,12182.0,Diesel,6,2,1,118,0,1598,1734,4.7
24790,48000.0,Diesel,6,3,1,118,0,1598,1659,4.7
24750,31620.0,Diesel,6,1,1,118,0,1598,1734,4.6
24790,15328.0,Diesel,6,2,1,118,0,1598,1734,4.7
24750,65000.0,Diesel,6,3,1,118,0,1598,1734,4.6
24600,35000.0,Diesel,6,3,1,118,1,1598,1734,4.7
24700,70139.0,Diesel,6,2,1,118,0,1598,1734,4.7
24700,58577.0,Diesel,6,3,1,118,0,1598,1734,4.7
24599,13350.0,Diesel,6,1,1,118,0,1598,1734,4.6
24999,16364.0,Diesel,6,1,1,119,0,1598,1734,4.7
24998,42710.0,Diesel,6,3,1,118,0,1598,1734,4.7
24990,47423.0,Diesel,6,2,1,117,0,1598,1734,4.7
24990,38002.0,Diesel,6,3,1,118,0,1598,1734,4.6
24990,105121.0,Diesel,6,3,1,118,0,1598,1734,4.7
24990,45000.0,Diesel,6,2,1,118,0,1598,1734,4.6
24990,48000.0,Diesel,6,1,1,118,0,1598,1734,4.6
24990,92887.0,Diesel,6,2,1,118,0,1598,1659,4.7
24950,73598.0,Diesel,6,3,1,118,1,1598,1734,4.7
24990,47499.0,Diesel,6,3,1,118,1,1598,1734,4.7
24950,84938.0,Diesel,6,3,1,118,0,1598,1634,4.6
24900,54549.0,Diesel,6,2,1,118,0,1598,1734,4.6
25490,66984.0,Diesel,6,2,1,118,0,1598,1734,4.7
23599,16000.0,Diesel,6,1,1,118,0,1598,1734,4.6
23500,70000.0,Benzine,7,3,2,147,0,1618,1615,6.2
23500,59000.0,Diesel,6,3,1,118,0,1598,1659,4.7
23490,49616.0,Diesel,6,3,1,118,0,1598,1734,4.6
23490,60800.0,Diesel,6,3,1,118,1,1598,1734,4.7
23490,72118.0,Diesel,6,3,2,118,0,1598,1734,4.7
23490,50054.0,Diesel,6,3,2,118,0,1598,1659,4.7
23300,68632.0,Diesel,6,3,1,118,1,1598,1734,4.7
23299,13490.0,Diesel,6,1,1,118,0,1598,1734,4.6
23299,13185.0,Diesel,6,1,1,118,0,1598,1734,4.6
23290,38000.0,Diesel,6,3,1,118,0,1598,1734,4.7
23099,19510.0,Diesel,6,1,1,118,0,1598,1734,4.6
23000,63000.0,Diesel,6,3,2,118,0,1598,1734,4.7
23400,65000.0,Benzine,7,2,1,147,1,1618,1684,5.3
22995,60350.0,Diesel,6,3,2,118,0,1598,1734,4.7
22990,40321.0,Diesel,6,3,1,118,0,1598,1734,4.7
22990,108000.0,Diesel,6,3,1,118,0,1598,1659,4.7
22990,63440.0,Diesel,6,3,1,118,1,1598,1734,4.7
22990,82725.0,Diesel,6,3,1,118,0,1598,1659,4.7
22990,41147.0,Diesel,6,3,2,118,1,1598,1734,4.7
22990,56346.0,Diesel,6,3,2,119,0,1598,1734,4.7
22990,90663.0,Diesel,6,3,2,118,0,1598,1734,4.6
22990,47551.0,Diesel,6,3,2,119,0,1598,1734,4.7
22990,73300.0,Diesel,6,3,2,119,0,1598,1734,4.7
22980,41688.0,Diesel,6,3,2,118,0,1598,1734,4.7
22990,43426.0,Diesel,6,3,2,118,0,1598,1734,4.7
22910,57500.0,Diesel,6,2,1,119,0,1598,1734,4.7
22990,75951.0,Diesel,6,3,2,119,0,1598,1734,4.7
22990,22595.0,Diesel,6,2,1,118,0,1598,1734,4.7
22900,68000.0,Benzine,7,3,1,147,0,1618,1609,6.2
22900,34873.0,Diesel,6,3,1,119,0,1598,1734,4.7
22850,58751.0,Diesel,6,3,1,118,1,1598,1734,4.7
22790,27532.0,Diesel,6,2,1,118,0,1598,1734,4.6
24500,99292.0,Diesel,6,3,1,118,0,1598,1659,4.7
22990,47540.0,Diesel,6,3,1,118,0,1598,1734,4.6
24500,82000.0,Diesel,6,3,1,118,0,1598,1659,4.7
24500,40271.0,Diesel,6,3,1,120,0,1596,1734,4.7
24500,58078.0,Diesel,6,3,1,118,0,1598,1734,4.6
24499,16379.0,Diesel,6,1,1,118,0,1598,1734,4.6
24490,43747.0,Diesel,6,3,1,118,0,1598,1734,4.7
24490,33000.0,Diesel,6,3,2,118,0,1598,1659,4.6
24490,19939.0,Diesel,6,2,1,118,0,1598,1734,4.7
24490,18268.0,Diesel,6,2,1,118,0,1598,1734,4.7
24430,29311.0,Benzine,7,3,2,147,0,1618,1609,6.2
24430,20678.0,Diesel,6,2,1,119,0,1598,1734,4.7
24199,14470.0,Diesel,6,1,1,118,0,1598,1734,4.6
24400,11184.0,Benzine,7,3,2,147,0,1618,2410,6.2
23990,36682.0,Diesel,6,2,1,119,0,1598,1621,6.2
23990,52285.0,Diesel,6,2,1,118,0,1598,1734,4.7
24400,10208.0,Benzine,7,3,2,147,0,1618,2410,6.2
24299,19000.0,Diesel,6,1,1,118,0,1598,1734,4.6
24200,100.0,Diesel,6,0,0,118,0,1598,1734,4.7
23990,48600.0,Diesel,6,2,1,118,0,1598,1734,4.7
23990,47823.0,Diesel,6,3,2,118,0,1598,1734,4.6
23990,35632.0,Diesel,6,3,1,118,0,1598,1734,4.7
23990,27377.0,Diesel,6,3,1,118,0,1598,1734,4.7
23990,34773.0,Benzine,7,3,1,147,0,1618,2410,6.2
23990,29000.0,Diesel,6,2,1,118,0,1598,1659,4.7
23950,56000.0,Diesel,6,3,1,118,0,1598,1659,4.6
23950,29991.0,Diesel,6,2,1,118,0,1600,1734,4.7
23900,67600.0,Benzine,7,3,1,147,0,1618,1615,6.2
23900,75000.0,Diesel,6,3,1,118,0,1598,1734,4.6
23900,89639.0,Diesel,6,3,1,117,0,1598,1734,4.7
23900,110581.0,Diesel,6,3,1,118,0,1598,1634,4.6
23890,67388.0,Benzine,6,3,1,147,1,1618,1734,6.2
23890,48100.0,Diesel,6,3,1,118,0,1598,1734,4.7
23800,56340.0,Diesel,6,2,1,118,0,1589,1685,5.0
23800,69600.0,Diesel,6,2,1,118,0,1589,1685,5.0
22222,77700.0,Diesel,6,3,1,118,0,1598,1734,4.6
23800,30000.0,Diesel,6,2,1,118,0,1598,1734,4.7
22500,64200.0,Diesel,6,3,1,118,0,1598,1734,4.7
22390,52935.0,Diesel,6,3,1,118,0,1598,1734,4.6
21990,139628.0,Diesel,6,3,1,118,0,1598,1659,4.6
21990,97506.0,Diesel,6,3,1,118,0,1598,1734,4.6
21990,94600.0,Diesel,6,3,1,118,1,1598,1734,4.7
21990,98501.0,Diesel,6,3,1,118,0,1598,1734,4.7
21980,68900.0,Diesel,6,3,1,117,0,1598,1734,4.7
21950,79000.0,Benzine,6,3,1,147,0,1618,1609,6.2
21950,64000.0,Diesel,6,3,1,118,0,1598,1659,4.6
21990,66205.0,Diesel,6,3,1,118,0,1598,1659,4.7
21950,79000.0,Benzine,7,3,1,147,0,1618,2410,6.2
21350,90550.0,Diesel,6,3,1,118,0,1598,1734,4.6
21950,64000.0,Diesel,6,3,1,118,0,1598,2353,4.7
21400,106000.0,Diesel,6,3,1,118,0,1598,1659,4.0
21400,35000.0,Diesel,6,3,1,118,0,1598,1734,4.6
21000,93768.0,Diesel,6,3,1,118,0,1598,1659,4.7
20999,49000.0,Benzine,7,3,2,147,0,1618,1684,5.3
20995,106000.0,Diesel,6,3,2,115,0,1596,1734,4.7
20990,42713.0,Diesel,6,3,2,118,0,1598,1659,4.7
20999,54000.0,Diesel,6,3,2,118,0,1598,1734,4.6
20990,69033.0,Diesel,6,3,2,118,0,1598,1734,4.6
20990,112500.0,Diesel,6,3,1,118,1,1598,1734,4.7
20990,92135.0,Benzine,6,3,1,147,1,1618,1819,6.2
20900,77931.0,Diesel,6,2,1,118,0,1598,2471,4.7
20900,99980.0,Diesel,6,3,1,117,0,1598,1734,4.7
20900,98000.0,Diesel,6,3,1,118,0,1598,1734,4.7
20900,89000.0,Diesel,6,3,1,118,0,1598,1734,4.7
20900,66265.0,Diesel,6,3,1,118,0,1598,1734,4.6
20950,34772.0,Diesel,6,2,1,118,0,1598,1734,4.7
21900,88000.0,Diesel,6,3,1,118,0,1598,1734,4.7
21900,62100.0,Diesel,6,3,1,118,0,1598,1734,4.7
21900,61352.0,Diesel,6,3,1,118,0,1598,1734,4.7
21900,32507.0,Diesel,6,3,1,118,0,1598,1621,4.7
21900,54349.0,Diesel,6,2,1,117,0,2000,1734,4.7
21890,98000.0,Diesel,6,3,1,118,0,1598,1734,4.7
21890,74490.0,Benzine,6,3,1,147,1,1618,1734,5.3
21800,80000.0,Diesel,6,2,1,118,0,1598,1734,4.7
21750,102000.0,Diesel,6,3,1,118,0,1598,1734,4.6
21600,78000.0,Diesel,6,3,1,118,0,1598,1734,4.6
21590,101000.0,Diesel,6,3,1,118,0,1598,1734,4.7
21500,133050.0,Benzine,7,3,1,147,1,1618,1684,5.3
21500,110247.0,Diesel,6,2,1,118,0,1598,1734,4.7
21490,29900.0,Diesel,6,2,1,118,0,1598,1734,4.7
21550,78058.0,Diesel,6,3,1,118,1,1598,1734,4.7
21450,71856.0,Diesel,6,3,1,118,1,1598,1734,4.7
20900,109000.0,Diesel,6,3,1,118,0,1598,1734,4.7
19999,55000.0,Diesel,6,3,1,118,0,1598,1734,4.7
19999,37500.0,Diesel,6,3,1,118,0,1598,1734,4.6
21450,72000.0,Diesel,6,3,1,119,0,1598,1659,4.7
19990,90000.0,Diesel,6,3,1,118,0,1598,1734,4.6
21400,144015.0,Benzine,7,3,1,147,0,1600,1584,6.2
19950,66000.0,Diesel,6,3,1,118,0,1598,1659,4.6
19950,98000.0,Diesel,6,3,1,118,0,1598,1659,4.6
19950,66000.0,Diesel,6,3,1,118,0,1598,2353,4.7
19950,98000.0,Diesel,6,3,1,118,0,1598,2353,4.7
19900,85100.0,Diesel,6,3,1,118,0,1600,1734,4.7
19900,99000.0,Diesel,6,3,1,118,0,1598,1734,4.6
19900,24536.0,Diesel,6,3,1,118,0,1598,1734,4.7
19850,126000.0,Diesel,6,3,1,118,0,1598,1735,4.7
19500,90000.0,Diesel,6,3,1,118,0,1580,1734,4.7
19500,95000.0,Diesel,6,3,1,118,0,1598,1734,4.7
19450,82000.0,Diesel,6,2,1,118,0,1598,1659,4.6
19450,82000.0,Diesel,6,2,1,118,0,1598,2353,4.7
20745,125739.0,Diesel,6,3,1,118,0,1598,1634,6.2
20455,68570.0,Diesel,6,3,1,118,0,1598,1659,4.6
20450,86000.0,Diesel,6,3,1,118,0,1598,2353,4.7
20039,136701.0,Diesel,6,3,1,118,0,1598,1734,4.7
20000,116000.0,Diesel,6,3,1,118,0,1598,1734,4.7
19250,141000.0,Diesel,6,3,1,118,0,1598,1659,4.7
19013,93258.0,Diesel,6,3,1,118,0,1598,1736,4.7
20400,66000.0,Diesel,6,3,1,118,0,1598,1734,4.7
20000,75000.0,Diesel,6,2,1,118,0,1598,1659,4.6
18538,114300.0,Diesel,6,3,1,118,0,1598,1736,4.7
19000,57000.0,Benzine,7,3,4,147,0,1618,1684,5.3
19000,87397.0,Diesel,6,3,1,118,0,1598,1659,4.6
18500,151927.0,Diesel,6,3,1,118,0,1598,1734,4.7
18900,127246.0,Diesel,6,3,1,118,0,1598,1734,4.7
18790,87445.0,Diesel,6,3,1,118,0,1598,1734,4.6
17990,83425.0,Diesel,6,3,1,118,0,1598,1734,4.6
18500,78440.0,Diesel,6,3,1,118,0,1598,1659,4.7
18480,112300.0,Benzine,6,3,1,147,0,1618,1734,6.2
18440,91193.0,Diesel,6,3,1,118,1,1598,1734,4.7
18390,138200.0,Diesel,6,3,1,118,1,1598,1734,4.7
17999,149750.0,Diesel,6,3,1,118,1,1598,1734,4.7
17499,90000.0,Diesel,6,3,1,118,0,1598,1734,4.7
17480,113100.0,Diesel,6,2,1,118,0,1598,1734,4.6
17900,148000.0,Diesel,6,3,2,118,0,1598,1734,4.7
17900,72200.0,Benzine,7,3,2,147,0,1618,1621,6.2
17500,141000.0,Diesel,6,3,2,118,0,1598,1734,4.6
17500,118596.0,Diesel,6,3,2,118,0,1598,1734,4.7
14600,240000.0,Diesel,6,2,1,118,0,1598,1659,4.6
12990,180000.0,Diesel,6,3,1,118,1,1997,1734,5.1
16900,98000.0,Diesel,6,3,1,118,0,1598,1734,4.7
17400,110000.0,Diesel,6,3,1,118,0,1598,2471,4.7
17000,100000.0,Diesel,6,3,1,118,0,1598,1734,4.7
13500,152736.0,Diesel,6,3,1,118,0,1598,1659,4.7
12990,197414.0,Diesel,6,3,1,118,0,1598,1734,4.7
14900,141522.0,Diesel,6,3,1,118,0,1598,1734,4.7
28465,11.0,Diesel,6,0,0,118,1,1598,1734,5.1
28850,10000.0,Diesel,6,1,1,96,0,1598,1734,4.5
18000,92100.0,Diesel,6,3,1,96,0,1598,1734,4.5
27999,10.0,Diesel,6,1,1,96,0,1598,1697,4.5
28140,10.0,Diesel,6,0,0,96,0,1598,1734,4.4
16950,76000.0,Diesel,6,3,1,96,0,1598,1615,4.4
16950,75000.0,Diesel,6,2,1,96,0,1598,1615,4.4
17950,84000.0,Diesel,6,3,1,96,0,1598,1622,4.4
17950,84000.0,Diesel,6,3,1,96,0,1598,2353,4.5
29500,1647.362609,Diesel,6,0,0,96,0,1598,1697,4.5
47990,10.0,Diesel,6,0,0,146,0,1997,1765,5.3
46895,1647.362609,Diesel,6,0,0,147,0,1997,2044,5.4
43080,2000.0,Benzine,6,0,0,165,1,1798,1734,7.4
37290,1647.362609,Diesel,6,0,0,146,0,1997,1804,5.4
42681,14900.0,Benzine,6,0,1,165,1,1798,1734,7.4
32900,19600.0,Diesel,6,3,1,118,0,1598,1734,4.7
32900,18035.13007,Diesel,6,1,1,118,0,1598,1734,4.7
36590,5000.0,Benzine,7,1,1,165,0,1798,1685,6.8
31800,50.0,Diesel,6,1,2,96,0,1598,1734,4.4
31000,10.0,Diesel,6,0,1,96,0,1598,1734,4.4
30980,32000.0,Benzine,7,2,1,147,0,1618,1659,6.2
17900,58350.0,Diesel,6,3,1,96,0,1598,1697,4.5
17900,101817.0,Diesel,6,3,1,96,0,1598,1540,4.5
17750,95688.0,Diesel,6,3,1,96,0,1598,1540,4.5
17450,90405.0,Diesel,6,3,1,96,0,1598,1615,4.4
16990,78000.0,Diesel,6,3,1,96,1,1598,1734,4.5
15500,169068.0,Diesel,6,3,1,96,0,1598,1615,4.4
13000,132673.0,Diesel,6,3,1,96,0,1598,1615,4.4
16900,39000.0,Diesel,6,3,1,96,0,1598,1697,4.5
16480,85500.0,Diesel,6,3,1,96,0,1598,1734,4.4
14999,101000.0,Diesel,6,3,1,96,0,1598,1697,4.5
12614,197323.0,Diesel,6,3,1,96,1,1598,1734,4.4
24900,72726.0,Diesel,6,3,1,96,0,1598,1635,4.4
24800,17700.0,Diesel,6,1,1,96,0,1598,1540,4.5
23990,29900.0,Diesel,6,2,1,96,1,1598,1685,4.4
24950,56262.0,Diesel,6,3,1,96,0,1598,1515,4.4
23900,26200.0,Diesel,6,2,1,96,0,1598,1540,4.0
24900,20000.0,Diesel,6,1,1,96,0,1598,1540,4.0
23750,48403.0,Diesel,6,1,1,96,0,1598,1615,4.4
22995,3532.0,Diesel,6,3,1,96,0,1598,1615,4.5
22300,74645.0,Diesel,6,3,1,96,0,1598,1540,4.5
22990,15564.0,Diesel,6,2,1,96,0,1598,2353,4.4
21995,75249.0,Diesel,6,3,1,96,0,1598,1635,4.4
21975,68436.0,Diesel,6,3,1,118,1,1598,1734,4.7
21800,89000.0,Diesel,6,3,1,96,0,1598,1615,4.4
21495,65000.0,Diesel,6,3,1,96,0,1598,1734,4.7
21900,34461.0,Diesel,6,3,1,96,1,1598,1734,4.7
21490,38156.0,Diesel,6,3,1,96,0,1598,1615,4.4
27990,16000.0,Diesel,7,2,1,118,0,1598,1734,4.7
27990,7000.0,Diesel,6,2,1,118,0,1598,1734,4.7
27990,38765.0,Diesel,6,1,1,119,0,1598,1734,4.7
27990,27987.0,Benzine,6,2,1,149,0,1618,1734,4.7
27990,34133.0,Diesel,6,1,1,119,0,1598,1734,4.7
27950,67158.0,Diesel,6,2,1,118,0,1598,1635,4.6
27950,54000.0,Diesel,6,2,1,118,0,1598,1734,4.6
27950,40000.0,Diesel,7,2,2,118,0,1598,1734,4.7
27900,153.0,Diesel,6,2,2,118,0,1598,1734,4.7
27900,41508.0,Benzine,7,3,1,147,0,1618,1621,6.2
27900,13002.0,Diesel,6,2,2,118,0,1598,1734,4.6
27900,19532.0,Diesel,6,1,1,118,0,1598,1659,4.7
27900,26450.0,Diesel,6,3,2,118,0,1598,1734,4.7
27850,32400.0,Diesel,5,1,1,118,1,1600,1734,4.7
27900,67470.0,Diesel,6,3,1,118,0,1598,1778,4.7
21000,46000.0,Diesel,6,3,1,96,0,1598,1615,4.4
27900,76591.0,Diesel,6,2,2,118,0,1598,1635,4.6
27888,112237.0,Diesel,6,2,2,118,0,1598,1635,4.6
27850,32400.0,Diesel,5,1,1,118,0,1600,1734,4.7
20990,48400.0,Diesel,6,3,2,96,1,1598,1734,4.4
20500,7455.0,Diesel,6,3,2,96,0,1598,2353,4.5
20900,49900.0,Diesel,6,3,2,96,0,1598,1615,4.5
20500,16995.0,Diesel,6,3,2,96,0,1598,2353,4.5
20500,6119.0,Diesel,6,3,2,96,0,1598,2353,4.5
19990,65700.0,Diesel,6,3,2,96,0,1598,1615,4.4
19900,75000.0,Diesel,6,3,1,96,0,1598,1615,4.4
19490,97261.0,Diesel,6,3,1,96,0,1598,1540,4.7
19500,71980.0,Diesel,6,3,2,96,0,1598,1735,4.0
19490,61000.0,Diesel,6,3,2,96,0,1598,1540,4.5
19450,38000.0,Diesel,6,2,2,96,0,1598,1615,4.4
18999,55000.0,Diesel,6,3,1,96,0,1598,1685,5.0
18999,81120.0,Diesel,6,3,1,118,0,1600,1734,4.7
18990,85159.0,Diesel,6,3,1,96,0,1598,1540,4.7
18950,85010.0,Diesel,6,3,1,96,0,1598,1515,4.4
18450,46126.0,Diesel,6,3,1,96,1,1598,1615,4.4
27890,21978.0,Diesel,6,2,2,96,0,1598,1622,4.7
18800,75000.0,Diesel,6,3,1,96,0,1598,1615,4.4
27440,25069.0,Diesel,6,3,1,96,0,1598,1635,4.4
26990,10400.0,Diesel,6,2,1,96,0,1598,1734,4.5
25990,28000.0,Diesel,6,1,1,98,0,1598,1734,4.7
25900,55600.0,Diesel,6,3,1,118,1,1598,1734,4.7
26450,10.0,Diesel,6,0,1,96,0,1598,1734,4.4
25980,10585.0,Diesel,6,1,1,96,0,1598,1761,4.4
25700,21850.0,Diesel,6,2,1,118,0,1598,1734,4.7
25499,20862.0,Diesel,6,2,1,96,0,1598,1540,4.5
25490,19422.0,Diesel,6,1,1,98,0,1598,1734,4.7
25200,56100.0,Diesel,6,3,1,118,0,1598,1734,4.6
24980,19083.0,Diesel,6,2,1,98,0,1598,1734,4.7
23900,35276.0,Diesel,6,2,1,118,0,1598,1734,4.7
16900,122000.0,Diesel,6,3,1,118,0,1598,1734,4.7
35000,19311.0,Diesel,6,1,1,118,0,1598,1734,4.7
32990,13550.0,Benzine,6,1,1,165,0,1798,1685,6.8
30500,19000.0,Diesel,6,1,1,118,0,1598,1734,4.7
30000,11000.0,Diesel,6,1,1,118,0,1598,1734,4.7
30000,57500.0,Diesel,6,3,1,118,0,1598,1734,4.7
56950,11.0,Diesel,6,0,1,146,0,1997,1779,5.4
29500,17900.0,Diesel,6,1,1,118,0,1598,1734,4.7
39990,11000.0,Diesel,6,1,1,118,0,1598,1659,4.7
38290,4500.0,Diesel,6,1,1,118,0,1598,1734,4.7
23000,50000.0,Diesel,6,3,1,118,0,1598,1734,4.7
22900,50200.0,Benzine,6,3,2,147,0,1618,1734,6.2
21000,80000.0,Diesel,6,2,1,118,0,1598,1734,4.7
23000,55000.0,Diesel,6,3,1,118,0,1598,1734,4.7
28300,38000.0,Diesel,6,2,1,118,0,1598,1734,4.7
27990,6700.0,Diesel,6,1,1,118,0,1598,1734,4.7
27000,8500.0,Diesel,6,2,1,118,0,1598,1734,4.7
25000,49000.0,Diesel,6,2,1,118,0,1598,1734,4.7
26000,43700.0,Diesel,6,3,1,118,0,1598,1734,4.7
26000,50200.0,Diesel,6,2,1,118,0,1598,1734,4.7
25990,53896.0,Diesel,6,3,1,118,1,1598,1734,4.7
24900,91883.0,Diesel,6,3,0,118,0,1598,1734,4.7
20500,82572.0,Diesel,6,3,1,118,0,1598,1734,4.7
24200,65000.0,Diesel,6,3,2,118,0,1598,1734,4.7
19999,65000.0,Diesel,6,2,1,118,0,1598,1734,4.7
19900,130000.0,Diesel,6,3,1,118,0,1598,1734,4.7
20900,140000.0,Diesel,6,3,1,118,0,1598,1734,4.7
19900,88000.0,Diesel,6,3,1,118,0,1598,1734,4.7
19900,102765.0,Diesel,7,3,1,118,0,1598,1734,4.7
19800,130000.0,Diesel,6,3,1,118,0,1598,1734,4.7
19100,112000.0,Diesel,6,3,1,118,0,1598,1734,4.7
19000,95000.0,Diesel,6,3,1,118,0,1598,1734,4.7
18850,110000.0,Diesel,6,3,1,118,0,1598,1734,4.7
17500,120000.0,Diesel,6,3,1,118,0,1598,1734,4.7
17500,93000.0,Diesel,6,3,1,118,0,1598,1734,4.7
19000,85000.0,Diesel,6,3,1,118,0,1598,1734,4.7
17300,79000.0,Diesel,6,3,1,118,0,1598,1734,4.7
28500,20900.0,Diesel,6,1,1,118,0,1598,1659,4.7
28500,18000.0,Diesel,6,1,1,118,0,1598,1659,4.7
28500,26862.0,Diesel,6,1,1,118,0,1598,1734,4.7
29200,26059.0,Diesel,6,2,1,118,0,1598,1734,4.7
31360,10.0,Diesel,6,0,1,118,1,1997,1615,5.6
28500,27000.0,Benzine,7,2,1,147,0,1618,1609,6.2
30900,18035.13007,Diesel,6,1,1,118,0,1600,1685,5.0
29990,7809.0,Diesel,6,1,1,118,0,1598,1734,4.6
29990,40150.0,Diesel,6,2,1,119,0,1598,1734,4.7
29990,9332.0,Diesel,6,1,1,118,0,1598,1734,4.6
31890,1647.362609,Benzine,7,0,1,165,0,1798,1685,7.4
29990,17025.0,Diesel,6,2,1,118,0,1598,1734,4.6
31975,15.0,Diesel,6,0,1,118,1,1997,1734,5.1
33000,18035.13007,Diesel,6,1,1,118,0,1598,1734,4.7
32990,13495.0,Diesel,6,1,1,118,0,1598,1734,4.6
32990,16571.0,Diesel,6,1,1,118,0,1598,1734,4.6
33900,43.0,Diesel,6,1,1,118,0,1598,1734,4.7
32975,15.0,Diesel,6,0,1,146,1,1997,1734,5.3
33900,21000.0,Benzine,7,2,1,147,1,1618,1684,5.3
32975,15.0,Diesel,6,0,1,118,1,1997,1734,5.1
33800,10.0,Benzine,6,0,1,165,0,1798,1734,7.4
33750,62093.0,Benzine,7,2,1,147,0,1618,1621,6.2
33500,18035.13007,Diesel,6,1,1,118,0,1598,1734,4.7
33800,41736.0,Benzine,7,2,1,147,0,1618,1621,6.2
33500,24835.0,Diesel,6,2,1,118,0,1600,1635,4.6
33781,99.0,Benzine,6,0,1,165,1,1798,1843,7.4
33500,11000.0,Benzine,7,2,1,165,0,1798,1685,6.8
33500,1000.0,Diesel,6,1,1,118,0,1598,1659,4.7
33300,10.0,Diesel,6,0,1,118,0,1598,1734,4.6
33300,18035.13007,Diesel,6,1,1,118,0,1598,1734,4.7
33495,150.0,Benzine,7,0,1,165,0,1798,1734,7.4
33500,100.0,Diesel,6,0,1,118,0,1598,1621,6.2
33400,886.0,Diesel,6,1,1,118,0,1598,1734,4.6
33400,454.0,Diesel,6,1,1,118,0,1598,1734,4.6
33285,16840.0,Benzine,6,2,2,165,0,1798,1734,6.8
33070,10.0,Benzine,6,0,1,165,1,1798,1708,7.4
32990,5000.0,Benzine,7,0,1,165,0,1798,1734,6.8
32990,19000.0,Diesel,6,1,1,118,0,1598,1734,4.6
32990,25102.0,Diesel,6,2,2,118,0,1598,1734,4.6
32900,1.0,Diesel,6,0,1,118,0,1598,1734,4.7
32990,23548.0,Benzine,6,2,2,165,0,1798,1734,6.8
32900,15824.0,Diesel,6,1,1,118,0,1598,1734,4.6
32900,9712.0,Benzine,7,1,1,165,0,1798,1685,6.8
32950,9900.0,Benzine,6,1,1,165,0,1798,1685,6.8
32935,9350.0,Diesel,6,1,1,118,0,1598,1734,4.7
32930,1510.0,Benzine,6,0,1,165,1,1798,1734,4.7
32900,1.0,Diesel,6,2,2,118,0,1598,1734,4.7
32900,16800.0,Diesel,6,2,2,118,0,1598,1734,4.7
32900,48901.0,Diesel,6,2,2,118,0,1598,1735,4.7
32750,18035.13007,Diesel,6,1,1,118,0,1598,1734,4.7
32750,10.0,Benzine,7,0,1,165,0,1798,1633,7.4
32750,42491.0,Diesel,6,2,2,118,0,1600,1635,4.6
32800,30000.0,Diesel,6,1,1,118,0,1598,1685,5.0
32700,10600.0,Benzine,6,1,1,165,0,1798,1685,6.8
32700,10.0,Diesel,6,0,1,118,0,1997,1758,5.1
32600,10.0,Benzine,7,0,1,165,0,1798,1734,4.7
32576,10100.0,Diesel,6,1,1,118,0,1598,1734,4.6
32570,10.0,Diesel,6,0,1,118,1,1997,1734,5.6
32685,17153.0,Benzine,7,1,1,165,0,1798,1685,6.8
32550,1647.362609,Diesel,6,0,1,118,0,1997,1659,5.0
32310,16660.0,Diesel,6,1,1,118,0,1598,1734,4.7
32500,14000.0,Diesel,6,2,2,118,0,1598,1635,4.7
32500,1510.0,Benzine,6,0,1,165,1,1798,1734,4.7
32200,10.0,Benzine,7,0,1,165,0,1798,1734,4.7
32000,7000.0,Diesel,6,1,1,118,0,1598,1735,4.7
32500,19500.0,Diesel,6,1,1,118,0,1598,1734,4.7
32000,16615.0,Diesel,6,2,2,118,0,1598,1734,4.7
32498,18035.13007,Diesel,6,1,1,118,0,1598,1734,4.7
31990,9535.0,Benzine,6,1,1,165,0,1798,1734,6.8
31990,27678.0,Diesel,6,1,1,119,0,1598,1734,4.7
31990,26585.0,Benzine,6,1,1,165,1,1798,1685,6.8
31990,2748.0,Diesel,6,1,1,118,0,1598,1734,4.7
31980,23049.0,Benzine,7,1,1,165,1,1798,1734,6.8
31980,21377.0,Diesel,6,1,1,119,0,1598,1734,4.7
31990,11990.0,Benzine,6,1,1,165,1,1798,1734,6.8
31990,7959.0,Diesel,6,1,1,119,0,1598,1734,4.7
31850,22200.0,Benzine,6,1,1,165,1,1798,1734,6.8
31800,24650.0,Benzine,7,1,1,165,1,1798,1734,6.8
31780,11600.0,Benzine,7,1,1,165,1,1798,1724,6.8
31850,1.0,Diesel,6,0,1,118,0,1997,1758,5.1
31800,20.0,Diesel,6,1,1,118,0,1598,1734,4.7
31570,10.0,Diesel,6,0,1,118,1,1997,1833,5.1
31560,10.0,Benzine,6,0,1,165,1,1798,1685,6.8
31775,18853.0,Benzine,6,2,1,165,0,1798,1734,4.7
31600,1.0,Diesel,6,1,1,118,0,1598,1734,4.7
31650,31771.0,Diesel,6,1,1,118,0,1598,1734,4.7
31500,13000.0,Diesel,6,1,1,118,0,1598,1659,4.7
31500,18035.13007,Diesel,6,1,1,118,0,1598,1734,4.7
31490,39990.0,Diesel,6,2,1,118,0,1598,1659,4.7
29990,25000.0,Diesel,6,2,1,119,0,1598,1734,4.7
31490,39990.0,Diesel,6,2,1,118,0,1600,1734,4.6
29975,15.0,Benzine,7,0,1,165,1,1798,1734,7.4
31500,10100.0,Diesel,6,1,1,118,0,1598,1734,4.6
29975,19800.0,Diesel,6,1,1,118,1,1598,1685,4.7
29900,14600.0,Benzine,7,1,1,165,0,1798,1685,6.8
29950,31501.0,Diesel,6,2,1,118,0,1598,1659,4.7
29900,36147.0,Diesel,6,2,1,118,0,1598,1734,4.7
29900,11107.0,Diesel,6,1,1,118,0,1598,1734,4.7
29900,25317.0,Diesel,6,1,1,118,0,1598,1734,4.7
29900,17500.0,Diesel,6,2,2,118,0,1598,1734,4.7
29900,28000.0,Diesel,6,1,1,118,0,1598,1734,4.6
29799,9000.0,Diesel,6,1,1,118,0,1598,1734,4.7
29750,10.0,Benzine,7,0,1,165,0,1798,1734,4.7
30900,850.0,Benzine,6,1,1,118,0,1598,1734,6.8
29900,19946.0,Benzine,6,1,1,165,1,1798,1734,6.8
30880,14900.0,Benzine,7,2,1,147,0,1618,1684,5.3
29900,27942.0,Benzine,6,1,1,165,1,1798,1734,6.8
31975,15.0,Diesel,6,0,1,146,1,1997,1734,5.3
30480,10279.0,Diesel,6,1,1,119,0,1598,1734,4.7
31960,1510.0,Benzine,6,0,1,165,1,1798,1734,4.7
31950,44355.0,Diesel,6,2,1,118,0,1598,1635,4.7
31900,24000.0,Benzine,7,1,1,165,1,1798,1685,6.8
30590,23290.0,Benzine,6,1,1,165,1,1798,1820,6.8
30160,10.0,Diesel,6,0,1,118,0,1598,1734,4.6
30650,11700.0,Diesel,6,2,1,118,0,1600,1734,4.7
29999,8000.0,Diesel,6,1,1,118,0,1598,1734,4.7
29999,20880.0,Diesel,6,2,1,118,0,1598,1659,4.7
29990,21678.0,Benzine,7,1,1,165,1,1798,1685,6.8
29990,9293.0,Diesel,6,1,1,119,0,1598,1734,4.7
29990,21709.0,Diesel,6,2,1,118,0,1598,1734,4.6
29990,26000.0,Diesel,6,2,1,118,1,1598,1734,4.7
29990,28684.0,Diesel,6,1,1,118,0,1598,1734,4.7
29990,20495.0,Benzine,6,1,1,165,1,1798,1685,6.8
29990,27893.0,Diesel,6,1,1,118,1,1598,1734,4.7
31900,33949.0,Diesel,6,1,1,118,0,1598,1659,4.7
31900,18035.13007,Diesel,6,1,1,118,0,1598,1659,4.7
29990,39000.0,Diesel,6,1,1,118,0,1598,1659,4.7
31900,47.0,Diesel,6,1,1,118,0,1598,1734,4.7
31900,29728.0,Diesel,6,1,1,118,0,1598,1659,4.7
31900,22000.0,Diesel,6,1,1,118,0,1598,1734,4.7
31900,1.0,Diesel,6,0,1,118,0,1598,1734,4.7
31900,23825.0,Benzine,7,1,1,165,0,1798,1610,6.8
31900,21304.0,Diesel,6,1,1,119,0,1598,1734,4.7
31265,10.0,Benzine,6,0,1,165,1,1798,1685,6.8
31899,18099.0,Benzine,7,1,1,165,1,1798,1734,6.2
31200,12000.0,Diesel,6,1,1,118,0,1598,1734,4.7
31150,18035.13007,Diesel,6,1,1,118,0,1598,1659,4.7
31000,18035.13007,Diesel,6,1,1,118,0,1598,1734,4.7
30990,27150.0,Benzine,6,1,1,165,1,1798,1734,6.8
30990,24080.0,Benzine,6,1,1,165,1,1798,1685,6.8
30980,13534.0,Benzine,7,1,1,165,0,1798,1685,6.8
31000,18500.0,Diesel,6,2,2,118,0,1598,1659,4.7
30975,15.0,Diesel,6,0,1,118,1,1997,1734,5.1
31000,31000.0,Diesel,6,1,1,118,0,1598,1734,4.7
30975,15.0,Benzine,7,0,1,165,1,1798,1734,7.4
28990,29400.0,Benzine,7,1,1,165,1,1798,1685,6.8
28990,34175.0,Diesel,6,1,1,119,0,1598,1734,4.7
30965,11.0,Benzine,7,0,1,165,1,1798,1734,7.4
30950,1.0,Diesel,6,0,1,118,0,1997,1758,5.1
30950,27000.0,Benzine,7,1,2,165,0,1798,1685,6.8
30900,33000.0,Diesel,6,1,1,118,0,1598,1659,4.7
28990,24689.0,Diesel,6,2,2,119,0,1598,1734,4.7
28990,5992.0,Diesel,6,2,2,118,0,1598,1734,4.7
28975,78000.0,Diesel,6,2,1,118,0,1598,1891,4.7
28975,15.0,Benzine,7,0,1,165,1,1798,1734,7.4
28900,18800.0,Diesel,6,2,1,118,0,1598,1734,4.7
28990,27896.0,Diesel,6,1,1,118,1,1598,1685,4.7
28950,15200.0,Diesel,6,2,1,118,0,1598,1702,4.7
28940,31000.0,Diesel,6,1,1,118,0,1598,1734,4.7
28900,28976.0,Benzine,6,2,1,147,0,1618,1684,6.2
28890,50.0,Diesel,6,0,1,118,1,1997,1833,5.1
28900,40000.0,Diesel,6,1,1,118,0,1598,1659,4.7
28900,29500.0,Diesel,6,2,1,118,0,1598,1734,4.7
28890,500.0,Diesel,6,0,1,118,1,1997,1833,5.1
28650,1647.362609,Diesel,6,0,1,118,0,1997,1833,5.1
28599,16000.0,Diesel,6,1,1,118,0,1598,1734,4.6
29700,6900.0,Benzine,7,1,1,165,0,1798,1685,6.8
29700,1.0,Diesel,6,0,1,118,0,1598,1734,4.7
28500,22801.0,Diesel,6,2,1,118,0,1598,1734,4.6
29611,6250.0,Benzine,7,1,1,165,1,1798,1685,6.8
29500,16500.0,Diesel,6,1,1,118,0,1598,1734,4.7
29500,31686.0,Diesel,6,2,1,118,0,1598,1734,4.7
29500,5500.0,Diesel,6,1,1,118,0,1598,1734,4.7
29499,15000.0,Diesel,6,1,1,118,0,1598,1734,4.7
29499,19000.0,Diesel,6,1,1,118,0,1598,1734,4.7
29490,22100.0,Benzine,7,1,2,165,0,1798,1685,6.8
29385,21123.0,Benzine,6,1,1,165,0,1798,1685,6.8
29385,21123.0,Benzine,6,1,1,165,1,1798,1685,6.8
29385,32001.0,Benzine,6,1,1,165,0,1798,1685,6.8
29385,32001.0,Benzine,6,1,1,165,1,1798,1685,6.8
28490,18988.0,Diesel,6,2,1,118,0,1598,1660,4.6
29330,9350.0,Benzine,7,1,1,165,0,1798,1685,6.8
28490,102001.0,Diesel,6,2,1,118,0,1598,1635,4.6
29300,56585.0,Diesel,6,2,1,118,0,1598,1734,4.6
28500,31000.0,Diesel,6,2,1,118,0,1598,1734,4.7
28465,10.0,Diesel,6,0,1,118,1,1997,1615,5.6
28000,21000.0,Diesel,6,2,1,118,0,1598,1659,4.7
28250,10950.0,Diesel,6,1,1,118,0,1598,1685,5.0
28490,51776.0,Diesel,6,2,1,118,0,1598,1734,4.6
28200,41300.0,Diesel,6,2,1,118,0,1598,1734,4.7
35690,8000.0,Diesel,6,1,1,119,0,1598,1734,4.7
36330,10.0,Diesel,7,1,1,118,0,1598,1734,4.7
36312,1647.362609,Benzine,7,0,1,165,0,1798,1609,6.0
36000,150.0,Benzine,6,1,1,165,0,1798,1659,6.8
34989,10290.0,Benzine,7,1,1,165,1,1798,1685,6.8
35146,1647.362609,Diesel,6,0,1,118,0,1997,1659,5.0
36400,131.0,Diesel,6,1,1,118,0,1598,1809,4.0
36950,24327.0,Benzine,7,1,1,165,0,1798,1624,6.8
34985,120.0,Diesel,6,1,1,118,0,1598,1734,4.7
35100,5250.0,Diesel,6,1,1,118,0,1600,1734,6.0
35580,99.0,Benzine,6,0,1,165,1,1798,1843,7.4
36975,15.0,Diesel,6,0,1,146,1,1997,1734,5.3
36950,20.0,Benzine,7,1,1,165,1,1798,1708,7.4
36900,9895.0,Benzine,7,1,1,165,0,1798,1685,5.0
36890,1647.362609,Diesel,6,0,1,147,0,1997,1659,5.0
37989,10767.0,Diesel,7,1,1,118,1,1598,1734,4.7
38700,10.0,Benzine,6,0,1,165,0,1798,1685,6.8
36900,1.0,Diesel,6,0,1,118,0,1598,1659,4.7
38690,100.0,Benzine,6,1,1,165,0,1798,1734,6.8
39290,0.0,Diesel,6,0,0,118,0,1598,1734,4.7
38880,5259.0,Benzine,6,1,1,165,1,1798,1734,7.4
39485,4490.0,Diesel,6,0,1,147,0,1997,1734,5.7
38875,15.0,Diesel,6,0,1,146,1,1997,1734,5.3
39280,14900.0,Benzine,6,0,1,165,1,1798,1734,7.6
39089,50.0,Benzine,6,0,1,165,0,1798,1734,7.4
39070,10.0,Diesel,6,0,1,147,1,1997,1734,5.7
38990,13625.0,Diesel,6,1,1,118,0,1598,2471,4.7
38990,190.0,Benzine,7,1,1,165,0,1798,1633,7.4
38990,20.0,Diesel,6,1,1,118,1,1598,1734,4.7
38990,15400.0,Benzine,7,0,1,165,0,1798,1734,7.6
38980,200.0,Benzine,7,1,1,165,0,1618,1734,6.8
38950,15000.0,Diesel,6,0,1,147,0,1997,1734,5.3
38900,3000.0,Benzine,6,0,1,118,0,1598,1734,7.4
38960,15101.0,Diesel,6,1,1,118,0,1598,1659,4.7
38890,16800.0,Benzine,6,1,1,165,0,1598,1734,6.8
38890,350.0,Benzine,6,1,1,165,0,1798,1734,7.4
38650,1200.0,Benzine,6,0,1,168,0,1798,1734,4.7
38888,15.0,Benzine,7,1,1,165,1,1798,1685,6.8
38290,10.0,Benzine,7,1,1,165,0,1798,1708,7.4
38580,17900.0,Benzine,6,1,1,165,1,1798,1734,7.4
38490,1.0,Diesel,6,1,1,118,0,1598,1734,4.7
38490,24459.0,Benzine,7,1,1,165,0,1798,1624,6.8
38080,1900.0,Benzine,6,0,1,165,0,1798,1734,7.4
38200,10020.0,Diesel,6,1,1,118,0,1598,1659,4.7
38200,1.0,Diesel,6,0,1,118,0,1598,1734,4.7
37990,190.0,Benzine,7,0,1,165,0,1798,1633,7.4
37990,12982.0,Diesel,6,1,1,118,0,1598,1734,4.7
37990,1.0,Diesel,6,1,1,118,0,1598,1659,4.7
38888,15851.0,Benzine,6,1,1,165,1,1798,1685,6.8
37900,100.0,Diesel,6,0,1,118,1,1598,1734,4.7
37875,15.0,Diesel,6,0,1,146,1,1997,1734,5.3
37870,100.0,Benzine,7,0,1,165,0,1798,1734,7.4
37900,14712.0,Diesel,6,1,1,118,0,1598,1734,4.7
37600,10.0,Diesel,6,1,1,118,0,1598,1734,4.7
37950,4584.0,Benzine,7,0,1,165,0,1798,1708,7.4
37550,2500.0,Diesel,6,0,1,118,0,1997,1780,4.7
37490,1150.0,Benzine,6,1,1,165,0,1798,1685,6.8
37475,15.0,Benzine,7,0,1,165,1,1798,1734,7.4
37450,62860.0,Benzine,6,1,1,165,0,1798,1624,6.8
37100,1.0,Diesel,6,0,1,118,0,1598,1734,4.7
37000,14400.0,Diesel,7,1,1,118,0,1598,1734,4.7
36990,13714.0,Diesel,6,1,1,118,1,1598,1734,4.7
36990,8000.0,Diesel,6,0,1,119,0,1598,1734,4.7
36781,14900.0,Benzine,6,0,1,165,1,1798,1734,7.4
36699,5000.0,Diesel,6,1,1,118,0,1598,1734,4.6
36590,11034.0,Benzine,6,0,1,168,0,1798,1734,4.7
36989,16900.0,Benzine,7,1,1,165,0,1798,1685,6.8
36500,31.0,Diesel,6,0,1,118,0,1598,1734,4.7
36490,9900.0,Diesel,6,1,1,119,0,1598,1734,4.7
36475,15.0,Benzine,7,0,1,165,1,1798,1734,7.4
36500,1647.362609,Diesel,6,0,1,118,0,1598,1734,4.7
36498,10.0,Diesel,6,1,1,118,0,1598,1734,4.7
36498,15.0,Diesel,6,1,1,118,0,1598,1734,4.7
36470,10.0,Benzine,6,0,1,165,1,1798,1685,6.8
35580,3500.0,Benzine,6,1,1,165,1,1798,1734,6.8
35540,10.0,Diesel,6,0,1,118,0,1997,1797,5.1
35500,9900.0,Benzine,6,1,1,165,0,1598,1734,4.7
35500,10.0,Diesel,6,0,1,118,0,1598,1734,4.7
35475,15.0,Benzine,7,0,1,165,1,1798,1734,7.4
35425,11.0,Diesel,6,0,1,118,1,1997,1734,5.1
35448,10.0,Benzine,7,0,1,165,0,1798,1734,4.7
35300,17761.0,Diesel,6,1,1,118,1,1598,1734,4.7
35300,2350.0,Diesel,7,1,1,118,0,1600,1734,4.7
34990,16600.0,Diesel,6,1,1,118,0,1598,1734,4.7
34990,12611.0,Diesel,7,1,1,118,0,1598,1734,4.7
34990,8990.0,Diesel,6,1,1,119,0,1598,1734,4.7
34990,18000.0,Diesel,6,1,1,118,0,1598,1734,4.7
34990,7900.0,Benzine,6,1,1,165,0,1598,1734,4.7
34990,2001.0,Benzine,6,1,1,165,1,1798,1685,6.8
34950,7800.0,Benzine,6,1,1,165,0,1798,1734,6.8
34980,11.0,Diesel,6,0,1,118,1,1598,1734,4.7
34975,15.0,Benzine,7,0,1,165,1,1798,1734,7.4
34975,15.0,Diesel,6,0,1,146,1,1997,1734,5.3
34900,18500.0,Diesel,6,1,1,118,0,1598,1734,4.7
34900,10.0,Diesel,6,0,1,118,0,1598,1734,4.7
34890,15042.0,Diesel,6,1,1,118,1,1598,1734,4.7
34798,18035.13007,Benzine,6,1,1,165,0,1798,1880,6.8
34750,18035.13007,Diesel,6,1,1,118,0,1598,1734,4.7
34750,5550.0,Benzine,7,1,1,165,1,1798,1685,6.8
34500,4300.0,Diesel,6,1,1,118,0,1598,1659,4.7
34495,17500.0,Diesel,6,1,1,118,0,1598,1734,4.7
34200,1.0,Diesel,6,1,1,118,0,1598,1734,4.7
34490,1.0,Diesel,6,1,1,118,0,1598,1734,4.7
35995,500.0,Benzine,7,1,1,165,0,1798,1734,6.8
35990,22987.0,Benzine,6,1,1,165,0,1798,1734,6.8
35990,16500.0,Diesel,6,1,1,118,1,1598,1734,4.7
35990,1000.0,Benzine,7,0,2,165,0,1798,1734,6.8
35990,14328.0,Benzine,6,1,1,167,0,1798,1734,4.7
35989,100.0,Benzine,6,1,1,165,0,1618,1685,6.8
35975,15.0,Diesel,6,0,1,146,1,1997,1734,5.3
35930,10.0,Diesel,6,0,1,118,0,1598,1734,4.6
35880,99.0,Benzine,6,0,1,165,1,1798,1843,7.4
35798,18035.13007,Benzine,6,1,1,165,0,1798,1685,6.8
35798,10.0,Benzine,7,1,1,165,0,1798,1685,6.8
35900,1647.362609,Diesel,6,0,1,147,0,1997,1758,5.3
35798,100.0,Benzine,6,1,1,165,0,1798,1685,6.8
35780,4000.0,Benzine,6,0,1,165,1,1798,1843,7.4
35750,13200.0,Benzine,6,1,1,165,0,1798,1685,6.8
34200,1.0,Diesel,6,1,1,118,0,1598,1659,4.7
34170,10.0,Diesel,6,0,1,118,1,1997,1833,5.6
34150,18035.13007,Diesel,6,1,1,118,0,1598,1659,4.7
34180,100.0,Benzine,6,0,1,165,0,1798,1734,7.4
34140,10.0,Benzine,6,0,1,165,0,1598,1734,4.7
34070,10.0,Benzine,6,0,1,165,1,1798,1685,7.4
34000,15000.0,Diesel,6,1,1,118,0,1598,1809,4.7
33990,50.0,Benzine,6,1,1,118,0,1598,1734,4.7
33990,10803.0,Diesel,6,1,1,118,0,1598,1734,4.6
33975,15.0,Benzine,7,0,1,165,1,1798,1734,7.4
33990,1.0,Diesel,6,1,1,118,0,1598,1734,4.7
33975,15.0,Diesel,6,0,1,146,1,1997,1734,5.3
39675,250.0,Benzine,7,0,1,165,0,1798,1734,7.4
39700,10.0,Diesel,6,0,1,147,0,1997,1758,5.3
40970,10.0,Benzine,6,0,1,165,1,1798,1708,7.4
39550,1647.362609,Diesel,6,0,1,147,0,1997,1758,5.3
44580,14900.0,Benzine,6,0,1,165,1,1798,1734,7.4
44500,10.0,Benzine,6,0,1,165,0,1798,1734,7.4
44990,200.0,Benzine,6,0,1,165,0,1798,1685,6.8
47600,10227.0,Benzine,6,0,1,165,0,1798,1633,7.6
44500,9000.0,Diesel,6,0,1,147,0,1598,1734,4.7
43000,1000.0,Diesel,6,0,1,147,0,1598,1621,6.2
40999,1647.362609,Benzine,6,0,1,165,1,1798,1685,6.8
57990,5000.0,Benzine,7,0,1,165,0,1798,1647,7.6
58950,1136.0,Benzine,6,0,1,165,0,1798,1624,6.8
57800,1000.0,Benzine,7,0,1,165,0,1798,1624,6.8
55800,1000.0,Benzine,7,0,1,165,0,1798,1624,6.8
55285,12.0,Benzine,7,0,1,165,0,1798,1624,6.8
54982,11.0,Benzine,6,0,1,165,0,1798,1647,7.6
54500,2839.0,Benzine,6,0,1,165,0,1798,1647,7.4
54925,14178.0,Benzine,7,0,1,165,0,1798,1647,7.6
54205,1.0,Diesel,6,0,1,147,0,1997,1708,5.3
54204,11.0,Diesel,6,0,1,146,0,1997,1779,5.4
54120,200.0,Benzine,7,0,1,165,1,1798,1939,7.4
53935,1.0,Benzine,7,0,1,165,0,1798,1708,7.4
52990,1550.0,Diesel,6,0,1,147,0,1997,1840,5.3
50950,1647.362609,Diesel,6,0,1,147,0,1997,1840,5.7
50950,11.0,Benzine,6,0,1,165,0,1798,1647,7.6
52711,11.0,Benzine,6,0,1,165,0,1798,1608,7.4
51750,2503.0,Benzine,7,0,1,165,0,1798,1647,7.6
68320,4307.0,Diesel,7,0,1,118,0,1598,1734,6.5
64332,1.0,Benzine,6,0,1,165,0,1798,1647,7.6
50170,1647.362609,Diesel,6,0,1,147,1,1997,1840,5.7
49900,10720.0,Benzine,6,0,1,165,0,1798,1624,6.8
64298,15.0,Benzine,6,0,1,165,0,1798,1647,7.6
44170,99.0,Diesel,6,0,1,147,1,1997,1734,5.7
63477,8.0,Benzine,7,0,1,147,0,1618,1621,4.7
50750,1927.0,Benzine,6,0,1,165,0,1800,1647,7.6
47590,6000.0,Diesel,6,0,1,147,0,1997,1840,5.3
47580,2000.0,Diesel,6,0,1,147,1,1997,1975,5.7
47450,1647.362609,Diesel,6,0,1,118,0,1598,1734,4.7
46990,6500.0,Diesel,6,0,1,147,0,1997,1840,5.7
46760,1.0,Diesel,6,0,1,118,0,1997,1708,5.1
46990,3500.0,Diesel,6,0,1,147,0,1997,1840,5.3
46890,20.0,Diesel,7,0,1,147,0,1997,1734,4.7
46680,19900.0,Diesel,6,0,1,147,1,1997,1734,5.3
46890,20.0,Diesel,6,0,1,147,0,1997,1734,4.7
46666,1647.362609,Diesel,6,0,1,147,1,1997,1840,5.7
46660,11.0,Diesel,6,0,1,118,0,1997,1733,5.1
46490,1000.0,Benzine,6,0,1,165,0,1798,1734,7.6
45990,500.0,Diesel,6,0,1,147,0,1997,1875,5.3
46130,5.0,Diesel,7,0,1,147,0,1997,1765,5.3
45990,500.0,Diesel,7,0,1,147,1,1997,1765,5.3
45890,500.0,Diesel,6,0,1,147,0,1997,1765,5.4
45490,2000.0,Diesel,6,0,1,147,0,1997,1659,5.3
44999,50.0,Diesel,6,0,1,147,0,1997,1734,5.3
43950,100.0,Diesel,6,0,0,147,0,1997,1840,5.3
43911,1647.362609,Diesel,6,0,0,147,0,1997,1659,5.0
43899,4899.0,Benzine,7,0,1,165,0,1798,1734,6.8
43890,20.0,Benzine,6,0,1,165,0,1798,1734,6.8
43990,13.0,Diesel,6,0,1,147,0,1997,1765,4.7
43800,100.0,Diesel,6,0,1,147,0,1997,1840,5.7
43790,3990.0,Benzine,7,0,1,165,0,1798,1685,6.8
43545,10.0,Diesel,6,0,0,150,0,1598,1734,4.7
43490,4252.0,Benzine,6,0,0,165,0,1798,1624,6.8
43490,5.0,Benzine,6,0,1,165,1,1798,1708,7.4
43490,150.0,Diesel,6,0,1,147,0,1997,1734,5.4
43315,1647.362609,Benzine,7,0,1,165,0,1798,1609,6.0
43490,1001.0,Diesel,6,0,1,147,0,1997,1840,5.3
43080,100.0,Diesel,6,0,1,118,1,1598,1734,4.7
49490,3353.0,Benzine,6,0,1,165,0,1798,1585,6.8
49690,1647.362609,Diesel,6,0,1,147,0,1997,1734,5.3
49100,11.0,Diesel,6,0,1,146,0,1997,1740,5.3
48990,2860.0,Benzine,7,0,1,165,0,1798,1685,6.8
48990,5.0,Diesel,6,0,1,147,0,1997,1734,5.7
49390,2864.0,Benzine,6,0,1,165,0,1798,1633,7.4
48900,12.0,Benzine,7,0,1,165,0,1798,1585,6.8
43500,5.0,Diesel,7,0,1,147,0,1997,1734,5.7
48800,15.0,Diesel,6,0,1,147,0,1997,1734,5.3
48765,11.0,Benzine,6,0,1,165,0,1798,1608,7.4
48720,1506.0,Diesel,6,0,1,147,0,1997,1734,5.7
48490,5.0,Diesel,6,0,1,147,1,1997,1734,5.3
47990,1647.362609,Benzine,7,0,1,165,0,1798,1685,6.8
48498,3000.0,Diesel,6,0,1,147,0,1997,1685,5.3
47950,57.0,Diesel,7,0,1,147,0,1997,1847,4.7
42990,1647.362609,Benzine,6,0,1,165,0,1798,1659,7.4
47950,10.0,Diesel,6,0,1,147,1,1997,2037,5.3
42990,10.0,Benzine,7,0,1,165,1,1798,1880,6.8
42680,4000.0,Benzine,7,0,1,165,0,1798,1685,6.8
42560,4100.0,Benzine,7,0,1,165,1,1798,1708,7.4
42490,1647.362609,Diesel,6,0,1,147,0,1997,1840,5.7
42500,10.0,Diesel,6,0,1,147,0,1997,1758,5.1
41800,2.0,Diesel,6,0,1,118,0,1598,1659,4.7
41899,4899.0,Diesel,6,0,1,118,0,1598,1734,4.7
42490,16500.0,Diesel,6,0,1,147,1,1997,1840,5.3
41900,5000.0,Diesel,6,0,1,118,1,1598,1734,4.7
41790,10.0,Benzine,7,0,1,165,1,1798,1685,6.8
41400,10.0,Diesel,6,0,1,118,0,1997,1758,5.1
41395,5000.0,Diesel,6,0,1,147,0,1997,1840,5.3
41480,8500.0,Benzine,6,0,1,165,1,1798,1843,7.4
41043,1647.362609,Diesel,6,0,1,147,0,1997,1685,5.3
39990,10.0,Benzine,6,0,1,168,0,1798,1734,4.7
41390,50.0,Diesel,6,0,1,118,0,1997,1833,5.3
39990,500.0,Benzine,6,0,1,165,0,1798,1760,6.8
39990,10.0,Benzine,6,0,1,118,0,1598,1734,7.4
39990,50.0,Benzine,7,0,1,165,0,1798,1708,7.4
39990,10.0,Benzine,6,0,1,167,0,1798,1734,4.7
39990,3500.0,Diesel,7,0,1,147,0,1997,1779,4.7
39980,8500.0,Benzine,7,0,1,165,0,1798,1734,6.0
39980,100.0,Diesel,6,0,1,118,0,1598,1734,4.7
39950,1647.362609,Diesel,6,0,1,147,0,1997,1758,5.3
39950,1000.0,Benzine,6,0,1,165,0,1798,1734,6.8
39885,9900.0,Benzine,7,0,1,165,0,1798,1708,7.4
39875,15.0,Diesel,6,0,1,146,1,1997,1734,5.3
