Numero;price;km;Gears;age;Previous_Owners;hp_kW;Inspection_new;Displacement_cc;Weight_kg;cons_comb
1;15770;56013;7;3;2;66;1;1422;1220;3.8
2;14500;80000;7;2;1;141;0;1798;1255;5.6
3;14640;83450;7;3;1;85;0;1598;1135;3.8
4;14500;73000;6;3;1;66;0;1422;1195;3.8
5;16790;16200;7;3;1;66;1;1422;1135;4.1
6;15090;63668;7;3;1;85;0;1598;1135;3.5
7;16422;62111;7;3;1;85;1;1598;1195;3.7
8;14480;14986;7;3;1;66;1;1422;1180;3.7
9;16700;57000;7;3;1;85;0;1598;1275;3.7
10;17990;16103;7;2;1;70;0;999;1135;4.2
11;18500;11300;7;1;1;85;0;1598;1250;4
12;17990;26415;7;3;1;92;1;1395;1135;4.9
13;18380;31600;7;3;1;92;0;1395;1135;4.9
14;18399;45764;7;3;1;112;0;1395;1135;4.2
15;17990;34914;7;3;1;70;0;999;1135;4.2
16;18700;27000;7;3;1;85;0;1598;1275;3.7
17;18900;9752;5;1;1;85;0;1598;1175;3.5
18;18500;28408;7;2;1;66;0;1422;1220;3.8
19;18400;50280;7;3;1;70;0;999;1065;4.5
20;18500;13406;7;1;1;85;0;1598;1135;3.8
21;18500;51160;7;2;1;85;0;1598;1275;4
22;18500;15850;7;3;1;92;1;1395;1180;4.9
23;18900;17000;7;3;1;92;0;1395;1190;4.9
24;18850;9077;7;1;1;85;0;1598;1630;3.7
25;18500;3000;7;1;1;70;0;999;1165;4.4
26;8999;115000;5;3;1;70;0;999;1135;4.2
27;11444;84029;5;3;1;70;1;999;1180;4.2
28;11300;67800;5;3;1;70;0;999;1135;4.2
29;18900;14556;7;1;1;66;0;1422;1135;4.3
30;11290;22000;5;3;1;70;0;999;1180;4.4
31;11290;38400;5;3;1;66;0;1422;1195;3
32;11440;83307;5;3;1;66;0;1422;1195;3.6
33;11445;39668;5;3;1;70;1;999;1180;4.4
34;11700;30353;5;3;1;66;0;1422;1195;3.7
35;11900;126000;5;3;1;66;0;1422;1205;3.7
36;11949;57500;5;3;1;70;1;999;1180;4.4
37;11890;73945;5;3;1;70;1;999;1110;4.4
38;11600;96000;5;2;1;66;0;1422;1195;3.7
39;11900;43120;5;3;2;60;0;999;1110;4.2
40;11630;110715;5;3;1;66;0;1422;1180;4.4
41;11880;31971;5;3;1;60;1;999;1110;4.4
42;11800;94800;5;3;1;66;1;1422;1180;3.4
43;11850;85000;5;3;1;66;1;1422;1180;3.4
44;11569;111265;5;3;1;66;0;1422;1180;4.4
45;11490;44120;5;3;1;66;0;1422;1135;3.6
46;11490;97976;5;3;1;70;0;999;1110;4.2
47;11500;106000;5;3;1;66;0;1422;1195;3.7
48;11790;60000;5;3;0;85;0;1598;1250;3.7
49;11490;58000;5;3;2;60;1;999;1180;4.4
50;11470;57454;5;3;1;60;1;999;1675;4.4
51;11480;94055;5;3;1;66;0;1422;1180;4.4
52;11180;56000;5;3;1;70;0;999;1135;4.2
53;11450;27600;5;3;1;70;0;999;1135;4.2
54;11100;111670;5;3;1;85;0;1598;1250;3
55;10900;30500;5;3;1;66;0;1422;1180;3.8
56;10999;69500;5;2;1;70;0;999;1180;4.4
57;10900;43500;5;3;1;60;0;999;1180;4.2
58;10950;45696;5;3;1;70;0;999;1135;4.4
59;10800;34000;5;3;2;66;0;1422;1165;3.8
60;10600;55000;5;3;2;70;0;999;1110;4.2
61;10800;99000;5;3;1;66;0;1422;1205;3.7
62;9950;118500;5;3;1;70;1;999;1110;4.4
63;10300;85000;5;3;1;70;0;999;1135;4.2
64;10000;192000;5;3;1;85;1;1598;1250;3.9
65;10490;130000;5;3;1;66;1;1422;1180;3.9
66;18900;41294;7;3;1;71;0;999;1065;4.4
67;18900;64000;7;2;1;85;0;1598;1720;4.2
68;18900;13135;7;1;1;70;0;999;1625;4.2
69;18900;4250;7;2;1;70;0;999;1135;4.4
70;18890;2949;7;1;1;70;0;999;1135;4.4
71;18890;17861;7;2;1;71;0;999;1135;4.2
72;18890;22800;7;2;1;92;0;1395;1180;5.1
73;18880;5108;7;2;1;70;1;999;1165;4.4
74;18880;11335;7;1;1;70;1;999;1135;4.4
75;18880;6396;7;1;1;70;0;999;1135;4.4
76;18880;47800;7;3;1;85;1;1598;1180;3.8
77;18880;7021;7;1;1;70;0;929;1180;4.4
78;18880;30952;7;3;1;92;0;1395;1180;5.2
79;18880;33991;7;3;1;92;1;1395;1135;5.2
80;18870;35800;7;2;1;66;1;1422;1135;3.8
81;18850;7672;7;1;1;85;0;1598;1630;3.7
82;18500;13406;7;1;1;85;0;1598;1135;3.8
83;18870;8430;7;1;1;70;1;999;1180;4.6
84;18497;40488;5;3;1;85;1;1598;1250;4
85;18490;24200;7;2;2;66;0;1422;1195;4.1
86;18490;26500;7;2;2;66;1;1422;1180;4
87;18490;58806;7;3;1;71;0;999;1065;4.4
88;18500;39000;7;3;1;85;0;1598;1250;3.8
89;18490;16700;7;2;1;92;0;1395;1215;5.1
90;18490;41900;7;3;1;92;0;1395;1135;5.1
91;18480;15093;7;3;1;92;0;1395;1180;4.9
92;18480;5211;7;1;1;66;0;1422;1135;4
93;18470;12000;7;1;2;70;1;999;1180;4.6
94;18444;50066;7;3;1;92;0;1395;1180;4.9
95;18400;51484;7;2;1;71;0;999;1065;4.4
96;18400;14770;7;1;2;85;0;1598;1135;3.8
97;18900;12415;7;1;2;85;0;1598;1275;4
98;18900;26064;7;1;2;85;0;1598;1275;4
99;18900;16500;7;1;1;85;0;1598;1275;4
100;18900;9000;7;3;1;92;0;1395;1215;4.9
101;18900;12402;7;1;1;85;0;1598;1275;4
102;18900;14702;7;1;1;85;0;1598;1275;4
103;18900;14523;7;1;1;85;0;1598;1275;4
104;18900;9082;7;1;1;85;0;1598;1275;4
105;18900;9580;5;1;1;85;0;1598;1175;3.5
106;18900;10013;5;1;1;85;0;1598;1175;3.5
107;18900;10450;5;1;1;85;0;1598;1175;3.5
108;18900;14878;7;1;1;85;0;1598;1275;4
109;18900;10273;5;1;1;85;0;1598;1175;3.5
110;18900;47500;7;3;1;71;0;999;1065;4.4
111;18900;9466;5;1;1;85;0;1598;1175;3.5
112;18900;18971;7;1;1;85;0;1598;1200;3.7
113;18900;31877;7;1;1;70;0;999;1165;4.5
114;18900;9878;5;1;1;85;0;1598;1175;3.5
115;18900;17535;7;1;1;70;0;999;1180;4.6
116;18850;76264;7;3;1;92;0;1395;1115;4.9
117;18850;6695;7;1;1;70;0;999;1180;4.6
118;18850;21275;7;3;1;92;1;1395;1135;4.9
119;18850;12261;7;1;1;66;0;1422;1665;3.9
120;18840;3620;7;1;1;70;0;999;1135;4.4
121;18800;8330;5;1;1;85;1;1598;1250;3.5
122;18750;20306;7;1;1;70;0;999;1165;4.4
123;18730;1;7;0;1;85;0;999;1200;4.8
124;18700;27000;7;3;1;85;0;1598;1275;3.7
125;18690;31750;7;3;1;92;1;1395;1180;4.2
126;18600;19800;7;2;1;70;0;999;1165;4.4
127;18500;52000;7;3;1;85;0;1598;1275;4
128;18500;15500;7;1;1;70;0;999;1135;4.4
129;18620;25977;7;3;1;92;1;1395;1180;5
130;18500;9000;7;2;1;70;0;999;1135;4.4
131;18500;65000;7;2;1;66;0;1422;1250;3.8
132;18500;14493;7;1;1;85;0;1598;1275;4
133;18500;33500;7;2;1;92;0;1395;1215;4.9
134;18333;4800;7;1;1;70;1;999;1165;4.4
135;18350;51000;7;3;1;70;0;999;1040;4.4
136;18349;7307;7;2;1;70;1;999;1165;4.4
137;18333;4800;7;1;1;70;1;999;1165;4.4
138;18333;5500;7;1;1;70;1;999;1165;4.4
139;18300;35500;7;1;1;66;0;1422;1220;4
140;18300;18000;7;2;2;92;0;1395;1135;4.9
141;18290;40000;7;2;2;92;0;1395;1660;4.2
142;18250;14551;7;1;1;85;0;1598;1135;4
143;18200;16500;6;1;1;85;0;999;1135;4.2
144;18185;26700;7;3;1;85;1;1598;1180;3.8
145;18150;8000;7;2;2;70;0;999;1165;4.4
146;18000;15000;6;1;1;85;0;1598;1225;3.8
147;17998;14436;7;2;2;92;1;1395;1180;5.2
148;17998;72624;7;3;2;92;1;1395;1180;5.2
149;17990;13960;7;3;1;66;1;1422;1195;3.9
150;17990;40301;7;3;1;92;1;1395;1135;5.2
151;17990;19990;7;2;2;71;0;999;1135;4.2
152;17990;3087;7;1;1;70;0;999;1180;4.4
153;17989;37626;7;3;1;66;0;1422;1195;4.1
154;17980;22980;7;2;1;70;1;999;1135;4.4
155;17980;57926;7;3;1;66;1;1422;1180;3.8
156;17970;3900;7;2;2;92;0;1395;1215;4.9
157;17980;7924;7;3;1;92;1;1395;1135;4.9
158;17970;6257;7;2;1;85;0;1598;1250;4
159;17950;29800;7;3;1;85;0;1598;1200;3.7
160;17950;35816;7;3;1;70;0;999;1065;4.4
161;17950;12960;7;1;1;92;1;1395;1135;4.9
162;17950;8600;7;1;1;70;1;999;1165;4.4
163;17950;14300;7;2;2;70;0;999;1090;4.2
164;17944;9463;7;1;1;70;1;999;1165;4.4
165;17940;20326;7;3;1;92;1;1395;1180;4.9
166;17950;70000;7;3;2;70;0;999;1180;4.4
167;17500;23664;7;1;2;66;0;1422;1135;4.2
168;17500;51900;7;3;1;66;1;1422;1195;3.8
169;17500;15000;7;2;2;70;0;999;1165;4.4
170;17500;33000;7;3;1;92;0;1395;1215;4.9
171;17450;12000;7;3;1;66;0;1422;1217;3.8
172;17500;42000;7;2;2;66;0;1422;1220;3.8
173;17930;25976;7;2;1;85;0;1598;1275;4
174;17500;26299;5;2;1;70;0;999;1135;4.2
175;17495;40000;7;2;2;70;0;999;1135;4.4
176;17490;36530;7;2;1;66;0;1422;1220;3.8
177;17490;29159;7;2;1;67;0;1422;1135;4.2
178;17490;55000;7;3;2;141;0;1798;1255;5.8
179;17449;40133;7;3;1;70;1;999;1165;4.4
180;17445;38562;7;2;2;92;1;1395;1215;4.9
181;17444;7300;7;1;1;70;1;999;1165;4.4
182;17440;10457;7;2;2;92;0;1395;1215;4.9
183;17420;27058;7;3;1;70;1;999;1180;4.4
184;17450;38344;7;3;1;70;1;999;1180;4.4
185;17445;45276;7;3;1;110;1;1395;1135;4.7
186;17370;16607;7;1;1;70;1;999;1180;4.4
187;17350;26462;7;3;1;70;1;999;1180;4.4
188;17900;62000;7;2;1;66;0;1422;1195;3.8
189;17930;40257;7;2;1;85;1;1598;1250;3.8
190;17920;36709;7;3;1;85;1;1598;1180;3.8
191;17900;25330;7;2;1;70;0;999;1610;4.5
192;17900;11300;7;3;1;66;0;999;1180;4.4
193;17900;10170;7;1;1;70;1;999;1180;4.6
194;17900;12260;7;1;1;85;0;1598;1275;4
195;17900;44604;7;3;1;70;0;999;1180;4.2
196;17900;25751;7;2;1;71;0;999;1135;4.2
197;17900;13000;7;2;1;70;0;999;1165;4.4
198;17900;63136;7;3;1;70;0;999;1135;4.4
199;17900;21900;7;2;1;85;0;1598;1175;4.2
200;17900;23357;7;3;1;70;0;999;1580;4.4
201;17900;40000;7;3;2;110;0;1395;1180;5
202;17900;63136;7;3;2;70;0;999;1135;4.4
203;17890;27950;7;3;1;92;1;1395;1180;4.9
204;16900;3150;7;3;1;70;0;999;1165;4.4
205;17900;4810;7;1;1;70;1;999;1180;4.6
206;16900;32700;7;2;1;66;0;1422;1135;4
207;16900;67790;7;3;2;66;0;1422;1165;4
208;17890;63500;7;2;2;85;1;1598;1135;3.8
209;17900;37702;7;2;2;93;0;1395;1135;4.2
210;17900;40164;7;2;1;66;0;1422;1220;3.8
211;16900;47750;7;3;2;71;0;999;1135;4.2
212;16890;39600;7;3;1;92;1;1395;1180;5.2
213;16890;29200;7;3;1;70;1;999;1135;4.4
214;16880;32103;7;3;1;70;1;999;1135;4.4
215;16880;19700;7;2;1;70;0;999;1180;4.4
216;16880;6680;8;2;1;70;1;999;1180;4.4
217;16880;49100;6;3;1;92;1;1395;1155;5.1
218;16879;30348;7;3;1;92;1;1395;1215;5.2
219;16870;7680;7;2;1;66;0;1422;1195;4.1
220;16850;36400;7;3;1;66;1;1422;1195;4
221;16840;49800;7;3;2;92;0;1395;1135;4.9
222;16830;50200;7;3;1;92;0;1395;1180;4.9
223;16876;47500;7;3;1;92;1;1395;1215;4.9
224;16820;24762;7;2;1;70;1;999;1180;4.4
225;16800;36236;5;3;1;70;0;999;1135;5.1
226;16790;38831;7;3;1;92;0;1395;1180;5.2
227;16780;18556;7;2;1;66;0;1422;1220;3.7
228;16530;36625;7;3;1;85;0;1598;1180;4
229;16500;25000;7;3;1;92;0;1395;1660;4.9
230;16500;36041;7;2;1;85;0;1598;1275;4
231;16500;36500;7;3;1;85;0;1598;1275;3.7
232;16500;25000;7;3;1;92;0;1395;1660;4.9
233;16500;66000;7;3;1;85;0;1598;1275;3.7
234;16490;90000;7;3;1;67;0;1422;1135;4.2
235;16490;14000;7;3;1;70;1;999;1135;4.4
236;16490;16081;7;3;1;70;1;999;1135;4.4
237;16480;32863;6;3;1;92;1;1395;1135;4.2
238;16480;54889;7;3;1;70;1;999;1135;4.4
239;16450;18392;7;3;1;70;1;999;1165;4.4
240;16480;40800;7;3;1;92;1;1395;1180;4.9
241;16480;60490;7;3;1;66;0;1422;1195;4.1
242;16444;33142;7;3;2;70;1;999;1180;4.4
243;16430;40500;6;3;2;92;1;1395;1155;5.1
244;16443;13819;7;3;1;92;0;1395;1180;4.9
245;17300;18800;7;3;1;66;0;1422;1220;3.8
246;17240;40550;7;3;1;92;1;1395;1135;4.9
247;17150;25000;7;3;1;70;0;999;1140;4.4
248;17000;46000;7;2;1;85;0;1598;1135;3.7
249;16999;31987;7;2;1;85;0;1598;1180;4
250;16999;52800;7;3;1;110;1;1395;1230;4.7
251;16995;57178;7;3;1;67;0;1422;1135;4.2
252;16990;36500;7;2;2;85;0;1598;1275;4
253;16990;14000;7;2;2;70;0;999;1157;4.4
254;16980;59500;7;3;1;92;0;1395;1180;5.1
255;16970;26861;7;3;1;85;0;1598;1275;3.9
256;16950;13200;7;1;1;70;1;999;1165;4.4
257;16975;19177;7;2;2;70;1;999;1180;4.4
258;16950;19044;7;2;1;70;0;999;1180;4.6
259;16930;40500;7;3;1;70;1;999;1180;4.4
260;16900;33000;7;2;2;66;0;1422;1220;4
261;16900;21000;7;2;2;66;0;1422;1180;3.8
262;16900;58033;7;3;1;85;0;1598;1135;3.7
263;16900;32000;7;2;2;85;0;1598;1200;3.7
264;17890;12500;7;3;1;70;1;999;1135;4.5
265;17890;36530;7;2;1;66;0;1422;1135;3.8
266;17880;5991;7;1;1;70;0;999;1135;4.4
267;17880;33306;7;2;1;70;1;999;1140;4.4
268;17850;52896;7;3;2;92;1;1395;1180;4.9
269;17750;32000;7;2;1;85;0;1598;1275;4
270;17820;9998;7;2;1;92;1;1395;1180;4.9
271;17790;49198;7;3;2;67;0;1422;1135;4.2
272;17777;28600;7;2;1;66;0;1422;1135;3.8
273;17820;59000;7;2;1;92;0;1395;1135;5
274;17770;10300;7;1;1;70;0;999;1135;4.4
275;17700;24550;7;2;1;70;0;999;1610;4.4
276;17700;26000;7;3;2;85;0;1596;1135;3.6
277;17700;40800;7;3;2;70;0;999;1090;4.4
278;17700;24550;7;2;1;70;0;999;1165;4.4
279;17660;7701;7;1;1;70;0;999;1165;4.4
280;17650;19500;7;2;2;92;0;1395;1215;4.9
281;17650;45605;7;2;1;66;0;1422;1220;3.8
282;17530;45200;7;3;1;92;1;1395;1135;4.9
283;17500;22500;5;2;2;70;0;999;1135;4.2
284;15420;44585;7;3;1;85;0;1598;1180;3.8
285;15250;32750;7;3;1;70;1;999;1135;4.4
286;15250;61980;7;3;1;66;1;1422;1165;3.8
287;15190;37500;7;2;1;70;0;999;1135;4.2
288;15090;63668;7;3;1;85;0;1598;1135;3.5
289;15200;49600;5;3;1;66;0;1422;1205;3.9
290;15180;76275;7;3;1;85;0;1598;1225;4
291;15380;46900;7;3;1;85;1;1598;1135;4
292;15090;63668;7;3;1;85;0;1598;1135;3.5
293;15090;63668;7;3;1;85;0;1598;1135;3.5
294;15090;63668;7;3;1;85;0;1598;1135;3.5
295;15090;63668;7;3;1;85;0;1598;1135;3.5
296;15090;63668;7;3;1;85;0;1598;1135;3.5
297;15090;63668;7;3;1;85;0;1598;1135;3.5
298;15090;63668;7;3;1;85;0;1598;1135;3.5
299;15090;63668;7;3;1;85;0;1598;1135;3.5
300;14250;10000;7;3;1;70;0;999;1165;4.4
301;15090;63668;7;3;1;85;0;1598;1135;3.5
302;14450;49466;7;3;1;66;1;1422;1135;4.1
303;15090;63668;7;3;1;85;0;1598;1135;3.5
304;14470;48800;7;3;2;70;1;999;1180;4.6
305;14350;94300;7;3;1;85;1;1598;1135;3.8
306;14210;18600;7;3;1;70;1;999;1110;4.4
307;14300;67278;7;3;1;66;0;1422;1120;3.6
308;13892;69850;7;3;1;66;1;1422;1135;3.8
309;13990;46000;7;3;1;85;1;1598;1792;4
310;13950;10000;7;3;1;70;0;999;1065;4.4
311;13900;108000;7;3;1;66;0;1422;1250;3.8
312;15090;63668;7;3;1;85;0;1598;1135;3.5
313;15090;63668;7;3;1;85;0;1598;1135;3.5
314;15090;63668;7;3;1;85;0;1598;1135;3.5
315;15090;63668;7;3;1;85;0;1598;1135;3.5
316;15090;63668;7;3;1;85;0;1598;1135;3.5
317;15090;63668;7;3;1;85;0;1598;1135;3.5
318;15090;63668;7;3;1;85;0;1598;1135;3.5
319;15090;63668;7;3;1;85;0;1598;1135;3.5
320;15090;63668;7;3;1;85;0;1598;1135;3.5
321;15090;63668;7;3;1;85;0;1598;1135;3.5
322;15090;63668;7;3;1;85;0;1598;1135;3.5
323;15090;63668;7;3;1;85;0;1598;1135;3.5
324;14990;35367;7;3;1;70;1;999;1180;4.4
325;15090;63668;7;3;1;85;0;1598;1135;3.5
326;15090;63668;7;3;1;85;0;1598;1135;3.5
327;15090;63668;7;3;1;85;0;1598;1135;3.5
328;15000;78000;7;2;1;85;0;1598;1275;3.9
329;14998;137066;7;3;1;85;1;1598;1180;4
330;14990;34000;7;3;1;85;1;1598;1275;4.1
331;14990;9600;7;2;1;70;0;999;1180;4.6
332;13880;88800;7;3;1;66;0;1422;1180;3.8
333;13500;59150;7;3;1;66;0;1422;1205;3.4
334;13480;110375;7;3;1;66;0;1422;1135;3.8
335;13450;26310;7;1;1;70;0;999;1165;4.4
336;13250;65000;7;3;2;70;1;999;1110;4.4
337;14990;49351;7;3;2;66;0;1422;1180;4
338;14990;49351;7;3;2;66;0;1422;1180;4
339;13599;58380;7;3;1;66;1;1422;1135;3.8
340;14990;49351;7;3;2;66;0;1422;1180;4
341;14990;49351;7;3;2;66;0;1422;1180;4
342;14990;49351;7;3;2;66;0;1422;1180;4
343;14990;49351;7;3;2;66;0;1422;1180;4
344;14990;49351;7;3;2;66;0;1422;1180;4
345;14990;49351;7;3;2;66;0;1422;1180;4
346;14990;49351;7;3;2;66;0;1422;1180;4
347;14990;49351;7;3;2;66;0;1422;1180;4
348;15700;31100;5;3;1;85;0;1598;1135;4.2
349;15680;79244;7;3;1;92;1;1395;1135;4.2
350;14990;49351;7;3;2;66;0;1422;1180;4
351;15750;58722;7;3;1;85;1;1598;1135;3.8
352;14990;49351;7;3;2;66;0;1422;1180;4
353;14990;49351;7;3;2;66;0;1422;1180;4
354;15660;11725;7;3;1;70;0;999;1635;4.4
355;15750;41600;7;3;2;85;1;1598;1135;3.8
356;11000;56000;7;3;2;85;0;1598;1275;3.9
357;14990;49351;7;3;2;66;0;1422;1180;4
358;14990;49351;7;3;2;66;0;1422;1180;4
359;14990;49351;7;3;2;66;0;1422;1180;4
360;14990;49351;7;3;2;66;0;1422;1180;4
361;14990;49351;7;3;2;66;0;1422;1180;4
362;14990;60000;7;3;2;66;0;1422;1165;3.6
363;14990;49351;7;3;2;66;0;1422;1180;4
364;14959;56967;7;3;2;70;1;999;1135;4.4
365;14959;56967;7;3;2;70;1;999;1180;4.4
366;14930;87300;7;3;1;92;1;1395;1180;4.9
367;14930;86698;7;3;2;70;1;999;1135;4.4
368;14950;70000;7;3;2;66;0;1422;1250;3.8
369;14930;87300;7;3;1;92;1;1395;1135;4.9
370;14900;115900;7;2;2;85;0;1598;1135;3.8
371;14850;25000;7;3;1;70;0;999;1180;4.6
372;14890;58718;7;3;1;85;0;1598;1180;4
373;14700;35730;7;3;1;92;1;1395;1180;5.1
374;14640;83450;7;3;1;85;0;1598;1135;3.8
375;14799;75000;7;3;1;66;0;1422;1165;3.8
376;14990;49351;7;3;2;66;0;1422;1180;4
377;14990;49351;7;3;2;66;0;1422;1180;4
378;14990;49351;7;3;2;66;0;1422;1180;4
379;14990;49351;7;3;2;66;0;1422;1180;4
380;14990;49351;7;3;2;66;0;1422;1180;4
381;16395;58525;7;3;1;70;0;999;1135;4.4
382;16250;37000;7;3;1;70;0;999;1165;4.4
383;16400;42000;7;3;1;92;0;1395;1215;4.9
384;14990;49351;7;3;2;66;0;1422;1180;4
385;16290;53000;7;3;2;85;0;1598;1180;4
386;14990;49351;7;3;2;66;0;1422;1180;4
387;16199;31235;7;3;2;70;1;999;1165;4.4
388;15998;72761;7;3;2;71;0;999;1090;4.4
389;15990;73575;7;3;2;85;0;1598;1135;4.3
390;16000;19000;7;2;1;66;0;1422;1250;4
391;16150;19068;7;2;1;70;0;999;1165;4.4
392;16000;11000;7;3;1;85;0;1598;1275;3.7
393;15993;33200;7;3;1;92;1;1395;1180;5.2
394;15990;45000;7;3;1;85;0;1598;1275;4
395;15990;42900;7;3;1;66;0;1422;1180;3.8
396;15980;52900;7;3;1;66;0;1422;1220;3.7
397;15590;40500;7;3;1;70;0;999;1180;4.4
398;15990;146140;7;3;1;85;0;1598;1275;3.7
399;15980;44300;7;3;2;85;1;1598;1135;3.8
400;15990;9300;7;1;1;70;1;999;1180;4.4
401;15980;72192;7;3;1;85;0;1598;1225;4
402;15990;46123;7;3;1;92;1;1395;1180;5.1
403;15580;18150;7;2;1;66;1;1422;1135;3.8
404;15490;42979;7;3;1;70;0;999;1135;4.4
405;15500;24000;7;3;1;66;0;999;1135;4.2
406;15490;40528;7;2;1;66;0;1422;1195;3.4
407;15500;104000;7;3;1;70;0;999;1065;4.4
408;15500;63473;7;3;1;85;0;1598;1275;4
409;15490;29950;7;3;1;110;0;1395;1205;4.7
410;15480;25320;7;3;1;92;0;1395;1155;5.1
411;15450;24030;7;2;1;66;0;1422;1180;4
412;15450;36590;7;3;1;70;1;999;1180;4.4
413;15450;34011;7;3;1;85;0;999;1135;3
414;15450;25600;7;3;1;66;0;1422;1220;4
415;15444;13776;7;3;1;70;0;999;1180;4.4
416;15960;34400;7;3;1;70;1;999;1180;4.4
417;15960;34400;7;3;1;70;1;999;1135;4.4
418;15930;66844;7;3;1;85;0;1598;1275;4
419;15900;58000;7;3;0;66;0;1598;1210;3.9
420;15900;40000;7;3;0;85;0;1598;1250;3.8
421;15900;41500;7;3;1;70;1;999;1165;4.4
422;15425;43255;7;3;1;70;1;999;1180;4.4
423;14990;49351;7;3;2;66;0;1422;1180;4
424;15889;42023;7;3;2;70;1;999;1180;4.4
425;15970;36950;7;3;1;70;1;999;1135;4.4
426;15889;106829;7;3;1;85;1;1598;1275;4
427;15880;49880;7;2;2;66;1;1422;1135;3.8
428;15850;50272;7;3;1;70;1;999;1165;4.4
429;15850;69900;7;3;1;66;1;1422;1195;4
430;15800;19582;7;3;1;70;0;999;1135;4.4
431;15790;43954;7;3;1;70;1;999;1135;4.4
432;15840;32910;7;3;1;70;0;999;1135;4.4
433;15830;23327;7;3;1;70;0;999;1165;4.6
434;15790;32814;7;3;2;70;0;999;1135;4.4
435;15789;59702;7;3;1;85;1;1598;1135;3.8
436;15784;65838;7;3;1;67;0;1422;1135;4.2
437;15780;23211;7;3;1;70;0;999;1135;4.4
438;12170;97930;5;3;1;66;1;1422;1180;3.9
439;12490;70000;5;3;1;66;1;1422;1195;3.7
440;12820;54392;5;3;1;70;0;999;1180;4.2
441;11950;73000;5;3;1;70;0;999;1135;4.2
442;12480;111380;5;3;1;85;0;1598;1135;3.7
443;12480;63350;5;3;1;70;1;999;1135;4.2
444;12480;129550;5;3;2;85;0;1598;1135;3.7
445;12900;28978;5;3;2;66;0;1422;1640;3.7
446;13420;61220;5;3;1;70;1;999;1135;4.4
447;13490;71000;5;2;2;66;0;1422;1135;3.7
448;13490;24999;5;3;1;70;0;999;1135;4.2
449;13490;46400;5;3;1;70;0;999;1110;4.2
450;12900;62400;5;3;1;66;1;1422;1135;3.7
451;13680;81600;5;3;1;66;1;1422;1135;3.7
452;13640;65500;5;3;1;60;0;999;1135;4.2
453;13650;25950;5;3;1;60;0;999;1135;4.2
454;13490;32779;5;3;1;70;1;999;1180;4.4
455;13660;75800;5;3;1;85;1;1598;1180;3.8
456;13680;23450;5;3;1;92;1;1395;1180;5.1
457;13750;63952;5;3;1;70;1;999;1135;4.2
458;13900;34000;5;3;1;60;0;999;1110;4.2
459;13900;47155;5;3;1;70;1;999;1135;4.4
460;13900;80000;5;3;1;66;0;1422;1205;3.4
461;13900;39838;6;3;1;92;0;1395;1180;5.2
462;13890;29600;5;3;1;70;0;999;1060;4.2
463;13890;30000;5;3;1;70;1;999;1180;4.4
464;13890;22223;5;2;1;60;0;999;1180;4.4
465;13890;107592;5;3;1;85;1;1598;1180;4
466;13890;125000;5;3;1;85;1;1598;1180;3.9
467;13900;20000;5;2;1;60;0;999;1135;4.2
468;13890;38900;5;3;1;85;0;1598;1175;3.5
469;13890;18371;5;2;1;67;0;1422;1195;3.7
470;13890;18371;5;2;1;67;0;1422;1195;3.7
471;13890;18371;5;2;1;67;0;1422;1195;3.7
472;13940;84708;5;3;2;66;1;1422;1135;3.7
473;13940;115000;5;3;1;85;1;1598;1135;3.7
474;13940;58011;5;3;1;66;0;1422;1180;3.7
475;13900;56989;5;3;1;66;0;1422;1195;3.7
476;13900;65000;5;3;1;70;0;999;1135;4.3
477;13900;40200;5;3;1;70;1;999;1180;4.4
478;13900;59000;5;3;1;70;0;999;1135;4.2
479;13900;24978;5;3;1;85;0;1598;1225;3.7
480;13900;10000;5;2;1;66;0;1422;1205;3.7
481;13900;100000;5;3;1;85;0;1598;1250;3.8
482;13900;44000;5;3;1;60;0;999;1110;4.2
483;13900;36040;5;3;1;70;1;999;1135;4.4
484;13900;84500;5;3;1;66;0;1422;1180;3.6
485;13900;45521;5;3;1;66;0;1422;1105;3.7
486;13900;61582;5;3;1;66;0;1422;1105;3.7
487;13900;67992;5;3;1;66;0;1422;1105;3.7
488;13900;54000;5;3;1;70;0;999;1155;4.2
489;13900;100816;5;3;1;85;0;1598;1135;3.8
490;13900;49000;5;3;1;70;0;999;1135;4.3
491;13880;69347;5;3;1;66;1;1422;1135;4.1
492;13888;80120;5;3;1;70;0;999;1180;4.4
493;13880;88483;5;3;1;66;1;1422;1205;3.7
494;13880;51400;5;3;1;70;1;999;1135;4.4
495;13880;63150;5;3;1;70;0;999;1135;4.2
496;13880;41961;5;3;1;70;0;999;1135;4.4
497;13750;63608;5;3;1;70;1;999;1135;4.2
498;13750;41515;5;3;1;66;0;1422;1105;3.7
499;13750;91500;5;3;1;66;0;1422;1205;3.9
500;13720;62400;5;3;1;66;1;1422;1180;3.7
501;13719;31255;5;3;1;70;1;999;1135;4.2
502;13700;37000;5;3;1;66;0;1422;1195;3.7
503;13710;55850;5;3;1;70;1;999;1110;4.4
504;13700;70000;5;3;2;66;0;1422;1135;4.2
505;13700;70000;5;3;2;66;0;1422;1205;3.9
506;13700;87500;5;3;2;70;0;999;1180;4.4
507;13700;62500;5;3;1;66;0;1422;1205;3.9
508;13700;77000;5;3;1;70;0;999;1135;4.2
509;13700;53000;5;3;1;70;0;999;1135;5.1
510;13700;39283;5;3;1;70;1;999;1135;4.4
511;13700;56539;5;3;1;70;0;999;1135;4.4
512;13690;32894;5;3;1;70;0;999;1135;4.4
513;13685;100200;5;3;1;85;1;1598;1180;4
514;13680;15100;5;3;2;60;1;999;1135;4.2
515;13880;51218;5;3;1;66;1;1422;1180;4.4
516;13000;88879;6;3;1;92;0;1395;1180;5.1
517;13000;29000;5;3;2;60;0;999;1110;4.2
518;13000;29000;5;3;2;66;0;1422;1640;3.7
519;13000;29000;5;3;2;66;0;1422;1640;3.7
520;13000;37500;5;3;1;60;0;999;1110;4.2
521;13000;28500;5;3;1;70;0;999;1110;4.2
522;13000;46689;5;3;1;70;0;999;1110;4.2
523;12999;21600;5;3;2;70;0;999;1135;4.2
524;12999;16885;5;3;1;60;1;999;1135;4.4
525;12999;22500;5;3;1;66;0;1422;1165;3.8
526;12999;80050;5;3;1;70;1;999;1135;4.2
527;12990;17631;5;3;1;70;1;999;1135;4.2
528;12990;65550;5;3;1;70;1;999;1135;4.2
529;12990;66115;5;3;1;66;0;1422;1135;4.2
530;12990;56355;5;3;1;66;0;1422;1135;4.2
531;13680;93543;5;3;1;66;0;1422;1195;4.1
532;13680;79854;5;3;1;85;0;1598;1250;3.5
533;12990;118200;5;3;1;66;0;1422;1135;4.2
534;12990;62079;5;3;1;70;1;999;1135;4.2
535;13680;33928;5;3;1;60;0;999;1285;4.4
536;12990;41200;5;3;1;70;1;999;1180;4.4
537;13860;92602;5;3;1;85;1;1598;1180;4
538;13840;20680;5;3;1;60;0;999;1135;4.2
539;13850;31284;5;3;1;70;1;999;1180;4.2
540;13850;45258;5;3;1;70;0;999;1135;4.2
541;13850;45258;5;3;1;70;0;999;1135;4.2
542;13850;45258;5;3;1;70;0;999;1135;4.2
543;13850;45258;5;3;1;70;0;999;1135;4.2
544;13830;46460;5;3;1;70;1;999;1180;4.2
545;13820;22033;5;3;1;70;1;999;1180;4.2
546;13820;67359;5;3;1;70;0;999;1180;4.2
547;13800;94800;5;3;1;66;0;1422;1105;3.4
548;13800;85000;5;3;1;66;0;1422;1105;3.4
549;13800;53000;5;3;1;85;1;1598;1250;4
550;13799;31779;6;3;1;92;1;1395;1180;5.1
551;13794;32264;5;3;1;70;1;999;1135;4.4
552;13790;57000;5;3;1;66;0;1422;1195;3.7
553;13790;49400;5;3;1;60;1;999;1135;4.2
554;13790;57000;5;3;1;66;0;1422;1195;3.7
555;12990;59835;5;3;1;66;0;1422;1195;3.7
556;13780;51400;5;3;1;70;1;999;1135;4.2
557;13640;65500;5;3;1;60;0;999;1135;4.2
558;13560;63250;5;3;1;66;1;1422;1135;3.7
559;13550;61129;5;3;1;66;0;1422;1195;3.7
560;13770;28235;5;3;1;70;1;999;1180;4.2
561;13400;103195;5;3;1;66;0;1422;1205;3.9
562;13400;56917;5;3;1;70;0;999;1135;4.2
563;13400;88497;5;3;1;66;0;1422;1105;3.7
564;13400;81431;5;3;1;66;0;1422;1105;3.7
565;13400;96063;5;3;1;66;0;1422;1105;3.7
566;13400;69815;5;3;1;66;0;1422;1105;3.7
567;13400;82813;5;3;1;66;0;1422;1105;3.7
568;13390;17900;5;2;2;70;0;999;1135;4.2
569;13390;28600;5;3;1;70;1;999;1180;4.4
570;13350;40365;5;3;1;66;0;1422;1195;3.7
571;13290;59000;5;3;1;85;0;1600;1135;4.2
572;13380;50437;5;3;1;70;0;999;1135;4.4
573;13360;52706;5;3;1;85;1;1598;1250;3.7
574;13300;82089;5;3;1;85;0;1598;1250;3.7
575;13295;35237;5;3;1;70;1;999;1135;4.3
576;13290;64000;5;3;1;66;0;1422;1195;3.7
577;13260;19500;5;3;1;70;0;999;1180;4.4
578;13200;29136;5;3;1;66;0;1422;1195;3.7
579;13200;53000;5;3;1;70;0;999;1110;4.2
580;13550;55800;5;3;1;92;1;1395;1180;5.1
581;13500;103000;5;3;1;85;0;1598;1250;3.8
582;13500;46664;5;3;1;66;0;1422;1105;3.7
583;13500;100000;5;2;1;70;0;1000;1500;4.4
584;13500;8400;5;1;1;60;0;999;1110;4.2
585;13500;92449;5;3;1;70;0;999;1110;4.2
586;13500;34100;5;3;2;70;0;999;1180;4.4
587;13500;50707;5;3;0;70;0;999;1135;5.1
588;13500;81340;5;3;1;70;0;999;1135;4.2
589;13200;66500;5;3;2;66;0;1422;1165;3.8
590;12989;46200;5;3;2;70;1;999;1110;4.2
591;12985;65849;5;3;1;66;1;1422;1135;3.8
592;12980;92350;5;3;1;70;0;999;1135;4.2
593;12980;42906;5;3;1;60;0;999;1135;4.4
594;12980;53980;5;3;1;66;0;1422;1135;3.7
595;12980;70017;5;3;2;70;0;999;1135;4.4
596;12980;79650;5;3;2;66;0;1422;1135;4.2
597;12950;100000;5;3;1;85;0;1598;1235;3.8
598;12960;28860;5;3;1;70;1;999;1110;4.2
599;12950;41250;5;3;1;66;0;1422;1165;3.8
600;12950;27600;5;3;1;70;0;999;1135;4.2
601;12950;23311;5;3;1;60;1;999;1135;4.4
602;12950;95000;5;3;1;66;0;1422;1195;3.4
603;12950;168000;5;3;1;85;1;1598;1180;3.9
604;12950;55100;5;3;1;70;1;999;1135;4.2
605;12930;52291;5;3;2;60;1;999;1110;4.2
606;12900;76000;5;3;2;66;0;1422;1180;3.7
607;12920;31619;5;3;1;70;1;999;1180;4.2
608;12920;30251;5;3;1;70;1;999;1180;4.2
609;13490;33983;5;3;1;70;0;999;1180;4.4
610;13490;137145;5;3;1;85;1;1598;1250;4
611;13480;66200;5;3;1;92;1;1395;1155;4.9
612;13480;66200;5;3;1;92;0;1395;1155;4.9
613;13480;4381;5;3;2;70;0;999;1135;4.2
614;13490;45733;5;3;1;67;0;1422;1135;4.2
615;13475;58680;6;3;2;92;1;1395;1180;5.2
616;13470;51300;5;3;1;70;0;999;1135;4.2
617;13470;52811;5;3;1;66;1;1422;1180;4.4
618;13450;27997;5;3;1;60;0;999;1088;4.2
619;13450;84530;5;3;1;70;0;999;1110;4.2
620;13450;24768;5;3;1;66;1;1422;1165;3.8
621;13430;58500;5;3;1;70;0;999;1135;4.2
622;13430;57300;5;3;1;70;0;999;1135;4.2
623;13430;57300;5;3;1;70;0;999;1180;4.2
624;12790;96000;5;3;1;70;0;999;1625;4.2
625;12788;28642;5;3;1;60;1;999;1135;4.4
626;12780;64000;5;3;1;70;1;999;1180;4.4
627;12740;91875;5;3;1;66;1;1422;1135;3.4
628;12736;17100;5;3;2;70;1;999;1180;4.4
629;12720;31705;5;3;1;70;1;999;1180;4.2
630;12750;75287;5;3;1;66;1;1422;1180;4.1
631;12750;47000;5;3;1;66;0;1422;1205;3.9
632;12700;36621;5;3;1;70;1;999;1180;4.4
633;12700;146710;5;3;1;66;0;1422;1205;3.7
634;12550;95000;5;3;1;85;0;1598;1250;3.8
635;12500;59000;5;3;1;60;0;999;1135;4.2
636;12699;37000;5;3;1;60;0;999;1135;4.2
637;12600;46580;5;3;1;66;0;999;1135;4.2
638;12600;53000;5;3;1;70;1;999;1135;4.2
639;12699;124521;5;3;1;66;0;1422;1205;3.4
640;12550;98000;6;3;2;92;0;1395;1180;5.1
641;12900;42000;5;3;2;70;0;999;1110;4.2
642;12900;105139;5;3;2;66;0;1422;1165;3.6
643;12900;148257;5;2;1;85;0;1598;1180;3.9
644;12500;65000;5;3;2;70;0;999;1135;4.2
645;12500;64000;5;3;2;66;0;1422;1205;3.7
646;12900;44638;5;3;1;70;1;999;1135;4.2
647;12900;64000;5;3;1;66;0;1422;1195;3.4
648;12900;95729;5;3;1;66;0;1422;1165;3.6
649;12900;64000;5;3;0;66;0;1422;1205;3.9
650;12899;26559;5;3;1;70;1;999;1110;4.2
651;12890;64500;5;3;1;70;0;999;1135;4.2
652;12888;23337;5;3;2;60;1;999;1675;4.2
653;12890;18699;5;3;1;70;1;999;1135;4.2
654;12890;76950;5;3;2;85;1;1598;1225;3.5
655;12888;28043;5;3;1;60;1;999;1135;4.4
656;12880;68048;5;3;1;66;0;1422;1180;3.4
657;12500;37170;5;3;1;66;0;1422;1640;3.7
658;12860;19600;5;3;1;70;1;999;1135;4.2
659;12850;39900;5;3;1;70;1;999;1135;4.2
660;12840;28970;5;3;1;70;0;999;1135;4.2
661;12820;31945;5;3;1;70;1;999;1180;4.2
662;12000;103000;5;3;1;66;0;1422;1195;3.7
663;12000;60000;5;3;1;85;0;1598;1250;3.7
664;12000;57100;5;3;2;70;0;999;1135;4.2
665;11999;79000;5;3;1;70;0;999;1110;5.1
666;11990;77764;5;2;1;67;0;1422;1135;4.2
667;11990;85636;5;3;1;85;0;1598;1180;3.8
668;11999;95000;5;3;1;85;1;1598;1250;3.8
669;11990;100000;5;3;1;70;0;999;1110;4.2
670;11999;69000;5;3;1;66;0;1422;1195;3.7
671;11993;102816;5;3;1;85;0;1598;1180;4.4
672;11990;72973;5;2;1;67;0;1422;1135;4.2
673;11990;64976;5;3;1;66;0;1422;1165;3.8
674;11990;36200;5;3;1;70;0;999;1135;4.55
675;11990;40300;5;3;1;70;0;999;1097;4.2
676;11982;47625;5;3;1;60;1;999;1180;4.4
677;11950;39500;5;3;1;70;1;999;1135;4.2
678;11950;100000;5;3;1;60;0;999;1110;4.2
679;12500;38994;5;3;1;66;0;1422;1640;3.7
680;11990;45000;5;3;3;60;1;999;1180;4.4
681;11980;87195;5;3;1;66;0;1422;1135;3.7
682;12479;136000;5;3;1;85;1;1598;1250;3.5
683;12400;83000;5;3;1;66;1;1422;1180;3.4
684;12470;29700;5;3;1;60;1;999;1110;4.2
685;12499;39020;5;3;1;66;1;1422;1180;3.9
686;12451;35100;5;3;1;70;1;999;1110;4.4
687;12440;25308;5;3;1;70;1;999;1135;4.4
688;12400;72000;5;3;1;70;0;999;1135;4.3
689;12490;28000;5;2;1;60;1;999;1180;4.4
690;12390;47685;5;3;1;66;0;1422;1135;4.2
691;12380;27100;5;3;1;70;1;999;1110;4.4
692;12380;33455;5;3;1;70;1;999;1180;4.2
693;12350;45000;5;2;1;66;0;1422;1165;3.8
694;12200;58112;5;3;1;70;0;999;1110;4
695;12200;28500;5;3;1;70;1;999;1180;4.2
696;13945;98299;5;3;1;85;0;1598;1125;3.7
697;13979;55600;6;3;1;92;1;1395;1195;5.1
698;13980;12746;5;1;1;70;1;999;1135;4.4
699;13980;111792;5;3;1;85;0;1598;1180;4.4
700;13980;71313;5;3;1;92;0;1395;1180;4.4
701;13990;21200;5;2;1;70;1;999;1180;4.2
702;13990;21200;5;2;1;70;1;999;1135;4.2
703;13990;21200;5;2;2;60;0;999;1110;4.2
704;13990;78935;5;3;1;66;0;1422;1135;4.2
705;13990;81600;5;3;1;70;0;999;1135;4.2
706;14340;79600;5;3;1;85;1;1598;1250;3.8
707;22150;4650;7;2;2;70;0;999;1180;4.4
708;32000;1;7;0;1;85;0;999;1230;4.8
709;17999;26000;7;3;1;85;0;1598;1275;3.7
710;22090;7600;7;1;1;85;0;999;1230;4.8
711;31990;10;7;0;1;85;0;999;1180;4.4
712;13990;65594;5;3;1;66;0;1422;1165;3.4
713;14200;66900;5;3;1;66;0;1422;1135;3.7
714;37900;7000;6;0;1;147;0;1984;1240;6
715;14340;26090;5;3;1;70;0;999;1135;4.2
716;14330;48900;5;3;1;85;1;1598;1180;3.7
717;14330;45163;5;3;1;66;1;1422;1195;3.9
718;14300;44770;5;3;1;60;0;999;1135;4.2
719;14300;57337;5;3;1;70;1;999;1180;4.4
720;14300;52369;5;3;1;66;0;1422;1195;3.7
721;14295;71240;5;2;2;86;0;1598;1180;4.4
722;14280;23311;5;3;1;70;1;999;1580;4.4
723;14280;34663;5;3;1;70;1;999;1180;4.2
724;14275;29237;5;3;1;70;0;999;1135;4.4
725;14250;47750;5;3;1;70;0;999;1135;4.2
726;14240;52820;5;3;2;70;1;999;1180;4.2
727;14220;11707;5;1;1;60;1;999;1110;4.2
728;14220;15767;5;2;2;70;0;999;1110;4.2
729;14200;31056;5;2;1;70;0;999;1135;4.2
730;14200;49298;5;3;1;66;0;1422;1165;3.4
731;14200;66900;5;3;1;66;0;1422;1120;3.7
732;14200;40000;5;3;1;70;1;999;1180;4.4
733;35900;200;7;0;1;85;0;999;1230;4.8
734;33900;1;7;1;1;85;0;999;1230;4.8
735;30000;0;7;0;0;85;0;999;1230;4.8
736;14200;80400;5;3;1;85;0;1598;1250;3.7
737;26400;1;7;0;1;85;0;999;1230;4.8
738;26500;50;7;0;1;85;0;999;1230;4.8
739;26500;20;7;0;1;85;0;999;1230;4.8
740;27900;100;7;0;1;85;0;999;1230;4.8
741;26900;1000;7;0;1;85;0;999;1255;4.8
742;28290;5;7;0;1;85;0;999;1135;4.2
743;26900;100;7;0;1;85;0;999;1230;4.8
744;25900;1647.362609;7;0;0;85;0;999;1255;4.8
745;23490;22001;7;2;1;140;0;999;1205;5.8
746;22500;8000;7;2;1;66;0;1422;1220;4
747;14200;66900;5;3;1;66;0;1422;1135;3.7
748;14200;44000;5;3;1;85;0;1598;1250;3.8
749;14200;40887;5;3;1;85;0;1598;1175;3.5
750;22500;10500;7;1;1;85;0;1598;1275;4
751;14199;61846;5;3;1;60;0;999;1135;4.2
752;14200;47300;5;3;2;66;0;1422;1180;3.6
753;14000;29343;5;2;1;85;0;1598;1695;3.7
754;14000;4500;5;3;1;60;0;999;1110;4.2
755;14000;12500;5;2;1;70;0;999;1110;4.2
756;14000;12500;5;2;1;70;0;999;1110;4.2
757;14000;40000;5;3;1;70;0;999;1110;4.2
758;14000;40000;5;2;1;70;0;999;1110;4.3
759;14000;49200;5;3;2;70;0;999;1135;4.2
760;14000;61000;5;3;1;66;0;1422;1205;3.9
761;14000;46000;5;3;1;66;0;1422;1205;3.7
762;13999;46892;5;3;1;70;1;999;1135;4.3
763;13999;76000;5;3;1;66;0;1422;1195;3.4
764;13990;15757;5;2;1;70;1;999;1135;4.2
765;13990;24000;5;3;2;60;1;999;1180;4.2
766;14000;55000;6;3;1;92;0;1395;1180;5.1
767;21000;22000;7;2;1;66;0;1422;1195;3.8
768;20900;15097;7;1;1;70;0;999;1135;4.2
769;20800;19594;7;2;1;85;0;1598;1135;3.7
770;20000;33500;7;2;1;141;0;1798;1280;5.6
771;19900;64000;7;3;1;66;0;1422;1220;3.6
772;19000;16500;7;2;1;70;0;999;1165;4.4
773;20500;14400;7;1;1;85;0;1598;1275;3.7
774;19000;60000;7;3;1;66;0;1422;1250;3.8
775;18900;5000;7;1;1;66;0;1422;1220;4
776;18500;30000;7;2;1;66;0;1422;1220;3.6
777;18500;6718;7;1;1;66;0;1422;1250;4
778;18500;26792;7;3;1;85;0;1598;1135;3.7
779;18000;9950;7;2;1;70;0;999;1165;4.4
780;18000;15000;7;1;1;85;0;1598;1275;3.7
781;18300;12500;7;1;1;66;0;1422;1250;3.8
782;18000;70000;7;3;1;66;0;1422;1250;3.8
783;18000;30000;7;2;1;66;0;1422;1220;3.8
784;17945;53694;7;3;1;70;0;999;1065;4.4
785;17500;29000;7;3;1;66;0;1422;1250;3.6
786;17000;15000;7;3;1;70;0;999;1165;4.4
787;16900;41000;7;3;1;66;0;1422;1250;3.8
788;16800;19200;7;1;1;85;0;1598;1275;4
789;16500;44000;7;3;1;66;0;1422;1250;3.8
790;16500;43000;7;3;1;85;0;1598;1275;4
791;16500;55000;7;3;1;66;0;1422;1250;3.6
792;15999;45000;7;2;1;85;0;1598;1275;3.7
793;15980;27448;7;2;2;70;0;999;1135;4.2
794;15950;53900;7;3;1;66;0;1422;1250;4
795;15900;55300;7;3;1;85;0;1598;1275;3.7
796;15900;55300;7;3;1;85;0;1598;1275;3.7
797;15900;49000;7;3;1;85;0;1598;1275;4
798;15800;65000;7;3;1;85;0;1598;1275;3.7
799;15500;8900;7;3;1;70;0;999;1140;4.4
800;14440;27015;5;3;1;70;1;999;1580;4.2
801;14300;92000;7;3;1;85;0;1598;1275;3.7
802;12999;92470;7;3;1;85;0;1598;1250;4
803;15000;32000;7;3;1;66;0;1422;1195;3.6
804;14450;51052;5;3;2;92;0;1395;1180;4.9
805;14440;59722;5;3;1;85;0;1598;1135;3.7
806;15000;50000;7;3;1;66;0;1598;1275;4.2
807;14450;25025;5;3;1;60;1;999;1135;4.4
808;14430;34600;5;3;1;70;1;999;1135;4.2
809;14430;34600;5;3;1;70;1;999;1180;4.2
810;14405;33400;5;3;2;70;1;999;1135;4.2
811;14400;4679;5;2;2;66;0;999;1180;4.4
812;14391;30553;5;2;2;85;0;1598;1225;3
813;14430;13990;5;2;2;70;1;999;1180;4.2
814;14400;37534;5;2;2;85;0;1598;1250;3.7
815;14390;101087;5;3;2;70;0;999;1035;4.2
816;14390;14350;5;3;2;60;0;999;1110;4.2
817;14390;62104;5;3;2;71;0;999;1135;4.2
818;14390;64350;5;3;1;66;1;1422;1180;3.7
819;14390;18455;5;2;1;85;0;1598;1250;3.7
820;14388;25684;5;3;1;66;1;1422;1135;4.2
821;14380;16988;5;3;1;70;0;999;1135;4.4
822;14350;21740;5;2;1;66;0;1422;1165;3.6
823;13990;47300;5;3;2;85;1;1598;1135;3.7
824;13990;73000;6;3;2;92;0;1395;1155;4.9
825;13990;78556;5;3;1;66;0;1422;1195;3.4
826;13990;57250;5;3;1;66;0;999;1180;4.4
827;13989;56200;5;3;2;85;1;1598;1180;4.4
828;13980;12437;5;2;1;60;1;999;1135;4.2
829;13990;56150;5;3;1;85;0;999;1135;4.2
830;13990;30000;5;3;1;70;0;999;1110;4.2
831;13990;26300;5;3;1;70;1;999;1135;4.4
832;13980;27070;5;3;1;70;0;999;1180;4.4
833;13970;49289;5;3;1;66;0;1422;1180;4.1
834;13970;49289;5;3;1;66;0;1422;1135;4.1
835;13950;53956;5;3;1;70;1;999;1135;4.2
836;13960;89000;5;3;1;70;0;999;1135;4.2
837;13960;15700;5;3;1;70;1;999;1180;4.4
838;13955;60000;5;2;1;70;0;999;1135;4.2
839;13950;50000;5;3;1;66;0;1422;1195;3.7
840;13950;29275;5;3;1;70;0;999;1135;4.2
841;13950;34701;5;3;2;70;1;999;1135;4.2
842;13950;52284;5;3;1;70;1;999;1135;4.2
843;13950;27300;5;3;2;70;0;999;1010;4.2
844;13950;99990;5;3;2;70;0;999;1135;4
845;13950;105099;5;3;1;85;1;1598;1135;3.8
846;13950;59896;5;3;1;70;1;999;1135;4.2
847;13950;47588;5;2;1;70;1;999;1135;4.2
848;13950;75072;5;3;1;70;1;999;1135;4.2
849;13950;86000;5;3;1;66;0;1422;1195;3.7
850;13980;85775;5;3;1;66;1;1422;1205;3.7
851;13950;52300;5;2;1;66;0;1422;1205;3.4
852;13950;26776;5;3;1;60;1;999;1180;4.2
853;18990;20700;7;2;1;70;0;999;1090;4.4
854;18980;9619;7;1;1;70;0;999;1135;4.4
855;18990;12796;7;1;1;85;0;1598;1175;3.7
856;19120;13256;7;2;1;70;0;999;1610;4.5
857;19875;13011;7;1;1;92;0;1395;1180;4.9
858;19890;23033;7;2;2;70;0;999;1223;4.4
859;19887;5394;7;1;1;70;1;999;1180;4.4
860;20450;14500;7;1;1;70;1;999;1180;4.4
861;20500;14405;7;1;1;66;0;1422;1220;4
862;20500;14405;7;1;1;66;0;1422;1220;4
863;20500;25400;7;2;2;70;0;999;1135;4.4
864;20900;9392;6;1;1;71;0;999;1090;4.4
865;20790;15870;7;2;1;92;0;1395;1180;5.1
866;20990;18892;7;1;1;71;0;999;1135;4.2
867;21350;1414;7;1;1;85;0;1598;1660;3.9
868;21400;29987;7;2;1;70;0;999;1065;4.4
869;20900;13009;7;1;1;85;0;1598;1180;4
870;21300;1647.362609;7;0;0;85;0;999;1165;4.4
871;21300;1;7;0;1;85;0;999;1165;4.4
872;21380;8668;7;1;1;70;0;999;1180;4.4
873;20900;6256;7;2;1;92;1;1395;1215;4.9
874;14890;15400;5;2;1;66;0;1422;1180;4.4
875;14950;24497;5;2;1;70;0;999;1010;4.2
876;14950;32978;5;2;1;60;0;999;1530;4.2
877;14950;42645;5;2;1;66;0;1422;1540;4.2
878;14950;42645;5;2;1;66;0;1422;1540;4.2
879;21500;13000;7;1;1;85;0;1598;1275;3.8
880;14950;32978;5;2;1;60;0;999;1530;4.2
881;14950;48200;5;2;1;70;0;999;1110;4.2
882;21500;1125;7;1;1;67;0;1422;1135;4.2
883;14931;13978;5;2;1;60;1;999;1135;4.2
884;14931;13978;5;2;1;60;1;999;1180;4.2
885;14910;15800;5;2;2;60;0;999;1135;4.4
886;14900;58000;5;2;2;85;0;1598;1250;3.8
887;14900;9000;5;1;1;70;0;999;1580;4.3
888;14900;8992;5;2;1;60;1;999;1110;4.2
889;14900;19200;5;1;1;85;0;1598;1695;3.7
890;14900;10400;5;1;1;70;0;999;1580;4.3
891;14900;67899;5;2;1;66;0;1422;1135;3.7
892;14900;39450;5;2;1;70;0;999;1180;4.4
893;14900;3000;5;0;1;70;1;999;1134;4.2
894;14899;5900;5;1;1;70;0;999;1110;4.4
895;14885;22000;5;2;2;60;1;999;1135;4.2
896;14880;13650;5;2;1;66;1;1422;1135;3.7
897;14900;47800;5;2;1;70;0;999;1180;4.2
898;14880;11700;5;2;1;60;1;999;1135;4.4
899;14500;25700;5;2;1;70;0;999;1110;4.2
900;14500;15000;5;1;1;70;0;999;1110;4.2
901;14880;12800;5;2;1;66;1;1422;1165;4.1
902;14879;42973;5;2;1;85;0;1598;1135;3.5
903;14500;34000;6;2;1;92;0;1395;1180;5
904;14500;21400;5;2;1;60;0;999;1135;4.2
905;14500;89000;5;2;1;85;0;1598;1225;3.8
906;14500;12900;5;2;1;70;0;999;1135;4.2
907;14500;64000;5;2;1;70;0;999;1135;4.2
908;14500;27000;5;2;1;60;0;999;1110;4.2
909;14500;17442;5;1;1;70;0;999;1180;4.4
910;14500;20000;5;2;1;85;0;1598;1250;3.7
911;21500;3937;7;2;1;70;0;999;1135;4.4
912;21490;14029;7;2;1;92;1;1395;1155;4.9
913;21490;25900;7;2;1;110;1;1395;1180;4.7
914;21490;11400;7;1;1;92;1;1395;1180;5.2
915;21480;4936;7;1;1;92;0;1395;1135;4.9
916;21460;2819;7;1;1;92;1;1395;1180;4.9
917;21460;14653;7;1;1;70;1;999;1135;4.4
918;14790;18900;5;2;1;70;1;999;1135;4.2
919;14790;89500;5;2;1;66;1;1422;1195;3.7
920;21480;4212;7;1;1;92;0;1395;1180;4.9
921;14790;26400;5;2;2;66;1;1422;1135;3.7
922;14780;16527;5;2;1;66;1;1422;1135;3.7
923;14780;11619;5;2;1;66;1;1422;1135;3.7
924;14780;37064;5;2;1;60;1;999;1135;4.2
925;14750;5200;5;2;1;60;1;999;1135;4.2
926;14700;42700;5;2;1;66;0;1422;1165;3.6
927;14750;25600;5;2;1;66;1;1422;1195;3.7
928;14750;100800;5;2;1;60;0;999;1625;4.2
929;14730;14700;5;2;1;70;1;999;1135;4.2
930;14680;10783;5;1;1;60;1;999;1135;4.2
931;14499;34000;5;2;1;60;0;999;1135;4.2
932;14551;17973;5;2;2;85;1;1598;1180;3.5
933;14500;25500;5;2;2;85;0;1598;1600;3.7
934;14490;30757;5;1;1;71;0;999;1135;4.3
935;14490;46450;5;2;1;66;0;1422;1195;3.7
936;14490;53000;5;2;1;85;0;999;1180;3.7
937;14490;26158;5;2;1;87;0;1598;1250;3.7
938;14490;26158;5;2;1;87;0;1598;1250;3.7
939;14490;26158;5;2;1;87;0;1598;1250;3.7
940;14490;30757;5;1;1;71;0;999;1135;4.3
941;14490;30757;5;1;1;71;0;999;1135;4.3
942;21460;14653;7;1;1;70;0;999;1135;4.4
943;21460;26800;7;2;1;110;1;1395;1135;4.7
944;21450;5962;7;1;1;92;0;1395;1215;4.9
945;21445;11042;7;1;1;70;1;999;1180;4.4
946;21430;9900;7;2;1;141;0;1798;1255;5.6
947;21406;1647.362609;7;0;1;110;0;1498;1180;5
948;21420;24146;7;2;1;92;1;1395;1135;5.9
949;21400;12000;7;1;1;70;0;999;1090;4.4
950;21400;15201;7;2;1;92;0;1395;1135;5.2
951;14500;15000;5;2;1;60;0;999;1135;4.2
952;14490;77685;5;2;1;66;0;1422;1195;3.7
953;20990;9410;7;2;1;70;0;999;1157;4.4
954;20990;12500;7;1;1;70;0;999;1180;4.4
955;20990;12756;7;1;1;71;0;999;1135;4.2
956;20990;28000;7;2;2;92;1;1395;1180;5.1
957;20990;16974;7;2;1;70;0;999;1135;4.2
958;20990;28000;7;2;2;92;0;1395;1135;5.1
959;20985;14300;7;1;1;92;1;1395;1135;4.9
960;20985;6200;7;1;1;70;1;999;1180;4.4
961;20980;1;7;0;1;110;0;1498;1240;5.1
962;20950;32115;7;2;2;71;0;999;1065;4.4
963;20950;6822;7;1;1;85;0;1598;1660;3.9
964;20950;10447;7;1;1;70;1;999;1180;4.4
965;20950;10384;7;1;1;70;0;999;1135;4.4
966;20950;6500;7;1;1;70;0;999;1165;4.4
967;20950;17500;7;1;1;71;0;999;1065;4.4
968;20950;7439;7;1;1;70;0;999;1165;4.4
969;20940;10000;7;1;1;70;0;999;1195;4.5
970;20940;28383;6;2;2;71;0;999;1065;4.4
971;20939;13187;7;1;1;70;1;999;1180;4.4
972;20900;6630;7;2;1;92;0;1395;1180;4.9
973;21300;19700;7;2;4;92;0;1395;1215;4.9
974;21290;1200;7;0;1;70;0;999;1165;4.4
975;21290;1;7;0;1;85;0;999;1200;4.8
976;21285;6500;7;1;1;70;1;999;1180;4.4
977;21275;9649;7;2;1;92;1;1395;1155;4.9
978;21200;1647.362609;7;0;1;85;0;999;1180;4.8
979;21200;28319;7;1;1;92;0;1395;1135;4.9
980;21140;20;7;1;1;66;1;1422;1135;4
981;21100;1647.362609;6;0;0;85;0;999;1180;4.4
982;20999;18035.13007;7;1;1;66;0;1422;1135;4.2
983;20999;8064;7;2;1;92;0;1395;1660;4.2
984;20999;18035.13007;7;1;1;66;0;1422;1135;4.2
985;20995;15706;7;1;1;71;0;999;1135;4.2
986;20990;5990;7;1;1;70;1;999;1135;4.4
987;20990;13000;7;2;1;70;0;999;1135;4.2
988;20900;14070;7;1;1;71;0;999;1135;4.2
989;20900;2658;7;1;1;70;1;999;1165;4.4
990;20900;24350;7;1;1;92;0;999;1135;4.2
991;20900;15108;7;1;1;71;0;999;1135;4.2
992;20900;20350;7;2;1;93;0;1395;1115;4.9
993;20900;14270;7;2;1;71;0;999;1135;4.2
994;20900;15000;7;1;1;85;0;1598;1275;4
995;20890;1450;7;1;1;70;0;999;1135;4.4
996;20890;9385;7;1;1;70;1;999;1135;4.4
997;20885;8885;7;1;1;141;1;1798;1705;5.6
998;20879;6117;7;1;1;66;1;1422;1135;4
999;20840;9000;7;1;1;85;0;1598;1180;4
1000;20860;30589;7;1;1;66;1;1422;1180;4.1
1001;20800;6476;7;1;1;85;0;1598;1275;4
1002;20500;12000;7;2;1;66;1;1422;1220;4
1003;20500;11000;7;1;1;70;0;999;1090;4.4
1004;20500;10600;7;1;1;85;0;1598;1180;3.7
1005;20800;28500;7;2;1;92;0;1395;1215;4.9
1006;20500;7000;7;2;1;92;0;1395;1155;4.9
1007;20500;12345;7;2;1;110;1;1395;1230;4.7
1008;20800;6476;7;1;1;85;0;1598;1275;4
1009;20490;8885;7;1;1;70;0;999;1180;4.4
1010;20490;29619;7;2;1;92;0;1395;1180;4.4
1011;20490;45000;7;2;1;141;0;1798;1280;5.6
1012;20500;10600;7;1;1;85;0;1598;1180;3.7
1013;20490;11570;7;2;1;70;0;999;1135;4.2
1014;20480;5110;7;1;1;70;0;999;1180;4.4
1015;20488;13000;7;1;1;70;1;999;1180;4.5
1016;20480;5000;7;1;2;70;1;999;1135;4.4
1017;20479;4879;7;1;1;70;1;999;1135;4.4
1018;20457;12123;7;2;1;92;1;1395;1180;5.2
1019;20457;12123;7;2;1;92;1;1395;1180;5.2
1020;20780;15000;7;1;1;66;0;1422;1180;4
1021;20750;24047;7;2;1;71;0;999;1065;4.4
1022;20730;2551;7;1;1;66;1;1422;1220;4.1
1023;20700;2700;7;2;1;141;0;1798;1280;5.6
1024;20700;13500;7;1;1;70;1;999;1135;4.4
1025;20700;9990;7;1;1;70;1;999;1135;4.4
1026;20700;3254;7;1;1;85;0;1598;1275;3
1027;20669;6050;7;1;1;92;1;1395;1215;5.1
1028;20685;6200;7;1;1;70;1;999;1180;4.4
1029;20680;8101;7;1;1;92;0;1395;1135;4.9
1030;20650;24900;7;2;2;110;1;1395;1215;4.7
1031;20570;3300;7;1;1;66;0;1422;1135;4
1032;20550;1156;7;1;1;85;0;1598;1660;3.9
1033;20550;5193;7;1;1;85;0;1598;1660;3.9
1034;20500;3000;8;1;1;60;0;999;1650;4.9
1035;20500;12642;7;1;1;85;0;1598;1135;4.2
1036;20500;12903;7;1;1;85;0;1598;1275;4
1037;20500;9394;7;2;2;70;0;999;1625;4.2
1038;20500;12842;7;1;1;85;0;1598;1135;3.7
1039;20582;1647.362609;7;0;0;110;0;1498;1180;5
1040;19950;26208;7;2;2;71;0;999;1065;4.4
1041;19950;10771;7;1;1;85;0;1598;1660;3.9
1042;19900;20294;7;2;1;85;0;1598;1200;3.7
1043;19930;7650;7;1;1;70;0;999;1180;4.4
1044;19900;9140;7;1;1;70;1;999;1135;4.4
1045;19900;11380;7;1;1;85;0;1598;1135;4
1046;19900;14010;7;1;1;85;0;1598;1135;3.7
1047;19900;20294;7;2;1;85;0;1598;1200;3.7
1048;19900;26144;7;1;1;85;0;1598;1660;3.9
1049;19900;16000;7;2;2;92;0;1395;1215;4.9
1050;19900;11100;7;1;1;85;0;1598;1135;4
1051;19900;6460;7;1;1;70;0;999;1135;4.4
1052;19900;9083;7;1;1;70;0;999;1135;4.4
1053;19900;28815;7;2;2;71;0;999;1065;4.4
1054;19890;8400;7;1;1;70;1;999;1180;4.6
1055;19900;12688;7;1;1;71;0;999;1135;4.2
1056;19890;2949;7;1;1;70;0;999;1135;4.4
1057;19890;14350;7;1;1;70;1;999;1180;4.4
1058;19890;12900;7;1;1;70;1;999;1180;4.6
1059;19890;9577;7;2;1;70;1;999;1165;4.4
1060;20450;10958;7;2;1;92;0;1395;1135;4.9
1061;20444;7476;7;1;1;70;0;999;1180;4.4
1062;20441;2830;7;1;1;92;0;1395;1135;4.9
1063;20400;9564;7;1;1;70;1;999;1165;4.4
1064;20400;16280;7;2;1;71;0;999;1135;4.2
1065;20380;1647.362609;7;0;0;85;0;999;1180;4.8
1066;20350;10;7;1;1;85;0;1598;1660;3.9
1067;20290;48300;7;2;1;92;1;1395;1215;4.9
1068;20090;7595;7;1;1;92;0;1395;1215;4.9
1069;20000;26000;7;1;1;66;0;1422;1250;3.8
1070;20000;11000;7;2;1;70;0;999;1165;4.4
1071;20000;17606;7;1;1;92;0;1395;1135;4.2
1072;20080;1;7;0;0;85;0;999;1200;4.8
1073;19999;21500;7;2;2;70;0;999;1165;4.4
1074;19999;35000;7;2;2;85;0;1598;1275;4
1075;19999;7890;7;1;1;66;1;1422;1135;4
1076;19999;18035.13007;7;1;1;66;0;1422;1135;4.2
1077;19999;6448;7;1;1;92;0;1395;1565;4.2
1078;19990;17000;7;2;1;92;0;1395;1215;5
1079;19990;18800;7;2;1;66;0;1422;1145;3.9
1080;19990;7500;7;1;1;70;0;999;1165;4.4
1081;19990;12000;7;1;1;70;1;999;1135;4.4
1082;19990;6722;7;1;1;70;0;999;1135;4.4
1083;19990;1918;7;2;1;70;1;999;1180;4.4
1084;19990;6118;7;1;1;70;1;999;1135;4.4
1085;19990;10057;7;1;1;70;0;999;1135;4.4
1086;19990;5516;7;2;1;92;1;1395;1155;4.9
1087;19990;13300;7;1;1;70;0;999;1165;4.4
1088;19990;16030;7;1;1;71;0;999;1135;4.2
1089;19990;18000;7;1;1;71;0;999;1135;4.2
1090;19990;7500;7;1;1;70;0;999;1165;4.4
1091;19990;15000;7;1;1;71;0;999;1135;4.2
1092;19990;7961;7;1;1;92;1;1395;1180;4.9
1093;19988;16500;7;1;1;70;1;999;1180;4.4
1094;19980;10;7;2;1;70;1;999;1165;4.4
1095;19980;6200;7;1;1;70;0;999;1180;4.4
1096;19980;15700;7;1;1;66;1;1422;1135;4
1097;19700;18900;7;2;1;85;0;1598;1180;3.7
1098;19977;10775;7;1;1;85;1;1598;1135;4
1099;19990;1647.362609;7;0;0;85;0;999;1180;4.8
1100;19700;15000;7;1;0;85;0;1598;1275;4
1101;19690;15781;7;1;1;70;0;999;1135;4.5
1102;19959;4500;7;1;1;70;0;999;1135;4.4
1103;19640;17740;7;1;1;92;0;1395;1215;5.2
1104;19600;6256;7;1;1;70;0;999;1135;4.4
1105;19640;7860;7;1;1;66;1;1422;1195;4.1
1106;19560;10870;7;1;1;70;1;999;1135;4.3
1107;19550;12984;7;1;1;70;0;999;1610;4.5
1108;19500;17000;7;2;2;92;0;1395;1135;4.9
1109;19500;13731;7;1;1;85;0;1598;1275;4
1110;19500;21000;7;2;1;70;0;999;1165;4.4
1111;19500;8361;7;1;1;70;0;999;1135;4.4
1112;19490;9;6;1;1;92;0;1395;1180;5.2
1113;19450;7693;7;1;1;70;0;999;1135;4.4
1114;19449;14672;7;1;1;70;1;999;1135;4.5
1115;19449;8945;7;1;1;70;1;999;1265;4.5
1116;19449;9805;7;1;1;70;1;999;1135;4.2
1117;19440;12900;7;1;1;70;1;999;1135;4.4
1118;19880;5601;7;1;1;70;0;999;1180;4.4
1119;19878;7979;7;1;1;70;1;999;1135;4.4
1120;19400;11837;7;2;1;66;0;1422;1135;4
1121;19870;9800;7;1;1;70;0;999;1165;4.4
1122;19850;23150;7;1;1;85;0;1598;1250;4
1123;19840;33306;7;2;1;70;1;999;1140;4.4
1124;19840;5995;7;1;1;66;0;1422;1135;4
1125;19840;5995;7;1;1;66;0;1422;1135;4
1126;19838;1647.362609;7;0;0;85;0;999;1200;4
1127;19800;11218;7;1;1;70;0;999;1165;4.4
1128;19800;7422;7;1;2;66;1;1422;1135;4.1
1129;19780;8081;7;1;1;70;0;999;1135;4.4
1130;19770;5000;7;1;1;70;1;999;1180;4.4
1131;19779;7370;7;1;1;70;1;999;1135;4.4
1132;19700;24400;7;2;1;85;0;1598;1180;3.7
1133;19770;8300;7;1;1;66;0;1422;1135;4
1134;19700;18900;7;2;1;85;0;1598;1180;3.7
1135;19390;8820;7;1;1;70;0;999;1165;4.4
1136;19388;10;7;0;0;85;1;999;1200;4.9
1137;19388;10;7;0;0;85;1;999;1200;4.9
1138;19700;24400;7;2;1;85;0;1598;1180;3.7
1139;19377;8176;7;2;1;70;0;999;1135;4.4
1140;19350;7200;7;1;1;70;1;999;1165;4.4
1141;19214;1647.362609;7;0;0;85;0;999;1200;4
1142;19190;11400;7;1;1;70;0;999;1180;4.4
1143;19100;16711;7;1;1;71;0;999;1135;4.2
1144;19229;8263;7;1;1;70;1;999;1180;4.6
1145;19200;13186;7;1;1;85;0;1598;1135;4
1146;19300;3360;5;1;1;70;0;999;1110;4.2
1147;19100;13400;7;1;1;85;0;1598;1250;3.8
1148;19000;12100;7;1;1;85;0;1598;1135;4
1149;18990;3038;7;1;1;71;0;999;1135;4.2
1150;19000;6900;7;2;1;70;0;999;1065;4.5
1151;18980;8329;7;1;1;70;1;999;1135;4.4
1152;18980;24778;7;2;1;70;0;999;1135;4.4
1153;19000;10900;7;2;1;66;0;1422;1220;4
1154;18990;5700;7;2;1;92;1;1395;1180;4.9
1155;18980;15650;7;1;1;70;1;999;1135;4.4
1156;18970;2900;7;2;1;70;1;999;1135;4.2
1157;18950;22224;7;2;1;71;0;999;1065;4.4
1158;18970;2792;7;1;1;70;0;999;1135;4.4
1159;18950;18950;7;2;1;92;0;1395;1135;4.9
1160;18910;11100;7;1;1;70;1;999;1180;4.4
1161;18900;19710;7;2;1;66;0;1422;1135;3.8
1162;15300;10057;5;1;1;60;1;999;1110;4.2
1163;14950;12637;5;2;2;70;1;999;1135;4.2
1164;15450;25844;5;2;2;85;0;1598;1250;3.7
1165;15450;21169;5;2;2;85;0;1598;1250;3.7
1166;15450;33217;5;2;2;85;0;1598;1250;3.7
1167;15290;21258;5;2;2;66;0;1422;1195;3.7
1168;15450;27800;5;2;1;70;1;999;1135;4.4
1169;15188;13229;5;2;1;66;1;1422;1135;3.7
1170;15000;22000;5;2;1;70;0;999;1135;4.2
1171;15450;25483;5;2;1;85;0;1598;1250;3.7
1172;15290;25630;5;2;1;66;0;1422;1195;3.7
1173;15799;14560;5;1;1;60;0;999;1180;4.2
1174;15740;21937;5;1;1;66;0;1422;1195;4.1
1175;15679;22627;5;1;1;85;0;1598;1135;3.5
1176;15799;14560;5;1;1;60;0;999;1135;4.2
1177;15690;20050;5;1;1;85;0;1598;1250;3.7
1178;15690;16209;5;1;1;70;0;999;1135;4.3
1179;15690;12119;5;2;1;60;0;999;1180;4.4
1180;15890;54846;5;2;1;66;0;1422;1205;3.7
1181;15900;5700;5;1;1;66;0;1422;1640;3.7
1182;15900;15200;5;2;1;85;0;1598;1695;3.7
1183;15900;13000;5;2;2;70;0;999;1135;4.2
1184;15850;17768;5;2;2;92;0;1395;1180;5.1
1185;15850;17768;5;2;2;92;0;1395;1180;5.1
1186;15900;1100;5;1;1;66;0;1422;1640;3.7
1187;15900;7182;5;2;1;60;0;999;1135;4.2
1188;15920;10772;5;1;1;60;1;999;1180;4.2
1189;15900;3000;5;0;1;70;1;999;1134;4.2
1190;15900;18000;5;2;1;85;0;1598;1695;3.7
1191;15900;4100;5;1;1;66;0;1422;1640;3.7
1192;15900;45000;5;2;1;66;0;1422;1165;3.8
1193;15900;42636;5;2;1;85;0;1598;1250;3.7
1194;15900;12261;5;2;2;66;1;1422;1180;4.1
1195;15900;68002;5;2;0;66;0;1422;1263;3.8
1196;15900;36616;5;2;0;70;0;999;1485;4.3
1197;15900;19000;5;2;0;85;0;1598;1250;3.8
1198;15900;9459;5;2;0;85;0;1598;1600;3.7
1199;15900;34796;5;2;0;85;0;1598;1135;3.8
1200;15900;62329;5;2;0;70;0;999;1035;4.2
1201;15900;13650;5;1;1;70;0;999;1580;4.3
1202;15900;21900;5;2;0;70;0;999;1135;4.2
1203;15900;12383;5;2;0;85;0;1598;1600;3.7
1204;15900;50000;5;2;0;85;0;1598;1010;4.2
1205;15900;7650;5;1;1;66;0;1422;1640;3.7
1206;15900;6500;5;1;1;66;0;1422;1640;3.7
1207;15900;500;5;1;1;66;0;1422;1640;3.7
1208;15900;7060;5;1;1;85;0;1598;1695;3.7
1209;15900;6100;5;1;1;66;0;1422;1640;3.7
1210;15900;9900;5;1;1;70;0;999;1580;4.3
1211;15900;12600;5;1;1;66;0;1422;1640;3.7
1212;15900;24000;5;2;1;70;0;999;1135;4.2
1213;15889;10072;5;1;1;70;1;999;1134;4.2
1214;15888;11903;5;2;1;60;0;999;1135;4.2
1215;15880;22000;5;1;1;66;1;1422;1180;3.9
1216;15880;21000;5;2;1;70;1;999;1135;4.2
1217;15880;7400;5;1;1;60;1;999;1135;4.4
1218;15880;9300;5;1;1;70;0;999;1094;4.2
1219;15880;27255;5;1;1;66;0;1422;1345;4.1
1220;15880;8900;5;2;2;70;0;999;1180;4.4
1221;15880;24725;5;1;1;66;1;1422;1135;3.9
1222;15875;27550;5;2;1;70;1;999;1135;4.4
1223;15870;23555;5;1;1;66;0;1422;1345;4.1
1224;15870;27030;5;1;1;66;1;1422;1180;4.1
1225;15870;24250;5;1;1;66;1;1422;1180;4.1
1226;15870;13010;5;1;1;60;1;999;1180;4.4
1227;15860;3718;5;2;1;70;1;999;1180;4.4
1228;15850;10700;5;2;2;70;0;999;1135;4.2
1229;15850;17768;5;2;2;92;0;1395;1180;5.1
1230;15850;17768;5;2;2;92;0;1395;1180;5.1
1231;15850;17768;5;2;2;92;0;1395;1180;5.1
1232;15850;17768;5;2;2;92;0;1395;1180;5.1
1233;15869;15184;5;2;1;70;0;999;1110;4.3
1234;15850;17768;5;2;2;92;0;1395;1180;5.1
1235;15850;17768;5;2;2;92;0;1395;1180;5.1
1236;15850;17768;5;2;2;92;0;1395;1180;5.1
1237;15850;17768;5;2;2;92;0;1395;1180;5.1
1238;15850;17768;5;2;2;92;0;1395;1180;5.1
1239;15850;17768;5;2;2;92;0;1395;1180;5.1
1240;15850;17768;5;2;2;92;0;1395;1180;5.1
1241;15850;17768;5;2;2;92;0;1395;1180;5.1
1242;15850;17768;5;2;2;92;0;1395;1180;5.1
1243;15850;17768;5;2;2;92;0;1395;1180;5.1
1244;15850;17768;5;2;2;92;0;1395;1180;5.1
1245;15850;17768;5;2;2;92;0;1395;1180;5.1
1246;15850;17768;5;2;2;92;0;1395;1180;5.1
1247;15850;17768;5;2;2;92;0;1395;1180;5.1
1248;15850;17768;5;2;2;92;0;1395;1180;5.1
1249;15850;17768;5;2;2;92;0;1395;1180;5.1
1250;15900;7631;5;2;1;85;0;1598;1250;3.5
1251;15900;38000;5;2;1;66;0;1422;1165;3.6
1252;15500;28000;7;2;1;66;0;1598;1200;4.2
1253;15500;29343;5;2;1;85;0;1598;1695;3.7
1254;15900;8830;5;2;1;85;0;1598;1600;3.7
1255;15890;5400;5;1;1;60;0;999;1195;4.4
1256;15890;63494;5;2;1;71;0;999;1035;4.2
1257;15900;44188;5;2;1;71;0;999;1035;4.2
1258;15890;15800;5;1;1;66;0;1422;1205;3.9
1259;15500;21000;5;2;1;70;0;999;1135;4.2
1260;15700;10150;5;1;1;70;0;999;1134;4.4
1261;15500;44300;5;2;1;70;0;999;1580;4.3
1262;15700;11000;5;2;1;70;0;999;1135;4.2
1263;15700;4490;5;1;1;70;0;999;1180;4.4
1264;15500;40500;5;2;1;66;0;1422;1195;3.4
1265;15500;28414;5;2;1;60;0;999;1135;4
1266;15495;11500;5;1;1;70;1;999;1135;5.1
1267;15499;5023;5;1;1;60;1;999;1110;3.9
1268;15499;24500;5;1;1;66;1;1422;1135;3.9
1269;15500;9200;5;2;1;60;0;999;1110;4.2
1270;15500;11284;5;1;1;70;0;999;1180;4.4
1271;15490;1500;5;2;1;70;0;999;1180;4.2
1272;15490;47853;5;2;1;70;0;999;1135;5.1
1273;15490;10900;5;2;1;70;1;999;1135;4.2
1274;15490;7985;5;2;1;60;0;999;1135;4.2
1275;15490;29937;5;2;1;70;0;999;1135;4.2
1276;15490;23100;5;2;1;70;1;999;1135;4.3
1277;15480;10123;5;2;1;60;0;929;1180;4.2
1278;15480;19550;5;2;1;66;1;1422;1180;3.9
1279;15690;22250;5;1;1;60;0;999;1180;4.2
1280;15690;19014;5;1;1;70;0;999;1135;4.3
1281;15690;34600;5;2;1;66;0;1422;1180;3.9
1282;15690;16425;5;1;1;70;0;999;1135;4.3
1283;15689;32571;5;2;1;70;1;999;1135;4.4
1284;15680;26946;5;2;1;85;0;1598;1135;3.5
1285;15680;62936;5;2;1;85;0;1598;1225;3.7
1286;15680;22627;5;2;1;85;0;1598;1135;3.5
1287;15680;22627;5;2;1;85;0;1598;1180;3.5
1288;15680;19893;5;2;1;85;0;1598;1135;3.5
1289;15680;22627;5;1;1;85;0;1598;1135;3.5
1290;15680;26946;5;2;1;85;0;1598;1180;3.5
1291;15480;18890;5;2;3;70;1;999;1135;4.2
1292;15670;21083;5;2;1;60;1;999;1135;4.4
1293;15679;26946;5;2;1;85;0;1598;1135;3.5
1294;15667;21036;5;1;1;66;1;1422;1135;3.9
1295;15639;9885;5;1;1;70;0;999;1110;5.1
1296;15620;6266;5;1;1;60;1;999;1135;4.2
1297;15790;22900;5;1;1;66;0;1422;1130;3.4
1298;15780;21306;5;1;1;66;1;1422;1135;3.9
1299;15770;25300;5;1;1;66;1;1422;1135;3.9
1300;15780;21911;5;1;1;66;1;1422;1180;3.9
1301;15600;29899;5;2;1;85;0;1598;1695;3.7
1302;15750;12103;5;2;1;60;0;999;1135;4.2
1303;15750;22600;5;2;1;66;1;1422;1205;3.7
1304;15750;9767;5;2;1;70;0;999;1135;5.1
1305;15750;46146;5;2;1;70;0;999;1135;4.4
1306;15750;27749;5;1;1;66;1;1422;1205;3.9
1307;15750;30000;5;2;1;60;0;999;1135;4.2
1308;15740;4990;5;1;1;60;0;999;1110;4.4
1309;15740;25634;5;1;1;66;0;1422;1195;4.1
1310;15600;20071;5;2;1;85;0;1598;1695;3.7
1311;15600;20587;5;2;1;85;0;1598;1695;3.7
1312;15600;23500;5;2;1;85;0;1598;1695;3.7
1313;15600;17410;5;1;1;70;0;999;1485;4.3
1314;15600;17400;5;1;1;70;0;999;1135;4.3
1315;15590;10007;5;2;1;70;1;999;1180;4.4
1316;15599;5334;5;2;2;70;0;999;1180;4.2
1317;15585;15560;5;2;1;66;1;1596;1205;3.7
1318;15555;4900;5;2;1;60;1;999;1135;4.2
1319;15580;7528;5;2;1;66;0;1422;1165;4.1
1320;15580;2450;5;2;1;70;1;999;1135;4.2
1321;15550;200;5;2;1;70;0;999;1097;4.2
1322;15550;8001;5;0;1;70;1;999;1134;4.2
1323;15740;27338;5;1;1;66;0;1422;1195;4.1
1324;15740;26354;5;1;1;66;0;1422;1195;4.1
1325;15850;17768;5;2;2;92;0;1395;1180;5.1
1326;15700;8700;5;1;1;60;0;999;1110;4.2
1327;15700;8200;5;2;1;70;0;999;1135;4.3
1328;15700;15599;5;1;1;70;1;999;1180;4.2
1329;15550;22390;5;1;1;60;0;999;1180;4.4
1330;15850;17768;5;2;2;92;0;1395;1180;5.1
1331;15850;24;5;1;1;60;1;999;1135;4.2
1332;15850;17768;5;2;2;92;0;1395;1180;5.1
1333;15850;52030;5;2;1;70;0;999;1135;4.2
1334;15850;17768;5;2;2;92;0;1395;1180;5.1
1335;15850;17768;5;2;2;92;0;1395;1180;5.1
1336;15850;22336;5;1;1;66;1;1422;1165;3.9
1337;15850;19899;5;1;1;66;1;1422;1205;3.9
1338;15844;13521;5;2;2;70;1;999;1180;4.4
1339;15840;18481;5;1;1;66;0;1422;1195;4.1
1340;15838;4623;5;1;1;60;0;999;1135;4.2
1341;15840;9900;5;1;1;70;1;999;1135;4.4
1342;15834;26991;5;1;1;66;1;1422;1135;3.9
1343;15834;26289;5;1;1;66;1;1422;1135;3.9
1344;15700;15599;5;1;1;70;1;999;1180;4.2
1345;15834;23858;5;1;1;66;1;1422;1135;3.9
1346;15834;20590;5;1;1;66;1;1422;1135;3.9
1347;15834;22225;5;1;1;66;1;1422;1135;3.9
1348;15290;27930;5;2;2;70;0;999;1135;4.3
1349;15834;20436;5;1;1;66;1;1422;1135;3.9
1350;15290;26905;5;2;2;70;0;999;1135;4.3
1351;15290;15500;5;2;2;66;0;1422;1195;3.7
1352;15290;9900;5;2;1;70;0;999;1180;4.4
1353;15280;16222;5;2;1;70;0;999;1125;4.2
1354;15250;37568;5;2;1;70;0;999;1135;4.2
1355;15249;12642;5;2;1;70;0;1000;1110;4.4
1356;15199;17500;5;1;1;60;0;999;1135;4.2
1357;15200;23510;5;2;1;85;0;1598;1225;3.7
1358;15180;16357;5;2;2;66;0;1422;1180;3.8
1359;15100;21745;5;1;1;70;0;999;1485;4.3
1360;15000;55000;5;2;2;70;0;999;1135;4.2
1361;15000;80000;5;2;2;66;0;1422;1205;3.7
1362;15000;17000;5;2;1;70;0;999;1135;4.2
1363;15000;24000;5;2;1;70;0;999;1485;4.3
1364;15450;13300;5;2;2;70;0;999;1180;4.4
1365;15450;26495;5;1;1;66;1;1422;1195;3.9
1366;15450;14518;5;2;2;70;0;999;1035;4.2
1367;15450;26650;5;1;1;70;0;999;1135;4.2
1368;15444;3300;5;1;1;70;1;999;1135;4.2
1369;15444;4300;5;1;1;70;1;999;1135;4.2
1370;15400;17873;5;2;2;70;0;999;1135;4.2
1371;15440;6240;5;1;1;60;0;999;1110;4.4
1372;15400;1478;5;2;1;60;1;999;1110;4.2
1373;15400;15900;6;2;1;92;0;1395;1180;5.1
1374;15400;17000;5;1;1;60;0;999;1135;4.2
1375;15390;5900;5;1;1;60;1;999;1110;4.4
1376;15350;18330;5;1;1;60;0;999;1135;4.2
1377;15000;24000;5;2;1;70;0;999;1485;4.3
1378;14999;13790;5;2;1;66;1;1422;1135;3.4
1379;14999;16644;5;2;1;66;1;1422;1135;3.7
1380;14999;12500;5;1;1;60;0;999;1135;4.4
1381;14999;43881;5;2;1;70;0;999;1625;4.2
1382;14990;8900;5;2;1;70;1;999;1135;4.2
1383;14990;19335;5;2;1;66;1;1422;1135;3.7
1384;14990;23500;5;2;1;70;0;999;1097;4.2
1385;14990;11720;5;2;1;66;1;1422;1135;3.7
1386;14990;14942;5;2;1;66;1;1422;1135;4.2
1387;14990;14200;5;2;1;70;0;999;1097;4.2
1388;14990;32700;5;2;1;66;1;1422;1135;4.1
1389;14990;41989;5;2;1;70;0;999;1110;4.2
1390;14990;43341;5;2;1;85;0;1598;1250;3.7
1391;14980;13938;5;2;1;60;0;929;1180;4.2
1392;14980;6302;5;2;1;60;1;999;1135;4.2
1393;14970;15900;5;2;2;60;0;999;1110;4.2
1394;14960;11000;5;1;2;60;0;999;1135;4.2
1395;14980;10000;5;1;1;60;1;999;1135;4.4
1396;15980;1647.362609;5;0;1;70;0;1197;1135;4.2
1397;15970;16692;5;1;1;66;0;1422;1345;4.1
1398;15990;28956;5;2;1;87;0;1598;1135;4.2
1399;15990;20761;5;2;1;70;0;999;1135;4.2
1400;15990;17365;5;1;1;60;0;999;1135;4.2
1401;15990;24265;5;2;1;60;0;999;1135;4.2
1402;15990;5400;5;2;1;60;1;999;1135;4.4
1403;15990;44880;5;2;1;70;0;999;1134;4.3
1404;15990;20010;5;2;2;66;1;1422;1180;3.7
1405;15990;39600;5;2;1;66;0;1422;1195;3.9
1406;15949;24850;5;2;2;60;1;999;1180;4.4
1407;15990;18258;5;2;2;70;0;999;1135;4.2
1408;15990;1382;5;0;1;70;1;999;1135;4.2
1409;15960;14900;5;2;2;66;0;1422;1205;3.9
1410;15970;28000;5;2;2;85;0;1598;1250;3.8
1411;15960;12200;5;2;1;60;1;999;1135;4.4
1412;15960;4339;5;2;1;60;1;999;1180;4.4
1413;15960;8900;5;1;1;70;0;999;1135;4.2
1414;15960;21216;5;2;1;70;1;999;1180;4.4
1415;15950;12571;5;2;1;66;1;1422;1135;3.9
1416;15950;15981;5;1;1;66;1;1422;1135;3.9
1417;15950;19000;5;1;1;70;0;999;1110;4.2
1418;15950;21800;5;1;1;70;0;999;1110;4.2
1419;15950;20600;5;1;1;70;0;999;1110;4.2
1420;15950;20700;5;1;1;70;0;999;1110;4.2
1421;15950;14800;5;1;1;70;0;999;1110;4.2
1422;15950;42908;5;2;1;70;0;999;1135;4.2
1423;15950;8265;5;1;1;60;0;999;1180;4.2
1424;15990;18000;5;2;1;70;0;999;1060;4.2
1425;15950;17355;5;2;1;60;0;999;1135;4.4
1426;15950;29163;5;2;1;70;0;999;1010;4.2
1427;15950;45000;5;2;1;66;0;1422;1195;3.7
1428;15990;50589;5;2;1;70;0;999;1625;4.4
1429;15950;45000;5;2;1;66;0;1422;1195;3.7
1430;15985;4800;5;1;1;60;1;999;1135;4.2
1431;15985;8000;5;1;1;60;1;999;1135;4.2
1432;15983;7966;5;1;1;60;0;999;1135;4.2
1433;15980;21443;5;2;1;70;0;999;1135;4.2
1434;15980;5375;5;1;1;60;0;999;1135;4.2
1435;15980;8217;5;1;1;60;1;999;1135;4.4
1436;15980;11940;5;2;1;66;0;1422;1205;3.7
1437;15980;25268;5;1;1;66;1;1422;1135;3.9
1438;15980;19546;5;1;1;66;1;1422;1135;3.9
1439;15980;43200;5;2;1;70;1;999;1180;4.4
1440;15980;26704;5;1;1;66;0;1422;1345;4.1
1441;15980;39680;5;2;1;60;1;999;1180;4.4
1442;15980;17000;5;1;1;60;1;999;1135;4.4
1443;15980;2943;5;1;1;60;1;999;1135;4.2
1444;15980;15648;5;2;1;70;1;999;1180;4.4
1445;15976;11677;5;1;1;66;1;1422;1135;3.9
1446;15975;9371;5;2;1;70;1;999;1180;4.4
1447;15972;24886;5;1;1;66;1;1422;1135;3.9
1448;15972;20772;5;1;1;66;1;1422;1135;3.9
1449;15972;26920;5;1;1;66;1;1422;1135;3.9
1450;15972;24517;5;1;1;66;1;1422;1135;3.9
1451;15970;25044;5;1;1;66;1;1422;1180;4.1
1452;15970;16137;5;2;1;66;0;1422;1135;3.8
1453;15970;14539;5;1;1;66;0;1422;1180;4.1
1454;15970;15000;5;1;1;60;1;999;1135;4.2
1455;15970;25416;5;1;1;66;0;1422;1180;4.1
1456;21550;10;7;1;1;85;0;1598;1660;3.9
1457;21900;8279;7;1;1;92;1;1395;1215;5
1458;21999;3400;7;1;1;92;0;1395;1135;5.1
1459;21995;7181;7;1;1;93;0;1395;1180;4.4
1460;21990;19999;7;1;1;71;0;999;1135;4.2
1461;22000;200;7;0;1;85;0;999;1230;4.8
1462;22980;3500;7;0;1;85;0;999;1180;4.9
1463;23550;22688;7;1;1;71;0;999;1065;4.4
1464;22980;7987;7;1;1;141;0;1798;1135;5.6
1465;23880;6100;7;1;1;85;0;999;1200;4.8
1466;23880;3000;7;1;1;85;1;999;1180;4.8
1467;22950;20605;7;1;1;71;0;999;1065;4.4
1468;23540;1647.362609;7;0;1;85;0;999;1180;4.8
1469;23500;20700;7;1;1;85;0;1598;1180;3.7
1470;16100;22210;5;1;1;85;0;1598;1250;3.7
1471;16261;26749;5;1;1;66;1;1422;1135;3.9
1472;16000;12000;5;1;1;70;0;999;1135;4.2
1473;16249;16066;5;1;1;60;0;999;1110;4.4
1474;16240;10840;5;1;1;60;0;929;1180;4.2
1475;16370;6381;5;1;1;60;1;999;1180;4.4
1476;16000;19000;5;1;1;85;0;1598;1250;3.8
1477;16370;6141;5;1;1;60;1;999;1180;4.4
1478;16400;24336;5;1;1;70;0;999;1580;4.3
1479;16400;10703;5;1;1;85;0;1598;1695;3.7
1480;16400;33360;5;1;1;70;0;999;1285;4.4
1481;16380;11900;5;1;1;70;1;999;1135;5.1
1482;16390;23800;5;1;1;70;1;999;1135;4.2
1483;16390;22100;5;1;1;66;1;1422;1135;3.9
1484;16445;19181;5;1;1;66;1;1422;1195;3.9
1485;16445;26619;5;1;1;66;1;1422;1195;3.9
1486;16445;20321;5;1;1;66;1;1422;1195;3.9
1487;16430;10784;5;1;1;66;0;1422;1345;4.1
1488;16430;24193;5;1;1;66;0;1422;1195;4.1
1489;16440;22680;5;1;1;66;1;1422;1195;4.1
1490;16430;26512;5;1;1;66;0;1422;1195;4.1
1491;16430;23528;5;1;1;66;0;1422;1195;4.1
1492;16440;20600;5;1;1;70;1;999;1135;4.4
1493;16430;26731;5;1;1;66;0;1422;1195;4.1
1494;16430;20413;5;1;1;66;1;1422;1195;4.1
1495;16470;22664;5;1;1;66;0;1422;1180;4.1
1496;16405;19894;5;1;1;66;1;1422;1195;3.9
1497;16472;3053;5;1;1;60;0;999;1135;4.2
1498;16470;5907;5;1;1;70;0;999;1285;4.4
1499;16470;20407;5;1;1;66;0;1422;1345;4.1
1500;16450;7500;5;1;1;70;1;999;1180;4.2
1501;16450;25468;5;1;1;70;1;999;1135;4.2
1502;16450;17671;5;1;1;66;1;1422;1135;3.9
1503;16450;8100;5;1;1;70;0;999;1180;4.4
1504;16450;7478;5;1;1;60;1;999;1135;4.2
1505;16448;9647;5;1;1;70;0;999;1135;4.2
1506;16445;26307;5;1;1;66;1;1422;1195;3.9
1507;16390;26700;5;1;1;66;1;1422;1180;3.9
1508;16445;23934;5;1;1;66;1;1422;1195;3.9
1509;16445;26596;5;1;1;66;1;1422;1195;3.9
1510;16445;23987;5;1;1;66;1;1422;1195;3.9
1511;16445;22511;5;1;1;66;1;1422;1195;3.9
1512;16445;25542;5;1;1;66;1;1422;1195;3.9
1513;16445;26475;5;1;1;66;1;1422;1195;3.9
1514;16445;27763;5;1;1;66;1;1422;1195;3.9
1515;16445;29884;5;1;1;66;1;1422;1195;3.9
1516;16445;12494;5;1;1;70;0;999;1180;4.2
1517;15990;1001;5;1;1;60;1;999;1110;4.4
1518;16100;23687;5;1;1;70;0;999;1135;4.3
1519;15990;8900;5;1;1;60;0;999;1135;4.2
1520;15990;26800;5;1;1;66;1;1422;1135;3.9
1521;15990;26212;5;1;1;70;1;999;1135;5.1
1522;15990;17922;5;1;1;66;1;1422;1180;4.1
1523;15990;26600;5;1;1;66;0;1422;1135;3.9
1524;16360;9999;5;1;1;70;1;999;1135;5.1
1525;16321;22212;5;1;1;66;1;1422;1135;3.9
1526;16321;24909;5;1;1;66;1;1422;1135;3.9
1527;16300;7756;5;1;1;66;0;1422;1135;3.6
1528;16300;25800;5;1;1;70;0;999;1580;4.3
1529;16370;4100;5;1;1;60;1;999;1180;4.4
1530;16300;16147;5;1;1;70;0;999;1580;4.3
1531;16300;17442;5;1;1;70;0;999;1580;4.3
1532;16290;26292;5;1;1;66;1;1422;1205;3.9
1533;16290;26738;5;1;1;66;1;1422;1135;3.9
1534;16280;10600;5;1;1;70;1;999;1135;4.4
1535;16261;26077;5;1;1;66;1;1422;1135;3.9
1536;16261;27634;5;1;1;66;1;1422;1135;3.9
1537;16261;26126;5;1;1;66;1;1422;1135;3.9
1538;16270;12411;5;1;1;60;1;999;1180;4.4
1539;16261;25862;5;1;1;66;1;1422;1135;3.9
1540;16261;23926;5;1;1;66;1;1422;1135;3.9
1541;16261;26977;5;1;1;66;1;1422;1135;3.9
1542;16261;24296;5;1;1;66;1;1422;1180;3.9
1543;16250;9883;5;1;1;85;0;1598;1250;3.8
1544;16240;7312;5;1;1;60;0;929;1180;4.2
1545;16240;26180;5;1;1;66;1;1422;1195;4.1
1546;16220;1647.362609;5;0;1;70;0;999;1165;4
1547;16220;1647.362609;5;0;1;70;0;999;1165;4
1548;16210;6400;5;1;1;60;1;999;1135;4.2
1549;16200;18000;5;1;1;66;0;1422;1120;3.4
1550;16200;22000;5;1;1;70;0;999;1035;4.2
1551;16200;12736;5;1;1;70;0;999;1580;4.3
1552;16200;14936;5;1;1;70;0;999;1580;4.3
1553;16200;15577;5;1;1;70;0;999;1580;4.3
1554;16200;16622;5;1;1;70;0;999;1580;4.3
1555;16140;13800;5;1;1;66;1;1422;1135;3.9
1556;16135;18805;5;1;1;66;1;1422;1135;3.9
1557;16135;19724;5;1;1;66;1;1422;1135;3.9
1558;23500;20700;7;1;1;85;0;1598;1180;3.7
1559;23500;20700;7;1;1;85;0;1598;1180;3.7
1560;23500;3525;7;1;1;66;0;1422;1145;4
1561;23500;80;7;1;1;85;0;999;1135;4.8
1562;23500;6398;7;1;1;85;0;999;1680;4.8
1563;23500;80;7;1;1;85;0;999;1135;4.8
1564;23480;5000;7;0;1;85;0;999;1200;4.8
1565;23475;6;7;0;1;85;0;999;1180;4.9
1566;23450;14338;7;0;1;110;0;1395;1230;4.7
1567;23475;6;7;0;1;85;0;999;1180;4.9
1568;23467;6100;7;0;1;85;0;999;1180;4.9
1569;23475;6;7;0;1;85;0;999;1180;4.9
1570;23467;6100;7;0;1;85;0;999;1180;4.9
1571;23450;9175;7;1;1;92;0;1395;1215;5
1572;23440;10500;7;1;1;70;0;999;1135;4.5
1573;23400;1;7;0;1;85;0;999;1230;4.8
1574;23300;10;7;0;1;85;0;999;1255;4.8
1575;22950;11000;7;1;1;85;0;999;1680;4.2
1576;23300;900;7;0;1;85;0;999;1680;4.8
1577;22940;18900;7;1;1;71;0;999;1090;4.4
1578;22940;5272;7;1;1;85;0;1598;1180;4
1579;22930;6740;7;1;1;85;1;1598;1135;4
1580;22930;6740;7;1;1;85;0;1598;1135;4
1581;23880;9999;7;1;1;70;0;999;1135;4.2
1582;22900;3500;7;0;1;85;0;999;1180;4.8
1583;22900;5050;7;1;1;141;1;1798;1135;5.6
1584;22900;4560;7;1;1;66;1;1422;1195;4
1585;23880;9999;7;1;1;70;0;999;1135;4.2
1586;23829;7232;7;1;1;110;1;1395;1180;4.7
1587;23880;7952;7;1;1;70;0;999;1135;4.2
1588;23800;300;7;0;1;85;0;1000;1135;4.2
1589;23800;300;7;0;1;85;0;1000;1135;4.2
1590;23777;9000;7;1;1;70;0;999;1165;4.4
1591;23750;5891;7;1;1;141;1;1798;1135;4.2
1592;23750;5911;7;1;1;141;1;1798;1135;4.2
1593;23700;10700;7;1;1;66;0;1422;1180;4
1594;23700;10;7;0;1;85;0;999;1180;4.8
1595;23700;10;7;0;1;85;0;999;1180;4.8
1596;23660;253;7;0;1;85;0;999;1166;4.8
1597;22900;13550;7;1;1;70;0;1000;1065;4.5
1598;22900;2598;7;1;1;85;0;999;1680;4.8
1599;23690;9000;7;0;1;85;1;999;1200;4.8
1600;23660;10;7;0;1;85;0;999;1166;4.8
1601;23650;4847;7;1;1;85;0;999;1200;4.8
1602;23630;1177;7;1;1;92;0;1395;1180;5.2
1603;22900;20;7;0;0;70;0;999;1165;4.4
1604;22830;3109;7;1;1;70;0;999;1135;4.4
1605;22805;9750;7;1;1;92;1;1395;1135;4.9
1606;22880;9600;7;0;1;70;1;999;1135;4.4
1607;22800;10876;5;1;1;71;0;999;1090;4.4
1608;22800;20000;7;1;1;71;0;999;1065;4.4
1609;22840;1050;7;1;1;85;0;999;1180;4.9
1610;22830;3109;7;1;1;70;1;999;1135;4.4
1611;22450;24435;7;1;1;70;0;999;1065;4.5
1612;22444;7000;7;1;1;70;1;999;1135;4.5
1613;22440;4560;7;1;1;110;0;1395;1220;4.7
1614;22440;4200;7;1;1;92;0;1395;1180;5.2
1615;22400;13705;7;1;1;71;0;999;1065;4.4
1616;22400;26663;7;1;1;71;0;999;1065;4.4
1617;22400;31468;7;1;1;71;0;999;1065;4.4
1618;22400;31407;7;1;1;71;0;999;1065;4.4
1619;22400;31642;7;1;1;71;0;999;1065;4.4
1620;22300;5000;7;0;1;85;0;999;1230;4.8
1621;22260;1;7;0;1;110;0;1498;1240;5.1
1622;22399;16270;7;1;1;71;0;999;1065;4.4
1623;22390;6078;7;1;1;66;0;1422;1180;4.1
1624;22330;4794;7;1;1;92;1;1395;1135;4.9
1625;22330;4794;7;1;1;92;0;1395;1135;4.9
1626;22200;20;7;0;0;70;0;999;1165;4.4
1627;22247;13894;7;1;2;85;0;1598;1135;4
1628;23250;22929;7;1;2;70;0;999;1065;4.5
1629;22000;6600;7;1;2;66;0;1422;1135;4
1630;23250;19627;7;1;2;70;0;999;1065;4.5
1631;23250;19399;7;1;2;70;0;999;1065;4.5
1632;23200;80;7;1;2;85;0;999;1135;4.8
1633;22000;27000;7;1;1;92;0;1395;1215;4.9
1634;23200;80;7;1;1;85;0;999;1135;4.8
1635;23200;80;7;1;1;85;0;999;1135;4.8
1636;23200;1;7;0;0;110;0;1498;1240;5.1
1637;23090;9821;7;1;1;141;1;1798;1180;5.8
1638;23200;80;7;1;1;85;0;999;1135;4.8
1639;23000;15000;7;1;1;70;0;999;1140;4.4
1640;23200;80;7;1;1;85;0;999;1135;4.8
1641;23200;80;7;1;1;85;0;999;1135;4.8
1642;23032;1647.362609;7;0;0;110;0;1498;1180;5
1643;23000;16000;7;1;2;141;0;1798;1280;5.6
1644;21990;10000;7;1;1;92;0;1395;1180;5.2
1645;22991;3600;7;1;1;92;1;1395;1180;5.2
1646;22990;1647.362609;7;0;0;85;1;995;1180;4.9
1647;22990;3792;7;0;0;85;0;999;1680;4.2
1648;21980;15980;7;1;1;70;1;999;1180;4.5
1649;22990;1060;7;1;1;92;0;1395;1180;4.4
1650;21980;4860;7;1;1;70;0;999;1135;4.4
1651;22990;4900;6;1;1;85;1;999;1200;4.8
1652;21950;8913;7;1;1;92;0;1395;1180;5.2
1653;21950;6200;7;1;1;70;0;999;1065;4.6
1654;21950;11800;7;1;2;92;0;1395;1180;5.1
1655;21949;7500;7;1;2;70;0;999;1180;4.4
1656;21949;7500;7;1;2;70;0;999;1180;4.4
1657;21940;9998;7;1;1;110;0;1395;1135;4.7
1658;21940;4990;7;1;1;70;0;999;1140;4.4
1659;21900;512;7;0;0;85;0;999;1680;4.8
1660;21900;13417;7;1;1;71;0;999;1135;4.2
1661;21900;973;7;1;1;141;1;1798;1180;5.8
1662;21890;6600;7;1;1;85;1;1598;1135;4
1663;21900;8098;7;1;1;70;0;999;1165;4.4
1664;21900;17000;7;1;1;70;0;999;1530;4.2
1665;21900;28;7;1;1;66;0;1422;1220;4
1666;21900;28;7;1;1;66;0;1422;1220;4
1667;21888;7856;7;1;1;92;0;1395;1135;4.9
1668;21790;16556;7;1;1;70;0;999;1065;4.4
1669;21880;7400;7;1;1;70;1;999;1165;4.4
1670;21790;23050;7;1;1;70;0;999;1065;4.4
1671;21790;5000;7;0;1;85;1;999;1180;4.9
1672;21780;6163;7;1;1;92;1;1395;1180;4.9
1673;21790;6900;7;1;1;70;1;999;1135;4.4
1674;21790;21298;7;1;1;70;0;999;1065;4.4
1675;21770;6700;7;1;1;85;0;1598;1275;4
1676;21770;6700;7;1;1;85;1;1598;1275;4
1677;21750;6450;7;1;1;85;1;999;1135;3.9
1678;21700;2060;7;1;1;92;1;1395;1180;4.9
1679;21690;5903;7;1;1;92;1;1395;1180;4.9
1680;21670;15251;7;1;1;85;0;1598;1135;4
1681;21664;1647.362609;7;0;1;85;0;999;1200;4
1682;21660;11432;7;1;1;66;0;1422;1135;4.1
1683;21590;31275;7;1;1;70;0;999;1065;4.4
1684;22790;7850;7;1;1;92;0;1395;1215;5.1
1685;22789;15184;7;1;1;71;0;999;1135;4.2
1686;22750;3827;7;1;1;92;0;1395;1115;4.9
1687;22690;20520;7;1;1;70;1;999;1135;4.4
1688;22690;6892;7;1;1;141;1;1798;1135;5.6
1689;22731;8208;7;1;1;92;0;1395;1135;4.9
1690;22730;7400;7;1;1;70;1;999;1180;4.4
1691;22683;9544;7;1;1;141;0;1798;1135;5.6
1692;22595;5880;7;1;1;70;0;999;1135;4.4
1693;22570;8500;7;1;1;110;0;1395;1135;4.7
1694;22568;6461;7;1;1;110;0;1395;1135;4.7
1695;22560;17300;7;1;1;70;1;999;1135;4.4
1696;22500;15000;7;1;1;70;0;999;1140;4.4
1697;22500;19200;7;1;1;85;0;1598;1180;3.7
1698;22491;1647.362609;7;0;1;85;0;999;1200;4
1699;22490;1647.362609;7;0;1;85;0;999;1180;4.8
1700;22490;1013;7;0;1;85;1;999;1200;4.8
1701;22480;5021;7;1;1;85;0;1598;1135;4
1702;22480;9530;7;1;1;85;0;1598;1135;4
1703;22450;10340;7;1;1;71;0;999;1090;4.4
1704;16480;16310;5;1;1;66;1;1422;1135;3.9
1705;16490;24621;5;1;1;66;1;1422;1195;4.2
1706;16485;6030;5;1;1;60;1;999;1135;4.4
1707;16490;100;5;1;1;70;0;999;1135;4.2
1708;16480;18100;5;1;1;70;1;999;1135;4.4
1709;16490;11836;5;1;1;70;0;999;1135;4.2
1710;16490;5731;5;1;1;60;0;999;1235;4.4
1711;16480;4150;5;1;1;60;0;999;1195;4.4
1712;16499;29443;5;1;1;70;0;999;1135;4
1713;16490;14200;5;1;1;66;0;1422;1120;3.4
1714;16490;9000;5;1;1;70;0;999;1035;4.2
1715;16480;24000;5;1;1;66;0;1422;1205;3.9
1716;16480;6786;5;1;1;60;0;999;1135;4.2
1717;16480;16998;5;1;1;66;1;1422;1205;3.9
1718;16480;22940;5;1;1;66;0;1422;1345;4.1
1719;16669;9970;5;1;1;60;0;999;1110;4.2
1720;16500;9500;5;1;1;66;0;1422;1195;3.7
1721;16550;25000;5;1;1;66;0;1422;1135;4.2
1722;16500;9000;5;1;1;66;0;1422;1195;3.7
1723;16500;24696;5;1;1;70;0;999;1580;4.3
1724;16500;11000;5;1;1;70;0;999;1135;4.2
1725;16500;11186;5;1;1;85;0;1598;1695;3.7
1726;16500;11300;5;1;1;66;0;1422;1195;3.7
1727;16650;24780;5;1;1;66;0;1422;1165;3.8
1728;16950;5500;5;1;1;66;0;1422;1205;3.9
1729;16950;23130;5;1;1;66;0;1422;1205;3.9
1730;16950;24990;5;1;1;66;0;1422;1165;3.8
1731;16950;20690;5;1;1;66;0;1422;1165;3.8
1732;16950;10237;5;1;1;60;0;999;1135;4.2
1733;16950;22900;5;1;1;66;1;1422;1180;3.9
1734;16950;8270;5;1;1;60;0;999;1135;4.4
1735;16980;10000;5;1;2;70;0;999;1180;4.4
1736;16985;1050;5;0;1;70;1;999;1135;5.1
1737;16985;1100;5;0;1;70;1;999;1135;4.2
1738;16985;6153;5;1;1;60;0;999;1135;4.2
1739;16980;5000;5;1;1;70;1;999;1135;4.4
1740;16980;15052;5;1;1;70;1;999;1135;5.1
1741;16980;11205;5;1;1;70;1;999;1180;4.2
1742;16980;10000;5;1;2;70;0;999;1180;4.4
1743;16980;25444;5;1;1;66;0;1422;1180;4.1
1744;16980;25427;5;1;1;66;0;1422;1180;4.1
1745;16980;26550;5;1;1;66;0;1422;1180;4.1
1746;16980;26888;5;1;1;66;0;1422;1180;4.1
1747;16980;25743;5;1;1;85;0;1598;1180;3.8
1748;16978;2650;5;1;1;60;1;999;1180;4.2
1749;16960;23499;5;1;1;70;1;999;1180;4.4
1750;16950;7000;5;1;1;70;0;999;1180;4.4
1751;16950;13000;5;1;1;70;0;999;1114;4.3
1752;16960;9500;5;1;2;60;1;999;1180;4.2
1753;16949;25687;5;1;1;66;1;1422;1135;3.9
1754;16950;19900;5;1;1;70;1;999;1180;4.2
1755;16950;20690;5;1;1;66;0;1422;1165;3.8
1756;16949;23053;5;1;1;66;1;1422;1135;3.9
1757;16650;26340;5;1;1;66;0;1422;1165;3.8
1758;16649;22900;5;1;1;66;0;1422;1135;3.9
1759;16649;25900;5;1;1;66;1;1422;1180;3.9
1760;16649;26100;5;1;1;66;1;1422;1135;3.9
1761;16600;10306;5;1;1;85;0;1598;1695;3.7
1762;16594;3963;5;1;1;60;1;999;1180;4.2
1763;16630;6677;5;1;1;60;0;999;1135;4.4
1764;16559;6617;5;1;1;70;1;999;1135;4.4
1765;16590;5300;5;1;1;60;0;999;1135;4.2
1766;16900;19000;5;1;1;66;0;1422;1130;3.4
1767;16900;15600;5;1;1;66;0;1598;1135;4.2
1768;16900;20082;5;1;1;85;0;1598;1250;3.8
1769;16900;10457;5;1;1;70;0;999;1580;4.3
1770;16900;9921;5;1;1;85;0;1598;1695;3.7
1771;16900;28456;5;1;1;70;0;999;1135;4.3
1772;16900;18600;5;1;1;85;0;1598;1135;3.8
1773;16900;18524;5;1;1;70;0;999;1135;4.3
1774;16900;27595;5;1;1;70;0;999;1135;4.3
1775;16900;9600;5;1;1;60;0;999;1625;4.2
1776;16900;10000;5;1;1;60;0;999;1110;4.2
1777;16920;17406;5;1;1;60;1;999;1180;4.2
1778;16949;22601;5;1;1;66;1;1422;1135;3.9
1779;16949;26133;5;1;1;66;1;1422;1135;3.9
1780;16940;6436;5;1;1;60;1;999;1180;4.4
1781;16940;27297;5;1;1;66;1;1422;1180;3.9
1782;16940;4290;5;1;1;60;0;999;1135;4.2
1783;16940;26261;5;1;1;66;1;1422;1180;3.9
1784;16920;27550;5;1;1;66;0;1422;1180;3.9
1785;16920;26900;5;1;1;66;1;1422;1135;3.9
1786;16500;9088;5;1;1;60;0;999;1135;4
1787;16500;18000;5;1;1;70;0;999;1135;4
1788;16900;21619;5;1;1;85;0;1598;1250;3.8
1789;16900;20951;5;1;1;85;0;1598;1250;3.8
1790;16900;21619;5;1;1;85;0;1598;1250;3.8
1791;16920;27600;5;1;1;66;1;1422;1135;3.9
1792;16900;14864;5;1;1;85;0;1598;1250;3.8
1793;16900;19000;5;1;1;66;0;1422;1205;3.9
1794;16900;18950;5;1;1;85;0;1598;1135;3.8
1795;16900;25100;5;1;1;85;0;1598;1250;3.8
1796;16900;20951;5;1;1;85;0;1598;1250;3.8
1797;16800;17565;5;1;1;70;0;1000;1135;4.3
1798;16790;22191;5;1;1;66;1;1422;1135;3.9
1799;16788;21900;5;1;1;66;1;1422;1135;3.9
1800;16760;26172;5;1;1;70;1;999;1135;4.2
1801;16750;22995;5;1;1;66;0;1422;1205;3.7
1802;16750;19805;5;1;1;85;0;1598;1250;3.8
1803;16900;30150;5;1;1;70;0;999;1135;4.3
1804;16900;19000;5;1;1;85;0;1598;1180;3.8
1805;16900;20490;5;1;1;85;0;1598;1135;4
1806;16900;19800;5;1;1;85;0;1598;1135;4
1807;16900;10318;5;1;1;85;0;1598;1250;3.8
1808;16889;6383;5;1;1;60;0;999;1135;4.2
1809;16880;27200;5;1;1;70;1;999;1135;4.4
1810;16880;8200;5;1;1;70;1;999;1135;4.4
1811;16880;12000;5;1;1;70;0;999;1195;4.2
1812;16880;6870;5;1;1;70;1;999;1135;4.2
1813;16881;3898;5;1;1;60;0;999;1135;4.2
1814;16850;9274;5;1;1;70;0;999;1580;4.3
1815;16920;9600;5;1;1;60;0;999;1180;4.2
1816;16850;15757;5;1;1;70;0;999;1180;4.4
1817;16700;13457;5;1;1;70;0;999;1580;4.3
1818;16850;10101;5;1;1;70;1;999;1135;4.2
1819;16500;18000;5;1;1;85;0;1598;1195;4.3
1820;16900;26980;5;1;1;85;0;1598;1250;3.8
1821;16750;20049;5;1;1;85;0;1598;1250;3.8
1822;16700;12446;5;1;1;70;1;999;1134;4.2
1823;16700;10975;5;1;1;85;0;1598;1695;3.7
1824;16690;15925;5;1;1;70;1;999;1180;4.4
1825;16690;12900;5;1;1;70;0;999;1235;4.4
1826;16690;20900;5;1;1;66;1;1422;1180;3.9
1827;16689;25711;5;1;1;66;1;1422;1205;3.9
1828;16680;8650;5;1;1;60;1;999;1135;4.4
1829;16680;26600;5;1;1;66;1;1422;1180;3.9
1830;16680;6800;5;1;1;70;0;999;1135;4.2
1831;16680;26123;5;1;1;66;0;1422;1180;4.1
1832;16670;6000;5;1;1;70;0;999;1135;4.2
1833;16900;4400;5;1;1;70;1;999;1134;4.2
1834;16899;9220;5;1;1;60;0;999;1180;4.2
1835;16895;22261;5;1;1;66;1;1422;1135;3.9
1836;16890;26271;5;1;1;66;1;1422;1135;3.9
1837;16890;10000;5;1;1;85;0;1598;1250;3.8
1838;16900;7931;5;1;1;70;0;999;1135;4.2
1839;16899;7800;5;1;1;60;0;999;1135;4.2
1840;16890;26275;5;1;1;66;1;1422;1260;3.9
1841;16890;7819;5;1;1;70;1;999;1165;4.2
1842;16890;47000;5;1;2;66;1;1422;1195;3.9
1843;16890;22650;5;1;1;66;1;1422;1180;3.9
1844;16880;27300;5;1;1;66;1;1422;1180;3.9
1845;16890;23950;5;1;1;66;1;1422;1180;3.9
1846;16890;21800;5;1;1;66;1;1422;1180;3.9
1847;16890;3300;5;1;1;70;0;999;1135;4.2
1848;16880;26618;5;1;1;66;1;1422;1135;3.9
1849;16879;15000;5;1;1;70;1;999;1110;4.2
1850;16876;7200;5;1;1;70;1;999;1135;4.2
1851;16871;19081;5;1;1;66;1;1422;1135;3.9
1852;16871;19809;5;1;1;66;1;1422;1135;3.9
1853;16871;15008;5;1;1;66;1;1422;1135;3.9
1854;16871;16298;5;1;1;66;1;1422;1135;3.9
1855;16870;26600;5;1;1;66;1;1422;1135;3.9
1856;16869;21108;5;1;1;66;0;1422;1180;4.1
1857;16860;13900;5;1;1;85;1;1598;1135;3.8
1858;16856;8682;5;1;1;66;0;1422;1135;3.9
1859;16850;17685;5;1;1;70;0;999;1580;4.3
1860;16850;11569;5;1;1;70;0;999;1580;4.3
1861;16845;26819;5;1;1;70;1;999;1180;4.2
1862;16845;26936;5;1;1;70;1;999;1180;4.2
1863;16844;1647.362609;5;0;1;70;0;999;1165;4
1864;16844;1647.362609;5;0;1;70;0;999;1165;4
1865;16840;3110;5;1;1;70;0;999;1135;4.4
1866;16820;24950;5;1;1;66;1;1422;1135;3.9
1867;16814;5382;5;1;1;70;1;999;1135;4.4
1868;16810;6900;5;1;1;70;1;999;1135;4.2
1869;16800;16900;5;1;1;66;0;1422;1130;3.4
1870;16800;12000;5;1;1;70;0;999;1035;4.2
1871;16800;14500;5;1;1;66;0;1422;1120;3.4
1872;16800;16700;5;1;1;66;0;1422;1120;3.4
1873;16800;11300;5;1;1;70;0;999;1035;4.2
1874;16800;21196;5;1;1;71;0;999;1035;4.2
1875;16800;14364;5;1;1;70;0;1000;1135;4.2
1876;16889;9916;5;1;1;60;0;999;1135;4.2
1877;16850;19492;5;1;1;70;0;999;1135;4.3
1878;16800;15346;5;1;1;85;0;1600;1250;3.7
1879;16500;22200;5;1;1;66;0;1422;1640;3.7
1880;16500;29566;5;1;1;85;0;1598;1695;3.7
1881;16490;9522;5;1;1;70;0;999;1135;4.4
1882;16490;15870;5;1;1;70;0;999;1180;4.4
1883;16500;15853;5;1;1;70;0;999;1135;4
1884;16445;23524;5;1;1;66;1;1422;1195;3.9
1885;23900;1;7;0;1;85;0;999;1255;4.8
1886;23900;300;7;0;1;85;0;999;1230;4.8
1887;23900;14999;7;0;1;85;0;999;1200;4.8
1888;23900;10;7;0;1;85;0;999;1680;4.2
1889;23900;14999;7;0;1;85;0;999;1200;4.8
1890;23950;3500;7;0;1;85;0;999;1135;4.8
1891;24706;1647.362609;7;0;1;110;0;1498;1180;5
1892;23950;100;7;0;1;85;0;999;1135;4.8
1893;24990;1647.362609;7;0;1;85;0;999;1180;4.9
1894;24970;18000;7;0;1;85;1;999;1135;4.8
1895;25190;256;7;0;1;85;0;999;1173;4.8
1896;26680;2998;7;0;1;85;0;999;1200;4.9
1897;26660;250;7;0;1;85;0;999;1195;4.8
1898;26500;11;7;0;1;85;0;999;1135;5
1899;26500;15;7;0;1;85;0;999;1680;4.2
1900;26500;10;7;0;1;85;0;999;1135;4.8
1901;27380;2998;7;0;1;85;0;999;1200;4.9
1902;27380;1647.362609;7;0;1;85;0;999;1200;4.9
1903;27200;900;7;0;1;85;0;999;1135;4.8
1904;27700;281;7;0;1;85;0;999;1135;4.8
1905;27650;1647.362609;7;0;1;85;0;999;1255;4.8
1906;27650;10;7;0;1;92;0;999;1135;4.8
1907;27650;20;7;0;1;85;0;999;1255;4.8
1908;27650;10;7;0;1;92;0;999;1135;4.8
1909;28500;50;7;0;1;85;0;999;1255;4.8
1910;28280;6999;7;0;1;85;1;999;1200;4.9
1911;28240;11;7;0;1;85;0;999;1200;4.9
1912;28780;1647.362609;7;0;1;85;1;999;1180;4.8
1913;28750;4500;7;0;1;85;0;1000;1180;4.9
1914;28755;1647.362609;7;0;1;85;0;999;1200;4.8
1915;28755;1647.362609;7;0;1;85;0;999;1200;4.8
1916;28800;10;7;0;1;85;0;999;1255;4.8
1917;28750;5000;7;0;1;85;0;999;1100;4.4
1918;28710;1647.362609;7;0;1;85;0;999;1180;4.9
1919;28690;3000;6;0;1;85;0;999;1230;4.8
1920;28600;10;7;0;1;85;0;999;1550;4.8
1921;28690;1647.362609;7;0;1;85;0;999;1200;4.8
1922;28690;3333;7;0;1;85;0;1000;1135;4.9
1923;28650;1647.362609;7;0;1;85;0;999;1230;4.8
1924;28650;7;7;0;0;85;0;999;1180;4.4
1925;28600;1647.362609;7;0;0;85;0;999;1255;4.8
1926;28600;4000;7;0;0;85;0;999;1180;4.8
1927;28560;10;7;0;0;147;0;1984;1335;6
1928;28500;3500;6;0;1;85;0;999;1230;4.8
1929;28200;1647.362609;7;0;1;147;0;1984;1180;6
1930;28190;1647.362609;7;0;1;85;1;999;1180;4.8
1931;28515;11;7;0;1;85;0;999;1200;4.9
1932;28515;11;7;0;1;85;0;999;1200;4.9
1933;28500;1647.362609;7;0;0;85;0;999;1255;4.8
1934;28500;4000;7;0;0;85;0;999;1680;4.2
1935;28499;1647.362609;7;0;1;85;0;999;1135;4.2
1936;28150;1647.362609;7;0;1;85;0;999;1230;4.8
1937;28150;1647.362609;7;0;1;85;0;999;1230;4.8
1938;28490;1647.362609;7;0;1;85;0;999;1200;4.8
1939;27980;1647.362609;7;0;1;85;0;999;1200;4.9
1940;27930;15;7;0;1;85;0;999;1207;4.8
1941;27995;8000;7;0;1;85;1;999;1135;4.9
1942;27990;1647.362609;7;0;1;85;0;999;1200;4.8
1943;27990;3800;7;0;1;85;0;999;1135;4.8
1944;27990;3006;7;0;1;85;1;999;1200;4.8
1945;27980;50;7;0;1;85;1;999;1275;4.7
1946;27980;9000;7;0;1;85;1;999;1200;4.8
1947;27980;1647.362609;7;0;1;85;0;999;1180;4.9
1948;27980;1647.362609;7;0;1;85;0;999;1180;4.9
1949;27980;1647.362609;7;0;1;85;0;999;1180;4.9
1950;27980;1647.362609;7;0;1;85;0;999;1180;4.9
1951;27980;1647.362609;7;0;1;85;0;999;1180;4.9
1952;27980;1647.362609;7;0;1;85;0;999;1200;4.8
1953;27980;1647.362609;7;0;1;85;0;999;1200;4.8
1954;28490;5555;7;0;1;85;0;999;1250;4.9
1955;28490;5000;7;0;1;85;0;999;1680;4.2
1956;28480;1647.362609;7;0;1;85;0;999;1200;4.8
1957;28480;2900;7;0;1;85;0;999;1200;4.8
1958;28475;100;7;0;1;85;0;999;1135;4.8
1959;28460;9999;7;0;1;147;0;1984;1180;6
1960;28460;5000;7;0;1;110;1;1498;1240;5.1
1961;28427;1647.362609;7;0;1;85;0;999;1180;4.9
1962;28400;1000;7;0;1;85;0;999;1180;4.8
1963;28400;1000;7;0;1;85;0;999;1180;4.8
1964;28400;1000;7;0;1;85;0;999;1180;4.8
1965;28400;10;7;0;1;85;0;999;1180;4.8
1966;28400;10;7;0;1;85;0;999;1135;4.8
1967;27900;1647.362609;7;0;1;85;0;999;1255;4.8
1968;27900;1647.362609;7;0;1;85;0;999;1230;4.8
1969;27878;4000;7;0;1;85;1;999;1200;4.8
1970;27870;1150;7;0;1;85;0;999;1135;4.9
1971;27845;1120;7;0;1;85;1;999;1200;4.8
1972;27800;2835;7;0;1;85;0;999;1550;4.8
1973;27800;10;7;0;1;85;0;999;1135;4.8
1974;27800;1647.362609;7;0;1;85;0;999;1135;4.8
1975;27796;1647.362609;7;0;1;85;0;999;1255;4.8
1976;27780;1647.362609;7;0;1;85;0;999;1200;4.9
1977;27780;1647.362609;7;0;1;85;0;999;1200;4.9
1978;27780;1647.362609;7;0;1;85;0;999;1200;4.9
1979;27600;196;7;0;1;85;0;999;1135;4.8
1980;27550;2000;7;0;1;85;0;999;1179;4.8
1981;27500;251;7;0;1;85;0;999;1190;4.8
1982;27500;4999;7;0;1;85;1;999;1135;4.8
1983;27500;6000;7;0;1;85;0;999;1180;4.8
1984;27490;1647.362609;7;0;1;85;0;999;1180;4.9
1985;27490;3011;7;0;1;85;1;999;1135;4.8
1986;27450;220;7;0;1;85;0;999;1176;4.2
1987;27450;220;7;0;1;85;0;999;1176;4.8
1988;27400;10;7;0;1;85;0;999;1180;4.8
1989;27400;10;7;0;1;85;0;999;1180;4.8
1990;27380;2998;7;0;1;85;0;999;1200;4.9
1991;27380;1647.362609;7;0;1;85;0;999;1200;4.9
1992;27380;1647.362609;7;0;1;85;0;999;1200;4.9
1993;27380;1647.362609;7;0;1;85;0;999;1200;4.9
1994;27380;1647.362609;7;0;1;85;0;999;1200;4.9
1995;27380;2998;7;0;1;85;0;999;1200;4.9
1996;27380;2998;7;0;1;85;0;999;1200;4.9
1997;27370;9900;7;0;1;85;1;999;1135;4.8
1998;27370;9900;7;0;1;85;1;999;1135;4.8
1999;27300;10;7;0;1;85;0;999;1230;4.8
2000;27200;100;7;0;1;85;0;999;1165;4.4
2001;28380;1647.362609;7;0;1;110;1;1498;1180;5.1
2002;27290;201;7;0;1;85;0;999;1169;4.8
2003;27980;1647.362609;7;0;1;85;0;999;1200;4.9
2004;28390;1647.362609;7;0;1;85;0;999;1200;4.8
2005;27777;222;7;0;1;85;0;999;1179;4.8
2006;27777;222;7;0;1;85;0;999;1179;4.8
2007;27750;1647.362609;7;0;1;85;0;999;1200;4.8
2008;27777;222;7;0;1;85;0;999;1179;4.8
2009;27750;1647.362609;7;0;1;85;0;999;1180;4.9
2010;27200;100;7;0;1;85;0;999;1135;4.8
2011;27200;100;7;0;1;85;0;999;1135;4.8
2012;27200;100;7;0;1;85;0;999;1230;4.8
2013;27175;1647.362609;7;0;1;85;0;999;1200;4.8
2014;27175;1647.362609;7;0;1;85;0;999;1200;4.8
2015;27040;1647.362609;7;0;1;85;0;999;1180;4.8
2016;28380;1647.362609;7;0;1;110;1;1498;1180;5.1
2017;27200;100;7;0;1;85;0;999;1230;4.8
2018;26990;9000;7;0;1;85;1;999;1200;4.8
2019;26990;1647.362609;7;0;1;85;0;999;1200;4.8
2020;27000;900;7;0;1;85;0;999;1230;4.8
2021;26980;1647.362609;7;0;1;85;0;999;1180;4.9
2022;26990;2000;7;0;1;85;0;999;1179;4.8
2023;27720;2257;7;0;1;85;0;999;1182;4.8
2024;26980;1647.362609;7;0;1;85;0;999;1180;4.9
2025;26980;1647.362609;7;0;1;85;0;999;1180;4.9
2026;27000;1;7;0;1;85;0;999;1135;4.8
2027;26930;5000;7;0;1;85;0;999;1200;4.8
2028;27380;1647.362609;7;0;1;85;0;999;1200;4.9
2029;26680;1647.362609;7;0;1;85;1;999;1180;4.8
2030;26990;1000;7;0;1;85;0;999;1200;4.8
2031;26990;1647.362609;7;0;1;85;0;999;1255;4.8
2032;26990;1647.362609;7;0;1;85;0;999;1230;4.8
2033;26990;10;7;0;1;85;0;999;1180;4.9
2034;26980;2998;7;0;1;85;0;999;1200;4.9
2035;26980;1647.362609;7;0;1;85;0;999;1180;4.9
2036;26990;20;7;0;1;85;0;999;1255;4.8
2037;26980;1647.362609;7;0;1;85;0;999;1180;4.9
2038;26980;1647.362609;7;0;1;85;0;999;1180;4.8
2039;26980;2998;7;0;1;85;0;999;1200;4.9
2040;26980;2998;7;0;1;85;0;999;1200;4.9
2041;26980;1647.362609;7;0;1;85;0;999;1180;4.8
2042;26980;2998;7;0;1;85;0;999;1200;4.9
2043;26980;2998;7;0;1;85;0;999;1200;4.9
2044;26980;1647.362609;7;0;1;85;0;999;1180;4.9
2045;26900;150;7;0;1;85;0;999;1200;4.8
2046;26900;3900;7;0;1;85;0;999;1180;4.8
2047;26900;1500;7;0;1;85;0;999;1180;4.8
2048;26900;2000;7;0;1;85;0;999;1135;4.8
2049;26900;10;7;0;1;85;0;999;1180;4.8
2050;26890;12;7;0;1;85;0;999;1200;4.8
2051;26890;12;7;0;1;85;0;999;1200;4.8
2052;26890;12;7;0;1;85;0;999;1200;4.8
2053;26890;15;7;0;1;85;0;999;1200;4.8
2054;26850;3000;7;0;1;85;1;999;1200;4.8
2055;26830;5000;7;0;1;85;0;999;1200;4.8
2056;26830;5000;7;0;1;85;0;999;1200;4.8
2057;26890;1647.362609;7;0;1;85;0;999;1200;4.8
2058;26800;1647.362609;7;0;1;85;0;999;1255;4.8
2059;26740;7500;7;0;1;85;1;999;1180;4.9
2060;26500;5000;7;0;1;85;0;999;1680;4.8
2061;26494;6900;7;0;1;85;0;999;1180;4.8
2062;26450;50;7;0;1;85;0;999;1180;4.9
2063;26500;10;7;0;1;85;0;999;1255;4.8
2064;26450;15;7;0;1;110;0;1498;1240;5.1
2065;26490;1647.362609;7;0;1;85;1;999;1200;4.9
2066;26450;1647.362609;7;0;1;85;0;999;1230;4.8
2067;26450;5000;7;0;1;85;0;999;1178;4.8
2068;26300;10;7;0;1;85;0;999;1135;4.8
2069;26300;15;7;0;1;85;0;999;1680;4.8
2070;26400;30;7;0;1;85;0;999;1135;4.8
2071;26360;547;7;0;1;85;0;999;1171;4.8
2072;25490;3134;7;0;1;85;0;999;1680;4.2
2073;26300;10;7;0;1;85;0;999;1100;4.4
2074;25490;1647.362609;7;0;1;85;0;999;1200;4.8
2075;26200;1;7;0;1;85;0;999;1230;4.8
2076;26100;11;7;0;1;85;0;999;1230;4.8
2077;26200;50;7;0;1;85;0;999;1680;4.8
2078;26100;11;7;0;1;85;0;999;1135;5
2079;25900;10;7;0;1;85;0;999;1230;4.8
2080;26200;50;7;0;1;85;0;999;1680;4.8
2081;26130;3050;7;0;1;85;0;999;1180;4.9
2082;25880;1647.362609;7;0;1;85;1;999;1200;4.8
2083;24700;300;7;0;1;85;0;999;1230;4.8
2084;26980;1647.362609;7;0;1;85;0;999;1180;4.9
2085;26700;10;7;0;1;85;0;999;1135;4.8
2086;24690;164;7;0;1;85;0;999;1680;4.8
2087;26300;15;7;0;1;85;0;999;1680;4.8
2088;25490;5500;7;0;1;85;0;999;1680;4.2
2089;24660;2200;7;0;1;85;1;999;1180;4.8
2090;25490;2500;7;0;1;85;1;999;1200;4.8
2091;25490;5660;7;0;1;85;1;999;1280;4.9
2092;25200;10;7;0;1;85;0;999;1180;4.8
2093;25400;1;7;0;1;85;0;999;1230;4.8
2094;25190;255;7;0;1;85;0;999;1173;4.8
2095;25256;5000;5;0;1;71;0;999;1090;4.2
2096;25200;10;7;0;1;85;0;999;1180;4.8
2097;25190;267;7;0;1;85;0;999;1173;4.8
2098;26040;1647.362609;7;0;1;85;0;999;1180;4.8
2099;26000;3900;7;0;1;85;0;999;1230;4.8
2100;25990;1647.362609;7;0;1;85;0;999;1200;4.8
2101;25990;1647.362609;7;0;1;85;1;999;1200;4.8
2102;25990;1032;7;0;1;85;1;999;1200;4.8
2103;25900;1990;7;0;1;85;0;999;1166;4.2
2104;25900;1990;7;0;1;85;0;999;1166;4.8
2105;25900;6700;7;0;1;85;0;999;1135;4.8
2106;25900;3000;7;0;1;85;0;999;1680;4.8
2107;25900;55;7;0;1;85;0;999;1135;4.8
2108;25900;55;7;0;1;85;0;999;1135;4.8
2109;25900;10;7;0;1;85;0;999;1230;4.8
2110;25900;1;7;0;1;70;0;999;1165;4.6
2111;25800;1;7;0;1;85;0;999;1230;4.8
2112;25800;1647.362609;7;0;1;85;0;999;1135;4.8
2113;25780;8000;7;0;1;85;1;999;1180;4.8
2114;25750;1647.362609;7;0;1;85;0;999;1180;4.8
2115;25700;10;7;0;1;85;0;999;1255;4.8
2116;25690;6100;7;0;1;85;1;999;1180;4.8
2117;25600;1647.362609;7;0;1;85;0;999;1135;4.8
2118;25550;1647.362609;7;0;1;85;0;999;1230;4.8
2119;25690;50;7;0;1;85;1;999;1200;4.8
2120;25500;1647.362609;7;0;1;85;0;999;1135;4.8
2121;25500;10;7;0;1;85;0;999;1135;4.8
2122;25500;10;7;0;1;85;0;999;1680;4.8
2123;25500;100;7;0;1;85;0;999;1135;4.8
2124;25500;11;7;0;1;85;0;999;1680;4.2
2125;24540;1647.362609;7;0;1;85;0;999;1180;4.8
2126;24500;50;7;0;1;85;0;999;1230;4.8
2127;25500;10;7;0;1;85;0;999;1680;4.8
2128;24490;1647.362609;7;0;1;85;0;999;1180;4.9
2129;24450;10000;7;0;1;85;0;999;1200;4.8
2130;24500;1;7;0;1;85;0;999;1135;4.8
2131;24490;3000;7;0;1;85;1;999;1135;4.8
2132;24480;5000;7;0;1;85;0;999;1200;4.8
2133;24490;3000;7;0;1;85;1;999;1135;4.8
2134;24490;15500;7;0;1;85;0;999;1680;4.8
2135;24490;6000;7;0;1;85;1;999;1135;4.8
2136;24300;680;7;0;1;85;0;999;1680;4.8
2137;24200;1647.362609;7;0;1;85;0;999;1135;4.8
2138;24240;1647.362609;7;0;1;85;1;999;1200;4.9
2139;24059;1647.362609;7;0;1;110;0;1498;1180;5
2140;24290;5000;7;0;1;85;0;999;1680;4.2
2141;25190;263;7;0;1;85;0;999;1173;4.8
2142;23980;6000;7;0;1;85;1;999;1135;4.8
2143;25190;259;7;0;1;85;0;999;1173;4.8
2144;25100;10;7;0;1;85;0;999;1680;4.8
2145;25100;10;7;0;1;85;0;999;1680;4.8
2146;25000;10;7;0;1;85;0;999;1135;4.8
2147;24999;7500;7;0;1;85;0;999;1680;4.2
2148;24990;123;7;0;1;85;0;999;1680;4.2
2149;24990;3900;7;0;1;85;1;999;1135;4.8
2150;25900;178;7;0;1;85;0;999;1680;4.8
2151;25500;6000;7;0;1;85;0;999;1230;4.8
2152;23950;3500;7;0;1;85;0;999;1135;4.8
2153;24950;8000;7;0;1;85;0;999;1680;4.2
2154;24900;1;7;0;1;85;0;999;1230;4.8
2155;24930;3200;7;0;1;85;0;999;1180;4.8
2156;24900;1;7;0;1;85;0;999;1230;4.8
2157;24900;1;7;0;1;85;0;999;1230;4.8
2158;24900;14900;7;0;1;85;1;999;1180;4.8
2159;24900;10;7;0;1;85;0;999;1255;4.8
2160;24800;10;7;0;1;85;0;999;1255;4.8
2161;24900;10;7;0;1;85;0;999;1255;4.8
2162;24900;1;7;0;0;85;0;999;1200;4.8
2163;24880;5000;7;0;1;85;1;999;1135;4.8
2164;24900;10;7;0;1;85;0;999;1255;4.8
2165;24800;1647.362609;7;0;1;85;0;999;1135;4.8
2166;24870;5000;7;0;1;85;1;999;1200;4.8
2167;24800;1647.362609;7;0;1;85;0;999;1135;4.8
2168;24799;251;7;0;1;85;0;999;1173;4.8
2169;24750;1647.362609;7;0;1;85;0;999;1180;4.8
2170;28800;50;7;0;0;85;1;999;1200;4.8
2171;28880;6800;7;0;0;92;1;1395;1180;5.2
2172;28880;1647.362609;7;0;0;85;1;999;1180;4.8
2173;28880;2665;7;0;1;85;1;999;1135;4.8
2174;28880;4999;7;0;1;147;0;1984;1135;6
2175;28860;1647.362609;6;0;1;147;0;1984;1180;6
2176;28875;15;7;0;1;110;0;1498;1240;5.1
2177;28880;3100;7;0;1;147;1;1984;1135;6
2178;19450;10;5;0;1;60;0;999;1105;4.3
2179;28880;6100;7;0;1;85;1;1000;1135;4.8
2180;28990;12;7;0;1;85;0;999;1200;4.8
2181;19850;1647.362609;5;0;1;85;0;999;1180;4.9
2182;19990;251;5;0;1;70;0;999;1144;4.6
2183;19870;2500;5;0;1;85;1;999;1180;4.8
2184;19990;1647.362609;5;0;1;70;0;999;1180;4.6
2185;19999;2690;5;0;1;85;0;999;1180;4.8
2186;19995;18;6;0;1;70;0;999;1165;4.6
2187;19999;1647.362609;5;0;1;85;0;999;1180;4.9
2188;21390;1647.362609;5;0;1;70;0;999;1165;4.6
2189;20900;5;6;0;1;85;0;999;1655;4.2
2190;21490;9999;5;0;1;70;0;999;1136;4.6
2191;21490;1647.362609;5;0;1;70;0;999;1165;4.6
2192;21490;10;5;0;1;70;0;999;1144;4.6
2193;21490;10;5;0;1;70;0;999;1138;4.6
2194;21490;10;5;0;1;70;0;999;1144;4.6
2195;21390;1647.362609;5;0;0;70;0;999;1140;4.2
2196;20990;3000;5;0;1;85;1;999;1180;4.8
2197;21390;1;5;0;0;70;0;999;1140;4.2
2198;21700;1647.362609;5;0;0;70;0;999;1135;4.2
2199;21700;1647.362609;6;0;0;85;0;999;1135;4.8
2200;21670;10;5;0;0;85;1;999;1135;4.9
2201;21620;9900;5;0;1;85;1;999;1180;4.9
2202;20990;1647.362609;5;0;1;70;0;999;1135;4.2
2203;21500;1;5;0;1;70;0;999;1165;4.6
2204;21590;1647.362609;5;0;1;85;1;999;1180;4.9
2205;21590;15;6;0;1;85;0;999;1180;4.9
2206;21500;100;5;0;1;70;0;999;1165;4.6
2207;21500;1;5;0;1;70;0;999;1165;4.6
2208;21500;100;5;0;1;70;0;999;1165;4.6
2209;21499;15;5;0;0;70;0;999;1180;4.6
2210;21330;3000;5;0;1;85;1;999;1180;4.8
2211;21280;1;5;0;0;70;0;999;1140;4.2
2212;21200;15000;5;0;0;70;0;999;1144;4.6
2213;21222;10000;5;0;1;85;1;999;1180;4.8
2214;21200;1;5;0;1;70;0;999;1165;4.6
2215;21190;1647.362609;5;0;1;70;1;999;1165;4.7
2216;21190;1647.362609;5;0;1;70;1;999;1165;4.7
2217;21190;1647.362609;5;0;1;70;1;999;1165;4.7
2218;21190;50;5;0;1;70;0;999;1133;4.6
2219;21090;1647.362609;5;0;1;85;0;999;1180;4.9
2220;21000;6000;6;0;1;85;0;999;1180;4.8
2221;21000;10000;6;0;1;85;0;999;1655;4.2
2222;21000;1;5;0;1;70;0;999;1165;4.6
2223;20990;2500;5;0;1;70;0;999;1110;4.6
2224;20990;4900;6;0;1;85;1;999;1180;4.8
2225;20990;150;5;0;1;85;1;999;1180;4.9
2226;20990;10;5;0;1;85;0;999;1180;4.8
2227;20990;4900;6;0;1;85;1;999;1180;4.8
2228;20988;10;6;0;1;85;1;999;1180;4.9
2229;20990;50;5;0;1;70;0;999;1133;4.6
2230;20988;10;6;0;1;85;1;999;1180;4.9
2231;20988;10;6;0;1;85;1;999;1180;4.9
2232;20988;10;6;0;1;85;1;999;1180;4.9
2233;20988;10;6;0;1;85;1;999;1180;4.9
2234;20985;6000;5;0;1;85;1;999;1135;4.8
2235;20980;9900;5;0;1;70;1;999;1180;4.6
2236;20980;1000;5;0;1;70;0;999;1135;4.3
2237;21490;1500;6;0;1;85;0;999;1180;4.8
2238;20980;1647.362609;5;0;0;70;0;999;1140;4.2
2239;21490;1056;6;0;1;85;1;999;1180;4.8
2240;21490;1071;6;0;1;85;1;999;1180;4.8
2241;21490;15;6;0;1;85;0;999;1180;4.9
2242;21490;15;6;0;1;85;0;999;1180;4.9
2243;21490;3990;6;0;1;85;0;999;1133;4.2
2244;21490;3990;5;0;1;85;0;999;1133;4.8
2245;21000;1;5;0;1;70;0;999;1165;4.6
2246;20990;1647.362609;5;0;1;85;1;995;1180;4.2
2247;21490;10;5;0;1;70;1;999;1180;4.6
2248;20990;1;5;0;1;70;0;998;1135;4.2
2249;20990;1;5;0;1;70;0;998;1135;4.2
2250;20900;25;5;0;1;70;0;999;1630;4.6
2251;20900;14999;6;0;1;85;0;999;1180;4.8
2252;20900;1;5;0;1;70;0;999;1165;4.6
2253;20900;1;5;0;1;70;0;999;1165;4.6
2254;20900;1;5;0;1;70;0;999;1165;4.6
2255;20900;1;6;0;1;85;0;999;1180;4.8
2256;20885;15;6;0;1;85;0;999;1180;4.9
2257;21490;10;5;0;1;70;0;999;1135;4.2
2258;20900;4800;6;0;1;85;0;999;1180;4.8
2259;21490;50;5;0;1;70;0;999;1133;4.6
2260;21490;1647.362609;5;0;1;70;0;999;1165;4.6
2261;21480;1647.362609;5;0;1;70;0;999;1165;4.6
2262;21450;25;6;0;1;85;0;999;1110;4.8
2263;21435;15;6;0;1;85;0;999;1180;4.9
2264;21435;15;6;0;1;85;0;999;1180;4.9
2265;21435;15;6;0;1;85;0;999;1180;4.9
2266;21435;15;6;0;1;85;0;999;1180;4.9
2267;21390;1647.362609;5;0;1;70;0;999;1165;4.6
2268;21390;1647.362609;5;0;1;70;0;999;1165;4.6
2269;21390;1647.362609;5;0;1;70;0;999;1165;4.6
2270;20900;1647.362609;5;0;1;85;0;999;1180;4.9
2271;20900;12;5;0;1;85;0;999;1144;4.8
2272;21400;10000;5;0;1;85;0;999;1180;4.9
2273;21490;1647.362609;5;0;1;70;0;999;1165;4.6
2274;21390;1647.362609;5;0;1;70;0;999;1165;4.6
2275;20400;6000;5;0;1;70;0;999;1165;4.6
2276;20388;10;6;0;1;85;1;999;1180;4.9
2277;20990;6000;6;0;1;85;0;999;1180;4.9
2278;20881;1670;6;0;1;85;1;999;1180;4.8
2279;20880;3000;5;0;1;85;1;999;1180;4.8
2280;20388;10;6;0;1;85;1;999;1180;4.9
2281;20440;5500;5;0;1;70;1;999;1135;4.6
2282;20420;20;5;0;1;70;1;999;1135;5.1
2283;20344;1647.362609;5;0;1;70;0;999;1165;4
2284;20388;10;6;0;1;85;1;999;1180;4.9
2285;20388;10;6;0;1;85;1;999;1180;4.9
2286;20388;10;6;0;1;85;1;999;1180;4.9
2287;20380;9900;5;0;1;70;1;999;1135;4.6
2288;20344;1647.362609;5;0;1;70;0;999;1165;4
2289;20299;5000;5;0;1;70;0;999;1645;4.2
2290;20288;10;6;0;1;85;1;999;1180;4.9
2291;20288;10;6;0;1;85;1;999;1180;4.9
2292;20288;10;6;0;1;85;1;999;1180;4.9
2293;20288;10;6;0;1;85;1;999;1180;4.9
2294;20000;4500;5;0;1;66;0;1422;1135;3.8
2295;20850;1;5;0;0;70;0;999;1165;4.6
2296;20288;10;6;0;0;85;1;999;1180;4.9
2297;20750;10000;5;0;0;85;0;999;1144;4.9
2298;20700;10;5;0;0;70;0;999;1165;4.6
2299;20690;10;6;0;0;92;0;1395;1135;5.3
2300;20690;10;6;0;0;92;0;1395;1135;5.3
2301;20690;6000;5;0;1;85;1;999;1180;4.8
2302;20653;1647.362609;6;0;1;85;0;999;1180;4
2303;20590;1647.362609;5;0;0;85;0;1598;1250;3.7
2304;20590;9900;5;0;1;70;1;999;1135;4.6
2305;20500;251;5;0;1;70;0;999;1144;4.6
2306;19990;1647.362609;5;0;1;70;0;999;1180;4.7
2307;19990;3000;5;0;1;85;1;999;1180;4.8
2308;19990;251;5;0;1;70;0;999;1144;4.6
2309;19990;3000;5;0;1;85;1;999;1180;4.8
2310;19990;2500;5;0;1;70;0;999;1144;4.6
2311;19990;1647.362609;5;0;1;70;1;999;1180;4.7
2312;19950;6500;5;0;1;85;1;999;1135;4.8
2313;19949;1075;6;0;1;85;0;999;1135;4.8
2314;19900;11000;6;0;1;85;0;999;1180;4
2315;19900;141;5;0;0;70;0;999;1165;4.6
2316;19890;5900;5;0;0;70;1;999;1135;4.4
2317;19890;1;6;0;0;85;0;999;1180;4.9
2318;19890;5000;6;0;1;85;0;999;1180;4.8
2319;19888;35;5;0;1;70;0;999;1180;5.6
2320;19888;35;5;0;1;70;0;999;1180;5.6
2321;19850;2900;6;0;1;85;1;999;1180;4.8
2322;19826;1647.362609;6;0;1;85;0;999;1180;4
2323;19690;1647.362609;5;0;0;70;0;999;1135;4.3
2324;19650;1;5;0;1;70;0;999;1165;4.6
2325;19588;10;6;0;1;85;1;999;1180;4.9
2326;19588;10;6;0;1;85;1;999;1180;4.9
2327;19588;10;6;0;1;85;1;999;1180;4.9
2328;19588;10;6;0;1;85;1;999;1180;4.9
2329;19588;10;6;0;1;85;1;999;1180;4.9
2330;19500;50;5;0;1;70;0;999;1630;4.6
2331;19500;24;5;0;1;70;0;999;1630;4.6
2332;19550;1;6;0;1;85;0;999;1165;4.4
2333;19497;1647.362609;5;0;1;70;0;999;1165;4
2334;19497;1647.362609;5;0;1;70;0;999;1165;4
2335;19490;1585;6;0;1;85;1;999;1180;4.9
2336;19490;665;6;0;1;85;1;999;1180;4.9
2337;19550;1647.362609;6;0;0;85;0;999;1165;4.4
2338;19490;7;5;0;0;85;0;999;1180;4.4
2339;18800;1647.362609;5;0;0;85;0;999;1180;4.9
2340;18775;6150;5;0;1;70;0;999;1135;4.2
2341;28990;161;7;0;1;85;0;999;1181;4.8
2342;18900;1647.362609;6;0;1;85;1;999;1180;4.8
2343;28990;100;7;0;1;85;0;999;1135;4.8
2344;18880;1647.362609;5;0;1;85;0;999;1180;4.7
2345;18680;1;6;0;1;85;0;999;1180;4.9
2346;28990;100;7;0;1;85;0;999;1135;4.8
2347;28980;4500;7;0;1;85;1;999;1200;4.9
2348;28990;4900;6;0;1;147;1;1984;1335;6
2349;28980;10;7;0;1;85;0;999;1185;4.8
2350;28990;6001;7;0;1;85;0;1000;1135;4.9
2351;28990;3900;7;0;1;85;1;999;1135;4.8
2352;28980;15;7;0;1;85;0;999;1180;4.9
2353;28980;1647.362609;7;0;1;85;0;999;1200;4.8
2354;28980;1647.362609;7;0;1;110;1;1498;1240;5.1
2355;28960;11000;7;0;1;85;1;999;1180;4.8
2356;28960;8999;7;0;1;85;1;999;1180;4.9
2357;28950;3000;7;0;1;85;1;999;1135;4.8
2358;28940;10;7;0;1;147;0;1984;1335;6
2359;28900;6000;7;0;1;85;0;999;1180;4.8
2360;28960;9999;7;0;1;85;0;999;1180;4.8
2361;28900;1900;7;0;1;110;0;1498;1655;5
2362;18670;1647.362609;5;0;1;70;0;999;1165;4
2363;18670;1647.362609;5;0;1;70;0;999;1165;4
2364;18400;1;5;0;1;70;0;999;1110;5.1
2365;18325;6150;5;0;1;70;0;999;1135;4.2
2366;18288;10;6;0;1;85;1;999;1180;4.9
2367;18288;10;6;0;1;85;1;999;1180;4.9
2368;18200;10;5;0;1;70;0;999;1135;4.6
2369;18480;6900;5;0;1;70;0;999;1180;4.2
2370;18300;1647.362609;6;0;1;85;1;999;1180;4.8
2371;17999;0;5;0;0;70;0;999;1135;4.3
2372;17880;3000;5;0;1;70;0;999;1135;4.4
2373;29197;3001;7;0;1;85;1;999;1180;4.8
2374;18175;1;5;0;0;70;0;999;1165;4.6
2375;29190;10;7;0;0;85;1;999;1180;4.8
2376;18000;1647.362609;6;0;0;85;0;999;1180;4
2377;29181;1647.362609;7;0;0;147;0;1984;1180;6
2378;17900;12900;5;0;0;85;0;1598;1695;3.7
2379;29137;1647.362609;7;0;0;85;1;999;1200;4.9
2380;29179;3000;7;0;1;147;0;1984;1180;6
2381;29150;1647.362609;7;0;1;85;0;999;1180;4.8
2382;29000;6000;6;0;1;85;0;999;1230;4.8
2383;29000;3000;6;0;1;147;0;1984;1135;4.4
2384;29000;10;7;0;1;110;0;1498;1135;5
2385;28999;15;7;0;1;85;0;999;1180;4.9
2386;28999;1700;7;0;1;85;0;999;1125;5.8
2387;28990;50;7;0;1;85;0;999;1200;4.8
2388;28998;5000;6;0;1;147;1;1984;1335;6
2389;28990;4500;7;0;1;85;1;1000;1135;4.9
2390;28990;12;7;0;1;85;0;999;1200;4.8
2391;28997;1500;7;0;1;147;1;1984;1335;6
2392;28990;12;7;0;1;85;0;999;1200;4.8
2393;28990;12;7;0;1;85;0;999;1200;4.8
2394;28990;6000;7;0;1;70;0;999;1180;4.9
2395;17600;1647.362609;5;0;0;70;1;999;1165;4.7
2396;17600;11200;5;1;1;70;1;999;1134;4.2
2397;17399;1647.362609;5;0;0;70;0;999;1165;4.6
2398;17376;1647.362609;6;0;0;85;0;999;1180;4
2399;17330;1;6;0;0;85;0;999;1180;4.8
2400;17250;1647.362609;6;0;0;70;1;999;1180;4.8
2401;17173;1647.362609;5;0;0;70;0;999;1165;4.6
2402;28890;100;7;0;1;85;0;999;1135;4.8
2403;17780;1647.362609;5;0;1;70;0;999;1180;4.2
2404;19388;10;6;0;1;85;1;999;1180;4.9
2405;19388;10;6;0;1;85;1;999;1180;4.9
2406;19388;10;6;0;1;85;1;999;1180;4.9
2407;19388;10;6;0;1;85;1;999;1180;4.9
2408;28990;12;7;0;1;85;0;999;1200;4.8
2409;19400;7000;5;0;1;70;0;999;1165;4.6
2410;19388;10;6;0;1;85;1;999;1180;4.9
2411;19388;10;6;0;1;85;1;999;1180;4.9
2412;19388;10;6;0;1;85;1;999;1180;4.9
2413;19388;10;6;0;1;85;1;999;1180;4.9
2414;19364;10;6;0;1;92;0;1395;1135;5.3
2415;19250;1647.362609;5;0;0;70;0;999;1135;4.2
2416;19388;10;6;0;0;85;1;999;1180;4.9
2417;19000;1;5;0;1;70;0;999;1165;4.6
2418;19388;10;6;0;1;85;1;999;1180;4.9
2419;18999;10;6;0;1;85;0;999;1230;4.8
2420;18990;1;5;0;1;70;0;999;1206;4.6
2421;18950;1;5;0;1;70;0;999;1165;4.6
2422;18950;1647.362609;5;0;0;70;0;999;1165;4.6
2423;18990;10;5;0;0;66;0;1422;1130;3.7
2424;28890;4500;7;0;1;85;0;999;1350;4.9
2425;18990;10;6;0;1;92;0;1395;1135;5.3
2426;28840;1647.362609;7;0;1;85;0;999;1180;4.9
2427;28820;1647.362609;7;0;1;85;0;999;1180;4.9
2428;28820;1647.362609;7;0;1;85;0;999;1180;4.9
2429;28820;1647.362609;7;0;1;85;0;999;1180;4.9
2430;28820;1647.362609;7;0;1;85;0;999;1180;4.9
2431;28820;1647.362609;7;0;1;85;0;999;1180;4.9
2432;28820;1647.362609;7;0;1;85;0;999;1180;4.9
2433;28819;1647.362609;7;0;1;85;0;999;1135;4.9
2434;28819;1647.362609;7;0;1;85;0;999;1180;4.9
2435;28800;1647.362609;7;0;1;85;0;999;1180;4.9
2436;22250;100;6;0;1;85;0;999;1135;4.8
2437;21990;1010;6;0;1;85;0;999;1180;4.9
2438;21900;50;5;0;1;70;0;999;1630;4.6
2439;21740;18000;6;0;1;85;1;999;1135;4.8
2440;22300;5000;6;0;1;85;0;999;1655;4.8
2441;22300;5000;6;0;1;85;0;999;1655;4.8
2442;22300;100;6;0;1;85;0;999;1135;4.8
2443;22290;3000;6;0;1;85;1;999;1180;4.9
2444;22290;1647.362609;6;0;1;85;0;999;1180;4.9
2445;22290;4000;5;0;1;85;1;999;1180;4.9
2446;22289;1647.362609;5;0;1;70;0;999;1135;4.6
2447;22400;1647.362609;5;0;0;70;1;999;1165;4.7
2448;22400;1647.362609;5;0;0;70;1;999;1165;4.7
2449;22048;1647.362609;5;0;0;70;0;999;1165;4.6
2450;22028;1647.362609;6;0;0;85;1;999;1180;4.9
2451;22400;1647.362609;5;0;0;70;1;999;1165;4.7
2452;22400;1647.362609;5;0;0;70;1;999;1165;4.7
2453;22590;1647.362609;6;0;0;85;1;999;1180;4.9
2454;22490;4000;5;0;1;85;0;999;1180;4.9
2455;22900;1500;5;0;1;70;0;999;1630;4.6
2456;22900;10;6;0;1;85;0;999;1230;4.8
2457;22800;10;6;0;1;85;0;999;1135;4.8
2458;22900;1647.362609;5;0;0;70;1;999;1165;4.7
2459;22700;10;6;0;1;85;0;999;1230;4.8
2460;22700;1;5;0;1;70;0;999;1165;4.6
2461;22900;17;6;0;1;85;0;999;1655;4.8
2462;22980;1647.362609;5;0;1;70;0;999;1165;4.7
2463;22980;6000;5;0;1;70;0;999;1150;4.7
2464;22970;1150;6;0;1;85;0;999;1135;4.9
2465;22970;1150;6;0;1;85;0;999;1135;4.9
2466;22990;1647.362609;5;0;1;70;0;999;1180;4.7
2467;22990;1647.362609;5;0;1;70;0;999;1180;4.7
2468;22990;50;5;0;1;70;0;999;1147;4.6
2469;22990;1647.362609;5;0;1;70;1;999;1165;4.6
2470;22980;3000;6;0;1;85;1;999;1135;4.9
2471;22959;1647.362609;5;0;1;85;0;999;1180;4.8
2472;22950;1647.362609;6;0;1;85;1;999;1180;4.9
2473;22919;1647.362609;5;0;1;70;1;999;1180;4.3
2474;22989;6000;6;0;1;85;1;999;1180;4.9
2475;22989;6000;6;0;1;85;1;999;1135;4.9
2476;22950;1000;5;0;1;70;0;999;1135;4.2
2477;22990;1647.362609;5;0;1;70;1;999;1165;4.6
2478;22919;1647.362609;5;0;1;70;1;999;1180;4
2479;22900;3900;6;0;1;85;0;999;1180;4.9
2480;22900;3900;6;0;1;85;0;999;1180;4.9
2481;22900;10;6;0;1;85;0;999;1230;4.8
2482;22900;10;6;0;1;85;0;999;1230;4.8
2483;22900;10;6;0;1;85;0;999;1655;4.9
2484;22900;12;6;0;1;85;0;999;1655;4.9
2485;22900;11;6;0;1;85;0;999;1655;4.9
2486;22880;9700;6;0;1;85;1;999;1180;4.9
2487;22880;12700;6;0;1;85;1;999;1180;4.9
2488;22800;22;6;0;1;85;0;999;1655;4.9
2489;22900;4000;6;0;1;85;0;999;1180;4.8
2490;22900;2900;6;0;1;85;0;999;1135;4.9
2491;22890;1000;5;0;1;85;0;999;1180;4.9
2492;22850;1647.362609;6;0;1;85;1;999;1180;4.9
2493;22800;20;6;0;1;85;0;999;1655;4.8
2494;22800;19;6;0;1;85;0;999;1655;4.9
2495;22800;28;6;0;1;85;0;999;1655;4.9
2496;22790;1647.362609;5;0;1;70;0;999;1180;4.7
2497;22720;0;6;0;0;85;1;999;1180;4.9
2498;22730;1647.362609;5;0;0;85;1;999;1180;4.8
2499;22790;1647.362609;5;0;0;70;0;999;1180;4.7
2500;22785;1647.362609;6;0;0;85;1;999;1180;4.8
2501;22750;10;5;0;0;70;0;999;1165;4.7
2502;22720;0;6;0;0;85;1;999;1180;4.9
2503;22720;1647.362609;6;0;0;85;1;999;1180;4.9
2504;22720;1647.362609;6;0;0;85;1;999;1180;4.9
2505;22690;1647.362609;5;0;0;70;1;999;1180;4.6
2506;22650;3000;5;0;1;70;1;999;1180;4.3
2507;22600;10;6;0;1;85;0;999;1230;4.8
2508;22530;1647.362609;5;0;1;70;0;999;1165;4.6
2509;22600;10;6;0;1;85;0;999;1230;4.8
2510;22550;1647.362609;6;0;1;85;0;999;1180;4.8
2511;22590;11;5;0;1;70;0;999;1180;4.6
2512;22590;1000;5;0;1;85;0;999;1147;4.8
2513;22590;1647.362609;6;0;1;85;1;999;1180;4.9
2514;22490;1647.362609;5;0;1;70;1;999;1165;4.7
2515;22490;10;6;0;1;85;0;999;1180;4.8
2516;22500;50;5;0;1;70;0;999;1230;4.8
2517;22590;1647.362609;6;0;1;85;1;999;1180;4.9
2518;22500;3000;6;0;1;85;0;999;1180;4.8
2519;22500;1647.362609;5;0;1;70;0;999;1135;4.6
2520;22500;9;5;0;1;70;0;999;1630;4.6
2521;22500;9;5;0;1;70;0;999;1630;4.6
2522;22490;5500;5;0;1;70;1;999;1180;4.7
2523;22490;10;5;0;1;70;0;999;1135;4.2
2524;22490;500;5;0;1;70;0;999;1180;4.7
2525;22490;10;5;0;1;85;1;999;1180;4.9
2526;22490;1647.362609;5;0;1;70;1;999;1165;4.6
2527;22490;10;5;0;1;70;0;999;1135;4.2
2528;22490;10;5;0;1;70;0;999;1135;4.2
2529;22220;50;5;0;1;70;0;999;1630;4.6
2530;22499;1647.362609;5;0;1;70;1;999;1165;4.7
2531;22494;10;5;0;1;85;0;999;1180;4.8
2532;22490;1647.362609;6;0;1;85;0;1000;1180;4.4
2533;22499;1;5;0;1;71;0;999;1090;4.2
2534;22499;1;5;0;1;71;0;999;1040;4.2
2535;22490;1647.362609;5;0;1;85;1;999;1180;4.9
2536;22490;6000;6;0;1;85;0;999;1135;4.9
2537;22490;1647.362609;5;0;1;70;1;999;1165;4.6
2538;22490;200;5;0;1;70;0;999;1146;4.6
2539;22490;180;5;0;1;70;0;999;1141;4.6
2540;22490;1647.362609;5;0;1;70;1;999;1165;4.6
2541;22400;1647.362609;6;0;1;85;0;999;1135;4.8
2542;22398;10;5;0;1;70;0;999;1135;4.2
2543;22390;5000;5;0;1;60;0;999;1625;4.2
2544;22380;4136;5;0;1;85;0;999;1133;4.8
2545;22490;1647.362609;5;0;1;70;1;999;1165;4.6
2546;22360;1647.362609;6;0;1;85;1;999;1180;4.8
2547;22350;1647.362609;5;0;1;85;0;999;1180;4.9
2548;22350;1647.362609;5;0;1;70;1;999;1180;4.6
2549;22329;201;5;0;1;70;0;999;1156;4.6
2550;22300;10;6;0;1;85;0;999;1655;4.8
2551;22490;9000;6;0;1;85;1;999;1180;4.9
2552;22489;9000;6;0;1;85;1;999;1135;4.9
2553;22480;1090;5;0;1;85;0;999;1133;4.8
2554;22450;3990;5;0;1;85;0;999;1133;4.8
2555;22450;3990;6;0;1;85;0;999;1133;4.2
2556;22400;1647.362609;5;0;0;70;1;999;1165;4.7
2557;22400;1647.362609;5;0;0;70;1;999;1165;4.7
2558;22400;1647.362609;5;0;0;70;1;999;1165;4.7
2559;22400;1647.362609;5;0;0;70;1;999;1165;4.7
2560;22200;10;6;0;0;85;0;999;1135;4.8
2561;22200;10;6;0;1;85;0;999;1230;4.8
2562;22200;10;6;0;1;85;0;999;1230;4.8
2563;22150;1647.362609;6;0;1;85;0;999;1180;4.8
2564;22140;50;5;0;1;70;0;999;1138;4.6
2565;22100;5700;6;0;1;85;1;999;1180;4.9
2566;22100;10000;6;0;1;85;0;999;1655;4.2
2567;22080;1647.362609;5;0;1;70;1;999;1165;4.6
2568;21990;12;6;0;1;85;0;999;1180;4.8
2569;21990;1647.362609;5;0;1;70;0;999;1165;4.6
2570;21990;1647.362609;5;0;1;70;0;999;1165;4.6
2571;21990;1647.362609;5;0;1;70;0;999;1165;4.6
2572;21990;1647.362609;5;0;1;70;0;999;1165;4.6
2573;21990;11;6;0;1;85;0;999;1655;4.2
2574;21990;1647.362609;5;0;1;70;0;999;1165;4.6
2575;21900;50;5;0;1;70;0;999;1630;4.6
2576;21900;10;5;0;0;70;0;999;1165;4.6
2577;21890;1647.362609;5;0;0;70;1;999;1165;4.6
2578;21880;10;6;0;0;85;0;999;1180;4.9
2579;21880;3500;5;0;1;70;0;999;1165;4.7
2580;21877;10;5;0;1;85;1;999;1135;4.9
2581;22490;1647.362609;5;0;1;70;1;999;1165;4.6
2582;22000;10;6;0;1;85;0;999;1135;4.8
2583;22000;500;5;0;1;85;0;999;1136;4.8
2584;22000;10;6;0;1;85;0;999;1135;4.8
2585;22000;1647.362609;5;0;1;70;0;999;1090;4
2586;21999;10;5;0;1;85;0;999;1142;4.8
2587;21999;261;5;0;1;85;0;999;1142;4.8
2588;21999;10;5;0;1;85;0;999;1142;4.8
2589;21990;15;6;0;1;85;0;999;1180;4.9
2590;21985;3500;6;0;1;85;1;999;1180;4.4
2591;21980;250;5;0;1;70;0;999;1118;5.1
2592;21980;250;5;0;1;70;0;999;1118;5.1
2593;21920;3050;5;0;1;85;0;999;1180;4.9
2594;21900;3317;5;0;1;70;0;999;1115;5.1
2595;21900;3100;6;0;1;85;0;999;1180;4.9
2596;21920;1699;5;0;1;85;0;999;1180;4.9
2597;21900;32;5;0;1;71;0;999;1035;4.2
2598;21900;12;5;0;1;70;0;999;1134;4.6
2599;21900;50;5;0;1;70;0;999;1630;4.6
2600;21900;50;5;0;1;70;0;999;1630;4.6
2601;21850;6000;6;0;1;85;0;999;1180;4.9
2602;21850;1647.362609;5;0;1;70;1;999;1165;4.7
2603;21850;1647.362609;6;0;1;85;0;999;1180;4.8
2604;21800;4000;6;0;1;85;0;999;1180;4.9
2605;21800;10;6;0;1;85;0;999;1135;4.8
2606;21900;5000;6;0;1;85;0;999;1655;4.8
2607;21800;50;5;0;1;85;0;999;1135;4.2
2608;21800;1647.362609;6;0;1;85;0;999;1180;4.8
2609;21800;1;5;0;1;70;0;999;1165;4.6
2610;21800;1647.362609;5;0;1;70;0;999;1135;4.6
2611;21789;10;6;0;1;92;0;1395;1135;5.3
2612;21750;1647.362609;5;0;0;70;0;1000;1135;4.2
2613;21760;3000;5;0;2;70;1;999;1180;4.4
2614;21750;390;5;0;2;70;0;999;1136;4.6
2615;28200;26166;6;1;1;85;0;1598;1135;4.9
2616;10893;19800;7;1;1;110;0;1498;1470;5.1
2617;13000;36792;7;2;1;81;0;1598;1255;4
2618;15450;149006;7;3;1;81;0;1598;1360;4
2619;15680;141147;7;3;1;110;0;1968;1360;4
2620;16490;44500;7;3;1;110;0;1598;1360;4
2621;16900;35000;7;3;1;81;0;1598;1355;3
2622;16490;79999;7;3;1;81;0;1598;1360;3.8
2623;16500;122584;7;3;1;81;0;1598;1355;3.65
2624;16900;44000;7;3;1;81;0;1598;1355;3.8
2625;16990;36147;7;3;1;81;0;1598;1355;4
2626;17490;22978;7;2;1;82;0;1598;1360;3.9
2627;17690;27155;7;2;1;87;0;1598;1360;4
2628;16500;122584;7;3;1;81;0;1598;1355;3.65
2629;17640;67080;7;3;1;110;0;1968;1360;4.5
2630;17900;42800;7;3;1;81;0;1598;1360;4
2631;17900;87999;7;3;1;81;0;1598;1355;3.6
2632;17950;75000;6;3;1;110;1;1968;1305;4.1
2633;17930;72288;7;3;1;81;0;1598;1280;3.9
2634;17930;20300;7;3;1;81;1;1197;1360;4.8
2635;17900;106944;6;3;1;81;0;1598;1335;3.8
2636;17900;70000;7;2;1;81;0;1598;1285;3.8
2637;18500;70000;7;3;1;81;0;1598;1355;3.8
2638;18500;158300;7;3;1;135;0;1968;1525;4.9
2639;18000;70000;7;3;1;81;0;1600;1355;5.3
2640;18322;29477;7;3;2;81;1;1197;1360;4.9
2641;18300;24666;7;3;2;81;0;1598;1360;4
2642;18290;47400;7;3;1;81;0;1598;1360;3.8
2643;18280;91086;7;3;1;110;0;1968;1360;4
2644;18229;52750;7;3;2;92;0;1395;1360;5.3
2645;18222;43532;7;3;1;81;1;1598;1360;4
2646;18200;58000;7;3;1;81;0;1598;1360;3.8
2647;18200;104000;7;3;1;81;0;1598;1355;3.8
2648;18150;95117;7;3;1;81;0;1598;1360;4
2649;18150;95117;7;3;1;81;0;1598;1360;4
2650;18150;95117;7;3;1;81;0;1598;1360;4
2651;18150;95117;7;3;1;81;0;1598;1360;4
2652;18000;80000;7;3;1;81;0;1598;1360;3.8
2653;18000;42500;7;3;1;81;0;1598;1360;3.8
2654;18000;70000;6;3;2;110;0;1968;1395;4.5
2655;18000;30529;7;2;1;81;0;1598;1285;3.8
2656;18000;120000;6;3;2;110;0;1968;1395;4.5
2657;18000;80000;7;3;2;81;0;1598;1360;3.8
2658;18000;68025;6;3;2;81;0;1598;1335;3.8
2659;18460;121650;7;3;1;110;1;1968;1360;4.6
2660;18460;61900;7;3;1;110;1;1395;1360;4.7
2661;18500;144000;6;2;1;110;0;1968;1400;4.5
2662;18500;62000;7;3;1;81;0;1598;1360;3.8
2663;18500;99500;6;3;1;110;0;1968;1880;4.5
2664;18500;56000;7;3;1;81;0;1598;1360;3.9
2665;18500;62015;7;3;1;110;0;1968;1360;4.7
2666;18500;105000;7;3;1;81;0;1598;1365;4.5
2667;18500;92000;7;3;1;81;0;1395;1355;5.3
2668;18500;40000;7;3;1;81;0;1598;1330;3.8
2669;18450;58000;7;3;1;81;0;1598;1365;3.7
2670;18450;66045;7;3;1;81;0;1598;1255;4
2671;18450;87750;6;3;1;110;0;1968;1041;5.5
2672;18450;122381;7;3;1;82;0;1598;1260;3.8
2673;18415;94538;7;3;1;81;1;1598;1420;4.1
2674;18420;56993;7;3;1;92;0;1395;1205;5.1
2675;18400;87999;7;3;1;81;0;1598;1355;3.6
2676;18444;54067;7;3;1;81;1;1197;1360;4.8
2677;18400;48000;7;3;1;81;0;1598;1360;3.8
2678;18400;87999;7;3;1;81;0;1598;1355;3.6
2679;18400;87999;7;3;1;81;0;1598;1355;3.6
2680;18400;69717;7;3;1;81;0;1598;1280;3.9
2681;18390;49000;7;2;1;85;0;1598;1285;3.9
2682;18400;69717;7;3;1;81;0;1598;1280;3.9
2683;18380;57193;7;3;1;110;0;1968;1360;4
2684;18376;51957;7;3;1;81;1;1598;1360;4
2685;18360;50000;7;3;1;81;1;1197;1360;5
2686;18500;62851;6;3;1;110;0;1968;1400;4.5
2687;18499;37500;7;3;1;81;0;1598;1360;3.8
2688;18499;98000;7;3;1;81;0;1395;1355;3.4
2689;18495;39660;7;3;1;82;0;1197;1280;4.1
2690;18490;16000;7;3;1;92;1;1395;1365;4.9
2691;18490;36000;7;2;1;81;0;1598;1360;3.8
2692;18490;50000;7;3;1;81;0;1197;1365;5
2693;18490;120522;6;3;2;135;0;1968;1360;4.8
2694;18490;54250;7;3;1;81;0;1598;1360;3.9
2695;18339;46776;7;3;1;81;0;1197;1360;4.8
2696;18000;23080;7;3;1;81;0;1598;1280;3.8
2697;18000;81000;7;2;1;81;0;1598;1360;3.8
2698;18480;29140;7;3;1;92;1;1395;1360;4
2699;18000;45573;7;2;1;85;0;1598;1285;4
2700;18000;50134;7;2;1;85;0;1598;1285;4
2701;18000;80000;7;3;1;81;0;1598;1360;3.8
2702;17999;40250;7;3;2;110;0;1395;1320;4.7
2703;17999;69734;7;3;1;110;1;1968;1365;4.6
2704;17990;86800;7;3;2;110;0;1968;1360;4.4
2705;17990;31900;7;3;1;110;1;1395;1195;4.7
2706;17990;97550;6;3;1;110;1;1968;1395;4.4
2707;17990;60500;6;3;2;110;0;1968;1360;4.5
2708;17990;94800;6;3;1;110;0;1968;1395;4.5
2709;17990;85449;7;2;1;81;0;1598;1905;3.7
2710;17980;30000;7;3;1;92;1;1395;1360;4.9
2711;17980;34491;7;3;1;92;1;1395;1360;5.1
2712;17980;80650;7;3;1;110;1;1968;1365;4.5
2713;17969;78939;7;3;1;81;0;1598;1280;3.8
2714;17965;85325;7;3;1;110;1;1968;1360;4.4
2715;17960;81791;6;3;1;110;1;1968;1360;4.5
2716;17900;79000;6;3;1;110;0;1968;1400;4.4
2717;17900;100812;7;2;1;81;0;1598;1365;4.5
2718;17900;63700;7;3;1;110;0;1968;1365;4.4
2719;17900;59512;7;3;1;81;0;1598;1360;4
2720;17900;87999;7;3;1;81;0;1598;1355;3.6
2721;17900;87999;7;3;1;81;0;1598;1355;3.6
2722;17900;87999;7;3;1;81;0;1598;1355;3.6
2723;17900;87999;7;3;1;81;0;1598;1355;3.6
2724;17900;87999;7;3;1;81;0;1598;1355;3.6
2725;17900;87999;7;3;1;81;0;1598;1355;3.6
2726;17900;87999;7;3;1;81;0;1598;1355;3.6
2727;17900;87999;7;3;1;81;0;1598;1355;3.6
2728;17950;120121;7;3;1;82;0;1598;1255;3.9
2729;17900;110812;6;3;1;81;0;1598;1255;3.8
2730;17900;27600;7;3;3;92;0;1395;1300;4.9
2731;17490;83994;7;3;2;110;0;1968;1360;4.5
2732;17490;90000;7;3;2;82;0;1598;1280;4.1
2733;17480;61765;7;3;2;110;0;1968;1360;4
2734;17470;97000;7;3;2;81;0;1598;1355;3.8
2735;17470;99000;7;3;2;81;0;1598;1355;3.8
2736;17450;72000;7;3;2;81;0;1598;1355;3.5
2737;17450;33000;6;3;1;81;0;1598;1260;3.8
2738;17444;80815;7;3;1;110;0;1968;1360;4.4
2739;17444;108435;7;3;1;82;0;1598;1255;3.9
2740;17440;43250;7;3;1;81;1;1197;1360;4.8
2741;17410;100600;7;3;1;92;0;1395;1360;5.3
2742;17400;80049;7;3;1;92;1;1395;1360;5.3
2743;17389;61109;7;3;1;81;0;1598;1360;3.8
2744;17300;108300;7;3;1;81;0;1598;1840;4
2745;17440;83954;6;3;1;110;1;1968;1360;4.4
2746;17380;161205;7;3;1;110;0;1968;1360;4
2747;17380;101614;7;3;1;110;1;1968;1360;4
2748;17300;59000;7;3;1;81;0;1598;1355;3.8
2749;17250;56200;7;3;1;81;0;1598;1360;4
2750;17900;68933;7;3;1;81;0;1598;1280;3.9
2751;17900;35755;7;2;1;81;0;1598;1845;3.8
2752;17900;76000;6;3;1;81;0;1600;1280;4.1
2753;17900;89325;7;3;2;110;0;1968;1360;4.6
2754;17900;76000;7;3;2;81;0;1598;1360;3.8
2755;17900;47812;7;3;1;81;0;1598;1850;3.8
2756;17900;87999;7;3;1;81;0;1598;1355;3.6
2757;17900;87999;7;3;1;81;0;1598;1355;3.6
2758;17900;87999;7;3;1;81;0;1598;1355;3.6
2759;17900;87999;7;3;1;81;0;1598;1355;3.6
2760;17900;87999;7;3;1;81;0;1598;1355;3.6
2761;17900;84000;7;3;1;81;0;1598;1360;3.8
2762;17900;90527;7;3;1;82;0;1598;1280;4.1
2763;17900;87999;7;3;1;81;0;1598;1355;3.6
2764;17899;94836;7;3;1;82;0;1598;1255;3.9
2765;17900;87999;7;3;1;81;0;1598;1355;3.6
2766;17900;115137;6;3;1;110;0;1968;1360;4.5
2767;17894;75201;7;3;1;112;0;1395;1280;4.1
2768;17200;73484;6;3;2;110;0;1968;1395;4.5
2769;17895;94375;7;3;1;110;1;1968;1360;4.5
2770;17890;96217;7;3;1;110;1;1968;1320;4.4
2771;17890;43689;7;3;1;81;1;1197;1360;4.8
2772;17890;44000;7;3;1;81;0;1598;1355;3.8
2773;17890;52213;7;3;1;81;0;1197;1275;4.8
2774;17890;90089;6;3;1;110;1;1968;1360;4.4
2775;17890;59147;7;3;1;92;0;1395;1360;4.9
2776;17888;104146;7;3;1;110;1;1968;1360;4.5
2777;17880;97100;7;3;1;110;1;1395;1305;4.7
2778;17880;80504;6;3;1;110;0;1968;1395;4.5
2779;17880;62073;7;3;1;92;1;1395;1360;5.1
2780;17800;122000;7;3;1;81;0;1395;1335;3.4
2781;17800;39000;7;3;1;81;0;1598;1355;3.8
2782;17800;103000;7;3;1;81;0;1598;1360;3.8
2783;17800;62250;7;3;1;81;0;1598;1360;3.8
2784;17790;123750;7;3;1;110;1;1968;1365;4.6
2785;17789;92600;7;3;1;81;1;1598;1355;3.7
2786;17740;86920;6;3;1;110;1;1968;1360;4.5
2787;17690;27155;7;2;1;87;0;1598;1360;4
2788;17600;57000;7;3;1;81;0;1598;1355;3.8
2789;17640;67080;7;3;1;110;0;1968;1360;4.5
2790;17600;53522;7;3;1;81;0;1598;1355;4
2791;17600;37985;7;3;1;81;0;1598;1365;4.5
2792;17580;86600;7;3;1;110;1;1968;1360;4
2793;17550;60000;7;3;1;81;0;1598;1840;4
2794;17500;31350;7;3;1;92;1;1395;1365;4.9
2795;17500;17000;7;3;2;85;0;999;1280;4.4
2796;17500;45000;7;3;1;81;0;1598;1360;3.8
2797;17500;103282;7;2;1;81;0;1598;1360;3.8
2798;17500;133000;7;3;1;81;0;1598;1360;3.8
2799;17500;48000;7;2;1;85;0;1598;1360;3.9
2800;17500;80000;7;2;1;81;0;1598;1335;4
2801;17499;53454;7;3;1;81;0;1598;1890;4
2802;17490;71900;7;3;1;81;0;1598;1355;4
2803;17490;22978;7;2;1;82;0;1598;1360;3.9
2804;17490;22978;7;2;1;82;0;1598;1360;3.9
2805;17690;27155;7;2;1;87;0;1598;1360;4
2806;17150;60000;6;2;1;81;0;1598;1335;4
2807;17000;89193;6;3;1;110;0;1968;1400;4.5
2808;17000;99500;6;3;1;110;0;1968;1880;4.5
2809;17000;122584;7;3;1;81;0;1598;1355;3.65
2810;17000;122584;7;3;1;81;0;1598;1355;3.65
2811;17000;122584;7;3;1;81;0;1598;1355;3.65
2812;17000;59999;6;2;1;81;0;1598;1335;4
2813;17000;98000;7;3;1;81;0;1598;1355;3.8
2814;17000;171000;6;3;1;110;0;1968;1400;4.5
2815;17000;43000;7;3;1;81;0;1598;1340;3.9
2816;16999;69789;7;3;1;135;1;1968;1360;4.8
2817;16999;60000;7;3;1;81;0;1598;1355;4
2818;16999;136100;7;3;1;135;1;1968;1360;4.9
2819;16999;60000;7;2;1;81;0;1598;1365;4.1
2820;16999;65000;7;3;1;81;0;1598;1355;4
2821;16999;65000;7;3;1;81;0;1598;1355;4
2822;16999;60000;6;2;1;81;0;1598;1335;4
2823;16999;115000;7;3;1;81;0;1598;1360;3.8
2824;16990;92295;7;3;1;81;0;1598;1360;3.8
2825;16990;115000;7;3;1;110;0;1968;1415;4.4
2826;16990;35000;6;2;1;81;0;1598;1335;4
2827;16990;99313;7;3;1;110;1;1968;1365;4.4
2828;16990;36700;7;2;1;85;0;999;1225;4.5
2829;16990;29718;7;3;1;81;0;1598;1250;3.9
2830;16990;29718;7;3;1;81;0;1598;1250;3.9
2831;16990;63365;7;3;1;81;0;1598;1280;4.1
2832;16980;75500;7;3;2;110;1;1968;1365;4.5
2833;16980;144000;7;3;1;110;0;1968;1365;4.6
2834;16950;146503;7;3;1;110;1;1968;1280;4.4
2835;16970;100000;7;3;1;81;0;1598;1360;3.8
2836;16950;88067;7;3;1;81;1;1598;1355;4
2837;16900;124136;7;3;1;92;0;1395;1300;4.9
2838;16900;85100;7;3;1;81;0;1598;1355;3.8
2839;16900;142000;7;3;1;81;0;1598;1360;3.8
2840;16900;80000;7;3;1;81;0;1598;1355;3.8
2841;16900;105231;7;3;1;81;0;1598;1255;3.9
2842;16900;69054;7;3;1;81;0;1598;1355;3.8
2843;16500;122584;7;3;1;81;0;1598;1355;3.65
2844;16500;122584;7;3;1;81;0;1598;1355;3.65
2845;16500;122584;7;3;1;81;0;1598;1355;3.65
2846;16500;122584;7;3;1;81;0;1598;1355;3.65
2847;16500;122584;7;3;1;81;0;1598;1355;3.65
2848;16500;122584;7;3;1;81;0;1598;1355;3.65
2849;16500;122584;7;3;1;81;0;1598;1355;3.65
2850;16500;73601;7;3;1;81;0;1598;1840;3.8
2851;16500;82770;7;3;1;81;0;1598;1355;4
2852;16500;170231;6;3;1;110;0;1968;1400;4.5
2853;16500;19000;7;2;1;81;0;1598;1330;3.8
2854;16500;122584;7;3;1;81;0;1598;1355;3.65
2855;16500;122584;7;3;1;81;0;1598;1355;3.65
2856;16500;122584;7;3;1;81;0;1598;1355;3.65
2857;16500;122584;7;3;1;81;0;1598;1355;3.65
2858;16500;42000;7;3;1;81;0;1598;1355;3.8
2859;16499;129000;7;3;1;81;0;1598;1365;3.9
2860;16900;112000;7;3;1;110;0;1968;1360;4.4
2861;16900;99000;7;2;1;81;0;1598;1355;3.8
2862;16900;101745;7;3;1;81;0;1598;1360;3.8
2863;16900;35;7;3;1;81;0;1598;1355;3
2864;16895;35000;7;3;1;81;0;1598;1355;3
2865;16760;67405;7;3;1;81;1;1197;1360;4.8
2866;16890;63200;7;3;2;81;0;1598;1360;3.8
2867;16890;30000;7;3;1;81;1;1197;1360;4.8
2868;16820;78700;7;3;1;81;1;1598;1360;3.8
2869;16780;77646;7;3;1;81;0;1598;1360;4
2870;16750;68532;7;3;1;81;0;1598;1360;3.8
2871;16739;61177;7;3;1;92;1;1395;1300;5.1
2872;16730;55246;7;3;1;81;1;1598;1360;4
2873;16690;101307;7;3;1;110;0;1968;1360;4.4
2874;16670;106656;7;3;1;81;0;1598;1355;4
2875;16500;122584;7;3;1;81;0;1598;1355;3.65
2876;16500;122584;7;3;1;81;0;1598;1355;3.65
2877;16720;104544;7;2;1;81;1;1598;1360;3.8
2878;16500;122584;7;3;1;81;0;1598;1355;3.65
2879;16490;63252;7;3;1;81;1;1598;1280;3.9
2880;16490;39999;7;3;1;81;0;1598;1355;3.8
2881;16480;62000;7;3;1;81;0;1598;1365;3.8
2882;16450;87135;7;3;2;81;1;1598;1360;3.8
2883;16450;69467;7;3;1;81;0;1598;1270;3.8
2884;16450;101103;6;3;1;81;1;1598;1355;3.8
2885;16400;120454;7;3;1;92;0;1395;1300;5.1
2886;16400;123748;7;3;1;81;0;1395;1255;4.1
2887;16400;95300;7;3;1;81;1;1598;1360;3.9
2888;16400;41310;7;2;1;81;0;1598;1360;4.1
2889;16399;135600;7;3;1;81;0;1598;1360;3.8
2890;16380;138700;7;3;2;110;0;1968;1360;4
2891;16400;90000;7;3;1;81;0;1598;1355;3.8
2892;16350;40300;7;3;1;81;0;1598;1355;3.9
2893;16350;40300;7;3;1;81;0;1598;1355;3.9
2894;16280;37459;7;3;1;81;0;1598;1360;4
2895;16280;126192;7;3;1;81;0;1598;1360;4
2896;16255;76019;7;3;1;92;0;1400;1360;4
2897;16250;65277;7;3;1;92;0;1400;1360;4
2898;15669;118290;7;3;1;81;1;1598;1360;4
2899;15500;92000;7;3;1;81;0;1598;1355;3.8
2900;15500;107560;7;3;1;81;0;1598;1355;3.8
2901;15500;99000;7;3;1;81;0;1598;1355;3.8
2902;15500;127022;7;0;2;85;0;1598;1280;4.1
2903;15490;120497;6;3;1;110;0;1968;1385;4.1
2904;15490;118000;7;3;1;110;0;2000;1360;4
2905;15490;123230;6;3;1;110;0;1968;1390;4
2906;15480;94300;7;3;1;81;1;1598;1365;3.9
2907;15480;134950;7;3;1;110;0;1968;1360;4.4
2908;15450;149006;7;3;1;81;0;1598;1360;4
2909;15490;59000;6;3;1;81;0;1598;1310;4.1
2910;15450;149006;7;3;1;81;0;1598;1360;4
2911;15450;149006;7;3;1;81;0;1598;1360;4
2912;15000;101000;7;3;1;81;0;1598;1355;3.9
2913;16245;88302;7;3;1;92;0;1400;1360;4
2914;15450;149006;7;3;1;81;0;1598;1360;4
2915;16225;70962;7;3;1;92;0;1400;1360;4
2916;15450;149006;7;3;1;81;0;1598;1360;4
2917;15290;124950;6;3;1;110;0;1968;1360;4.1
2918;15200;144572;6;3;1;110;0;1968;1385;4.1
2919;16000;72484;7;3;2;81;0;1598;1355;3.8
2920;16210;84295;7;3;2;92;0;1400;1360;4
2921;16210;94892;7;3;2;92;0;1400;1360;4
2922;15999;49999;7;3;2;81;0;1197;1275;5
2923;15990;55365;7;3;1;81;1;1598;1325;3.8
2924;15990;74740;6;3;2;110;1;1968;1320;4.4
2925;15990;157300;7;2;1;81;0;1598;1360;4
2926;16000;91236;7;3;1;81;0;1598;1845;3.9
2927;15985;51904;7;3;1;81;1;1598;1360;4
2928;15980;101300;6;3;2;110;0;1968;1360;4.5
2929;15980;91861;6;3;2;110;0;1968;1360;4.4
2930;15980;87657;6;3;1;110;1;1968;1365;4.5
2931;15950;95270;7;3;1;110;0;1968;1360;4.4
2932;15940;85112;7;3;2;81;1;1598;1360;3.8
2933;15980;91252;7;3;2;81;0;1598;1360;4
2934;15980;70142;7;3;1;81;0;1598;1360;4
2935;15940;75100;7;3;1;81;1;1598;1360;3.8
2936;15930;119100;7;3;1;81;0;1598;1360;3.8
2937;15900;39400;7;3;2;81;1;1598;1280;3.8
2938;15900;94000;7;3;1;81;1;1598;1365;3.9
2939;15900;158500;6;3;1;110;0;1968;1395;4.4
2940;15900;114573;7;3;1;110;1;1395;1365;4.8
2941;15900;169501;7;3;1;110;0;1968;1360;4.5
2942;15900;93035;6;3;1;81;0;1598;1335;3.8
2943;15900;106400;7;3;1;81;0;1598;1355;3.8
2944;15900;95600;7;3;2;110;0;1968;1365;4.4
2945;15900;117000;7;3;1;81;0;1598;1850;3.8
2946;15900;133900;6;3;1;81;0;1598;1335;3.8
2947;15900;55000;7;3;1;81;0;1598;1355;3.8
2948;15899;126100;7;3;1;81;0;1598;1360;3.8
2949;15890;150000;7;3;1;81;0;1598;1360;3.8
2950;15899;106000;7;3;1;81;0;1598;1355;3.8
2951;15880;79779;6;3;1;110;1;1968;1360;4.1
2952;15700;88000;7;3;1;81;0;1598;1355;3.8
2953;15800;61233;7;3;1;81;0;1598;1355;3.8
2954;15780;110190;7;3;2;110;0;1968;1360;4.5
2955;15690;52284;7;3;2;81;0;1598;1360;3.8
2956;15000;101000;7;3;2;81;0;1598;1355;3.9
2957;14999;148818;7;3;1;110;1;1968;1360;4.1
2958;14980;115802;7;3;1;81;0;1598;1360;3.8
2959;14990;149800;7;3;1;81;0;1598;1355;3.9
2960;14950;121200;7;3;1;92;0;1395;1360;4.9
2961;14980;127324;7;3;1;81;0;1598;1360;4
2962;14950;119500;7;3;1;81;0;1598;1330;3.8
2963;14900;108000;7;3;1;92;0;1395;1300;5.1
2964;14900;175000;7;3;1;81;0;1395;1355;3.3
2965;14980;86141;7;3;1;81;0;1598;1360;4
2966;14890;126000;6;3;1;110;0;1968;1390;4.8
2967;14490;120000;7;3;1;81;0;1598;1280;3.9
2968;14888;118366;7;3;2;81;0;1598;1360;4
2969;14600;170000;7;3;1;110;0;1968;1360;4
2970;14590;160385;7;3;1;81;0;1598;1355;3.8
2971;14500;162553;7;3;1;110;0;1968;1360;4.4
2972;14500;69900;7;3;2;110;0;1395;1325;4.7
2973;14450;144995;7;3;2;82;0;1598;1255;3.9
2974;13990;174100;6;3;1;110;0;1968;1320;4.4
2975;13950;113490;7;3;1;92;0;1395;1300;5
2976;13950;118032;7;3;1;92;0;1395;1300;5
2977;13900;140000;6;3;1;110;0;1968;1400;4.5
2978;13500;140000;7;3;1;81;0;1598;1355;3.8
2979;13950;121510;7;3;1;92;0;1395;1300;5
2980;13680;127335;7;3;1;81;0;1598;1360;4
2981;13500;145000;7;3;1;110;1;1968;1365;4.4
2982;13500;155000;7;3;1;81;0;1598;1355;3.8
2983;13500;108000;7;3;1;81;0;1598;1355;3.8
2984;14350;141000;7;3;1;81;0;1598;1360;3.8
2985;12880;163871;7;3;1;81;0;1598;1360;4
2986;12999;186000;6;3;1;110;0;1968;1395;4.4
2987;12995;126200;7;3;1;81;0;1598;1365;3.9
2988;12850;207000;6;3;1;110;0;1968;1400;4.5
2989;12680;132414;7;3;1;81;0;1598;1360;4
2990;12500;119000;6;3;1;110;0;1968;1395;4.3
2991;11980;126416;7;3;1;81;0;1598;1360;4
2992;13500;110396;6;3;1;92;0;1395;1280;5.1
2993;13500;100832;6;3;1;92;0;1395;1280;5.1
2994;13500;119529;6;3;1;81;0;1598;1335;3.8
2995;13500;110396;6;3;1;92;0;1395;1280;5.1
2996;13500;100832;6;3;1;92;0;1395;1280;5.1
2997;12990;179000;6;3;1;110;1;1968;1365;4.5
2998;14890;142011;6;3;1;110;0;1968;1360;4
2999;13730;87100;6;3;1;81;0;1598;1360;3.8
3000;14920;93307;6;3;1;81;1;1598;1360;3.8
3001;14920;119427;6;3;1;110;1;1968;1360;4.1
3002;14960;101287;6;2;1;81;1;1598;1350;3.8
3003;12400;170000;6;3;1;81;0;1598;1385;3.8
3004;14980;291800;6;3;1;110;0;1968;1360;4.7
3005;15000;160000;6;3;1;110;0;1968;1385;4
3006;14000;85000;6;3;1;81;0;1598;1350;3.9
3007;15000;36000;6;3;1;81;0;1197;1255;5
3008;14999;140229;6;3;1;81;0;1598;1365;4
3009;14999;113000;6;3;1;81;0;1598;1385;4
3010;14999;80781;6;3;2;81;1;1598;1360;4
3011;14999;86889;6;3;2;81;0;1598;1360;3.8
3012;15065;76082;6;3;2;92;0;1400;1360;4
3013;15500;30005;6;3;2;81;0;1598;1360;4
3014;15500;123226;6;3;1;81;0;1598;1335;3.6
3015;15500;78000;6;3;1;81;0;1598;1335;3.8
3016;15500;123226;6;3;1;81;0;1598;1335;3.6
3017;15499;19557;6;3;1;81;1;1197;1360;4.9
3018;15480;86000;6;3;1;81;0;1598;1322;3.95
3019;15500;123226;6;3;1;81;0;1598;1335;3.6
3020;15500;88000;6;3;1;81;0;1598;1335;3.8
3021;15620;90348;6;3;1;110;1;1968;1360;4.1
3022;15600;96288;6;3;1;81;0;1598;1335;3.8
3023;15600;50700;6;3;1;81;0;1598;1335;3.8
3024;15600;63900;6;3;2;81;1;1598;1360;3.8
3025;15500;138000;6;3;1;110;0;1968;1465;4.8
3026;15500;105149;6;3;1;92;0;1395;1765;5.3
3027;15500;67000;6;3;1;81;0;1598;1345;3.5
3028;15500;80500;6;3;1;81;0;1598;1335;3.8
3029;15500;123226;6;3;1;81;0;1598;1335;3.6
3030;15500;123226;6;3;1;81;0;1598;1335;3.6
3031;15500;123226;6;3;1;81;0;1598;1335;3.6
3032;15500;123226;6;3;1;81;0;1598;1335;3.6
3033;15500;123226;6;3;1;81;0;1598;1335;3.6
3034;15500;123226;6;3;1;81;0;1598;1335;3.6
3035;15500;123226;6;3;1;81;0;1598;1335;3.6
3036;15500;123226;6;3;1;81;0;1598;1335;3.6
3037;15500;80015;6;3;1;81;0;1598;1315;4
3038;15500;92000;6;3;1;81;0;1598;1335;3.8
3039;15500;123226;6;3;1;81;0;1598;1335;3.6
3040;15500;123226;6;3;1;81;0;1598;1335;3.6
3041;15500;123226;6;3;1;81;0;1598;1335;3.6
3042;15333;43000;6;3;2;81;0;1197;1360;4.9
3043;15490;50700;6;3;1;81;0;1598;1360;3.8
3044;15320;92067;6;3;1;81;1;1598;1350;3.8
3045;15376;82033;6;3;1;81;1;1598;1315;3.8
3046;15499;120000;6;3;1;81;0;1598;1335;3.8
3047;15500;123226;6;3;1;81;0;1598;1335;3.6
3048;15500;123226;6;3;1;81;0;1598;1335;3.6
3049;15490;53852;6;3;1;81;0;1598;1335;3.8
3050;15490;53994;6;3;1;81;0;1598;1260;3.8
3051;15490;46928;6;3;1;81;0;1598;1260;3.8
3052;15490;88000;6;3;1;81;0;1598;1260;4
3053;15480;80800;6;3;1;81;1;1197;1360;5
3054;15490;87810;6;3;1;110;1;1968;1360;4.1
3055;15480;79548;6;3;1;110;0;1968;1360;4
3056;15310;53262;6;3;2;81;0;1598;1360;4
3057;15300;108000;6;3;1;110;0;1968;1360;4.1
3058;15260;44182;6;3;1;81;1;1197;1360;4.9
3059;15250;81236;6;2;1;81;0;1598;1360;4
3060;15145;76592;6;3;1;92;0;1400;1360;4
3061;15115;69994;6;3;1;92;0;1400;1360;4
3062;15105;88717;6;3;1;92;0;1400;1360;4
3063;15105;77536;6;3;1;92;0;1400;1360;4
3064;15105;72929;6;3;1;92;0;1400;1360;4
3065;15105;73382;6;3;1;92;0;1400;1360;4
3066;15100;109000;6;3;1;81;0;1598;1260;4
3067;15065;75780;6;3;1;92;0;1400;1360;4
3068;15065;73409;6;3;1;92;0;1400;1360;4
3069;15065;95177;6;3;1;92;0;1400;1360;4
3070;15065;88268;6;3;1;92;0;1400;1360;4
3071;15470;89652;6;3;1;110;0;1968;1365;3.8
3072;15475;57100;6;3;2;81;1;1598;1360;3.8
3073;15065;89564;6;3;2;92;0;1400;1360;4
3074;15450;107838;6;3;1;81;0;1598;1360;4
3075;15460;144450;6;3;1;110;0;1968;1360;4.1
3076;15470;61050;6;3;1;81;0;1598;1360;4
3077;15450;77500;6;3;1;81;0;1598;1315;3.8
3078;15450;77500;6;3;1;81;0;1598;1315;3.8
3079;15450;107838;6;3;1;81;0;1598;1360;4
3080;15450;107838;6;3;1;81;0;1598;1360;4
3081;15450;107838;6;3;1;81;0;1598;1360;4
3082;15450;116460;6;3;1;81;0;1598;1235;3.8
3083;15445;200814;6;3;1;82;0;1598;1250;3.8
3084;15430;83916;6;3;1;81;0;1598;1410;4
3085;15430;111800;6;3;1;81;1;1598;1335;4
3086;15400;59675;6;3;1;81;0;1598;1315;3.4
3087;15400;150000;6;3;1;110;1;1968;1360;4.1
3088;15380;124197;6;3;1;110;0;1968;1360;4
3089;15390;37100;6;3;1;110;0;1395;1360;4.5
3090;15380;76900;6;3;1;110;1;1968;1305;4
3091;14995;109295;6;3;1;92;0;1598;1365;4.5
3092;14990;88000;6;3;1;81;0;1598;1335;3.8
3093;14990;105700;6;3;1;110;1;1968;1360;4.1
3094;14990;105700;6;3;1;110;1;1968;1365;4.1
3095;14990;79900;6;3;1;135;0;1968;1360;4.1
3096;14990;35000;6;3;2;81;0;1197;1360;4.9
3097;14990;87000;6;3;2;81;0;1598;1335;4
3098;14990;79000;6;3;2;81;0;1598;1280;4.1
3099;14990;95235;6;3;2;132;0;1798;1360;5.8
3100;14990;63058;6;3;1;81;0;1598;1800;3.4
3101;14980;97834;6;3;1;110;0;1968;1360;4
3102;14980;65886;6;3;1;81;0;1598;1360;3.8
3103;14990;47400;6;3;1;81;0;1598;1360;4
3104;15380;69692;6;3;2;81;0;1598;1260;3.8
3105;14980;102124;6;3;1;110;0;1968;1360;4
3106;15030;95671;6;3;1;92;0;1400;1360;4
3107;15030;99233;6;3;1;92;0;1400;1360;4
3108;15025;92757;6;3;1;92;0;1400;1360;4
3109;15060;88346;6;3;1;92;0;1400;1360;4
3110;15025;79930;6;3;1;92;0;1400;1360;4
3111;15050;83273;6;3;1;92;0;1400;1360;4
3112;15030;92062;6;3;1;92;0;1400;1360;4
3113;15020;79403;6;3;1;92;0;1400;1360;4
3114;15000;160000;6;3;1;81;0;1598;1335;3.8
3115;15000;75000;6;3;1;81;0;1197;1255;4.9
3116;15020;83454;6;3;1;92;0;1400;1360;4
3117;15000;35000;6;3;1;81;0;1598;1260;4
3118;15000;174000;6;3;1;81;0;1395;1335;3.4
3119;15000;50000;6;3;1;81;0;1598;1260;4.2
3120;15020;96638;6;3;1;92;0;1400;1360;4
3121;15000;70000;6;3;2;81;0;1598;1335;3.8
3122;15000;101000;7;3;2;81;0;1598;1355;3.9
3123;15000;43000;6;3;2;81;0;1197;1225;4.9
3124;15000;75000;6;3;2;81;0;1598;1335;4
3125;13990;30000;6;3;2;110;1;1968;1360;4.1
3126;13990;119000;6;3;1;110;0;1968;1360;4.1
3127;13990;101280;6;3;1;110;0;1968;1380;4
3128;13950;149000;6;2;1;110;0;1968;1385;4.2
3129;13980;115694;6;3;1;81;1;1598;1360;3.8
3130;13950;72300;6;3;1;81;1;1598;1360;3.8
3131;13900;138717;6;3;1;110;1;1968;1360;4.1
3132;13900;68550;6;3;2;81;0;1598;1335;3.8
3133;13950;142000;6;3;1;110;1;1968;1365;3.8
3134;13900;109500;6;3;1;110;0;1968;1385;4.2
3135;13900;158000;6;2;1;81;0;1598;1310;4
3136;13900;127435;6;3;1;81;1;1598;1365;3.8
3137;13900;67500;6;3;1;81;0;1197;1360;4.9
3138;13900;99000;6;3;1;81;1;1598;1365;3.8
3139;13850;75357;6;3;2;81;1;1598;1360;3.8
3140;13800;62900;6;3;1;81;1;1598;1360;3.8
3141;13790;149170;6;2;1;85;0;1598;1235;4
3142;13780;141939;6;3;1;110;0;1968;1360;4
3143;13780;97200;6;3;1;81;0;1598;1360;4
3144;14888;93268;6;3;1;81;0;1598;1260;3.8
3145;13890;45450;6;3;1;81;0;1598;1385;3.8
3146;14880;68415;6;3;1;81;1;1598;1360;4
3147;14880;165650;6;3;1;110;0;1968;1360;4
3148;14880;165650;6;3;1;110;0;1968;1360;4
3149;14850;48000;6;3;1;81;0;1598;1355;3.8
3150;14850;117000;6;3;1;81;0;1598;1335;3.8
3151;14844;32200;6;3;2;81;1;1598;1360;4
3152;14840;74590;6;3;1;81;0;1598;1360;3.8
3153;14850;80727;6;3;1;81;1;1598;1360;3.8
3154;14800;103000;6;3;1;110;0;1968;1275;4.1
3155;14840;95990;6;3;1;81;0;1598;1360;3.8
3156;14800;97386;6;3;1;110;0;1968;1865;4.1
3157;14800;89294;6;3;1;110;0;1968;1865;4.1
3158;14700;39800;6;3;2;81;0;1598;1305;4
3159;14780;179150;6;3;1;110;0;1968;1360;4
3160;14750;135887;6;3;1;81;1;1598;1360;4
3161;14700;99700;6;3;1;81;0;1598;1340;3.9
3162;14590;100500;6;2;1;81;0;1598;1365;4.2
3163;14500;93200;6;3;1;81;0;1598;1385;3.8
3164;14530;82712;6;3;1;81;0;1598;1260;3.8
3165;14500;89410;6;3;1;81;1;1598;1360;4
3166;14500;78000;6;1;1;92;0;1395;1280;5.1
3167;14490;92400;6;3;1;110;1;1968;1360;4.1
3168;14550;110747;6;3;1;110;1;1395;1365;4.7
3169;14499;114000;6;3;1;81;0;1598;1335;3.8
3170;14480;109040;6;3;2;81;1;1598;1360;4
3171;14400;113200;6;3;2;81;1;1598;1360;3.8
3172;14470;43721;6;3;1;81;0;1598;1360;3.8
3173;14450;135364;6;3;1;81;0;1598;1360;4
3174;14450;135364;6;3;1;81;0;1598;1360;4
3175;14440;86100;6;3;1;81;1;1598;1315;3.8
3176;14400;119000;6;3;1;81;0;1598;1385;3.8
3177;14440;86100;6;3;1;81;1;1598;1315;3.8
3178;14300;151800;6;3;1;81;0;1598;1335;3.8
3179;14180;82430;6;3;1;81;1;1598;1360;4
3180;14000;130000;6;3;1;110;0;1968;1380;4.1
3181;14950;98097;6;3;1;81;1;1598;1360;3.8
3182;14950;127896;6;3;1;81;0;1598;1335;3.8
3183;14290;65700;6;3;1;81;0;1598;1335;3.8
3184;14250;65900;6;3;1;81;0;1598;1335;3.8
3185;14250;6500;6;1;1;81;0;1568;1360;4
3186;14950;95000;6;3;1;81;0;1598;1345;3.9
3187;14900;66000;6;3;1;81;0;1598;1260;3
3188;14900;152000;6;3;1;110;0;1968;1360;4.1
3189;14900;131290;6;3;1;81;0;1598;1360;3.8
3190;14900;67776;6;3;1;81;0;1598;1350;3.9
3191;14940;72692;6;3;1;81;0;1598;1410;4
3192;14920;68450;6;3;2;81;1;1598;1360;4
3193;14900;41400;6;3;2;92;1;1395;1250;5.3
3194;13690;93259;6;3;1;81;1;1598;1315;3.8
3195;14890;112750;6;3;1;81;0;1598;1360;4
3196;14890;71168;6;3;1;81;0;1598;1360;3.8
3197;14890;54399;6;3;1;81;0;1598;1360;3.8
3198;14890;128429;6;3;1;110;0;1968;1360;4.4
3199;14890;53411;6;3;1;81;0;1598;1260;3.8
3200;13690;73769;6;3;1;81;1;1598;1365;3.8
3201;14890;128429;6;3;1;110;0;1968;1380;4
3202;13650;100619;6;3;1;81;0;1598;1870;3.8
3203;13590;87305;6;3;1;81;1;1598;1365;3.8
3204;13500;109571;6;3;1;92;0;1395;1280;5.1
3205;13500;109571;6;3;1;92;0;1395;1280;5.1
3206;13500;110396;6;3;1;92;0;1395;1280;5.1
3207;13680;154910;6;3;1;110;0;1968;1360;4
3208;13500;109571;6;3;1;92;0;1395;1280;5.1
3209;13500;109571;6;3;1;92;0;1395;1280;5.1
3210;13500;100832;6;3;1;92;0;1395;1280;5.1
3211;13500;110396;6;3;1;92;0;1395;1280;5.1
3212;13500;110396;6;3;1;92;0;1395;1280;5.1
3213;13500;160000;6;3;1;81;0;1598;1335;3.8
3214;13500;100832;6;3;1;92;0;1395;1280;5.1
3215;13500;100832;6;3;1;92;0;1395;1280;5.1
3216;13500;100832;6;3;1;92;0;1395;1280;5.1
3217;13500;100832;6;3;1;92;0;1395;1280;5.1
3218;13500;109571;6;3;1;92;0;1395;1280;5.1
3219;12900;217032;6;3;1;81;0;1598;1180;3.4
3220;12900;103000;6;3;1;81;0;1598;1335;3.8
3221;12900;138653;6;3;1;81;0;1598;1335;3.8
3222;12900;124800;6;3;1;81;0;1598;1345;3.9
3223;12550;119000;6;3;1;81;0;1598;1360;4
3224;12890;146900;6;3;1;81;0;1598;1365;3.8
3225;12880;123561;6;3;1;81;0;1598;1360;4
3226;12500;110000;6;3;1;81;0;1598;1385;3.8
3227;12480;165081;6;3;1;81;0;1598;1360;4
3228;11999;183000;6;3;1;81;1;1598;1374;3.4
3229;11790;209000;6;3;1;81;1;1598;1365;3.8
3230;11790;204000;6;3;1;81;1;1598;1365;3.8
3231;11990;193000;6;3;1;110;0;1968;1365;4
3232;11990;67000;6;3;2;81;1;1598;1360;3.8
3233;11990;156000;6;3;1;81;0;1598;1335;3.8
3234;10990;109678;6;3;1;81;1;1598;1360;4
3235;10950;122189;6;3;1;81;0;1598;1360;4
3236;5555;5558;6;1;1;110;0;1968;1465;4.8
3237;18790;64500;7;3;1;110;1;1395;1360;4.7
3238;18790;76500;7;3;1;81;0;1598;1355;3.9
3239;10550;31432;6;2;1;81;0;1598;1335;4
3240;18790;29110;7;3;1;81;0;1598;1360;3.8
3241;18790;48000;7;3;1;110;0;1968;1360;4
3242;18780;48835;7;3;1;81;1;1197;1360;4.8
3243;18780;91100;7;3;1;110;1;1968;1365;4.5
3244;18750;26100;7;3;1;85;0;999;1280;4.6
3245;18750;57962;7;3;1;81;1;1598;1365;3.8
3246;18750;58962;7;3;1;81;0;1598;1360;3.8
3247;18750;29800;6;1;1;110;0;1968;1395;4.3
3248;18750;135936;7;3;1;110;1;1968;1360;4.5
3249;18720;102234;6;3;1;110;1;1968;1395;4.5
3250;18700;31000;6;3;1;110;0;1968;1360;4.1
3251;18700;40700;7;3;1;81;0;1598;1360;3.8
3252;18500;90000;7;3;1;81;0;1598;1360;4.5
3253;18700;79000;7;3;1;81;0;1598;1355;3.8
3254;18700;40700;7;3;1;81;0;1598;1360;3.8
3255;18640;41350;6;3;1;110;1;1968;1360;4.4
3256;18500;70000;7;3;1;81;0;1598;1255;3.8
3257;18500;80000;7;2;2;110;0;1395;1280;4.7
3258;13480;71028;6;3;1;81;0;1598;1360;4
3259;13500;110396;6;3;1;92;0;1395;1280;5.1
3260;13479;69400;6;3;1;81;1;1598;1365;3.8
3261;13450;104355;6;3;1;81;0;1598;1790;3.8
3262;13444;88191;6;3;1;81;0;1598;1260;3.8
3263;13400;82100;6;3;1;92;0;1395;1280;5
3264;13399;152818;6;3;1;81;0;1598;1345;3.8
3265;13280;136819;6;3;1;81;0;1598;1360;4
3266;13250;79988;6;3;1;81;0;1598;1365;3.8
3267;13000;69800;6;3;1;81;0;1598;1335;4
3268;12980;92233;6;3;1;81;0;1598;1360;4
3269;13250;70000;6;3;1;81;0;1598;1205;3.2
3270;13100;116000;6;3;3;81;0;1598;1335;4
3271;13100;72265;6;3;3;92;0;1395;1280;5
3272;12990;136552;6;3;1;81;1;1598;1260;3.8
3273;12960;92146;6;3;1;81;1;1598;1360;3.8
3274;12950;149999;6;3;1;81;1;1598;1360;3.8
3275;13500;109571;6;3;1;92;0;1395;1280;5.1
3276;12950;144000;6;3;1;81;1;1598;1360;3.8
3277;13500;110396;6;3;1;92;0;1395;1280;5.1
3278;13500;109571;6;3;1;92;0;1395;1280;5.1
3279;13500;100832;6;3;1;92;0;1395;1280;5.1
3280;13500;110396;6;3;1;92;0;1395;1280;5.1
3281;13500;109571;6;3;1;92;0;1395;1280;5.1
3282;13500;109571;6;3;1;92;0;1395;1280;5.1
3283;13500;100832;6;3;1;92;0;1395;1280;5.1
3284;13500;110396;6;3;1;92;0;1395;1280;5.1
3285;13500;100832;6;3;1;92;0;1395;1280;5.1
3286;13500;109571;6;3;1;92;0;1395;1280;5.1
3287;13500;110396;6;3;1;92;0;1395;1280;5.1
3288;13500;100832;6;3;1;92;0;1395;1280;5.1
3289;13500;110396;6;3;1;92;0;1395;1280;5.1
3290;13500;109571;6;3;1;92;0;1395;1280;5.1
3291;12949;96100;5;3;1;81;1;1896;1360;3.2
3292;15980;78190;6;3;1;81;1;1598;1360;4
3293;15840;70766;6;3;1;110;0;1968;1455;4
3294;15950;157000;6;3;1;100;0;1968;1390;4
3295;15990;79990;6;3;1;81;0;1598;1360;4
3296;15990;69800;6;3;1;81;1;1598;1335;4
3297;15980;71200;6;3;1;85;1;1598;1360;3.8
3298;15980;61925;6;3;1;81;0;1598;1360;4
3299;15830;81103;6;3;1;110;0;1968;1455;4.1
3300;15990;77452;6;3;1;81;0;1598;1360;4
3301;15680;70700;6;3;1;81;1;1197;1360;5
3302;15820;70028;6;2;1;81;1;1598;1350;3.8
3303;22500;49000;7;2;2;81;0;1598;1360;3.8
3304;19000;50500;7;2;2;85;0;1598;1360;3.9
3305;17600;133990;7;3;1;81;0;1395;1355;3.4
3306;20000;73000;7;3;1;81;0;1395;1355;3.4
3307;20000;37000;6;3;1;110;0;1968;1555;4.7
3308;20000;57000;7;3;1;81;0;1598;1360;3.8
3309;24900;73000;6;3;1;110;0;1968;1395;4.5
3310;23500;20000;7;1;1;85;0;1598;1360;3.9
3311;24900;13082;7;2;1;110;0;1498;1315;4.9
3312;24900;20933;7;2;1;85;0;1598;1360;3.9
3313;24860;46298;7;3;1;110;0;1395;1210;4.6
3314;24700;10800;7;1;1;110;0;1968;1415;4.4
3315;24500;23484;7;1;1;85;0;1598;1360;3.9
3316;24500;29000;7;2;1;81;0;1598;1360;3.8
3317;24500;20000;7;1;1;110;0;1968;1415;4.4
3318;28300;58444;7;3;1;110;0;1968;1415;4.4
3319;28300;16000;7;1;1;110;0;1968;1325;4.3
3320;27900;15;7;1;1;85;0;1598;1360;3.9
3321;28000;41;7;1;1;85;0;1598;1360;3.9
3322;27900;42000;6;3;1;135;0;1968;1500;4.8
3323;26900;70000;7;2;1;110;0;1968;1415;4.4
3324;28000;18800;6;3;1;110;0;1968;1395;4.5
3325;27500;38000;6;2;1;110;0;1968;1400;4.5
3326;27000;19000;7;1;1;110;0;1968;1415;4.4
3327;27500;11200;7;1;1;85;0;1598;1360;3.9
3328;27500;61000;6;3;1;110;0;1968;1395;4.5
3329;27150;7500;7;0;1;85;0;1598;1360;4
3330;27000;30000;7;2;1;85;0;1598;1360;3.9
3331;27000;1;7;1;1;85;0;1598;1360;3.9
3332;27000;13000;7;2;1;110;0;1968;1415;4.4
3333;27000;47000;6;3;1;110;0;1968;1400;4.5
3334;26990;1647.362609;7;0;1;85;0;999;1360;4
3335;26990;1;7;0;1;85;0;1598;1360;3.9
3336;26900;20;7;1;1;85;0;1598;1360;4
3337;26900;60000;7;2;1;81;0;1598;1360;3.8
3338;26500;16412;6;2;1;110;0;1968;1360;4.6
3339;26500;90000;6;3;1;135;0;1968;1500;4.8
3340;26890;1647.362609;7;0;0;96;0;1498;1385;3.5
3341;26490;1647.362609;7;0;0;85;0;999;1360;4
3342;26200;14500;7;1;1;85;0;1598;1360;3.9
3343;26100;7000;7;1;1;110;0;1498;1315;4.9
3344;26000;59700;6;3;1;110;0;1968;1395;4.5
3345;26000;90000;6;2;1;110;0;1968;1395;4.5
3346;25890;16000;7;2;1;110;0;1968;1415;4.4
3347;26000;55000;7;2;1;81;0;1395;1355;3.3
3348;26000;51000;7;2;1;110;0;1968;1415;4.4
3349;25500;7790;6;3;1;110;0;1968;1360;4.4
3350;25500;51000;6;3;1;135;0;1968;1500;4.8
3351;25400;17000;7;2;1;81;0;1598;1360;3.8
3352;25000;78000;6;2;1;110;0;1968;1400;4.4
3353;25000;2800;7;1;1;85;0;1598;1360;3.9
3354;25000;50000;6;3;1;162;0;1798;1470;6.6
3355;25000;47000;7;2;1;85;0;1598;1360;3.9
3356;24950;32000;7;2;1;85;0;1598;1360;3.9
3357;24950;57000;6;3;1;150;0;1400;1280;4.1
3358;24000;22500;7;3;1;110;0;1395;1325;4.7
3359;23900;8250;7;0;1;85;0;999;1275;5.1
3360;23900;44400;7;2;1;81;0;1598;1360;3.8
3361;24500;36893;7;2;1;110;0;1968;1415;4.4
3362;24000;30000;7;2;1;81;0;1598;1360;3.8
3363;24000;47000;7;2;1;85;0;1598;1360;3.9
3364;23900;28000;6;3;1;110;0;1968;1395;4.5
3365;23900;25000;7;3;1;81;0;1598;1365;3.9
3366;22500;65700;7;2;1;85;0;1598;1360;3.9
3367;23900;133000;7;3;1;135;0;1968;1525;4.9
3368;23700;10000;7;1;1;110;0;1968;1415;4.4
3369;22500;10;7;1;1;85;0;999;1275;5.1
3370;23500;44000;7;2;1;81;0;1598;1360;3.8
3371;22500;19000;7;2;1;85;0;1598;1360;3.9
3372;22500;46000;7;2;1;81;0;1598;1360;3.8
3373;22500;36000;7;2;1;85;0;1598;1360;3.9
3374;22500;89000;7;3;1;81;0;1395;1355;3.4
3375;22300;16800;7;2;1;85;0;1598;1360;3.9
3376;22400;15000;7;1;1;110;0;1968;1415;4.4
3377;22000;29000;7;2;1;81;0;1598;1360;3.8
3378;22250;29300;7;2;1;85;0;999;1360;4
3379;22100;51500;7;3;1;81;0;1395;1355;3.3
3380;22400;28000;7;1;1;85;0;1598;1360;3.9
3381;22000;92000;7;2;1;81;0;1395;1355;3.3
3382;22000;58000;7;2;1;85;0;1598;1360;3.9
3383;22000;60000;6;3;1;110;0;1968;1395;4.5
3384;22000;10000;7;1;1;85;0;1598;1360;3.9
3385;22000;63000;6;3;1;110;0;1968;1370;4.5
3386;23500;78500;7;3;1;81;0;1395;1355;3.4
3387;22000;96000;7;2;1;81;0;1395;1355;3.3
3388;22000;60000;7;3;1;81;0;1598;1355;3.8
3389;22000;78000;6;3;1;110;0;1968;1395;4.5
3390;23490;19000;7;2;1;85;0;1598;1370;4
3391;23500;30000;6;3;1;110;0;1968;1400;4.5
3392;23400;59000;7;2;1;81;0;1395;1355;3.3
3393;23200;20000;7;1;1;85;0;1598;1360;3.9
3394;23000;44000;7;2;1;81;0;1598;1360;3.8
3395;23000;15000;7;1;1;85;0;1598;1370;4
3396;23000;55000;6;2;1;110;0;1968;1395;4.5
3397;23000;98000;6;3;1;110;0;1968;1395;4.5
3398;23000;98000;6;3;1;110;0;1968;1395;4.5
3399;22950;55000;6;3;1;110;0;1968;1395;4.5
3400;22900;4300;7;2;1;85;0;1598;1360;3.9
3401;22900;15000;7;1;1;85;0;1598;1360;3.9
3402;22900;15000;7;1;1;85;0;1598;1360;3.9
3403;22900;17588;7;1;1;85;0;1598;1360;3.9
3404;22900;13762;7;1;1;85;0;1598;1360;3.9
3405;22900;27000;7;1;1;85;0;1598;1360;3.9
3406;22800;61200;6;3;1;110;0;1968;1400;4.5
3407;20000;90000;7;3;1;81;0;1598;1360;3.8
3408;20000;81000;7;2;1;81;0;1598;1360;3.8
3409;20000;40000;7;2;1;85;0;1598;1360;3.9
3410;20000;27000;7;2;1;81;0;1598;1355;3.8
3411;19980;27100;7;2;1;81;0;1598;1360;3.8
3412;20000;96000;7;2;1;81;0;1395;1355;3.3
3413;20000;54500;7;3;1;81;0;1598;1355;3.8
3414;19500;112000;6;3;1;110;0;1968;1395;4.5
3415;19800;60888;7;2;1;85;0;1598;1360;3.9
3416;19500;44000;7;3;1;81;0;1598;1330;3.8
3417;19900;82000;6;3;1;110;0;1968;1395;4.5
3418;19500;51000;7;3;1;81;0;1598;1360;3.8
3419;19300;59400;7;3;1;81;0;1598;1355;3.8
3420;19370;23862;7;2;1;85;0;1598;1360;3.9
3421;19200;57000;7;3;1;81;0;1598;1355;3.8
3422;19000;69000;7;3;1;81;0;1598;1360;3.8
3423;19000;40000;7;2;1;81;0;1598;1360;3.8
3424;21950;98857;7;3;1;110;0;1395;1225;4.5
3425;21500;73000;7;2;1;85;0;1598;1360;3.9
3426;21500;25600;7;1;1;85;0;1598;1360;3.9
3427;21500;67000;7;3;1;81;0;1598;1330;3.8
3428;21500;127000;6;3;1;135;0;1968;1500;4.8
3429;21500;48000;7;2;1;81;0;1598;1365;3.9
3430;21500;55000;6;3;1;110;0;1968;1370;4.5
3431;21500;20;7;1;1;85;0;1598;1360;3.9
3432;21499;41603;7;2;1;81;0;1598;1360;3.8
3433;21400;63000;6;3;1;110;0;1968;1370;4.5
3434;21000;94000;7;3;1;81;0;1395;1355;3.4
3435;20999;85000;7;2;1;110;0;1968;1415;4.4
3436;20900;50900;7;2;1;81;0;1598;1360;3.8
3437;20900;39000;7;1;1;85;0;1598;1360;3.9
3438;20500;54000;7;3;1;81;0;1598;1360;3.8
3439;20400;31000;7;2;1;85;0;1598;1360;3.9
3440;20500;73000;7;3;1;81;0;1395;1355;3.3
3441;20009;45000;7;2;1;85;0;1598;1360;3.9
3442;19000;45000;7;2;1;85;0;1598;1360;3.9
3443;19000;58000;7;3;1;81;0;1598;1355;3.8
3444;18900;119900;7;3;1;81;0;1395;1355;3.4
3445;20200;62900;7;2;1;110;0;1968;1415;4.4
3446;18900;85480;7;2;1;85;0;1598;1360;3.9
3447;18500;100000;7;3;1;81;0;1598;1355;3.8
3448;18490;149000;6;3;1;110;0;1968;1395;4.5
3449;18500;54000;7;2;1;81;0;1598;1360;3.8
3450;18500;62000;7;3;2;81;0;1598;1360;3.8
3451;18500;61200;7;3;2;81;0;1598;1360;3.8
3452;18500;49045;7;2;1;81;0;1598;1365;3.9
3453;18500;70000;7;3;1;81;0;1598;1355;3.8
3454;18300;50000;7;3;1;81;0;1598;1355;3.8
3455;18200;54000;7;3;1;81;0;1598;1355;3.8
3456;18000;49000;7;3;1;81;0;1598;1355;3.8
3457;18000;60000;7;3;1;81;0;1598;1355;3.8
3458;17800;114230;7;3;1;81;0;1395;1355;3.4
3459;18000;75000;7;3;1;81;0;1598;1355;3.8
3460;17899;121000;7;2;1;81;0;1598;1365;3.9
3461;17890;39000;7;3;1;81;0;1598;1355;3.8
3462;17590;122000;7;2;1;85;0;1598;1360;3.9
3463;17500;55000;7;3;1;81;0;1598;1360;3.8
3464;17500;80000;7;3;1;81;0;1598;1360;3.8
3465;17490;62000;7;3;1;81;0;1598;1360;3.8
3466;17000;59000;6;3;1;110;0;1968;1400;4.5
3467;16800;83500;7;3;1;81;0;1598;1355;3.8
3468;16800;98500;7;3;1;81;0;1598;1355;3.8
3469;16700;95000;7;3;1;81;0;1598;1360;3.8
3470;16500;125000;6;3;1;110;0;1968;1400;4.5
3471;16500;56000;7;3;1;81;0;1598;1355;3.8
3472;16350;84000;7;3;1;81;0;1598;1360;3.8
3473;16200;96000;7;3;1;81;0;1598;1360;3.8
3474;16000;98000;6;3;1;110;0;1968;1400;4.5
3475;15900;165000;7;3;1;81;0;1598;1365;3.9
3476;15890;169000;7;3;1;81;0;1598;1360;3.8
3477;15500;161000;7;3;1;81;0;1395;1355;3.4
3478;15500;150000;6;3;1;110;0;1968;1395;4.5
3479;15450;157000;7;3;1;81;0;1598;1360;3.8
3480;14800;150000;7;3;1;81;0;1598;1360;4
3481;14000;152000;7;3;1;81;0;1598;1355;3.8
3482;15790;87000;6;2;1;81;0;1598;1365;4.2
3483;15790;96400;6;3;1;110;1;1968;1360;3.8
3484;15800;94000;6;3;1;81;0;1598;1360;3.6
3485;15799;70000;6;3;1;81;0;1598;1335;3.8
3486;15780;53500;6;3;1;81;1;1197;1255;4.9
3487;15780;80617;6;3;1;81;0;1598;1410;3.8
3488;15750;84386;6;3;1;81;0;1598;1335;3.8
3489;15750;87330;6;3;1;81;1;1598;1360;4
3490;15700;101000;6;3;1;81;0;1598;1345;3.7
3491;15750;142036;6;3;1;110;0;1968;1365;4.5
3492;15700;89991;6;2;1;81;0;1598;1360;4.1
3493;15700;83000;6;3;1;81;0;1598;1315;4
3494;15700;61100;6;3;1;81;1;1598;1365;4
3495;15700;57809;6;3;1;81;0;1598;1360;3.8
3496;15700;89138;6;3;1;81;0;1598;1335;3.8
3497;15699;108000;6;2;1;85;0;1598;1360;4.1
3498;15680;116593;6;3;1;135;0;1968;1360;4
3499;15930;92816;6;2;1;85;1;1598;1335;4
3500;15930;111900;6;3;1;110;1;1968;1360;4
3501;15930;81295;6;3;1;81;1;1598;1360;4
3502;15990;50000;6;3;1;81;0;1598;1360;3.8
3503;15990;89812;6;3;1;81;0;1598;1315;3.3
3504;15990;42152;6;2;1;81;0;1598;1890;4
3505;15930;111900;6;3;1;110;1;1968;1365;4
3506;15900;98000;6;3;1;81;0;1598;1335;3.8
3507;15900;142800;6;3;1;110;0;1968;1360;4.1
3508;15900;100000;6;3;1;81;0;1598;1335;3.8
3509;15900;97000;6;3;1;81;0;1395;1335;3.4
3510;15900;32472;6;3;1;81;0;1598;1365;3.8
3511;15900;55927;6;3;1;81;0;1598;1820;3.8
3512;15900;79575;6;3;1;81;0;1598;1335;3.8
3513;15900;108500;6;3;1;81;0;1598;1800;4
3514;15900;42000;6;3;1;81;0;1598;1335;3.8
3515;15900;47000;6;3;1;81;0;1598;1315;4
3516;15900;129800;6;3;1;110;0;1968;1385;4
3517;15900;61446;6;3;1;110;0;1968;1840;4.1
3518;15900;50000;6;2;1;85;1;999;1255;4.8
3519;15900;118982;6;3;1;81;0;1598;1235;3.8
3520;15990;79990;6;3;1;81;0;1598;1360;4
3521;15990;79990;6;3;1;81;0;1598;1360;4
3522;15990;42378;6;3;1;81;0;1197;1180;4.9
3523;15990;53000;6;3;1;81;0;1598;1260;3.9
3524;15990;59843;6;3;1;81;1;1598;1360;3.8
3525;15990;110000;6;3;1;81;0;1598;1280;4.1
3526;15990;49493;6;3;1;82;0;1598;1280;4.1
3527;16000;123226;6;3;1;81;0;1598;1335;3.6
3528;16000;55000;6;3;1;81;0;1598;1350;4
3529;16000;61000;6;3;1;81;1;1598;1345;3.9
3530;16000;5410;6;2;1;85;0;999;1255;4.6
3531;15900;108000;6;3;1;92;0;1395;1280;5
3532;16000;123226;6;3;1;81;0;1598;1335;3.6
3533;16000;89000;6;3;1;81;0;1598;1335;3.8
3534;16000;65000;6;3;1;81;0;1598;1455;4.7
3535;15999;76662;6;3;1;81;0;1598;1335;4
3536;16000;61418;6;3;1;81;0;1197;1255;4.9
3537;16000;94000;6;3;1;81;0;1598;1385;3.8
3538;15999;40354;6;3;1;81;1;1197;1360;4.9
3539;15999;101000;6;3;1;81;0;1598;1350;3.8
3540;15999;79307;6;3;1;81;0;1598;1335;3.8
3541;15999;31000;6;3;1;81;0;1598;1280;3.4
3542;15995;90069;6;3;1;92;0;1395;1280;5.3
3543;15980;67839;6;3;2;81;0;1598;1360;3.7
3544;15999;105259;6;3;1;81;0;1598;1335;3.8
3545;15990;47786;6;3;2;81;0;1598;1365;3.9
3546;15980;110712;6;2;1;81;0;1598;1360;3.8
3547;15900;89346;6;3;1;81;0;1598;1360;4
3548;15980;146839;6;3;1;81;1;1598;1350;4.2
3549;15890;53994;6;3;1;81;0;1598;1360;3.8
3550;15890;50800;6;3;1;81;0;1598;1335;3.8
3551;15899;64500;6;3;0;81;0;1598;1335;3.8
3552;15890;122300;6;3;1;81;1;1598;1360;4.2
3553;15890;53411;6;3;1;81;0;1598;1360;3.8
3554;15890;87000;6;3;1;81;0;1598;1385;3.8
3555;15890;46928;6;3;1;81;0;1598;1360;3.8
3556;15890;32185;6;3;2;81;0;1197;1360;5
3557;15880;54200;6;3;1;81;1;1598;1260;4
3558;15880;26280;6;3;1;81;0;1197;1360;4.9
3559;15870;124511;6;3;1;110;1;1968;1360;4.1
3560;15850;43424;6;3;1;81;1;1197;1365;4.9
3561;15850;31992;6;3;1;81;1;1197;1360;5.1
3562;15850;30057;6;3;1;81;1;1197;1360;5
3563;15850;127892;6;2;1;85;0;1598;1335;4
3564;15850;39722;6;3;2;81;1;1197;1360;4.9
3565;15850;77320;6;3;1;81;0;1598;1280;3.4
3566;15990;116000;6;3;1;81;0;1598;1355;3.7
3567;15990;71760;6;2;1;81;0;1598;1820;3.9
3568;15980;105227;6;3;1;81;0;1598;1360;4.1
3569;15980;61000;6;3;1;81;0;1598;1322;3.95
3570;15980;73500;6;3;1;81;0;1598;1322;3.95
3571;15850;97586;6;2;1;85;0;1598;1365;4.5
3572;15975;79300;6;2;1;110;1;1968;1360;4.4
3573;15970;33051;6;3;1;81;1;1598;1260;3.8
3574;15950;112000;6;3;1;135;0;1968;1395;4.2
3575;15950;112000;6;3;1;135;0;1968;1395;4.2
3576;15950;20000;6;3;2;81;1;1598;1365;3.8
3577;15950;68100;6;3;2;81;0;1598;1360;3.8
3578;15950;78968;6;3;2;82;0;1598;1180;3.4
3579;15950;117000;6;2;1;85;0;1598;1335;4
3580;15950;112000;6;3;2;135;0;1968;1880;4.2
3581;15950;112000;6;3;2;135;0;1968;1395;4.2
3582;15950;116557;6;3;1;81;1;1598;1360;3.8
3583;15950;94427;6;3;1;81;0;1598;1360;4
3584;15950;89234;6;3;1;81;1;1598;1360;3.8
3585;30500;1;7;1;1;85;0;1598;1360;3.9
3586;34000;35000;7;2;2;110;0;1968;1415;4.4
3587;32000;9000;7;1;1;110;0;1968;1415;4.4
3588;64900;35000;7;1;1;294;0;2480;1585;8.3
3589;28390;41500;7;2;1;110;0;1968;1415;4.4
3590;39959;7;7;1;1;85;0;999;1155;4.5
3591;62900;700;7;0;1;294;0;2480;1585;8.3
3592;39575;7;7;0;1;85;0;999;1155;4.5
3593;56900;5200;7;1;1;294;0;2480;1585;8.3
3594;58500;10000;7;1;1;294;0;2480;1585;8.3
3595;58990;7500;7;1;1;228;0;1984;1360;6.5
3596;63900;10;7;0;1;294;0;2480;1585;8.3
3597;57400;63000;7;1;1;294;0;2480;1585;8.3
3598;56100;8364;7;1;1;228;0;1984;1635;7.1
3599;55000;24000;7;2;1;294;0;2480;1585;8.3
3600;55000;30000;7;1;1;294;0;2480;1590;8.3
3601;53000;4000;7;1;1;294;0;2480;1590;8.3
3602;51900;19000;7;2;1;294;0;2480;1585;8.3
3603;51900;49000;7;1;1;294;0;2480;1585;8.3
3604;52000;13963;7;1;1;294;0;2480;1585;8.3
3605;50000;25000;7;1;1;294;0;2480;1585;8.3
3606;51999;33000;7;2;1;294;0;2480;1585;8.3
3607;49900;17234;7;1;1;294;0;2480;1585;8.3
3608;41495;750;7;0;1;110;0;1499;1155;4.5
3609;42500;37333;7;3;1;270;0;2480;1595;8.1
3610;41000;30000;7;3;1;270;0;2480;1595;8.1
3611;45890;18700;7;1;1;294;0;2480;1585;8.3
3612;38495;7;7;0;1;110;0;1499;1155;4.5
3613;38450;13800;6;1;1;110;0;1395;1615;4
3614;38725;7;7;0;1;85;0;999;1155;4.5
3615;38000;38000;7;1;1;135;0;1968;1525;4.9
3616;35899;20880;6;1;1;110;0;1395;1615;4
3617;36840;7;7;0;1;85;0;999;1155;4.5
3618;38000;12000;6;1;1;110;0;1395;1615;4
3619;35500;32800;7;2;1;135;0;1968;1525;4.9
3620;37998;7;7;0;1;85;0;999;1155;4.5
3621;35495;7;7;0;1;85;0;999;1155;4.5
3622;35495;7;7;0;1;85;0;999;1155;4.5
3623;35000;45000;6;2;2;110;0;1968;1395;4.5
3624;35000;23900;6;3;1;135;0;1968;1500;4.8
3625;35000;35000;6;1;1;110;0;1968;1395;4.5
3626;34738;1647.362609;7;0;0;96;0;1498;1385;5.4
3627;34000;29000;6;1;1;110;0;1968;1395;4.5
3628;34500;25000;7;1;1;110;0;1968;1415;4.4
3629;30000;59;6;2;2;110;0;1968;1360;4.6
3630;30000;18000;7;1;1;110;0;1968;1415;4.4
3631;30000;40000;6;2;2;110;0;1968;1395;4.5
3632;30000;1;7;0;1;96;0;1498;1385;3.5
3633;29980;34000;7;2;1;110;0;1968;1415;4.4
3634;29990;1;7;0;1;110;0;1968;1415;4.5
3635;29950;4895;7;1;1;110;0;1495;1240;4.8
3636;29900;65;7;0;1;85;0;1598;1360;3.9
3637;29900;70000;7;2;1;135;0;1968;1525;4.9
3638;29500;26000;7;2;1;110;0;1968;1575;4.5
3639;29500;95000;6;2;1;135;0;1968;1500;4.8
3640;29500;1647.362609;7;0;1;85;0;1598;1360;3.9
3641;28990;1;7;0;0;85;0;1598;1370;3.9
3642;28900;5000;7;1;1;85;0;1598;1360;3.9
3643;28900;14000;7;3;1;81;0;1598;1360;3.8
3644;28500;61000;6;3;1;110;0;1968;1395;4.5
3645;28500;1647.362609;7;0;0;85;0;999;1360;5.1
3646;28490;1;7;0;1;85;0;1598;1360;3.9
3647;34000;35000;7;2;1;110;0;1968;1415;4.4
3648;28490;19000;7;1;1;85;0;1598;1205;4.6
3649;74600;13000;7;1;1;294;0;2480;1490;8.3
3650;67600;37747;7;2;1;294;0;2480;1485;8.3
3651;33000;20;7;1;1;110;0;1498;1315;4.9
3652;33800;60;7;0;0;96;0;1498;1385;3.5
3653;32900;22500;6;2;1;135;0;1968;1500;4.8
3654;32500;20200;7;2;1;135;0;1968;1525;4.9
3655;33250;25000;7;1;1;110;0;1395;1240;4.9
3656;32200;50;7;0;0;85;0;1598;1360;3.9
3657;32950;8831;7;2;1;110;0;1395;1355;4.9
3658;31950;18300;7;2;1;110;0;1395;1215;5
3659;31900;10;7;0;1;85;0;1598;1360;3.9
3660;31900;1;7;1;1;85;0;1598;1360;3.9
3661;31900;1;7;0;1;85;0;1598;1360;3.9
3662;30900;468;6;2;1;110;0;1968;1355;4.7
3663;30900;11000;7;1;1;110;0;1968;1415;4.4
3664;30500;1;7;1;1;85;0;1598;1360;3.9
3665;30900;13861;7;1;1;110;0;1968;1415;4.4
3666;19890;31290;7;2;1;110;0;1498;1280;4.7
3667;19890;32900;7;2;1;85;1;1598;1355;4
3668;18900;42602;7;2;1;85;0;1598;1360;3.9
3669;19890;39800;7;2;1;81;0;1598;1360;3.8
3670;18800;97580;7;2;1;110;0;1968;1360;4.7
3671;18800;40100;7;2;1;85;0;1598;1285;3.9
3672;19900;40100;7;2;1;85;0;1598;1285;3.9
3673;19900;40100;7;2;1;85;0;1598;1285;3.9
3674;20900;16452;7;2;1;85;0;1598;1845;4
3675;20990;59500;7;2;1;81;0;1598;1330;3.9
3676;21400;27600;7;1;1;85;0;1598;1360;3.9
3677;21500;31700;7;2;1;85;0;1598;1840;4
3678;21579;17456;7;2;1;85;0;999;1360;5.1
3679;21550;20710;7;1;1;85;0;1598;1845;4
3680;21600;22247;7;2;2;85;0;1598;1370;4
3681;21600;27324;6;2;2;110;0;1968;1395;4.5
3682;21890;26613;7;2;1;110;0;1395;1300;4.6
3683;21490;59500;7;2;1;110;1;1395;1280;4.7
3684;21900;15455;7;1;2;85;0;1598;1360;3.9
3685;21900;38000;7;2;1;81;0;1598;1285;3.8
3686;22300;10912;7;1;2;85;0;1598;1285;4
3687;21990;9500;7;1;1;85;0;1598;1370;4
3688;22290;16145;7;1;1;85;0;1598;1285;3.9
3689;21990;20090;7;2;1;85;0;1598;1360;3.9
3690;21900;17729;7;1;1;85;0;1598;1285;3.9
3691;22300;11436;7;1;1;85;0;1598;1285;4
3692;21900;22832;7;1;1;85;0;1598;1360;3.9
3693;21900;23000;7;2;2;85;0;1598;1285;3.9
3694;21900;15428;7;1;1;85;0;1598;1360;4
3695;21900;22902;7;1;1;85;0;1598;1845;4
3696;21900;23633;7;1;1;85;0;1598;1360;4
3697;21900;25656;7;1;1;85;0;1598;1360;4
3698;21900;24529;7;1;1;85;0;1598;1360;3.9
3699;21900;24585;7;1;1;85;0;1598;1360;3.9
3700;21900;4800;7;1;1;85;0;999;1275;5.1
3701;21900;18100;7;1;1;85;0;1598;1360;3.9
3702;21900;5000;7;2;1;110;0;1498;1360;5
3703;21900;32483;7;1;1;85;0;1598;1360;3.9
3704;21900;17000;7;1;1;85;0;1598;1360;3.9
3705;21900;39000;7;2;1;85;1;999;1360;4.7
3706;21900;1;7;0;1;85;0;999;1360;5.1
3707;21900;17985;7;1;1;85;0;1598;1360;3.9
3708;21900;12103;7;1;1;85;0;1598;1360;4
3709;21900;19000;7;1;1;85;0;1598;1360;3.9
3710;22290;1;7;0;1;110;0;1498;1345;5
3711;22290;16145;7;1;1;85;0;1598;1285;3.9
3712;22290;16145;7;1;1;85;0;1598;1285;3.9
3713;22280;90480;7;2;1;81;0;1598;1360;4
3714;22250;45846;7;1;1;85;0;1598;1360;4.1
3715;22222;24000;7;2;1;85;0;999;1360;4.7
3716;22200;16530;7;1;1;85;0;1598;1285;3.9
3717;22200;21000;7;1;1;85;0;1598;1360;3.9
3718;22150;23994;7;2;1;81;0;1598;1845;3.8
3719;22150;24145;7;1;1;85;0;1598;1845;4
3720;22000;26978;7;2;1;81;0;1598;1360;3.8
3721;22000;39000;7;2;1;85;0;1598;1370;4
3722;22000;21930;7;1;1;85;0;1598;1285;3.9
3723;22000;21930;7;1;1;85;0;1598;1285;3.9
3724;22000;56000;7;2;1;81;0;1395;1355;3.3
3725;22000;9000;7;1;1;135;0;1968;1685;5.1
3726;21990;78379;7;2;1;87;0;1598;1280;4.1
3727;21980;22750;7;2;2;85;1;999;1360;4.6
3728;21890;16614;7;1;1;85;0;1598;1840;4
3729;21980;15768;7;1;1;85;0;1598;1365;4.1
3730;21950;23568;7;1;1;85;0;1598;1285;4
3731;21950;10900;7;1;1;85;0;999;1275;4.7
3732;21950;52000;7;2;1;110;0;1395;1315;4.8
3733;21950;35175;7;2;1;110;0;1968;1395;4.4
3734;21950;19852;7;2;1;85;0;1598;1360;3.9
3735;21950;16591;7;1;1;85;0;1598;1845;4
3736;21950;9802;7;1;1;110;0;1968;1395;4.4
3737;21900;35970;7;1;1;85;0;1598;1845;3.9
3738;21900;13600;7;1;1;85;0;1598;1255;3.9
3739;21900;70000;7;2;1;85;0;1598;1360;3.9
3740;21900;55100;7;2;1;81;0;1598;1360;3.8
3741;21900;21111;7;1;1;85;0;1598;1360;3.9
3742;21900;29925;7;2;1;85;0;1598;1330;3.9
3743;21900;19503;7;1;1;85;0;1598;1840;4
3744;21999;13535;7;1;1;85;0;1598;1360;3.9
3745;21999;21000;7;2;2;85;1;999;1275;4.5
3746;22000;29000;7;1;1;85;0;1598;1360;3.9
3747;21999;32500;7;1;1;110;0;1968;1415;4.4
3748;21999;17769;7;1;1;85;0;1598;1360;3.9
3749;21999;28838;7;1;1;85;0;1598;1360;4
3750;21999;17831;7;1;1;85;0;1598;1360;4
3751;21999;16000;7;2;1;110;0;1395;1360;5
3752;21996;43036;7;2;1;87;0;1598;1280;4.1
3753;21999;11257;7;1;1;85;0;1598;1360;4
3754;21990;1647.362609;7;0;1;85;0;999;1365;4.5
3755;21999;11257;7;1;1;85;0;1598;1360;4
3756;21990;7100;7;2;1;85;0;999;1365;4.8
3757;21990;9622;7;2;1;85;1;1598;1360;4.1
3758;21990;36306;7;2;1;137;1;1984;1360;4
3759;21990;32800;7;1;1;85;1;1598;1360;3.9
3760;21990;32000;7;2;1;85;0;1598;1360;3.9
3761;21990;26500;7;1;1;85;0;1598;1360;4
3762;21990;18035.13007;7;1;1;85;0;1598;1845;3.9
3763;21990;26382;7;2;1;110;1;1395;1315;5
3764;21900;27000;7;2;1;85;0;999;1275;4.7
3765;21900;79401;7;2;1;81;0;1598;1260;3.8
3766;21900;27500;7;2;1;81;0;1598;1360;3.8
3767;21900;18950;7;2;1;85;0;1598;1360;3.9
3768;21900;39200;7;2;1;81;0;1598;1355;3.8
3769;21900;1;7;0;1;85;0;999;1360;5.1
3770;21900;18190;7;1;1;85;0;1598;1285;4
3771;21900;24845;7;1;1;85;0;1598;1360;3.9
3772;21900;19904;7;1;1;85;0;1598;1360;3.9
3773;21900;21114;7;1;1;85;0;1598;1360;3.9
3774;21900;28595;7;1;1;85;0;1598;1360;3.9
3775;21900;15000;7;1;1;85;0;1598;1255;3.9
3776;21900;22500;7;2;2;85;0;999;1365;4.8
3777;21900;26151;7;1;1;85;0;1598;1360;3.9
3778;21900;24709;7;2;1;85;0;1598;1360;3.9
3779;21900;33750;7;2;2;81;1;1598;1360;3.9
3780;21900;32483;7;1;1;85;0;1598;1360;3.9
3781;21990;26382;7;2;1;110;1;1395;1315;5
3782;21900;31032;7;1;1;85;0;1598;1285;3.9
3783;21900;20964;7;1;1;85;0;1598;1360;3.9
3784;21500;48320;7;1;1;85;0;1598;1360;3.9
3785;21500;26140;7;1;1;85;0;1598;1360;3.9
3786;21500;24215;7;1;1;85;0;1598;1360;3.9
3787;21500;36063;7;2;1;85;0;1598;1360;3.9
3788;21500;19909;7;2;1;81;0;1598;1845;3.8
3789;21500;21517;7;2;1;81;0;1598;1845;3.8
3790;21500;37136;7;2;1;81;0;1598;1360;3.8
3791;21500;17200;7;1;1;85;0;1598;1360;3.9
3792;21499;19980;7;1;1;85;0;1598;1325;4
3793;21499;28724;7;2;1;85;0;1598;1360;3.9
3794;21499;14400;7;2;1;81;0;1598;1360;3.9
3795;21499;14438;7;1;1;85;0;1598;1360;3.9
3796;21490;58900;7;1;1;110;0;1968;1340;4.4
3797;21490;39000;7;2;1;85;0;1598;1360;3.9
3798;21490;1;7;0;1;85;0;999;1335;5.5
3799;21490;58400;7;1;1;85;1;1598;1360;3.9
3800;21490;23204;7;1;1;85;0;1598;1285;3.9
3801;21490;20810;7;1;1;85;0;1598;1290;4
3802;21490;21455;7;1;1;85;0;1598;1285;4
3803;21890;30497;7;1;1;110;0;1968;1360;4.6
3804;21890;39600;6;2;1;110;1;1968;1395;4.7
3805;21888;29360;7;2;1;85;0;1598;1360;3.9
3806;21880;12250;7;2;1;110;1;1395;1360;4.3
3807;21800;29000;7;2;1;81;0;1598;1360;3.8
3808;21850;4500;7;2;1;85;1;999;1365;4.8
3809;21850;19271;7;1;1;85;0;1598;1360;3.9
3810;21880;16405;7;2;2;85;1;1598;1360;4
3811;21800;40500;7;2;1;110;0;1968;1415;4.4
3812;21790;39246;7;2;1;110;0;1395;1245;5
3813;21780;1647.362609;7;0;1;85;0;999;1360;5.3
3814;21790;20455;7;2;1;85;0;999;1288;4.7
3815;21790;36184;7;2;1;110;0;1395;1245;5
3816;21750;17300;7;1;1;85;0;999;1275;4.7
3817;21790;39246;7;2;1;110;0;1395;1245;5
3818;21790;36184;7;2;1;110;0;1395;1245;5
3819;21700;16171;7;1;1;85;0;1598;1840;4
3820;21690;56000;7;2;1;81;0;1598;1360;4
3821;21550;11679;7;1;1;81;0;1598;1285;3.8
3822;21550;16630;7;1;1;85;0;1598;1285;3.8
3823;21500;24000;7;1;1;85;0;1598;1360;3.9
3824;21500;28114;7;1;1;85;0;1598;1845;4
3825;21500;28916;7;1;1;85;0;1598;1845;4
3826;21500;28201;7;1;1;85;0;1598;1845;4
3827;21500;28150;7;1;1;85;0;1598;1285;4
3828;21500;22599;7;2;1;81;0;1598;1845;3.8
3829;21500;25000;7;1;1;85;0;1598;1285;4
3830;21500;35000;7;2;1;85;0;1598;1360;3.9
3831;21500;64400;7;2;1;85;0;1598;1285;4
3832;21500;16300;7;2;1;85;0;999;1280;4.6
3833;21500;28000;7;2;1;85;0;1598;1360;3.9
3834;21500;28050;7;1;1;85;0;1598;1285;4
3835;21500;23000;7;2;2;81;0;1598;1360;3.8
3836;21490;19614;7;1;1;85;0;1598;1290;4
3837;21480;16300;7;2;2;110;1;1395;1360;4.8
3838;21450;3277;7;2;1;85;1;1598;1360;4.1
3839;21450;22875;7;2;1;85;1;1598;1360;4.1
3840;21600;10638;7;1;1;85;0;1598;1840;4
3841;21480;22480;7;1;1;85;1;1598;1360;4
3842;21450;21241;7;2;1;85;1;1598;1360;4.1
3843;21450;22306;7;2;1;85;1;1598;1360;4.1
3844;21450;21580;7;2;1;85;1;1598;1360;4.1
3845;21450;22448;7;2;1;85;1;1598;1360;4.1
3846;21450;26278;7;2;1;85;1;1598;1360;4.1
3847;21450;25778;7;2;1;85;1;1598;1360;4.1
3848;21450;24356;7;2;1;85;1;1598;1360;4.1
3849;21450;7359;7;2;1;85;1;1598;1360;4.1
3850;21450;14693;7;2;1;110;1;1395;1280;4.7
3851;21400;22104;7;1;1;81;0;1598;1285;3
3852;21450;79500;7;2;1;110;1;1395;1310;4.8
3853;21400;26168;7;1;1;85;0;1598;1335;4
3854;21400;28100;7;1;1;85;0;1598;1360;3.9
3855;20750;17200;7;1;1;85;0;999;1275;4.7
3856;21400;26168;7;1;1;85;0;1598;1335;4
3857;20750;25619;7;1;1;85;0;1598;1285;3.8
3858;20750;14000;7;2;1;81;0;1598;1325;4
3859;20750;7800;7;2;1;85;0;999;1360;4.7
3860;20750;22850;7;1;1;85;0;1598;1285;3.8
3861;20750;24189;7;1;1;81;0;1598;1285;3.8
3862;20750;64217;7;2;1;110;0;1968;1885;4.4
3863;20700;35572;7;1;1;85;0;1598;1285;3.9
3864;20690;9650;7;2;1;85;0;1598;1360;4.7
3865;20600;41610;7;2;1;81;0;1598;1360;3.8
3866;20590;26000;7;2;1;81;0;1598;1365;4.5
3867;20550;20416;7;2;1;81;0;1598;1845;3.8
3868;20500;19570;7;2;1;81;0;1598;1845;3.8
3869;20500;42136;7;2;1;85;0;1598;1360;3.9
3870;20500;22000;7;2;1;85;0;999;1360;4.7
3871;20500;26877;7;2;1;85;0;1598;1360;3.9
3872;20500;16820;7;1;1;85;0;1598;1845;3.9
3873;20500;52000;7;1;1;85;0;1598;1360;3.9
3874;20500;29000;7;2;1;81;0;1598;1285;3
3875;21300;14133;7;2;1;85;0;1598;1360;3.9
3876;21400;27600;7;1;1;85;0;1598;1360;3.9
3877;21400;28100;7;1;1;85;0;1598;1360;3.9
3878;21300;17800;7;1;1;85;0;1598;1360;3.9
3879;21300;22662;7;1;1;85;0;1598;1290;4
3880;21400;10500;7;2;2;85;0;999;1360;4.6
3881;21290;20000;7;1;1;85;0;999;1790;4
3882;21200;50200;7;2;1;85;0;1598;1360;3.9
3883;21000;39500;7;2;1;85;0;1598;1370;3.9
3884;20985;6021;7;2;1;85;1;999;1341;4.6
3885;20980;1647.362609;7;0;1;85;0;999;1365;5.2
3886;20950;22000;7;1;1;85;0;1598;1360;4
3887;21000;21289;7;2;1;85;0;1598;1360;4
3888;20990;39000;7;1;1;110;0;1498;1240;5
3889;20990;21000;6;2;1;81;1;1197;1180;5
3890;20950;38722;7;2;1;85;0;999;1275;4.8
3891;20950;26943;7;2;1;85;0;1598;1365;4
3892;20900;19500;7;2;1;81;0;1598;1360;4
3893;20900;54800;7;2;1;81;0;1598;1360;3.8
3894;20900;22941;7;2;1;81;0;1598;1845;3.8
3895;20900;28583;7;2;1;81;0;1598;1845;3.8
3896;20950;27589;7;2;1;85;0;1598;1360;3.9
3897;20900;25000;7;2;1;85;0;1598;1360;3.9
3898;20900;31000;7;2;1;81;0;1598;1845;3.8
3899;20900;8500;7;2;1;85;0;1598;1360;3.9
3900;20500;24215;7;1;1;85;0;1598;1360;3.9
3901;20900;42270;7;2;1;85;0;1598;1360;3.9
3902;20900;48500;7;2;1;110;1;1395;1365;5.1
3903;20500;28000;6;2;1;110;0;1968;1370;4.4
3904;20500;12500;7;2;2;110;0;1395;1395;4.8
3905;20500;26140;7;1;1;85;0;1598;1360;3.9
3906;20900;34500;7;2;2;85;0;1598;1360;3.9
3907;20490;42500;7;2;1;85;0;1598;1360;3.9
3908;20498;146357;6;2;1;135;0;1968;1505;4.8
3909;20500;42136;7;2;1;85;0;1598;1360;3.9
3910;20490;63000;7;2;1;81;0;1598;1365;3.7
3911;20480;35360;7;2;1;85;1;1598;1360;4.1
3912;20450;33000;7;2;1;81;0;1598;1360;4
3913;20495;86165;7;2;1;110;1;1968;1360;4.5
3914;20440;24000;7;2;1;85;0;1598;1360;4
3915;20300;16674;7;1;1;85;0;1598;1845;3.9
3916;20300;12409;7;1;1;85;0;1598;1840;4
3917;20300;14720;7;1;1;85;0;1598;1840;4
3918;20300;35000;7;1;0;85;0;1598;1260;4.1
3919;20400;82000;7;2;1;110;0;1968;1415;4.4
3920;20000;11472;7;2;2;85;0;999;1275;4.5
3921;20900;32000;7;2;2;81;0;1598;1360;3.8
3922;20400;13000;7;1;1;85;0;1598;1285;4
3923;20900;29000;7;2;2;85;0;999;1360;4.7
3924;20900;31616;7;2;1;85;0;999;1365;4.8
3925;20900;31616;7;2;1;85;0;999;1360;4.8
3926;20900;42270;7;2;1;85;0;1598;1360;3.9
3927;20900;34500;7;2;1;85;0;1598;1360;3.9
3928;20900;31679;7;1;1;85;0;1598;1360;3.9
3929;20900;31679;7;1;1;85;0;1598;1360;3.9
3930;20870;29800;7;1;1;110;0;1498;1325;5
3931;20850;40012;7;2;1;81;0;1598;1845;3.8
3932;20850;35000;7;2;1;85;0;1598;1360;3.9
3933;20810;23181;7;2;1;85;0;1598;1285;4
3934;20810;25847;7;2;1;85;0;1598;1285;4
3935;20810;24181;7;2;1;85;0;1598;1285;4
3936;20810;26587;7;2;1;85;0;1598;1285;4
3937;20810;25478;7;2;1;85;0;1598;1285;4
3938;20850;40000;7;2;1;85;0;1598;1360;3.9
3939;20800;11424;7;2;1;85;0;1598;1845;4
3940;20999;33009;7;2;1;85;0;1598;1360;4
3941;20999;30502;7;2;1;85;0;1598;1360;4
3942;21000;34000;7;2;1;85;0;1598;1360;3.9
3943;20999;24679;7;1;1;85;0;1598;1360;3.9
3944;20800;29241;7;2;1;85;0;999;1315;4.5
3945;21000;65500;6;2;1;110;0;1968;1380;4.3
3946;20999;8000;7;2;1;85;0;1598;1360;3.9
3947;20990;15040;7;2;1;85;0;1598;1840;4
3948;20990;9876;7;2;1;85;1;1598;1360;4.1
3949;20000;18016;7;2;1;85;0;1598;1845;4
3950;20800;28605;7;2;1;85;0;1598;1360;4
3951;20000;20145;7;2;1;85;0;1598;1845;4
3952;20990;22863;7;2;1;85;1;1598;1360;4.1
3953;20000;33100;7;2;1;85;0;1598;1845;4
3954;20990;16950;7;1;1;85;0;1598;1840;4
3955;20000;1;7;0;0;85;0;1598;1370;3.9
3956;19999;10003;7;1;1;85;0;1598;1360;4.2
3957;19999;24400;7;2;1;81;0;1598;1360;3.9
3958;19999;10265;7;1;1;85;0;1598;1360;4.2
3959;20000;1647.362609;7;0;0;85;0;1598;1360;3.9
3960;19999;30000;7;2;1;81;0;1598;1360;3.8
3961;19999;10003;7;1;1;85;0;1598;1360;4.2
3962;19999;10265;7;1;1;85;0;1598;1360;4.2
3963;19990;24900;6;2;1;85;0;1598;1260;4
3964;19990;14550;7;2;1;85;1;1598;1365;3.9
3965;19990;47967;7;2;1;81;0;1598;1285;3.8
3966;19990;47967;7;2;1;81;0;1598;1285;3.8
3967;19990;50811;6;2;1;81;0;1598;1310;4
3968;19990;22300;7;2;1;85;0;999;1315;4.5
3969;19990;45000;7;2;1;81;0;1598;1360;3.8
3970;19990;16139;7;1;1;85;1;999;1360;4.5
3971;19990;41500;7;2;1;81;0;1598;1285;3.8
3972;19980;17773;6;2;1;85;1;999;1225;4.8
3973;19980;64272;6;2;1;110;1;1968;1395;4.5
3974;19950;74574;7;2;1;81;1;1598;1360;3.9
3975;19950;59300;7;2;1;81;0;1598;1285;3.8
3976;19950;25000;7;2;2;85;0;999;1275;4.7
3977;19900;32000;6;1;0;81;0;1598;1365;4.5
3978;19900;10000;7;2;1;81;0;1598;1360;3.7
3979;19900;4500;7;1;0;85;0;1598;1845;4
3980;19900;9000;7;2;1;85;0;1598;1845;4
3981;19900;41900;7;2;1;85;0;1598;1285;3.9
3982;19900;41900;7;2;1;85;0;1598;1285;3.9
3983;19900;50000;7;1;0;85;0;1598;1360;3.9
3984;19900;39448;7;1;1;85;0;1598;1345;4
3985;19900;44100;7;2;1;85;0;1598;1285;3.9
3986;19900;44100;7;2;1;85;0;1598;1285;3.9
3987;19900;33000;7;1;1;85;0;1598;1360;4
3988;19800;9650;7;2;1;85;0;1598;1360;3.9
3989;19890;72382;7;1;1;85;0;1598;1360;4.1
3990;19899;33241;7;2;1;85;0;1598;1330;3.9
3991;19750;26478;7;2;1;81;0;1598;1285;3.8
3992;19800;48600;7;2;1;81;0;1598;1850;3.8
3993;19770;33394;7;2;1;85;0;1598;1360;4
3994;19800;39000;6;1;1;85;0;1598;1335;4
3995;19750;25476;7;2;1;81;0;1598;1285;3.8
3996;19700;15698;7;1;1;85;0;1598;1285;4
3997;19700;29810;7;1;1;110;0;1498;1325;5
3998;19750;38800;7;2;1;82;0;1598;1360;4
3999;19750;157544;7;2;1;110;1;1968;1360;4.5
4000;19600;37400;7;2;1;81;0;1598;1360;3.7
4001;19500;16171;7;1;1;85;0;1598;1840;4
4002;19500;60000;6;2;1;81;0;1598;1455;4.7
4003;19500;39500;7;1;1;85;0;1598;1285;4
4004;19490;49267;7;2;1;85;0;1598;1360;4
4005;19480;66000;7;2;1;81;0;1598;1360;3.8
4006;19450;40601;7;2;1;85;1;1598;1360;3.9
4007;19500;25800;7;2;1;85;0;999;1365;4.5
4008;19400;24000;7;2;1;81;0;1598;1360;3.8
4009;19400;36792;7;2;1;81;0;1598;1360;3.9
4010;19400;44100;7;2;1;85;0;1598;1285;3.9
4011;19400;30000;7;2;1;81;0;1598;1285;3.8
4012;19370;8601;7;2;1;85;0;999;1360;4.7
4013;19100;40700;7;2;1;85;0;999;1275;4.5
4014;19000;32373;6;2;1;110;0;1968;1880;4.7
4015;19400;26471;7;2;1;81;0;1598;1285;3.8
4016;19000;27049;6;2;1;110;0;1968;1880;4.7
4017;19000;15478;6;2;1;110;0;1968;1880;4.7
4018;19000;60000;7;2;1;85;0;1598;1360;3.9
4019;18999;59000;7;2;1;81;0;1598;1360;3.8
4020;19000;32000;7;2;1;81;0;1598;1335;4
4021;18999;59000;7;2;1;81;0;1598;1360;3.8
4022;18999;59000;7;2;1;81;0;1598;1360;3.8
4023;19000;24990;7;2;1;85;0;999;1250;4.6
4024;18990;62451;6;2;1;110;0;1968;1360;4.7
4025;18990;20000;7;2;1;81;0;1598;1360;3.8
4026;18990;25000;7;2;1;85;0;1598;1360;3.9
4027;18990;48000;7;2;1;81;0;1598;1365;3.6
4028;16700;53700;6;2;1;85;0;1598;1335;4
4029;16990;50068;6;2;1;110;0;1968;1365;4.4
4030;16750;53700;6;2;1;85;0;1598;1360;4.2
4031;17990;54013;6;2;1;81;1;1598;1360;4
4032;17990;82400;6;0;0;110;0;1598;1280;4.1
4033;17650;34400;6;2;1;81;1;1600;1360;4
4034;17990;79500;6;2;1;81;1;1598;1360;3.9
4035;17990;14897;6;2;1;85;1;999;1360;4.8
4036;18000;100519;6;2;1;81;0;1598;1310;4
4037;18980;27143;6;2;1;81;0;1598;1365;4
4038;18500;40000;6;2;1;81;0;1598;1335;4
4039;18500;49500;6;2;1;85;0;1598;1360;4
4040;18100;29584;6;2;1;85;0;999;1225;4.5
4041;18910;12910;6;2;1;85;1;999;1260;4.7
4042;18900;45100;6;2;1;81;0;1600;1360;5
4043;18997;42000;6;2;1;81;0;1598;1360;4
4044;19194;22395;6;2;2;85;0;999;1360;4.7
4045;19400;16000;6;2;1;85;0;999;1360;4.5
4046;19078;10;6;0;0;85;1;999;1265;5.1
4047;19090;25000;6;1;1;85;0;999;1760;4
4048;18900;51000;6;2;1;81;0;1598;1335;4
4049;19500;59000;6;2;1;81;0;1598;1335;4
4050;19690;30039;6;2;1;85;1;999;1360;4.4
4051;19700;24000;6;2;1;85;0;999;1360;4.6
4052;19400;26300;6;2;1;81;0;1598;1335;4
4053;19700;12890;6;1;1;85;0;1598;1815;4
4054;19700;40000;6;2;1;85;0;1598;1335;4
4055;19700;12785;6;1;1;85;0;1598;1815;4
4056;19690;14990;6;2;2;85;0;999;1360;4.6
4057;19600;19500;6;1;1;81;0;1598;1260;4
4058;19650;8000;6;1;1;85;0;999;1255;4.6
4059;19600;50000;6;2;2;85;0;1598;1335;4
4060;19600;24000;6;2;1;85;0;1598;1335;4
4061;19565;52087;6;2;1;110;0;1395;1365;4.5
4062;19590;40000;7;2;1;81;0;1598;1350;4
4063;19550;49818;6;2;1;110;0;1395;1365;4.5
4064;19508;5000;6;1;1;85;0;1598;1320;4
4065;19500;39000;6;2;1;81;0;1598;1890;4
4066;19500;39000;6;2;1;81;0;1598;1890;4
4067;19500;21000;6;1;1;85;0;1598;1260;4
4068;19500;13076;6;1;1;85;0;1598;1820;4.1
4069;19490;44400;6;2;1;81;0;1598;1332;4
4070;19500;62000;6;2;1;110;0;1968;1390;4.2
4071;19490;55123;6;2;1;81;0;1598;1350;4
4072;19490;27829;6;2;1;81;0;1598;1335;3.8
4073;19490;43166;6;2;1;85;1;1598;1360;4.1
4074;19490;44200;6;2;1;85;0;1598;1335;4
4075;19480;55400;6;2;1;81;0;1598;1350;4
4076;19480;50500;6;2;1;81;0;1598;1350;4
4077;19450;18000;6;2;2;85;0;999;1360;4.7
4078;19450;15900;6;1;1;85;1;1598;1360;4.1
4079;19450;27989;6;2;1;85;0;1598;1360;4
4080;19450;22000;6;1;1;85;0;1598;1345;4.1
4081;19450;22102;6;1;1;85;0;1598;1360;4.2
4082;19450;22102;6;1;1;85;0;1598;1360;4.2
4083;19440;34194;6;1;1;85;0;1598;1345;4.1
4084;19400;69740;6;2;1;85;0;999;1155;4.5
4085;19400;38974;6;2;1;110;0;1968;1380;4.3
4086;19500;13259;6;1;1;85;0;1598;1820;4.1
4087;19444;15105;6;2;1;85;0;999;1360;4.5
4088;19440;57326;6;2;1;81;0;1598;1360;4.1
4089;19500;57000;6;2;1;81;0;1598;1350;4
4090;19500;23644;6;1;1;85;0;1598;1360;4
4091;19500;32000;6;2;2;85;0;1598;1360;4
4092;19500;33000;6;2;2;85;0;1598;1335;4
4093;19500;75000;6;2;2;81;0;1598;1335;4
4094;19500;26000;6;1;1;85;0;999;1255;4.7
4095;19500;29667;6;2;2;81;0;1598;1795;3.9
4096;19500;50153;6;2;1;81;0;1598;1335;4
4097;19500;12000;6;2;2;85;0;999;1255;4.5
4098;19500;83000;6;2;2;133;0;1968;1380;4.3
4099;19500;21383;6;2;1;81;0;1598;1340;3.9
4100;19499;27000;6;1;1;85;0;999;1260;4.6
4101;19499;28556;6;1;1;85;0;1598;1360;4
4102;19499;28874;6;1;1;85;0;1598;1360;4
4103;19500;23644;6;1;1;85;0;1598;1260;4
4104;19499;30400;6;2;1;85;0;999;1255;4.5
4105;19490;9335;6;2;2;85;0;999;1360;4.5
4106;19490;34000;6;2;1;81;0;1598;1335;4
4107;19397;47028;6;2;1;85;1;1598;1360;4.2
4108;19390;26000;6;2;1;85;0;1598;1335;4.1
4109;19390;4221;6;1;1;85;0;999;1360;4
4110;19350;17220;6;2;1;85;0;1598;1360;4.3
4111;19078;10;6;0;0;85;1;999;1265;5.1
4112;19490;33121;6;2;1;81;0;1598;1335;4
4113;19000;41000;6;1;1;85;0;1598;1335;4
4114;19000;50000;6;2;1;81;0;1598;1335;4
4115;19000;54000;6;2;1;81;0;1598;1335;4
4116;19000;48000;6;2;1;81;0;1598;1335;4
4117;19000;26906;6;1;1;85;0;1598;1260;4.1
4118;19000;17412;6;1;1;85;0;1598;1260;4.1
4119;19000;43000;6;1;1;85;0;1598;1305;4
4120;19000;17319;6;1;1;85;0;1598;1260;4.1
4121;18999;32400;6;1;1;85;0;1598;1345;4.1
4122;19000;33000;6;1;1;85;0;1598;1335;4
4123;18999;38139;6;1;1;85;0;1598;1360;4
4124;19000;57000;6;2;2;110;0;1968;1380;4.2
4125;19000;87000;6;2;1;110;0;1968;1305;4.3
4126;19000;22000;6;1;1;85;0;1598;1335;4
4127;18999;95000;6;2;1;81;0;1598;1335;4
4128;18999;38500;6;2;1;81;0;1598;1335;4
4129;19334;13856;6;2;1;85;0;999;1360;4.5
4130;19310;1;6;0;0;85;0;999;1275;5.1
4131;19300;12154;6;1;1;85;0;1598;1815;4
4132;19290;27985;6;2;1;85;0;999;1180;4.8
4133;19290;31400;6;2;1;85;0;999;1360;4
4134;19290;28168;6;2;1;85;0;999;1180;4.8
4135;19290;27985;6;2;1;85;0;999;1180;4.8
4136;19290;28168;6;2;1;85;0;999;1180;4.8
4137;19250;41200;6;2;1;85;0;1598;1875;4
4138;19200;13300;6;2;1;85;0;1598;1360;4
4139;19199;8501;6;2;2;85;0;999;1255;4.7
4140;19290;93615;6;2;1;110;1;1968;1380;4.2
4141;19200;23190;6;2;2;85;0;999;1255;4.7
4142;19250;37422;6;2;1;85;1;1598;1335;4.2
4143;19199;26000;6;2;2;85;0;999;1260;4.6
4144;18900;40900;6;2;1;85;0;1598;1335;4.2
4145;18900;36348;6;2;1;81;0;1598;1360;4
4146;18900;36348;6;2;1;81;0;1598;1360;4
4147;18900;36348;6;2;1;81;0;1598;1360;4
4148;18900;36348;6;2;1;81;0;1598;1360;4
4149;18900;36348;6;2;1;81;0;1598;1360;4
4150;18900;36348;6;2;1;81;0;1598;1360;4
4151;18900;29955;6;2;1;81;0;1598;1820;3.8
4152;18900;24764;6;2;2;110;0;1395;1360;5
4153;18900;32654;5;2;2;81;0;1598;1280;4
4154;18900;67000;6;2;1;81;0;1598;1340;4.1
4155;18900;31085;6;2;1;85;0;1598;1360;4.1
4156;18900;30000;6;2;2;85;0;999;1360;4.7
4157;18900;35500;6;2;1;85;0;1598;1360;4.2
4158;18900;25400;6;2;1;85;0;999;1255;4.5
4159;18899;12000;6;2;1;110;0;1395;1305;4.7
4160;18980;39400;6;2;1;81;1;1598;1360;4.2
4161;18980;36677;6;2;1;85;1;999;1360;4.5
4162;18980;23968;6;2;1;85;0;1598;1335;4
4163;18980;26274;6;2;1;85;0;1598;1365;4.1
4164;18980;26397;6;1;1;85;0;1598;1360;4.1
4165;18980;54000;6;2;1;81;0;1598;1350;4
4166;18980;61000;6;2;1;85;0;1598;1335;4
4167;18977;35996;6;2;1;81;1;1598;1360;4
4168;18960;25850;6;2;2;81;1;1598;1360;3.8
4169;18950;51893;6;2;1;85;1;1598;1360;4.1
4170;18950;50687;6;2;1;85;0;999;1155;4.5
4171;18950;36900;6;2;1;110;0;1968;1380;4.4
4172;18950;62603;6;2;1;81;0;1598;1795;4
4173;18950;62603;6;2;1;81;0;1598;1795;4
4174;18950;25000;6;2;1;85;0;1598;1365;4.2
4175;18950;39900;6;2;1;81;0;1598;1360;4
4176;18945;56469;6;2;1;85;0;999;1155;4.5
4177;18930;77000;6;2;1;81;1;1598;1360;3.9
4178;18930;19851;6;2;1;85;1;999;1360;4.7
4179;18995;47000;6;2;1;110;0;1968;1385;4.1
4180;18995;15200;6;1;1;85;0;1598;1360;4.2
4181;18990;24246;6;2;1;85;0;999;1180;4.8
4182;18990;19805;6;2;1;85;0;999;1180;4.8
4183;18990;24246;6;2;1;85;0;999;1180;4.8
4184;18920;13466;6;2;1;85;1;999;1255;4.7
4185;18990;49276;6;1;1;85;0;1598;1335;4
4186;18990;39000;6;2;1;85;0;1598;1365;4.5
4187;18990;25541;6;2;1;85;0;1598;1335;4.1
4188;18990;25813;6;2;1;85;0;999;1180;4.8
4189;18899;51376;6;2;2;110;1;2000;1360;4
4190;18990;49000;6;2;2;85;0;1598;1260;4
4191;18990;49000;6;2;2;85;0;1598;1260;4
4192;18990;52000;6;2;1;81;0;1598;1350;4
4193;18990;41000;6;1;1;85;0;1598;1260;4.1
4194;18990;19000;6;2;1;85;1;999;1255;4.8
4195;18990;19805;6;2;1;85;0;999;1180;4.8
4196;18990;30000;6;2;1;85;1;1598;1360;4.1
4197;18990;46900;6;2;1;85;0;1598;1360;4.1
4198;18990;25813;6;2;1;85;0;999;1180;4.8
4199;18980;1647.362609;6;0;0;85;0;999;1365;5.1
4200;18499;30000;6;2;1;81;0;1598;1340;3.9
4201;18499;29500;6;2;1;81;0;1598;1890;4
4202;18500;31150;6;2;1;110;0;1395;1360;4.7
4203;18500;72000;6;2;1;110;0;1395;1310;4.6
4204;18500;17420;6;2;2;85;0;999;1365;4.5
4205;18500;49500;6;2;2;85;0;1598;1360;4
4206;18490;95000;6;2;2;110;0;1968;1380;4.2
4207;18490;20000;6;2;2;92;0;1598;1360;5.1
4208;18490;31789;6;2;1;81;0;1598;1260;3.9
4209;18480;37500;6;2;1;81;0;1598;1365;4.2
4210;18470;24900;6;2;2;85;0;999;1360;4.5
4211;18460;26450;6;2;1;81;0;1598;1365;4
4212;18450;44764;6;2;1;85;0;1598;1335;4.1
4213;18460;25000;6;2;1;85;0;1598;1335;4
4214;18310;84520;6;2;1;81;1;1598;1360;4
4215;18300;18000;6;2;2;85;0;999;1360;4.6
4216;18890;15479;6;1;1;85;1;999;1360;4.5
4217;18420;9900;6;1;1;85;1;999;1360;4.4
4218;18890;24018;6;2;1;85;0;1598;1365;4.1
4219;18890;57800;6;2;1;81;1;1598;1360;4
4220;18400;28500;6;2;2;85;0;1598;1365;4.5
4221;18890;30750;6;2;1;85;1;999;1365;4.8
4222;18890;24000;6;2;1;85;0;1598;1335;4
4223;18890;40000;6;2;1;110;0;1395;1760;4
4224;18879;23000;6;2;1;85;0;999;1335;3.5
4225;18850;35000;6;2;1;81;0;1598;1340;3.8
4226;18849;25000;6;2;1;81;1;1598;1360;4.2
4227;18840;77290;6;2;1;81;0;1598;1360;3.7
4228;18820;1;6;0;0;85;0;999;1265;5
4229;18840;57816;6;2;1;85;0;999;1155;4.5
4230;18800;41519;6;2;1;85;0;1598;1360;4
4231;18800;43000;6;2;1;81;0;1598;1335;4
4232;18800;35000;6;2;1;81;0;1598;1335;4
4233;18799;25446;6;2;1;85;0;1598;1360;4
4234;18799;30839;6;2;1;85;0;1598;1360;4
4235;18790;13241;6;2;1;85;0;999;1360;4.5
4236;18298;24500;6;2;2;85;0;999;1365;4.8
4237;18200;19500;6;2;1;92;0;1395;1280;5.3
4238;18250;51700;6;2;1;85;0;1598;1335;4.2
4239;18200;24800;6;2;1;81;0;1598;1360;4
4240;18200;24800;6;2;1;81;0;1598;1360;4
4241;18790;78500;6;2;1;81;0;1598;1360;4.1
4242;18000;30000;6;2;1;81;0;1598;1310;4
4243;18000;30000;6;2;1;81;0;1598;1310;4
4244;18000;86036;6;2;1;85;0;1598;1335;4
4245;18000;58500;6;2;1;85;0;1598;1335;4
4246;18000;30000;6;2;1;81;0;1598;1310;4
4247;18000;75000;6;2;1;81;0;1598;1335;4
4248;18000;31500;6;2;1;85;0;1598;1305;4
4249;17999;39000;6;2;1;85;0;1598;1335;4
4250;17996;13000;6;1;1;85;1;999;1260;4.4
4251;17999;39501;6;2;1;85;0;1598;1365;4.2
4252;17995;43833;6;2;1;85;0;999;1735;4
4253;17995;72061;6;2;1;81;0;1598;1360;4
4254;17990;33330;6;2;1;81;0;1598;1890;4
4255;18750;26419;6;2;1;81;0;1598;1890;3.8
4256;18700;48127;6;2;1;81;0;1598;1350;3.8
4257;18700;31883;6;2;1;81;0;1598;1350;4
4258;18700;45039;6;2;1;81;0;1598;1795;4
4259;18700;76867;6;2;1;85;0;1598;1345;4.1
4260;18700;16316;6;1;1;85;0;1598;1280;4.1
4261;18700;20792;6;2;1;85;0;1598;1335;4
4262;18666;14390;6;2;1;85;0;999;1360;4.5
4263;18650;49885;6;2;1;85;0;1598;1360;4.1
4264;18645;38000;6;2;2;81;0;1598;1335;3.9
4265;18600;62981;6;2;2;85;0;1598;1360;4
4266;18690;19800;6;2;1;85;0;1598;1365;4.2
4267;18680;35112;6;2;1;81;0;1598;1365;4
4268;17960;96100;6;2;1;81;1;1598;1360;3.7
4269;18600;29000;6;2;1;85;0;1598;1335;4
4270;17960;105000;6;2;1;110;1;1968;1360;4.2
4271;18500;49500;6;2;1;85;0;1598;1360;4
4272;18530;92246;6;2;1;110;1;1968;1360;4.4
4273;18500;133000;6;2;1;110;1;1968;1360;4.2
4274;18500;25000;7;2;1;85;0;999;1315;4.7
4275;17950;60453;6;2;1;85;0;1598;1356;4.1
4276;17945;41890;6;2;1;85;0;1598;1360;4.2
4277;18550;24287;6;2;1;81;0;1598;1890;3.8
4278;17900;45700;6;1;1;85;0;1598;1365;4.2
4279;17900;64595;6;2;1;85;1;1598;1335;4.2
4280;17900;61621;6;2;1;110;0;1968;1365;4.4
4281;17890;70100;6;2;1;85;0;999;1237;4.5
4282;17900;32745;6;2;1;86;0;1598;1360;3
4283;17899;29500;6;2;1;81;0;1598;1890;4
4284;17900;17000;6;2;1;85;0;1598;1335;4
4285;17860;43500;6;2;1;81;0;1598;1335;4
4286;17840;76290;6;2;1;81;1;1598;1350;4.2
4287;17700;9900;6;2;1;85;0;999;1360;4.7
4288;17840;76290;6;2;1;81;1;1598;1350;4.2
4289;17700;59520;6;2;1;85;0;1598;1335;4
4290;17810;36700;6;2;1;85;0;1598;1360;4
4291;17780;98000;6;2;1;110;0;1968;1365;3.8
4292;17990;8909;6;2;1;110;0;1498;1360;5.2
4293;17731;88134;6;2;1;85;1;1598;1360;4.2
4294;17990;40000;6;2;1;85;0;999;1255;4.7
4295;17990;68090;6;2;2;85;1;999;1360;4.7
4296;17990;28000;6;2;1;81;0;1598;1385;4
4297;17990;95075;6;2;1;110;0;1968;1360;4.1
4298;17990;20000;6;2;1;92;0;1598;1360;5.1
4299;17990;20000;6;2;1;92;0;1598;1360;5.1
4300;17990;60000;6;2;1;85;0;1598;1305;4
4301;17990;26000;6;2;1;81;0;1598;1310;4
4302;17990;23128;6;2;1;110;0;1395;1760;4
4303;17990;26510;6;2;1;85;0;1598;1360;4
4304;17980;84391;6;2;1;81;1;1598;1360;4
4305;17980;19999;6;2;1;85;1;999;1360;4.4
4306;17980;23968;6;2;1;85;1;1598;1335;4.2
4307;17980;51347;6;2;1;110;0;1968;1360;4
4308;17980;19000;6;2;1;85;0;1598;1335;4
4309;17980;37113;6;2;1;85;0;999;1360;4
4310;17500;60000;6;2;1;81;0;1598;1320;4
4311;17650;34400;6;2;1;81;0;1600;1360;4
4312;17500;28400;6;2;1;81;0;1598;1335;4
4313;17500;136000;6;1;1;85;0;1598;1335;4
4314;17500;58000;6;2;1;85;0;1598;1335;4
4315;17500;95000;6;2;1;81;0;1598;1335;3.8
4316;17590;34650;6;2;1;81;0;1598;1360;4
4317;17550;48509;6;2;1;81;0;1598;1890;3.8
4318;17480;70300;6;2;1;81;0;1598;1360;3.7
4319;17490;74000;6;2;1;81;0;1598;1385;3.8
4320;17500;36000;6;2;1;85;0;999;1225;4.5
4321;17500;59763;6;2;1;81;0;1598;1890;5.5
4322;17490;28000;6;2;1;85;0;1598;1335;4
4323;17500;29395;6;2;1;85;0;1598;1280;4.1
4324;17490;13072;6;2;1;85;1;999;1360;4.7
4325;17490;41000;6;2;1;81;0;1598;1280;4.1
4326;17440;25850;6;2;2;81;1;1598;1360;3.8
4327;17430;97643;6;2;1;81;1;1598;1315;3.3
4328;17428;70783;6;2;1;81;1;1598;1360;4.2
4329;17445;23000;6;2;1;85;0;1598;1335;4
4330;17400;25000;6;2;1;85;0;1598;1335;4
4331;17390;43800;6;2;1;81;0;1598;1360;4
4332;17440;117647;6;2;1;110;1;1968;1360;4.4
4333;17390;31070;6;2;1;85;0;1598;1360;4
4334;17300;26000;6;2;2;85;0;999;1260;4.4
4335;17300;50000;6;2;1;110;0;1968;1380;4.3
4336;17300;37875;6;2;1;85;0;1598;1280;4.1
4337;17250;39800;6;2;1;81;0;1598;1335;4
4338;17250;57900;6;2;1;85;0;1598;1335;4.2
4339;17220;50438;6;2;1;85;1;1598;1360;4.1
4340;17200;24700;6;2;1;85;0;999;1225;4.7
4341;17200;105000;6;2;1;81;0;1598;1335;4
4342;17000;54000;6;2;1;81;0;1598;1335;4
4343;17000;46059;6;2;1;81;0;1598;1335;4
4344;16999;81987;6;2;1;81;0;1598;1360;4.1
4345;16999;36000;6;2;1;85;0;999;1225;4.7
4346;16990;69000;6;2;1;85;0;1598;1260;3.8
4347;16990;117000;6;2;1;85;0;1598;1260;4
4348;16990;59380;6;2;1;81;0;1598;1350;3.8
4349;16990;70000;6;2;2;81;1;1598;1335;3.8
4350;16690;69000;6;2;1;85;0;1598;1335;4
4351;16600;22500;6;2;1;81;0;1598;1335;4
4352;16550;37708;6;2;1;81;1;1598;1360;4.1
4353;16690;112700;6;2;1;81;1;1598;1360;4
4354;16550;45560;6;2;1;81;1;1598;1360;4.1
4355;16500;51000;6;2;1;85;0;1598;1305;4
4356;16500;60102;6;2;1;85;0;1598;1280;4.1
4357;16500;110000;6;2;1;81;0;1598;1335;3.8
4358;16500;66714;6;2;1;81;0;1598;1350;3.8
4359;16300;82000;6;2;1;81;0;1598;1360;4.1
4360;16499;77000;6;2;1;81;0;1598;1355;3.7
4361;16490;39900;6;2;1;81;0;1598;1260;4
4362;16000;60000;6;2;1;81;0;1197;1255;4.9
4363;16990;23500;6;2;1;81;0;1598;1260;3
4364;16990;50129;6;2;1;81;0;1598;1890;3.8
4365;16290;68021;6;2;1;81;1;1598;1350;3.8
4366;16990;50129;6;2;1;81;0;1598;1890;3.8
4367;16985;20000;6;2;1;85;0;1598;1335;4
4368;16980;49996;6;2;1;85;0;1598;1365;4.2
4369;16980;62254;6;2;1;85;0;1598;1360;4
4370;16900;107000;6;2;1;85;1;1598;1365;4.2
4371;16950;49913;6;2;1;81;0;1598;1360;4.1
4372;16900;54740;6;2;1;81;0;1598;1795;4
4373;16950;66466;6;2;1;81;0;1598;1890;3.8
4374;16900;139879;6;2;1;85;0;1598;1365;4.2
4375;16888;77000;6;2;1;81;1;1598;1320;4.1
4376;16888;131900;6;2;1;110;0;1968;1360;4.2
4377;16880;87584;6;2;1;81;1;1598;1360;3.8
4378;16900;115000;6;2;1;85;1;1598;1365;4.2
4379;16900;127000;6;2;1;81;0;1598;1335;4
4380;16900;85000;6;2;1;81;0;1598;1335;4
4381;16780;60648;6;2;1;85;0;1598;1360;4
4382;16750;105908;6;2;1;110;1;1968;1360;4.3
4383;19700;15;6;2;2;85;0;999;1360;4.6
4384;19800;30537;6;2;1;85;0;1598;1260;4
4385;19800;37592;6;1;0;85;0;1598;1260;4.1
4386;19800;16423;6;1;1;85;1;999;1360;4.8
4387;19799;19500;6;2;1;81;0;1598;1890;4
4388;19800;22000;6;1;1;85;0;1598;1335;4
4389;19797;114550;6;2;1;110;0;1968;1360;4.3
4390;19800;45000;6;1;1;85;0;1598;1335;4
4391;19790;28364;6;2;1;85;0;999;1180;4.8
4392;19800;30537;6;2;1;85;0;1598;1260;4
4393;19800;21500;6;2;2;85;0;999;1360;4.8
4394;19790;17500;6;2;2;85;0;999;1260;4.6
4395;19780;1647.362609;6;0;0;85;0;999;1360;5.1
4396;19790;28095;6;2;1;85;1;999;1360;4.4
4397;19770;28865;6;2;1;85;1;999;1255;4.8
4398;19750;33000;6;2;1;85;0;999;1255;4.5
4399;19790;28364;6;2;1;85;0;999;1180;4.8
4400;19780;50500;6;2;1;81;0;1598;1350;4
4401;19750;1647.362609;6;0;0;85;1;999;1180;4.8
4402;19740;55379;6;2;1;110;1;1968;1360;4
4403;22500;14270;7;1;1;85;0;1598;1840;4
4404;22599;34082;7;1;1;87;0;1598;1280;4.1
4405;22450;26759;7;1;1;85;0;1598;1360;4.1
4406;23200;24272;7;1;1;85;0;1598;1360;3.9
4407;22971;6698;7;1;1;85;0;999;1360;4.6
4408;22990;8200;7;1;1;85;0;1598;1295;3.9
4409;22990;24665;7;1;1;85;0;1598;1360;3.9
4410;22990;26460;7;1;1;110;1;1968;1425;4.6
4411;23200;22784;7;1;1;85;0;1598;1845;4
4412;22990;12500;7;1;1;85;0;999;1790;4
4413;22990;789;7;1;1;85;0;999;1315;4.5
4414;22980;18100;6;1;1;110;0;1968;1380;4.6
4415;19900;25316;6;1;1;85;0;1598;1360;4
4416;19900;30261;6;1;1;85;0;1598;1360;4
4417;23700;1;7;0;1;85;0;999;1360;5.1
4418;23690;5800;7;1;1;85;0;999;1280;4.7
4419;23680;9011;7;1;1;85;1;999;1360;4.6
4420;23640;18717;7;1;1;110;0;1968;1530;4.4
4421;23700;18000;7;1;1;110;0;1498;1365;4.8
4422;23700;11200;7;1;1;85;0;1598;1360;3.9
4423;19900;17000;6;1;1;85;0;1598;1230;4
4424;20300;8497;6;0;1;85;0;1598;1260;4.1
4425;20250;15080;6;1;1;85;0;1598;1360;4.1
4426;20300;24655;6;1;1;85;0;1598;1360;4
4427;20300;14999;6;0;1;85;0;1598;1260;4.1
4428;19900;12900;6;1;1;85;0;1598;1360;4
4429;20299;9800;6;1;1;85;0;999;1360;4.6
4430;20290;1647.362609;6;0;1;85;0;1598;1360;4.5
4431;19990;16000;6;1;1;85;0;999;1360;4.6
4432;19990;5000;6;1;1;85;0;999;1239;4.6
4433;19990;9861;6;1;1;85;1;999;1360;4.7
4434;19989;19000;6;1;1;85;1;999;1360;4.8
4435;19980;18500;6;1;1;85;1;999;1360;4.7
4436;19980;26983;6;1;1;85;0;1598;1335;4
4437;19980;26983;6;1;1;85;0;1598;1335;4
4438;19950;21592;6;1;1;85;0;1598;1360;4.1
4439;19950;20000;6;1;1;85;0;1598;1335;4
4440;19950;21369;6;1;1;85;0;1598;1360;4.1
4441;19950;22369;6;1;1;85;0;1598;1335;4.1
4442;19950;29900;6;1;1;85;0;1598;1335;4.2
4443;19950;21592;6;1;1;85;0;1598;1360;4.1
4444;19950;21369;6;1;1;85;0;1598;1360;4.1
4445;19940;26490;6;1;1;85;1;1598;1360;4
4446;19930;26342;6;1;1;85;0;1598;1345;4.1
4447;19900;17500;6;1;1;85;0;1598;1230;3.8
4448;19900;12126;6;1;1;85;0;999;1236;4.5
4449;19900;11300;6;1;1;85;0;1598;1360;4.3
4450;19900;164;6;1;1;85;0;999;1236;4.5
4451;19900;8000;6;1;1;85;0;1598;1335;4.1
4452;19900;14900;6;1;1;85;0;1598;1230;3.8
4453;19900;38400;6;1;1;110;0;1968;1380;4.3
4454;19900;39000;6;1;1;85;0;1598;1305;4
4455;19900;23000;6;1;1;81;0;1598;1360;4
4456;19900;22462;6;1;1;85;0;1598;1335;4.4
4457;19900;4300;6;1;1;85;0;999;1360;5.1
4458;19900;30000;6;1;1;85;0;1598;1230;4
4459;19900;10900;6;1;1;85;0;999;1360;4.7
4460;19900;18000;6;1;1;85;0;1598;1260;4
4461;19900;39900;6;1;1;85;0;1598;1345;4.1
4462;19900;16000;6;1;1;85;0;1598;1260;4
4463;19900;18000;6;1;1;85;0;1598;1260;4
4464;19900;18000;6;1;1;85;0;1598;1260;4
4465;19900;16000;6;1;1;85;0;1598;1260;4
4466;19900;21000;6;1;1;85;0;1598;1260;4
4467;19900;20000;6;1;1;85;0;1598;1335;4
4468;19900;14000;6;1;1;85;0;1598;1260;4
4469;20250;15080;6;1;1;85;0;1598;1360;4.1
4470;20200;19500;6;1;1;85;0;1598;1260;4
4471;20000;14613;6;1;1;85;0;1598;1260;4.1
4472;19999;24421;6;1;1;85;0;1598;1360;4.1
4473;19999;21000;6;1;1;85;0;1598;1335;4
4474;20200;27249;6;1;2;85;0;1598;1360;4.2
4475;19999;19950;6;1;2;85;0;1598;1280;4
4476;20200;1;6;0;1;110;0;1498;1325;5.5
4477;20000;25000;6;1;1;85;0;1598;1335;4
4478;19999;36000;6;1;1;85;0;1598;1335;4
4479;19990;9108;6;1;1;110;0;1968;1365;4.4
4480;19990;9000;6;1;1;85;0;999;1255;4.5
4481;23800;7000;7;1;1;85;0;1598;1360;3.9
4482;19990;29800;6;1;1;85;0;1598;1345;4.1
4483;19999;24421;6;1;1;85;0;1598;1360;4.1
4484;23800;14000;7;1;1;110;0;1498;1365;5
4485;23800;183;7;0;1;85;0;1598;1845;4
4486;23840;15000;7;1;1;85;0;999;1281;4.7
4487;23800;24815;7;1;1;85;0;1598;1360;3.9
4488;23800;32000;7;1;1;85;0;1598;1290;4
4489;23800;14587;7;1;1;85;0;1598;1360;3.9
4490;23800;27124;7;1;1;85;0;1598;1360;3.9
4491;23800;17609;7;1;1;85;0;1598;1845;3.9
4492;23800;16567;7;1;1;85;0;1598;1845;4
4493;23800;13180;7;1;1;110;0;1968;1415;4.4
4494;23800;23382;7;1;1;85;0;1598;1360;3.9
4495;23800;33781;7;1;1;85;0;1598;1360;3.9
4496;23800;27800;7;1;1;85;0;1598;1360;3.9
4497;23780;4980;7;1;1;85;0;999;1255;4.8
4498;23770;15997;7;1;1;110;1;1498;1315;4.8
4499;23800;17823;7;1;1;85;0;1600;1360;4
4500;23770;20;7;1;1;85;1;1598;1360;3.9
4501;23750;14800;7;1;1;110;0;1498;1315;5.1
4502;23700;10;7;0;1;85;0;999;1360;5.1
4503;23630;18018;7;1;1;110;0;1968;1380;4.4
4504;23600;8700;7;1;1;110;0;1968;1415;4.4
4505;23600;7300;7;1;1;110;0;1498;1360;5.2
4506;23600;8700;7;1;1;110;0;1968;1415;4.4
4507;23600;22790;7;1;1;85;0;1598;1360;3.9
4508;23600;15040;7;1;1;81;0;1598;1330;3.8
4509;23600;3000;7;1;1;85;0;999;1275;5.1
4510;23600;10;6;1;1;85;0;1968;1390;4.4
4511;23600;24652;7;1;1;85;0;1598;1360;3.9
4512;23530;15692;7;1;1;85;1;999;1785;4.7
4513;23400;10;7;0;1;85;0;999;1275;5.1
4514;23550;17736;7;1;1;85;0;1598;1845;4
4515;19900;29101;6;1;1;85;0;1598;1360;4
4516;23400;10;7;0;1;85;0;999;1275;5.1
4517;23572;1;6;0;1;110;0;1498;1360;5.5
4518;23500;26950;7;1;1;85;0;1598;1360;3.9
4519;19900;18000;6;1;1;85;0;1598;1260;4
4520;23400;15;7;1;1;85;0;999;1275;5.1
4521;23360;1647.362609;7;0;1;85;0;999;1365;4.5
4522;23400;20000;7;1;1;85;0;1598;1360;3.9
4523;23400;24186;7;1;1;85;0;1598;1360;3.8
4524;23389;6530;7;1;1;85;0;1598;1360;4.2
4525;23300;21500;7;1;1;85;0;1598;1360;3.9
4526;23370;6820;7;1;1;85;1;999;1360;4.7
4527;23350;3249;7;1;1;85;1;1598;1360;4.2
4528;23300;6063;7;1;1;85;0;1598;1285;3.9
4529;23240;4170;7;1;1;85;0;1598;1335;4.2
4530;23300;5000;7;1;1;85;0;1598;1285;3.9
4531;23290;10;7;1;1;110;0;1498;1365;5.1
4532;23300;14216;7;1;1;85;0;1598;1845;4
4533;23200;14231;7;1;1;85;0;1598;1845;4
4534;23280;26564;7;1;1;110;0;1968;1360;4.3
4535;23250;6720;7;1;1;85;1;1598;1365;4
4536;23500;22000;7;1;1;81;0;1598;1360;3.8
4537;23500;300;7;1;1;85;0;1598;1360;3.9
4538;23500;4311;7;0;1;85;0;999;1760;5.1
4539;23500;300;7;0;1;85;0;999;1275;4.6
4540;23500;300;7;0;1;85;0;999;1275;4.6
4541;23500;9000;7;1;1;85;0;999;1360;4.7
4542;23500;9868;7;1;1;85;0;999;1275;5.1
4543;23500;2417;7;0;1;85;0;999;1760;5.1
4544;23500;3811;7;0;1;85;0;999;1760;5.1
4545;23500;13839;7;1;1;85;0;1598;1360;3.9
4546;23500;1;7;0;1;85;0;999;1360;5.1
4547;23500;10;7;0;1;85;0;999;1200;5.1
4548;23500;10;7;0;1;85;0;1598;1360;3.9
4549;23500;10205;7;1;1;85;0;1598;1285;4
4550;23500;1;7;1;1;85;0;1598;1360;3.9
4551;23500;15200;7;1;1;85;0;1598;1295;3.9
4552;23200;7860;7;1;1;85;0;1598;1845;4
4553;23500;10;7;0;1;85;0;999;1200;4.6
4554;23500;15378;7;1;1;85;0;1598;1360;3.9
4555;23200;7860;7;1;1;85;0;1598;1845;4
4556;23500;10;7;0;1;85;0;999;1200;4.6
4557;23500;27815;7;1;1;81;0;1598;1360;4
4558;23500;7778;7;1;1;85;0;1598;1360;4
4559;23500;27815;7;1;1;81;0;1598;1285;4
4560;23499;14900;7;1;1;85;1;999;1360;4.6
4561;23490;5000;7;1;1;85;1;999;1360;5.1
4562;23490;7487;7;1;1;110;1;1395;1305;5
4563;23490;21514;7;1;1;85;0;1598;1285;4
4564;23480;2267;7;1;1;85;1;999;1255;4.8
4565;23490;5156;7;1;1;85;1;999;1360;5.2
4566;23480;5778;7;1;1;85;0;1598;1485;4.2
4567;23480;24887;7;1;1;85;0;1598;1360;3.9
4568;23470;5939;7;1;1;85;0;1598;1360;4.1
4569;23450;10837;7;1;1;110;0;1968;1360;4.2
4570;23444;100;7;1;1;85;0;1598;1200;3.9
4571;23440;19440;7;1;1;85;0;1598;1360;4.1
4572;23440;19440;7;1;1;85;0;1598;1360;4.1
4573;23440;5740;7;1;1;85;0;999;1360;4.7
4574;23430;5324;7;1;1;85;0;1598;1360;4.1
4575;23430;5025;7;1;1;85;0;1598;1345;4.1
4576;23420;1031;7;1;1;85;1;1598;1360;4.2
4577;23400;10800;7;1;1;85;0;1598;1365;4.5
4578;22950;19200;7;1;1;85;0;999;1790;4
4579;22940;17900;7;1;1;85;0;1598;1360;3.9
4580;22930;7098;7;1;1;85;1;999;1360;4.6
4581;22900;24000;7;1;1;85;1;999;1365;4.5
4582;22960;10;7;0;1;110;0;1498;1360;5.2
4583;22900;18000;7;1;1;85;0;1598;1360;3.9
4584;22900;20500;7;1;1;85;0;1598;1845;4
4585;22900;20500;7;1;1;85;0;1598;1845;4
4586;22900;1;7;0;1;85;0;999;1360;5.1
4587;22900;12900;7;1;1;85;0;1598;1840;4
4588;22900;1;7;0;1;85;0;999;1360;5.1
4589;22900;21837;7;1;1;85;0;1598;1290;4
4590;22900;28500;7;1;1;85;0;1598;1360;3.9
4591;22900;27900;7;1;1;85;0;1598;1360;3.9
4592;22900;14900;7;1;1;85;0;1598;1845;3.9
4593;22900;1;7;0;1;85;0;999;1360;5.1
4594;22900;14391;7;1;1;85;0;1598;1845;4
4595;22900;1;7;0;1;85;0;999;1360;5.1
4596;22900;1;7;0;1;85;0;999;1360;5.1
4597;22900;8800;7;1;1;85;0;1598;1360;3.9
4598;22900;7970;7;1;1;85;0;1598;1840;4
4599;22900;11975;7;1;1;85;0;1598;1290;4
4600;22900;15414;7;1;1;85;0;1598;1360;3.9
4601;22900;1;7;0;1;85;0;999;1360;5.1
4602;22900;20410;7;1;1;85;0;1598;1360;3.9
4603;22900;1;7;0;1;85;0;999;1360;5.1
4604;22900;1;7;0;1;85;0;999;1360;5.1
4605;22900;10;7;0;1;85;0;999;1360;5.1
4606;22900;21035;7;1;1;85;0;1598;1360;3.9
4607;22800;19000;7;1;1;85;0;1598;1360;3.9
4608;22800;22800;7;1;1;85;0;1598;1360;3.9
4609;22900;15482;7;1;2;85;0;1598;1360;3.9
4610;22900;17976;7;1;2;85;0;1598;1360;3.9
4611;22900;1;7;0;1;85;0;999;1360;5.1
4612;22900;25142;7;1;2;85;0;1598;1360;3.9
4613;22812;24205;7;1;1;110;1;1968;1360;4.3
4614;22800;20000;7;1;1;85;0;1598;1360;3.9
4615;22788;10;7;0;1;110;1;1498;1345;5.2
4616;22700;23900;7;1;1;85;0;1598;1360;3.9
4617;22700;20978;7;1;1;85;0;1598;1285;3.9
4618;22788;10;7;0;1;110;1;1498;1345;5.2
4619;22700;20978;7;1;1;85;0;1598;1285;3.9
4620;22790;8700;7;1;1;85;1;999;1275;4.7
4621;22750;11133;7;1;1;85;0;1598;1285;4
4622;22750;9200;7;1;1;85;0;999;1275;4.7
4623;22690;9990;7;1;1;85;0;999;1280;4.6
4624;22600;27000;7;1;1;85;0;1598;1360;3.9
4625;22690;17771;7;1;1;85;0;1598;1360;4.1
4626;22675;26382;7;1;1;110;1;1968;1360;4.3
4627;22650;7727;7;1;1;85;0;1598;1845;4
4628;22650;7727;7;1;1;85;0;1598;1845;4
4629;22640;9380;7;1;1;85;0;1598;1345;4.1
4630;22600;19000;7;1;1;85;0;1598;1360;3.9
4631;23200;23184;7;1;1;85;0;1598;1845;4
4632;23200;1;7;0;1;85;0;999;1360;5.1
4633;23150;19534;7;1;1;85;0;1598;1285;4
4634;23150;20000;7;1;1;85;0;1598;1360;3.9
4635;23100;22081;7;1;1;110;0;1498;1800;5
4636;23000;10;7;1;1;85;0;1598;1285;3.9
4637;23200;23214;7;1;1;85;0;1598;1845;4
4638;23000;9800;7;1;1;85;0;1598;1360;3.9
4639;22999;18000;7;1;1;110;0;1968;1360;4.4
4640;22999;22633;7;1;1;85;0;1598;1360;4
4641;23000;15;7;0;1;85;0;999;1275;4.6
4642;22999;22420;7;1;1;85;0;1598;1360;4
4643;22999;11021;7;1;1;85;0;1598;1360;4
4644;22999;12103;7;1;1;110;0;1498;1379;5
4645;22999;15193;7;1;1;85;0;1598;1360;4
4646;22999;19279;7;1;1;85;0;1598;1360;4
4647;22900;18000;7;1;1;85;0;1598;1290;4
4648;22900;13500;7;1;1;81;0;1598;1360;3.9
4649;22900;14272;7;1;1;85;0;1598;1360;3.9
4650;22900;1;7;0;1;85;0;999;1360;5.1
4651;22990;25444;7;1;1;85;0;1598;1370;4
4652;22995;1;7;0;1;85;0;999;1335;5.5
4653;22900;40000;7;1;1;85;0;1598;1335;4
4654;22900;20812;7;1;1;85;0;1598;1840;4
4655;22900;20938;7;1;1;85;0;1598;1360;3.9
4656;22900;27500;7;1;1;85;0;1598;1360;3.9
4657;22900;19755;7;1;1;85;0;1598;1360;3.9
4658;22900;18180;7;1;1;85;0;1598;1360;3.9
4659;22900;1;7;0;1;85;0;999;1360;5.1
4660;22900;13450;7;1;1;85;0;1598;1370;4
4661;22900;12780;7;1;1;85;0;1598;1360;3.9
4662;22900;16000;7;1;1;85;0;1598;1290;4
4663;22900;18180;7;1;1;85;0;1598;1360;3.9
4664;22550;15900;7;1;1;85;0;1598;1365;4.1
4665;22890;9000;7;1;1;85;1;999;1360;5.1
4666;22890;8050;7;1;1;85;0;1598;1365;4.1
4667;22820;27350;7;1;1;110;1;1968;1360;4.3
4668;22590;17700;7;1;1;85;0;999;1280;4.6
4669;22880;25500;7;1;1;85;1;1598;1360;4
4670;22895;1;7;0;1;110;0;1498;1325;5
4671;22500;19100;7;1;1;85;0;1598;1845;3.9
4672;22500;28161;7;1;1;85;0;1598;1845;4
4673;22500;6000;7;1;1;85;0;1598;1360;4
4674;22500;11061;7;1;1;85;0;1598;1285;3.9
4675;22500;12000;7;1;1;85;0;1598;1285;4
4676;22500;25760;7;1;1;85;0;1598;1360;3.8
4677;22500;10395;7;1;1;85;0;999;1288;4.7
4678;22500;19840;7;1;1;85;0;1598;1845;4
4679;22500;24395;7;1;1;85;0;1598;1360;3.8
4680;22500;7000;7;1;1;85;0;1598;1360;4
4681;22500;18242;7;1;1;81;0;1598;1360;3.8
4682;22500;22000;7;1;1;85;0;1598;1310;4
4683;22500;25000;7;1;1;85;0;1598;1310;4
4684;22500;15389;7;1;1;85;0;1598;1360;3.9
4685;22500;29000;7;1;1;85;0;1598;1360;3.9
4686;22500;18242;7;1;1;81;0;1598;1360;3.8
4687;22500;20501;7;1;1;85;0;1598;1360;3.9
4688;22500;35599;6;1;1;81;0;1598;1335;4
4689;22500;12409;7;1;1;85;0;1598;1840;4
4690;22500;20979;7;1;1;85;0;1598;1360;3.9
4691;22500;18000;7;1;1;110;0;1968;1385;4.3
4692;22500;33231;7;1;1;85;0;1598;1360;3.9
4693;22500;37;7;1;1;85;0;1598;1360;3.9
4694;22500;16426;7;1;1;85;0;1598;1360;4
4695;22500;14040;6;1;1;85;0;1598;1335;4
4696;22500;20000;7;1;1;110;0;1395;1280;4.8
4697;22499;1647.362609;7;0;0;110;0;1598;1360;4
4698;22499;31742;7;1;1;85;0;1598;1360;4
4699;22499;10;6;0;1;85;0;1598;1360;4
4700;22499;30719;7;1;1;85;0;1598;1360;4
4701;22500;19736;7;1;1;85;0;1598;1360;4
4702;22490;25600;7;1;1;85;0;1598;1365;4.1
4703;22490;18885;7;1;1;85;0;1598;1360;3.9
4704;22490;42260;7;1;1;85;0;1598;1360;3.9
4705;22490;23000;7;1;1;85;0;1598;1360;3.7
4706;22450;26759;7;1;1;85;0;1598;1360;4.1
4707;22450;17869;7;1;1;85;0;1598;1360;4
4708;22450;17869;7;1;1;85;0;1598;1360;4
4709;22450;19251;7;1;1;85;0;1598;1890;4
4710;22440;11000;7;1;1;85;1;1598;1385;4
4711;22350;21921;7;1;1;85;0;1598;1360;4
4712;22440;4585;7;1;1;85;0;999;1275;4.7
4713;22400;9500;7;1;1;85;0;1598;1360;3.9
4714;22300;6810;7;1;1;85;0;1598;1285;4
4715;22350;21921;7;1;1;85;0;1598;1360;4
4716;22300;12470;7;1;1;85;0;1598;1285;4
4717;22300;9570;7;1;1;85;0;1598;1285;4
4718;20341;1;6;0;1;85;0;999;1360;5.1
4719;20450;18112;6;1;1;85;0;1598;1360;4.2
4720;20450;32440;6;1;1;85;1;1598;1360;4
4721;20450;14000;6;1;1;85;0;1598;1335;4
4722;20450;14541;6;1;1;85;0;1598;1360;4.1
4723;20450;15101;6;1;1;85;0;1598;1360;4.2
4724;20450;10935;6;1;1;85;0;1598;1360;4.1
4725;20450;26713;6;1;1;85;1;1598;1360;4
4726;20450;14541;6;1;1;85;0;1598;1360;4.1
4727;20900;30800;6;1;1;85;0;1598;1260;4
4728;20450;20484;6;1;1;85;1;1598;1360;4
4729;20550;2195;6;1;1;110;1;1498;1360;5
4730;20900;10;6;1;1;85;0;1598;1260;4
4731;20990;41300;6;1;1;85;1;1598;1365;4.2
4732;21350;18900;6;1;1;85;0;1598;1335;4.1
4733;21000;40000;6;1;1;85;0;1598;1335;4
4734;20989;6075;6;1;1;85;1;999;1360;5
4735;20990;50;6;0;1;85;0;1598;1319;4.1
4736;21450;1647.362609;6;0;1;85;1;999;1180;4.8
4737;21450;9400;6;1;1;85;1;1598;1335;4.1
4738;21000;14186;6;1;1;85;0;1598;1820;4.1
4739;21490;15500;6;1;1;85;0;999;1256;4.7
4740;21299;15500;6;1;1;85;0;999;1790;4
4741;21295;13500;6;1;1;85;0;1598;1360;4
4742;21220;1;6;0;1;85;0;1598;1365;4.4
4743;21500;17000;6;1;1;85;0;1598;1335;4
4744;21500;22969;6;1;1;85;0;1598;1815;4
4745;21500;19000;6;1;1;85;0;1598;1260;4.1
4746;21500;20702;6;1;1;85;0;1598;1260;4
4747;21500;5000;6;1;1;85;0;1598;1360;4
4748;21500;1;7;1;1;85;0;1598;1360;3.9
4749;21500;1;6;1;1;85;0;1598;1335;4.4
4750;21500;20300;6;1;1;85;0;1598;1815;4
4751;21500;16800;7;1;1;85;0;1598;1360;3.9
4752;21500;9800;6;1;1;85;0;1598;1360;4.1
4753;21500;23000;6;1;1;85;0;1598;1335;4
4754;21500;22111;6;1;1;85;0;1598;1820;4.1
4755;21500;4103;6;1;1;85;0;1598;1260;4.1
4756;21500;28000;6;1;1;85;0;1598;1335;4
4757;21500;26800;6;1;1;85;0;1598;1820;4.1
4758;21500;12150;6;1;1;85;0;1598;1815;4
4759;21500;28039;6;1;1;85;0;1598;1820;4.1
4760;21500;12154;6;1;1;85;0;1598;1815;4
4761;21500;21426;6;1;1;85;0;1598;1260;4.1
4762;21500;21132;6;1;1;85;0;1598;1260;4.1
4763;21500;28913;6;1;1;85;0;1598;1815;4
4764;21500;13494;6;1;1;85;0;1598;1815;4
4765;21500;20456;6;1;1;85;0;1598;1815;4
4766;21500;17400;6;1;1;85;0;1598;1230;4
4767;21500;14706;6;1;1;85;0;1598;1815;4
4768;21500;11777;6;1;1;85;0;1598;1260;4.1
4769;21500;30925;6;1;1;85;0;1598;1815;4
4770;21500;12000;6;1;1;85;0;1598;1360;4
4771;21500;28000;6;1;1;85;0;1598;1335;4
4772;21500;26892;6;1;1;85;0;1598;1335;4
4773;21495;16200;6;1;1;85;0;1598;1360;4
4774;21500;25910;6;1;1;85;0;1598;1360;4
4775;21490;24500;6;1;1;85;0;1598;1335;4.2
4776;21490;5350;6;1;1;85;0;1000;1360;5.1
4777;21500;16094;6;1;1;85;0;1598;1335;4
4778;21490;9000;6;1;1;85;0;999;1225;4.6
4779;21490;14800;6;1;1;85;0;999;1256;4.7
4780;21490;12293;6;1;1;85;0;1598;1875;4
4781;21490;5000;6;1;1;85;1;999;1360;5.1
4782;21490;19200;6;1;1;85;0;999;1360;4
4783;21490;6600;6;1;1;85;0;999;1255;4.7
4784;21490;19050;6;1;1;85;0;999;1360;4
4785;21300;33178;6;1;1;85;0;1598;1360;4
4786;21490;15000;6;1;2;85;0;999;1260;4.6
4787;21490;15500;6;1;1;85;0;999;1360;4.6
4788;21480;11279;6;1;1;85;1;1598;1360;4
4789;21200;1;6;0;1;85;0;999;1265;5.1
4790;21200;19500;6;1;1;85;0;1598;1335;4
4791;21200;27674;6;1;1;85;0;1598;1335;4
4792;21480;18500;6;1;1;85;1;999;1255;4.8
4793;21200;19500;6;1;1;85;0;1598;1335;4
4794;21150;21459;6;1;1;85;0;1598;1360;4.1
4795;21150;10700;6;1;1;85;0;999;1265;4.7
4796;21100;1;6;0;1;85;0;1398;1295;5.8
4797;21100;1647.362609;6;0;0;85;0;1398;1295;5.8
4798;21150;21459;6;1;1;85;0;1598;1360;4.1
4799;21000;37000;6;1;1;85;0;1598;1335;4
4800;21200;19500;6;1;1;85;0;1598;1335;4
4801;21000;18000;6;1;1;85;0;1598;1335;4
4802;21000;17596;6;1;1;85;0;1598;1270;4
4803;21480;22700;6;1;1;110;1;1968;1380;4.4
4804;21000;23900;6;1;1;85;0;1598;1360;4
4805;21000;21900;6;1;1;85;0;1598;1360;4
4806;21480;32191;6;1;1;85;0;1598;1495;4.1
4807;21480;16900;6;1;1;85;0;1598;1365;4.5
4808;21480;14463;6;1;1;85;0;1598;1495;4.1
4809;21480;7780;6;1;1;85;0;1598;1360;4.1
4810;21461;24531;6;1;1;85;1;1598;1360;4
4811;21480;8015;6;1;1;85;0;1598;1360;4.1
4812;21478;8604;6;1;1;85;0;1598;1360;4.1
4813;21480;6265;6;1;1;85;0;1598;1360;4.1
4814;21463;1;6;0;0;85;0;1598;1375;4.1
4815;21461;21708;6;1;1;85;1;1598;1360;4
4816;21461;20719;6;1;1;85;1;1598;1360;4
4817;21450;9000;6;1;1;85;0;1598;1335;4
4818;21450;1250;6;1;1;85;0;999;1360;5.1
4819;21450;12000;6;1;1;85;0;1598;1335;4
4820;21449;1250;6;1;1;85;0;999;1365;5.1
4821;21449;1250;6;1;1;85;0;999;1365;5.1
4822;21444;26174;6;1;1;85;0;1598;1345;4.1
4823;21400;20500;6;1;1;85;0;1598;1360;4
4824;21400;24500;6;1;1;85;0;1598;1360;4
4825;21415;6853;6;1;1;85;0;1598;1360;4.1
4826;21400;19900;6;1;1;85;0;1598;1345;4.1
4827;21388;10;6;0;0;110;1;1498;1325;5.5
4828;21400;10500;6;1;2;85;0;999;1260;4.4
4829;21388;10;6;0;0;110;1;1498;1325;5.5
4830;21386;1;6;0;0;110;0;1498;1335;5.5
4831;21380;16856;6;1;1;85;0;1598;1495;4.1
4832;21370;1;6;0;0;85;0;999;1275;5.1
4833;21350;25080;6;1;2;110;1;1498;1315;5.2
4834;21375;33;6;0;0;85;0;1598;1365;4.4
4835;21000;17784;6;1;2;85;0;1598;1260;4
4836;21000;17784;6;1;2;85;0;1598;1260;4
4837;21000;8000;6;0;1;85;0;1600;1365;4.5
4838;20999;21661;6;1;1;85;0;1598;1360;4
4839;20999;17500;6;1;1;85;1;1598;1360;4.2
4840;20999;23897;6;1;1;85;0;1598;1335;4
4841;20999;19980;6;1;1;85;0;1598;1230;4
4842;20999;19980;6;1;1;85;0;1598;1230;4
4843;20995;4500;6;1;1;85;0;1598;1360;4
4844;20990;11000;6;1;1;85;0;999;1255;4.5
4845;20999;30891;6;1;1;85;0;1598;1360;4
4846;20990;21425;6;1;1;85;0;1598;1335;4
4847;20999;25737;6;1;1;85;0;1598;1360;4
4848;20990;14450;6;1;1;85;0;1598;1335;4
4849;20990;19800;6;1;1;85;0;1598;1360;4.1
4850;20990;11000;6;1;1;85;0;999;1360;4.6
4851;20990;22792;6;1;1;85;0;1598;1335;4
4852;20800;23300;6;1;1;85;0;1598;1335;4
4853;20990;8430;6;1;1;85;0;999;1360;4.4
4854;20800;20000;6;1;1;85;0;1598;1260;4
4855;20800;18000;6;1;1;85;0;1598;1260;4
4856;20800;16749;6;1;0;85;0;1598;1335;4
4857;20799;17059;6;1;1;85;0;1598;1335;4
4858;20793;20;6;1;1;85;0;999;1255;4.8
4859;20750;8400;6;1;1;85;0;999;1265;4.7
4860;20790;27200;6;1;1;85;0;1598;1360;4
4861;20750;22455;6;1;1;85;0;1598;1820;4.1
4862;20750;13800;6;1;1;85;0;999;1255;4.7
4863;20750;17863;6;1;1;85;0;1598;1820;4.1
4864;20750;18603;6;1;1;85;0;1598;1820;4.1
4865;20750;25000;6;1;1;85;0;1598;1310;4
4866;20700;15149;6;1;1;85;0;1598;1820;4.1
4867;20700;16000;6;1;2;85;1;999;1255;4.8
4868;20750;12000;6;1;1;85;0;999;1255;4.7
4869;20750;27638;6;1;1;85;1;999;1360;4.6
4870;20690;22016;6;1;1;85;0;1598;1265;4
4871;20700;21511;6;1;1;85;0;1598;1360;4
4872;20980;290;6;1;1;85;0;1598;1335;4
4873;20980;16500;6;1;1;85;1;1598;1360;4.1
4874;20550;1085;6;1;1;85;1;999;1360;4.7
4875;20950;27085;6;1;1;85;0;1598;1335;4.2
4876;20950;11500;6;1;1;85;0;999;1255;4.7
4877;20950;21308;6;1;1;85;0;1598;1360;4.1
4878;20950;21308;6;1;1;85;0;1598;1360;4.1
4879;20950;9500;6;1;1;85;0;999;1255;4.7
4880;20950;20;6;1;1;85;0;999;1255;4.7
4881;20950;28603;6;1;1;85;1;1598;1345;4
4882;20950;19467;6;1;1;85;0;1598;1360;4.2
4883;20950;19467;6;1;1;85;0;1598;1360;4.2
4884;20940;32823;6;1;1;85;1;1598;1360;4
4885;20920;8589;6;1;1;85;1;999;1730;5
4886;20500;1015;6;1;1;85;1;999;1365;4.7
4887;20550;27357;6;1;1;85;0;1598;1260;4.1
4888;20500;18000;6;1;1;85;0;999;1255;4.5
4889;20500;6830;6;1;1;85;0;1598;1820;4.1
4890;20500;8275;6;1;1;85;0;1598;1335;4.4
4891;20500;1;6;1;1;85;0;1598;1335;4.4
4892;20500;25000;6;1;1;110;0;1968;1310;4.2
4893;20500;10973;6;1;1;85;0;1598;1335;4
4894;20500;13500;6;1;1;85;0;1598;1360;4
4895;20500;17000;6;1;1;85;0;1598;1255;6
4896;20500;15829;6;1;1;85;0;1600;1335;4.1
4897;20500;14999;6;0;1;85;0;1598;1265;4
4898;20499;15750;6;1;1;85;0;999;1255;4.5
4899;20490;6750;6;1;1;85;0;999;1360;4
4900;20900;16316;6;1;1;85;0;1598;1820;4.1
4901;20490;4700;6;1;1;85;0;999;1360;4
4902;20500;25884;6;1;1;85;0;1598;1360;4
4903;20466;20744;6;1;1;85;1;999;1255;4.8
4904;20900;10;6;1;1;85;0;1598;1260;4
4905;20490;4000;6;1;1;85;0;999;1255;5.1
4906;20900;26000;6;1;1;85;0;1598;1335;4
4907;20900;28110;6;1;1;85;0;1598;1335;4
4908;20900;33400;6;1;1;85;0;1598;1305;5.2
4909;20900;26000;6;1;1;85;0;1598;1335;4
4910;20900;18800;6;1;1;85;0;1598;1335;4
4911;20900;21270;6;1;1;85;0;1598;1260;4
4912;20900;10;6;1;1;85;0;999;1225;4.6
4913;20900;17720;6;1;1;85;0;1598;1260;4
4914;20900;20717;6;1;1;85;0;1598;1360;4
4915;20900;10;6;1;1;85;0;999;1255;5.1
4916;20900;17720;6;1;1;85;0;1598;1260;4
4917;20900;23494;6;1;0;85;0;1598;1335;4
4918;20900;8000;6;1;0;85;0;1598;1260;4
4919;20900;27425;6;1;1;85;0;1598;1360;4
4920;20900;6746;6;1;1;85;0;1598;1260;4.1
4921;20900;8340;6;1;1;85;0;999;1360;4.6
4922;20900;10;6;1;1;85;0;999;1255;5.1
4923;20899;24465;6;1;1;85;0;1598;1335;4
4924;20900;27350;6;1;1;85;0;1598;1230;4
4925;20890;1647.362609;6;0;1;85;0;999;1365;4.5
4926;20890;7066;6;1;1;85;1;999;1360;5
4927;20900;22009;6;1;1;85;0;1598;1260;4
4928;20890;16100;6;1;1;85;1;999;1360;4.8
4929;20890;24150;6;1;1;85;1;1598;1360;4.1
4930;20890;26584;6;1;1;85;1;1598;1360;4
4931;20890;21032;6;1;1;110;0;1498;1360;5
4932;20889;1250;6;1;1;85;0;999;1360;4.8
4933;20890;19137;6;1;1;85;0;1598;1335;4
4934;20890;7717;6;1;1;85;1;1598;1360;4.1
4935;20880;9376;6;1;1;85;1;999;1255;4.5
4936;20880;20100;6;1;1;85;1;1598;1345;4.1
4937;20800;37500;6;1;1;85;0;1598;1335;3.6
4938;20845;5074;6;1;1;85;1;1598;1730;4.1
4939;20840;21828;6;1;1;85;1;1598;1345;4
4940;20830;21851;6;1;2;85;1;999;1255;4.7
4941;20450;15101;6;1;1;85;0;1598;1360;4.2
4942;20854;7988;6;1;1;85;0;1598;1360;4.1
4943;20800;20750;6;1;1;85;0;1598;1335;4
4944;20450;18112;6;1;1;85;0;1598;1360;4.2
4945;20450;10935;6;1;1;85;0;1598;1360;4.1
4946;20400;8500;6;1;1;85;0;999;1360;4.7
4947;20400;19200;6;1;1;85;0;1598;1335;4
4948;20398;13812;6;1;1;85;0;1598;1360;4.1
4949;20400;17000;6;1;1;85;0;1598;1365;4
4950;20400;15574;6;1;1;85;1;1598;1345;4
4951;20445;26741;6;1;1;85;1;1598;1360;4
4952;20390;5250;6;1;1;85;0;999;1360;4.8
4953;20360;1647.362609;6;0;1;85;1;999;1180;4.8
4954;21520;10;6;0;1;110;0;1498;1360;5.5
4955;21700;20557;6;1;1;85;0;1598;1820;4.1
4956;21700;20919;6;1;1;85;0;1598;1820;4.1
4957;21700;21088;6;1;1;85;0;1598;1820;4.1
4958;21700;20919;6;1;1;85;0;1598;1820;4.1
4959;21700;20557;6;1;1;85;0;1598;1820;4.1
4960;21700;1647.362609;6;0;1;110;1;999;1180;4.8
4961;21695;3800;6;1;1;85;0;1598;1360;4
4962;21690;9621;6;1;1;85;0;1598;1335;4.1
4963;21690;12000;6;1;1;85;0;999;1360;5.1
4964;21790;14450;6;1;1;85;0;1598;1335;4
4965;21790;7900;6;1;2;85;1;1598;1360;4
4966;21790;4700;6;1;1;85;1;999;1360;4
4967;21790;6750;6;1;1;85;1;999;1360;4
4968;21800;12200;6;1;1;85;0;1598;1310;3.8
4969;21800;17676;6;1;1;85;0;1598;1335;4.4
4970;21800;25940;6;1;1;85;0;1598;1360;4
4971;21800;15000;6;1;1;85;0;1598;1260;4
4972;21800;14160;6;1;1;85;0;1598;1335;4.1
4973;21790;25000;6;1;1;85;0;999;1255;4.5
4974;21790;27000;6;1;1;85;1;1598;1360;4
4975;21762;6648;6;1;1;85;1;999;1360;4.4
4976;21750;34000;6;1;1;85;0;1598;1360;4
4977;21750;1900;6;1;1;85;0;999;1265;4.7
4978;21740;5610;6;1;1;85;0;1598;1335;4.2
4979;21729;6226;6;1;1;85;1;1598;1360;4.4
4980;21700;26500;6;1;1;110;1;1968;1360;4.2
4981;21700;13076;6;1;1;85;0;1598;1820;4.1
4982;21700;13259;6;1;1;85;0;1598;1820;4.1
4983;21700;17071;6;1;1;85;0;1598;1265;4
4984;21680;4500;6;1;1;85;1;999;1255;4.8
4985;21680;25982;6;1;1;110;1;1968;1360;4.2
4986;21650;15070;6;1;1;85;0;1598;1345;4.2
4987;21650;8100;6;1;1;85;1;1598;1360;4.1
4988;21550;3200;6;1;1;85;0;999;1265;4.7
4989;21640;5230;6;1;1;85;1;1598;1360;4.2
4990;21600;26600;6;1;1;85;0;1598;1360;4
4991;21535;1;6;0;1;110;0;1498;1360;5.5
4992;21600;17544;6;1;1;85;0;1598;1815;4
4993;21600;17863;6;1;1;85;0;1598;1820;4.1
4994;23900;1647.362609;7;0;1;85;1;999;1280;5.2
4995;23900;1647.362609;7;0;1;85;1;1598;1385;4
4996;23900;1647.362609;7;0;1;85;1;1598;1385;4
4997;23900;10;7;0;1;85;0;1598;1285;3.9
4998;23900;1647.362609;7;0;1;85;1;999;1275;5.1
4999;23900;80;7;0;1;85;0;1598;1360;3.9
5000;24500;10;7;0;1;85;0;999;1360;5.1
5001;25800;3477;7;0;1;85;0;999;1365;5.2
5002;25740;10;7;0;1;85;0;999;1365;4.7
5003;25600;1;7;0;1;140;0;1984;1490;6.4
5004;26825;36;7;0;1;110;0;1968;1440;3.9
5005;26188;10;7;0;1;110;1;1498;1345;5.2
5006;26290;10;7;0;1;85;1;1598;1360;3.9
5007;26188;10;7;0;1;110;1;1498;1345;5.2
5008;26900;251;7;0;1;85;0;999;1285;5.1
5009;26900;10;7;0;1;85;0;1598;1360;3.9
5010;26990;25;7;0;1;85;0;1598;1310;4
5011;26980;10;7;0;1;110;0;1498;1360;5.1
5012;26590;3500;7;0;1;85;1;999;1360;5.2
5013;26290;10;7;0;1;85;1;1598;1360;3.9
5014;26990;10;7;0;1;110;0;1498;1365;5.2
5015;27400;4999;7;0;1;85;1;999;1365;5.1
5016;27410;5;7;0;1;110;0;1498;1325;5.1
5017;27450;1647.362609;7;0;1;110;0;1498;1345;5.2
5018;27470;0;7;0;0;85;0;1598;1285;4
5019;27400;4999;7;0;1;85;1;999;1360;5.1
5020;27488;10;7;0;1;110;1;1498;1345;5.2
5021;27488;10;7;0;1;110;1;1498;1345;5.2
5022;27450;1647.362609;7;0;1;110;0;1498;1345;5.2
5023;27449;1647.362609;7;0;1;85;1;1584;1430;4.5
5024;27410;5;7;0;1;110;0;1498;1325;5.1
5025;27410;5;7;0;1;110;0;1498;1325;5.1
5026;27410;5;7;0;1;110;0;1498;1325;5.1
5027;27410;5;7;0;1;110;0;1498;1325;5.1
5028;27410;5;7;0;1;110;0;1498;1325;5.1
5029;27410;5;7;0;1;110;0;1498;1325;5.1
5030;27410;5;7;0;1;110;0;1498;1325;5.1
5031;27410;5;7;0;1;110;0;1498;1325;5.1
5032;27410;5;7;0;1;110;0;1498;1325;5.1
5033;27350;50;7;0;1;85;0;1598;1360;4
5034;27400;6515;7;0;1;85;0;1598;1360;3.9
5035;26800;1;7;0;1;85;0;1598;1360;3.9
5036;27410;5;7;0;1;110;0;1498;1325;5.1
5037;27400;10;7;0;1;85;0;1598;1360;3.9
5038;27370;5800;7;0;1;110;1;1498;1360;5.1
5039;27410;5;7;0;1;110;0;1498;1325;5.1
5040;26800;10;7;0;1;85;0;1598;1360;3.9
5041;27350;50;7;0;1;85;0;1598;1360;4
5042;27318;20;7;0;1;110;0;1498;1360;5.1
5043;27300;15500;7;0;1;85;0;999;1760;5.1
5044;27300;1647.362609;7;0;1;85;0;1598;1360;3.9
5045;27300;10;7;0;1;85;0;1598;1360;3.9
5046;27300;5000;7;0;1;85;0;1598;1845;4
5047;27288;1647.362609;7;0;1;110;0;1968;1395;4
5048;27300;1647.362609;7;0;1;85;0;1598;1360;3.9
5049;27250;3400;7;0;1;85;0;999;1360;5.1
5050;27230;10;7;0;1;110;0;1498;1360;5.2
5051;27225;45;7;0;1;110;0;1968;1440;3.9
5052;27250;1;7;0;1;110;0;1968;1440;4.4
5053;27200;1647.362609;7;0;1;85;0;1598;1360;3.9
5054;27200;10;7;0;1;85;0;1598;1370;3.9
5055;26800;10;7;0;1;85;0;1598;1360;3.9
5056;27116;1200;7;0;1;85;0;999;1360;5.2
5057;26800;10;7;0;1;85;0;1598;1360;3.9
5058;26800;10;7;0;1;85;0;1598;1360;3.9
5059;26795;1;7;0;1;110;0;1498;1315;5.1
5060;26790;10;7;0;0;110;0;1498;1360;5.1
5061;26770;5300;7;0;1;85;1;999;1360;5.1
5062;26750;9001;7;0;1;110;1;1395;1335;4.7
5063;26750;1647.362609;7;0;1;85;0;1598;1360;3.9
5064;26700;1647.362609;7;0;1;110;0;1498;1365;4.8
5065;26790;10;7;0;0;110;0;1498;1360;5.1
5066;26700;10;7;0;0;85;0;1598;1360;3.9
5067;27089;20;7;0;0;110;0;1498;1360;5.1
5068;26970;13000;7;0;1;110;1;1498;1360;5.1
5069;26980;10;7;0;1;110;0;1498;1360;5.1
5070;26980;10;7;0;1;110;0;1498;1360;5.1
5071;26700;1;7;0;1;110;0;1498;1360;5.1
5072;26970;11000;7;0;1;110;1;1498;1360;5.1
5073;26970;5000;7;0;1;85;0;999;1255;4.8
5074;26970;5000;7;0;1;85;0;999;1280;4.2
5075;26950;5000;7;0;1;85;1;1598;1360;3.9
5076;26950;10;7;0;1;85;0;1598;1360;3.9
5077;26950;50;7;0;1;85;0;1598;1360;4
5078;26950;50;7;0;1;85;0;1598;1360;4
5079;26950;7100;7;0;1;85;0;1598;1360;3.9
5080;26950;7100;7;0;1;85;0;1598;1360;3.9
5081;26950;50;7;0;1;85;0;1598;1360;4
5082;26950;50;7;0;1;85;0;1598;1360;4
5083;26940;20;7;0;1;110;0;1498;1360;5.1
5084;27025;35;7;0;1;110;0;1968;1440;3.9
5085;26940;20;7;0;1;110;0;1498;1360;5.1
5086;27000;3250;7;0;1;85;0;1598;1360;3.9
5087;26940;20;7;0;1;110;0;1498;1360;5.1
5088;27025;34;7;0;1;110;0;1968;1440;3.9
5089;27000;100;7;0;1;85;0;1598;1360;3.9
5090;26999;1647.362609;7;0;1;85;0;1598;1360;4
5091;27000;100;7;0;1;85;0;1598;1360;3.9
5092;27000;4054;7;0;1;85;0;1598;1360;3.9
5093;26999;1647.362609;7;0;1;85;0;1598;1360;4
5094;26999;7;6;0;1;85;1;1600;1490;4.5
5095;26998;1;7;0;1;85;0;1598;1360;3.9
5096;26999;82;7;0;1;85;0;1598;1360;3.9
5097;26998;1;7;0;1;85;0;1598;1360;3.9
5098;26995;1647.362609;7;0;1;85;0;999;1360;4
5099;26990;1647.362609;7;0;1;110;0;1498;1365;5.2
5100;26990;8500;7;0;1;110;1;1498;1360;4.9
5101;26990;1647.362609;7;0;1;85;0;999;1255;4.8
5102;26995;1647.362609;7;0;1;85;0;999;1360;4
5103;26990;25;7;0;1;85;0;1598;1310;4
5104;26990;10;7;0;0;110;0;1498;1365;4.5
5105;26700;1647.362609;7;0;0;85;0;999;1360;5.1
5106;26690;25;7;0;0;85;0;999;1215;5.3
5107;26690;25;7;0;0;85;0;999;1215;5.3
5108;26625;45;7;0;0;110;0;1968;1440;3.9
5109;26549;10;7;0;0;110;1;1498;1360;5.2
5110;26590;10;7;0;0;110;0;1968;1360;4.6
5111;26600;1647.362609;7;0;0;110;0;1968;1415;4.5
5112;26548;10;7;0;0;85;0;999;1360;4
5113;26500;1;7;0;0;85;0;1598;1360;3.9
5114;26500;10;7;0;0;85;0;1598;1360;3.9
5115;26500;10;7;0;0;85;0;999;1760;5.1
5116;26500;1;7;0;0;85;0;1598;1360;3.9
5117;26500;50;7;0;0;85;0;1598;1360;3.9
5118;26500;1647.362609;7;0;0;85;0;1598;1370;3.9
5119;26500;1647.362609;7;0;0;85;0;1598;1360;3.9
5120;26500;5800;7;0;0;85;0;1598;1360;3.9
5121;26499;1647.362609;7;0;1;85;0;1598;1360;4
5122;26499;1647.362609;7;0;1;85;0;1598;1360;4
5123;26500;1647.362609;7;0;1;85;0;1598;1360;3.9
5124;26488;10;7;0;1;110;1;1498;1345;5.2
5125;26488;10;7;0;1;110;1;1498;1345;5.2
5126;26490;5000;7;0;1;85;0;999;1790;4
5127;26600;30;7;0;1;85;0;999;1360;5.1
5128;26488;10;7;0;1;110;1;1498;1345;5.2
5129;26250;1647.362609;7;0;1;110;0;1498;1365;4.8
5130;26200;10;7;0;1;85;0;1598;1360;3.9
5131;26290;10;7;0;1;85;1;1598;1360;3.9
5132;26200;100;7;0;1;85;0;1598;1360;3.9
5133;26200;100;7;0;1;85;0;1598;1360;3.9
5134;26200;1650;7;0;1;85;0;1598;1360;3.9
5135;26200;100;7;0;1;85;0;1598;1360;3.9
5136;26200;100;7;0;1;85;0;1598;1360;3.9
5137;26190;15;7;0;1;110;1;1498;1345;5.1
5138;26188;10;7;0;1;110;1;1498;1345;5.2
5139;26200;30;7;0;1;85;0;1598;1360;3.9
5140;26188;10;7;0;1;110;1;1498;1345;5.2
5141;26188;10;7;0;1;110;1;1498;1345;5.2
5142;26200;1647.362609;7;0;1;85;0;1598;1360;3.9
5143;26188;10;7;0;1;110;1;1498;1345;5.2
5144;26188;10;7;0;1;110;1;1498;1345;5.2
5145;26900;9000;7;0;1;85;0;999;1280;5.1
5146;26900;5500;7;0;1;85;0;1598;1360;3.9
5147;26900;1647.362609;7;0;1;85;0;1600;1310;4
5148;26488;10;7;0;1;110;1;1498;1345;5.2
5149;26450;1647.362609;7;0;1;85;0;999;1280;5.2
5150;26188;10;7;0;1;110;1;1498;1345;5.2
5151;26488;10;7;0;1;110;1;1498;1345;5.2
5152;26450;1647.362609;7;0;1;85;0;999;1280;5.2
5153;26450;1647.362609;7;0;1;85;0;999;1280;5.2
5154;26440;15;7;0;1;110;1;1498;1360;5.1
5155;26400;50;7;0;1;85;0;1598;1360;4
5156;26400;183;7;0;1;85;0;1598;1845;4
5157;26400;1;7;0;1;85;0;1598;1360;3.9
5158;26400;10;7;0;1;85;0;1598;1360;3.9
5159;26400;1647.362609;7;0;1;85;0;999;1280;5.2
5160;26400;50;7;0;1;85;0;1598;1360;4
5161;26900;300;7;0;1;110;0;1498;1315;5.1
5162;26900;60;7;0;1;96;0;1498;1360;8.3
5163;26900;6600;7;0;1;85;0;1598;1360;3.9
5164;26900;300;7;0;1;85;0;999;1275;5.1
5165;26900;1647.362609;7;0;1;85;0;1598;1360;3.9
5166;26900;10;6;0;1;85;0;999;1255;5
5167;26900;11;7;0;1;85;0;1598;1845;4
5168;26900;1647.362609;7;0;1;96;0;1498;1280;4
5169;26900;6600;7;0;1;85;0;1598;1360;3.9
5170;26900;5000;7;0;1;85;0;999;1790;4
5171;26890;18000;7;0;1;85;1;999;1360;5.1
5172;26890;19000;7;0;1;85;0;1598;1360;4
5173;26880;5000;7;0;1;85;1;999;1360;5.1
5174;26880;100;7;0;1;85;0;999;1280;5.2
5175;26850;3000;7;0;1;110;0;1498;1360;5.1
5176;26400;50;7;0;1;85;0;999;1790;4
5177;26300;1647.362609;7;0;0;96;0;999;1275;5.1
5178;26300;10;7;0;1;85;0;1598;1360;3.9
5179;26300;1647.362609;7;0;1;85;0;1598;1360;3.9
5180;26290;5000;7;0;1;85;1;1598;1360;3.9
5181;26300;1647.362609;7;0;1;85;0;1598;1360;3.9
5182;26290;10;7;0;1;85;1;1598;1360;3.9
5183;26300;85;7;0;1;85;0;1598;1360;3.9
5184;26300;1647.362609;7;0;1;85;0;1598;1360;3.9
5185;26188;10;7;0;1;110;1;1498;1345;5.2
5186;26188;10;7;0;1;110;1;1498;1345;5.2
5187;26090;10000;7;0;1;85;0;1598;1360;4
5188;26015;100;7;0;1;85;1;999;1365;4.5
5189;26000;1647.362609;7;0;1;85;0;1598;1360;3.9
5190;26000;10;7;0;1;85;0;999;1275;5.1
5191;26000;10;7;0;1;85;0;1598;1360;3.9
5192;26100;2;7;0;1;85;0;1598;1370;3.9
5193;26000;10;7;0;1;85;0;1598;1360;3.9
5194;25998;1;7;0;1;85;0;999;1360;4
5195;25990;10;7;0;1;85;0;1598;1360;3.9
5196;25990;1647.362609;7;0;1;110;0;1498;1365;5.2
5197;25990;10;7;0;1;85;0;999;1365;5.3
5198;25990;4500;7;0;1;85;1;999;1360;5.1
5199;25990;10;7;0;1;110;0;1498;1365;5.5
5200;25990;10;7;0;1;110;0;1498;1365;5.2
5201;25980;10;7;0;1;85;0;1598;1365;4.5
5202;25990;10;7;0;1;110;0;1498;1365;5.5
5203;25950;14000;7;0;1;85;1;999;1280;5.1
5204;25900;100;7;0;1;85;0;1598;1360;3.9
5205;25900;12500;7;0;1;85;0;1598;1890;4
5206;25950;10;7;0;1;85;0;1598;1360;3.9
5207;25900;10;7;0;1;85;0;999;1360;5.1
5208;25900;5000;7;0;1;85;0;1598;1845;4
5209;25900;500;7;0;1;85;0;1598;1360;3.9
5210;25900;1647.362609;7;0;1;110;1;1498;1345;5.2
5211;25900;100;7;0;1;85;0;999;1275;5.1
5212;25900;1647.362609;7;0;1;85;0;1598;1360;3.9
5213;25900;1;7;0;1;85;0;1598;1360;3.9
5214;25900;100;7;0;1;85;0;999;1275;5.1
5215;25900;100;7;0;1;85;0;1598;1360;3.9
5216;25900;81;7;0;1;85;0;1598;1360;3.9
5217;25900;1647.362609;7;0;1;85;0;1598;1360;3.9
5218;25900;12500;7;0;1;85;0;1598;1890;4
5219;25800;10;7;0;1;85;0;1598;1360;3.9
5220;25600;10;7;0;1;85;0;999;1360;5.1
5221;25539;1;7;0;1;110;0;1498;1360;5.5
5222;25899;50;7;0;1;85;0;1598;1360;4
5223;25539;1;7;0;1;110;0;1498;1360;5.5
5224;25899;50;7;0;1;85;0;1598;1360;4
5225;25884;100;7;0;1;85;1;999;1365;4.5
5226;25539;1;7;0;1;110;0;1498;1360;5.5
5227;25500;60;7;0;1;85;0;1598;1360;3.9
5228;25500;10;7;0;1;85;0;999;1280;5.3
5229;25500;1;7;0;1;85;0;1598;1360;3.9
5230;25490;6000;7;0;1;85;0;999;1790;4
5231;25420;100;7;0;1;85;1;999;1365;4.5
5232;25420;100;7;0;1;85;1;999;1365;4.5
5233;25500;1647.362609;7;0;0;110;0;1968;1356;4
5234;25500;50;7;0;1;85;0;1598;1845;3.9
5235;25420;100;7;0;1;85;1;999;1365;4.5
5236;25800;22;7;0;1;85;0;1598;1360;4
5237;24900;10;7;0;1;85;0;999;1200;4.6
5238;25400;1647.362609;7;0;1;85;0;1598;1360;3.9
5239;25400;60;7;0;1;85;0;1598;1360;3.9
5240;25400;1;7;0;1;85;0;999;1275;5.1
5241;25400;10;7;0;1;85;0;1598;1285;3.9
5242;24900;10;7;0;1;85;0;999;1360;5.1
5243;24900;80;7;0;1;85;0;999;1360;5.1
5244;24890;18000;7;0;1;85;1;999;1360;5.1
5245;24890;18000;7;0;1;85;1;999;1360;5.1
5246;24890;25;7;0;1;85;1;999;1275;4.7
5247;24900;1647.362609;7;0;1;85;0;999;1275;5.1
5248;24900;80;7;0;1;85;0;999;1360;5.1
5249;24900;1647.362609;7;0;1;85;0;1598;1360;3.9
5250;24900;1647.362609;7;0;1;85;0;1598;1360;3.9
5251;24800;1;7;0;1;85;0;999;1275;5.1
5252;24890;25;7;0;1;85;1;999;1275;4.7
5253;24800;1;7;0;1;85;0;1598;1360;3.9
5254;24800;1;7;0;1;85;0;999;1275;5.1
5255;24800;500;7;0;1;85;0;1598;1360;3.9
5256;24800;1;7;0;1;85;0;1598;1360;3.9
5257;24800;37;7;0;1;85;0;999;1275;5.1
5258;24600;10;7;0;1;85;0;999;1360;5.1
5259;24800;500;7;0;1;85;0;1598;1360;3.9
5260;25390;10;7;0;1;85;0;1598;1360;3.9
5261;25390;10;7;0;1;85;0;1598;1360;3.9
5262;25390;10;7;0;1;85;0;1598;1360;3.9
5263;25300;137;7;0;1;85;0;1598;1845;4
5264;25288;10;7;0;1;110;1;1498;1345;5.2
5265;25385;1;7;0;1;110;0;1498;1325;5
5266;25288;10;7;0;1;110;1;1498;1345;5.2
5267;25250;506;7;0;1;85;0;999;1760;5.1
5268;25288;10;7;0;1;110;1;1498;1345;5.2
5269;25250;1647.362609;7;0;1;110;0;1498;1365;4.8
5270;25288;10;7;0;1;110;1;1498;1345;5.2
5271;25200;25;7;0;1;85;0;1598;1360;3.9
5272;25288;10;7;0;1;110;1;1498;1345;5.2
5273;25228;1647.362609;7;0;1;110;0;1968;1295;4
5274;24990;10;7;0;1;85;0;999;1365;5.3
5275;24500;300;7;0;1;85;0;999;1275;4.6
5276;24990;10;7;0;1;85;0;999;1360;5.1
5277;25200;1;7;0;1;110;0;1968;1440;4.4
5278;25000;1647.362609;6;0;1;110;0;1395;1615;4
5279;24500;10;7;0;1;85;0;1598;1360;3.9
5280;24990;10;7;0;1;85;0;999;1365;5.3
5281;24500;1647.362609;7;0;1;85;0;1598;1360;3.9
5282;24500;1;7;0;1;85;0;1598;1360;3.9
5283;24490;1647.362609;7;0;1;85;0;1598;1360;3.9
5284;24490;1647.362609;7;0;1;85;0;1598;1360;3.9
5285;24490;1647.362609;7;0;1;85;0;1598;1360;3.9
5286;24490;1647.362609;7;0;1;85;0;1598;1360;3.9
5287;24450;1647.362609;7;0;1;85;0;999;1365;4.5
5288;24425;28;7;0;1;85;0;1598;1385;3.9
5289;24490;1;7;0;1;85;0;999;1275;5.1
5290;24400;1647.362609;7;0;1;85;0;1598;1360;4
5291;24300;1647.362609;7;0;1;96;0;1499;1275;5.1
5292;24300;1647.362609;7;0;1;96;0;1499;1275;5.1
5293;24350;1;7;0;1;110;0;1498;1345;5.1
5294;24200;1647.362609;7;0;1;110;1;1598;1385;4
5295;24542;1647.362609;7;0;1;110;0;1968;1395;4
5296;24100;1647.362609;7;0;1;85;0;999;1275;5.1
5297;24100;1647.362609;7;0;1;85;0;999;1275;5.1
5298;24000;1;7;0;1;85;0;999;1360;5.1
5299;24000;1;7;0;1;85;0;999;1360;5.1
5300;24990;10;7;0;1;85;0;999;1365;5.3
5301;24000;1;7;0;1;85;0;999;1360;5.1
5302;24000;1;7;0;1;85;0;999;1360;5.1
5303;24000;1;7;0;1;85;0;999;1360;5.1
5304;23988;10;7;0;1;85;1;999;1280;5.2
5305;23990;25;7;0;1;85;1;999;1275;4.7
5306;23988;10;7;0;1;85;1;999;1280;5.2
5307;23990;25;7;0;1;85;1;999;1275;4.7
5308;23988;10;7;0;1;85;1;999;1280;5.2
5309;23988;10;7;0;1;85;1;999;1280;5.2
5310;23988;10;7;0;1;85;1;999;1280;5.2
5311;23900;90;7;0;1;85;0;1598;1360;3.9
5312;23900;1;7;0;1;85;0;1598;1360;3.9
5313;23900;1;7;0;1;85;0;1598;1360;3.9
5314;23900;1;7;0;1;85;0;1598;1360;3.9
5315;23900;1;7;0;1;85;0;1598;1360;3.9
5316;23900;1;7;0;1;85;0;1598;1360;3.9
5317;23900;10;7;0;1;85;0;999;1360;5.1
5318;24990;10;7;0;1;85;0;999;1365;5.3
5319;23900;80;7;0;1;85;0;999;1360;5.1
5320;24990;10;7;0;1;85;0;999;1272;5.1
5321;24980;1988;7;0;1;85;0;1598;1365;4.5
5322;24989;10;7;0;1;85;0;999;1360;5.1
5323;24970;3339;7;0;1;85;0;999;1360;5.1
5324;24970;15500;7;0;1;110;0;1498;1325;5.1
5325;24960;100;7;0;1;85;0;999;1360;5.1
5326;24950;100;7;0;1;85;0;999;1360;5.1
5327;24925;28;7;0;1;85;0;1598;1385;3.9
5328;24900;1647.362609;7;0;1;85;0;999;1365;4.5
5329;24900;10;7;0;1;85;0;999;1760;5.1
5330;24900;1647.362609;7;0;1;85;0;1598;1360;3.9
5331;24900;10;7;0;1;85;0;999;1760;5.1
5332;24900;10;7;0;1;85;0;999;1760;5.1
5333;24900;10;7;0;1;85;0;999;1760;5.1
5334;24900;35;7;0;1;85;0;1598;1360;3.9
5335;24900;80;7;0;1;85;0;999;1360;5.1
5336;24900;10;7;0;1;85;0;1598;1360;3.9
5337;24900;80;7;0;1;85;0;999;1360;5.1
5338;23900;10;7;0;1;85;0;999;1275;5.1
5339;24900;10;7;0;1;85;0;1598;1360;3.9
5340;23900;10;7;0;1;85;0;999;1275;5.1
5341;23900;100;7;0;1;85;0;999;1275;5.1
5342;23850;1647.362609;7;0;1;110;0;1498;1365;4.8
5343;23900;80;7;0;1;85;0;1598;1360;3.9
5344;23900;80;7;0;1;85;0;999;1360;5.1
5345;21900;1;6;0;1;85;0;1598;1335;4.4
5346;21900;1;6;0;0;85;0;1598;1335;4.4
5347;22375;33;6;0;0;85;0;1598;1365;4.4
5348;21854;1647.362609;6;0;0;85;1;999;1365;5
5349;23450;1647.362609;6;0;0;85;0;999;1365;4.5
5350;22943;1647.362609;6;0;0;85;1;1598;1365;4.5
5351;21854;1647.362609;6;0;0;85;1;999;1365;5
5352;22990;10;6;0;0;85;0;1598;1260;4
5353;22588;10;6;0;0;85;1;999;1265;5.1
5354;23500;300;6;0;0;85;0;999;1255;5.1
5355;23650;50;6;0;1;85;0;1598;1360;4.5
5356;23900;100;6;0;1;85;0;1598;1260;3.8
5357;23990;1;6;0;1;85;0;1598;1335;4.4
5358;23990;250;6;0;1;85;0;999;1256;5.1
5359;23990;10;6;0;1;85;0;999;1365;5.2
5360;24590;10;6;0;1;85;1;1598;1360;4.4
5361;24850;10;6;0;1;85;0;1598;1335;4.4
5362;24800;23;6;0;1;85;0;1598;1820;4.4
5363;23990;10;6;0;1;85;0;999;1750;4
5364;24900;5000;6;0;1;85;0;1598;1820;4.2
5365;24420;1797;6;0;1;85;1;999;1365;5.1
5366;24970;12000;6;0;1;85;1;999;1360;5.1
5367;24590;10;6;0;1;85;1;1598;1360;4.4
5368;24980;10;6;0;1;85;0;1598;1365;4.5
5369;24970;201;6;0;1;85;0;999;1257;5.1
5370;24950;50;6;0;1;85;0;1598;1360;4.5
5371;24950;1647.362609;6;0;1;110;0;1498;1365;5
5372;24590;10;6;0;1;85;1;1598;1360;4.4
5373;24590;10;6;0;1;85;1;1598;1360;4.4
5374;24590;10;6;0;1;85;1;1598;1360;4.4
5375;24590;10;6;0;1;85;1;1598;1360;4.4
5376;24590;10;6;0;1;85;1;1598;1360;4.4
5377;24590;10;6;0;1;85;1;1598;1360;4.4
5378;24500;10;6;0;0;85;0;999;1750;4
5379;24510;10;6;0;0;110;0;1498;1360;5.5
5380;24500;8000;7;0;0;85;0;1598;1360;3.9
5381;24500;1647.362609;6;0;0;85;0;1598;1335;4.4
5382;24490;7;6;0;0;110;0;1498;1280;4.1
5383;24500;10;6;0;0;110;0;1498;1360;5.5
5384;24490;1647.362609;6;0;0;85;0;999;1360;4
5385;24490;126;6;0;1;85;1;999;1360;5.1
5386;24450;6300;7;0;1;85;0;1598;1360;3.9
5387;24444;3806;6;0;1;110;0;1498;1360;5.3
5388;24440;3000;6;0;1;85;1;999;1365;5
5389;24420;1797;6;0;1;85;1;999;1360;5.1
5390;24980;6000;6;0;1;85;1;1598;1360;4.5
5391;24980;2890;6;0;1;85;1;999;1255;4.8
5392;24980;1001;6;0;1;85;1;999;1255;4.8
5393;24375;44;6;0;1;85;0;1598;1365;4.4
5394;24300;10;6;0;1;85;0;1598;1360;4.4
5395;24950;6000;6;0;1;85;1;999;1360;4.8
5396;24980;3000;6;0;1;85;1;999;1360;5.1
5397;24950;50;6;0;1;85;0;1598;1360;4.5
5398;24950;50;6;0;1;85;0;1598;1360;4.5
5399;24950;10000;6;0;1;85;1;1598;1360;4.4
5400;24950;50;6;0;1;85;0;1598;1360;4.5
5401;24950;5000;6;0;1;110;1;1498;1360;5.3
5402;24920;10;6;0;1;110;0;1498;1360;5.3
5403;24900;1647.362609;6;0;1;85;0;1598;1260;4
5404;24900;3100;6;0;1;85;0;999;1360;5.1
5405;24900;10;6;0;1;85;0;1598;1820;4.1
5406;24900;9000;6;0;1;110;0;1498;1800;4
5407;24900;5000;6;0;1;85;0;1598;1820;4.2
5408;24900;1;6;0;1;85;0;1598;1360;4
5409;24900;10;6;0;1;85;0;1598;1820;4.1
5410;24900;1647.362609;6;0;1;85;0;1598;1360;4.4
5411;24900;100;6;0;1;85;0;999;1260;5.1
5412;24900;1647.362609;6;0;1;85;0;1598;1335;4.4
5413;24900;100;6;0;1;85;0;999;1260;5.1
5414;24900;1001;6;0;1;85;0;999;1265;5.1
5415;24900;10;6;0;1;85;0;999;1360;5.1
5416;24900;6000;6;0;1;85;1;999;1280;5.1
5417;24900;1647.362609;6;0;1;85;0;1598;1360;4.4
5418;24890;3105;6;0;1;85;0;999;1265;5.1
5419;24890;1;6;0;0;85;0;999;1255;5.1
5420;24880;2499;6;0;1;85;1;999;1365;5.1
5421;24870;9900;6;0;1;85;0;999;1265;5.1
5422;24890;3000;6;0;1;85;0;999;1265;5.1
5423;24890;2000;6;0;1;85;1;1598;1365;4.5
5424;24879;5000;6;0;1;85;1;999;1265;5
5425;24300;20;6;0;1;85;0;1598;1335;4.4
5426;24300;10;6;0;1;85;0;1598;1360;4.4
5427;24200;1647.362609;6;0;1;85;0;1598;1360;4.4
5428;24200;10;6;0;1;85;0;1598;1260;4
5429;24150;50;6;0;1;85;0;1598;1360;4.5
5430;24075;44;6;0;1;85;0;1598;1365;4.4
5431;24200;5;6;0;0;85;0;999;1255;5
5432;24100;10;6;0;0;85;0;1598;1360;4.4
5433;24150;50;6;0;1;85;0;1598;1360;4.5
5434;24000;1647.362609;6;0;0;85;0;1598;1345;4.1
5435;24000;10;6;0;0;85;0;1598;1360;4.4
5436;23999;1647.362609;6;0;0;85;0;999;1365;4.7
5437;23999;5000;6;0;0;85;0;999;1790;4
5438;23999;8500;6;0;0;85;0;999;1790;4
5439;24000;10;6;0;0;85;0;999;1740;5
5440;23999;6000;6;0;0;85;0;999;1790;4
5441;23996;1647.362609;6;0;0;85;0;999;1255;5
5442;23995;1647.362609;6;0;0;85;0;1598;1356;4
5443;23990;5;6;0;0;85;1;999;1360;5.1
5444;23990;5500;6;0;0;85;0;999;1256;5.1
5445;24850;10;6;0;1;85;0;1598;1335;4.4
5446;24300;10;6;0;1;85;0;1598;1360;4.4
5447;24300;1647.362609;6;0;1;85;0;1598;1335;4.4
5448;23995;12;6;0;1;85;0;999;1740;5
5449;24300;50;6;0;1;85;0;1598;1360;4.4
5450;24300;30;6;0;1;85;0;1598;1335;4.4
5451;24290;1647.362609;6;0;1;110;0;1498;1360;5.1
5452;24288;10;6;0;1;110;1;1498;1325;5.5
5453;24300;10;6;0;1;85;0;1598;1360;4.4
5454;24288;10;6;0;1;110;1;1498;1325;5.5
5455;24288;10;6;0;1;110;1;1498;1325;5.5
5456;24288;10;6;0;1;110;1;1498;1325;5.5
5457;24288;10;6;0;1;110;1;1498;1325;5.5
5458;24288;10;6;0;1;110;1;1498;1325;5.5
5459;24288;10;6;0;1;110;1;1498;1325;5.5
5460;24288;10;6;0;1;110;1;1498;1325;5.5
5461;24288;10;6;0;1;110;1;1498;1325;5.5
5462;24288;10;6;0;1;110;1;1498;1325;5.5
5463;24800;27;6;0;1;85;0;1598;1820;4.4
5464;24800;26;6;0;1;85;0;999;1740;5
5465;24800;10;6;0;1;85;0;1598;1360;4.4
5466;24790;10;6;0;1;85;0;999;1365;5.2
5467;24700;1;6;0;1;85;0;1598;1360;4
5468;24800;50;6;0;1;85;0;1598;1335;4.4
5469;24688;10;6;0;1;110;1;1498;1325;5.5
5470;24688;10;6;0;1;110;1;1498;1325;5.5
5471;24688;10;6;0;1;110;1;1498;1325;5.5
5472;24790;250;6;0;1;85;0;999;1256;5.1
5473;24688;10;6;0;1;110;1;1498;1325;5.5
5474;24600;5;6;0;1;110;0;1498;1790;4
5475;23990;100;6;0;1;85;0;1598;1335;4.4
5476;24688;10;6;0;1;110;1;1498;1325;5.5
5477;24675;47;6;0;1;85;0;1598;1365;4.4
5478;24671;1;6;0;1;110;0;1498;1360;5.5
5479;24650;50;6;0;1;85;0;1598;1360;4.5
5480;23990;6;6;0;1;85;0;999;1750;4
5481;24650;50;6;0;1;85;0;1598;1360;4.5
5482;23988;10;6;0;1;110;1;1498;1325;5.5
5483;23988;10;6;0;1;110;1;1498;1325;5.5
5484;23988;10;6;0;1;110;1;1498;1325;5.5
5485;23988;10;6;0;1;110;1;1498;1325;5.5
5486;23980;6000;6;0;1;85;1;999;1360;5.1
5487;23980;2444;6;0;1;85;0;1598;1365;4.5
5488;23988;10;6;0;1;110;1;1498;1325;5.5
5489;23980;6000;6;0;1;85;1;999;1360;5.1
5490;23950;3521;6;0;1;85;0;1598;1365;4.5
5491;23950;50;6;0;1;85;0;1598;1360;4.5
5492;23950;50;6;0;1;85;0;1598;1360;4.5
5493;23930;3200;6;0;1;85;0;999;1360;5.1
5494;23925;25;6;0;0;85;0;999;1360;4
5495;23920;10;6;0;1;110;0;1498;1360;5.3
5496;23900;100;6;0;1;85;0;1598;1260;3.8
5497;23900;100;6;0;1;85;0;1598;1260;3.8
5498;23900;100;6;0;1;85;0;1598;1260;3.8
5499;23900;1647.362609;6;0;0;85;1;1598;1365;4.5
5500;23900;1500;6;0;1;110;0;1498;1325;5.3
5501;23900;2900;6;0;1;110;0;1498;1325;5.3
5502;23900;10;6;0;1;85;0;1598;1290;5.1
5503;23900;1647.362609;6;0;1;85;0;1598;1360;4.4
5504;23900;14;6;0;1;85;0;1598;1335;4.5
5505;23880;9500;6;0;1;85;1;999;1360;4.7
5506;23900;1647.362609;6;0;1;85;1;1598;1365;4.5
5507;23880;6000;6;0;1;85;1;999;1360;5
5508;23700;1;6;0;1;85;0;1598;1335;4.4
5509;23800;8;6;0;1;85;0;1598;1820;4.4
5510;23650;1647.362609;6;0;0;85;0;999;1255;5
5511;23800;10;6;0;0;85;0;999;1360;5.1
5512;23800;10;6;0;0;85;0;999;1360;5.1
5513;23710;1;6;0;0;85;0;1598;1375;4.4
5514;23850;1647.362609;6;0;0;110;0;1498;1365;5
5515;22990;1647.362609;6;0;0;85;0;999;1365;4.5
5516;22980;6000;6;0;1;85;1;999;1360;5.1
5517;22990;199;6;0;1;85;0;999;1255;4.5
5518;22990;10;6;0;1;85;0;999;1365;5
5519;22990;10;6;0;1;85;0;999;1365;5
5520;22990;10;6;0;1;85;0;999;1365;5
5521;22990;15;6;0;1;85;0;999;1790;4
5522;22950;1647.362609;6;0;0;85;0;1598;1295;5.8
5523;22950;1;6;0;1;85;0;1598;1295;5.8
5524;22950;8;6;0;0;85;0;999;1255;5
5525;22330;1647.362609;6;0;0;85;1;999;1365;5
5526;22311;1;6;0;0;85;0;999;1360;5.1
5527;22311;1;6;0;0;85;0;999;1360;5.1
5528;22300;1647.362609;6;0;0;110;1;999;1180;4.8
5529;22300;5586;6;0;0;85;0;1598;1260;4.1
5530;22300;6;6;0;0;85;0;999;1790;4
5531;22290;1647.362609;6;0;0;81;0;1598;1360;3.9
5532;22200;1647.362609;6;0;0;85;0;1598;1295;5.8
5533;21978;10;6;0;0;85;1;999;1265;5.1
5534;22200;1;6;0;1;85;0;1598;1295;5.8
5535;21978;10;6;0;1;85;1;999;1265;5.1
5536;21980;10;6;0;1;85;0;999;1360;5.1
5537;21978;10;6;0;1;85;1;999;1265;5.1
5538;21978;10;6;0;1;85;1;999;1265;5.1
5539;21978;10;6;0;1;85;1;999;1265;5.1
5540;21978;10;6;0;1;85;1;999;1265;5.1
5541;21978;10;6;0;1;85;1;999;1265;5.1
5542;21978;10;6;0;1;85;1;999;1265;5.1
5543;21978;10;6;0;1;85;1;999;1265;5.1
5544;22930;1;6;0;1;85;0;999;1360;5.1
5545;22925;28;6;0;1;85;0;1598;1365;4.4
5546;22925;22;6;0;1;85;0;1598;1365;4.4
5547;22900;1647.362609;6;0;0;85;1;1598;1365;4.5
5548;22925;31;6;0;0;85;0;1598;1365;4.4
5549;22900;1647.362609;6;0;1;85;1;1598;1365;4.5
5550;22900;50;6;0;1;85;0;999;1740;5
5551;21978;10;6;0;1;85;1;999;1265;5.1
5552;22900;50;6;0;1;85;0;999;1740;5
5553;23300;80;6;0;1;85;0;1598;1360;4.4
5554;23290;0;6;0;0;85;1;999;1265;5
5555;23289;1647.362609;6;0;0;85;0;999;1360;5.1
5556;23289;1647.362609;6;0;0;85;0;999;1360;5.1
5557;23279;1;6;0;0;85;0;999;1360;5.1
5558;23200;1;6;0;1;85;0;1598;1335;4.4
5559;23250;50;6;0;1;85;0;1598;1360;4.5
5560;23279;1;6;0;1;85;0;999;1360;5.1
5561;23250;50;6;0;1;85;0;1598;1360;4.5
5562;23139;1;6;0;1;85;0;999;1360;5.1
5563;23139;1;6;0;1;85;0;999;1360;5.1
5564;23139;1;6;0;1;85;0;999;1360;5.1
5565;23139;1;6;0;1;85;0;999;1360;5.1
5566;23100;10;6;0;1;85;0;999;1365;5.1
5567;23139;1;6;0;1;85;0;999;1360;5.1
5568;23100;10;6;0;1;85;0;999;1365;5.1
5569;23044;100;6;0;1;85;1;999;1365;5
5570;22900;50;6;0;1;85;0;999;1740;5
5571;23650;50;6;0;1;85;0;1598;1360;4.5
5572;23044;1647.362609;6;0;0;85;0;999;1255;5
5573;23639;1647.362609;6;0;0;85;1;999;1365;5
5574;22999;1647.362609;6;0;0;85;0;1598;1356;4.5
5575;22900;10;6;0;0;85;0;1598;1360;4.4
5576;23639;100;6;0;0;85;1;999;1365;5
5577;23639;1647.362609;6;0;0;85;1;999;1365;5
5578;23044;1647.362609;6;0;0;85;1;999;1365;5
5579;23600;10;6;0;1;85;0;1598;1260;4.4
5580;23600;10;6;0;1;85;0;1598;1260;4
5581;23590;1647.362609;6;0;0;85;0;999;1265;5
5582;23600;10;6;0;1;85;0;1598;1260;4
5583;23550;1;6;0;1;85;0;1598;1365;4.4
5584;23590;1647.362609;6;0;0;85;0;999;1265;5
5585;23590;1647.362609;6;0;0;85;0;999;1265;5
5586;23525;28;6;0;0;85;0;1598;1365;4.4
5587;23504;1;6;0;0;110;0;1498;1360;5.5
5588;23500;1647.362609;6;0;0;85;0;1598;1356;4
5589;23525;31;6;0;0;85;0;1598;1365;4.4
5590;23525;22;6;0;0;85;0;1598;1365;4.4
5591;23520;1647.362609;6;0;0;85;1;999;1365;5
5592;23504;1;6;0;0;110;0;1498;1360;5.5
5593;23500;1647.362609;6;0;0;85;0;1000;1275;4.9
5594;22900;10;6;0;0;85;0;999;1790;4
5595;22900;7000;6;0;0;85;0;999;1790;4
5596;22890;8;6;0;0;85;0;997;1365;4.6
5597;22850;8200;7;0;1;85;0;1598;1360;3.9
5598;22800;4500;6;0;1;85;0;1598;1820;4.4
5599;22790;50;6;0;1;85;0;1598;1360;4.5
5600;22750;17500;6;0;1;85;0;999;1360;4
5601;22790;50;6;0;1;85;0;1598;1360;4.5
5602;22730;10;6;0;1;85;0;999;1360;5.1
5603;22730;10;6;0;1;85;0;999;1360;5.1
5604;22700;20;6;0;1;85;0;999;1255;5.1
5605;22680;1647.362609;6;0;1;85;0;999;1360;5.1
5606;22590;10;6;0;1;85;0;999;1360;5.1
5607;22590;10;6;0;1;85;0;999;1360;5.1
5608;22675;0;6;0;0;85;0;999;1255;5
5609;22590;10;6;0;0;85;0;999;1360;5.1
5610;22590;10;6;0;0;85;0;999;1360;5.1
5611;23500;1;6;0;0;85;0;1000;1275;4.9
5612;23500;4800;6;0;0;85;0;1598;1360;4.4
5613;23490;10;6;0;0;85;0;999;1365;5.2
5614;23490;10;6;0;1;85;0;1598;1260;4.4
5615;23485;1;6;0;1;110;0;1498;1135;5.5
5616;23490;1647.362609;6;0;1;85;0;999;1360;4
5617;23490;3700;6;0;1;85;0;1598;1360;4
5618;23490;1794;6;0;1;85;0;1598;1365;4.5
5619;23475;44;6;0;1;85;0;1598;1365;4.4
5620;23401;10;6;0;1;85;0;999;1360;5
5621;23401;1647.362609;6;0;1;85;1;999;1365;5
5622;23449;3100;6;0;1;85;0;999;1730;5
5623;23444;10000;6;0;1;85;1;999;1255;4.8
5624;23400;1647.362609;6;0;1;110;1;999;1180;4.8
5625;22590;10;6;0;1;85;0;999;1360;5.1
5626;23330;10;6;0;1;85;0;999;1255;4.8
5627;23300;80;6;0;1;85;0;1598;1360;4.4
5628;23300;10;6;0;1;85;0;1598;1280;4.4
5629;23300;80;6;0;1;85;0;1598;1360;4.4
5630;22588;10;6;0;1;85;1;999;1265;5.1
5631;22588;10;6;0;1;85;1;999;1265;5.1
5632;22588;10;6;0;1;85;1;999;1265;5.1
5633;23300;80;6;0;1;85;0;1598;1360;4.4
5634;22550;7200;6;0;1;85;0;999;1265;5.1
5635;22500;10;6;0;1;85;0;1598;1260;4
5636;22588;10;6;0;1;85;1;999;1265;5.1
5637;22529;1;6;0;1;85;0;999;1360;5.1
5638;22490;100;6;0;0;85;0;999;1275;4.9
5639;22450;1647.362609;6;0;0;110;0;1498;1365;5
5640;22449;1647.362609;6;0;0;85;1;999;1365;5
5641;22400;1647.362609;6;0;0;85;0;999;1360;4.7
5642;22490;10;6;0;0;85;0;1598;1260;4.1
5643;22400;1;6;0;0;110;0;1498;1325;5.5
5644;22388;10;6;0;0;85;1;999;1265;5.1
5645;22388;10;6;0;0;85;1;999;1265;5.1
5646;22388;10;6;0;0;85;1;999;1265;5.1
5647;22388;10;6;0;0;85;1;999;1265;5.1
5648;21854;1647.362609;6;0;0;85;1;999;1365;5
5649;21854;1647.362609;6;0;0;85;1;999;1365;5
5650;22388;10;6;0;0;85;1;999;1265;5.1
5651;21854;1647.362609;6;0;0;85;0;999;1255;5
5652;21854;1647.362609;6;0;0;85;1;999;1365;5
5653;25487;27;6;0;1;110;1;1498;1360;5.3
5654;25489;20;6;0;1;110;0;1498;1360;5.5
5655;25487;27;6;0;1;110;1;1498;1360;5.3
5656;25490;1647.362609;6;0;0;110;0;1498;1325;5.3
5657;25490;8000;6;0;1;85;0;1598;1335;4.2
5658;25475;42;6;0;1;85;0;1598;1365;4.4
5659;25490;5;6;0;1;110;0;1498;1790;4
5660;25475;43;6;0;1;85;0;1598;1365;4.4
5661;25470;10;6;0;1;85;0;999;1255;4.8
5662;25470;201;6;0;1;85;0;1598;1333;4.1
5663;25460;1500;6;0;1;85;1;999;1360;4.8
5664;25460;4999;6;0;1;110;0;1498;1360;5.5
5665;25430;1647.362609;6;0;0;85;0;1598;1260;4.1
5666;25409;1;6;0;1;110;0;1498;1305;5.3
5667;25410;5;6;0;1;110;0;1498;1325;5.5
5668;25410;5;6;0;1;110;0;1498;1325;5.5
5669;25400;0;6;0;0;85;0;999;1180;4.7
5670;25410;5;6;0;1;110;0;1498;1325;5.5
5671;25410;5;6;0;1;110;0;1498;1325;5.5
5672;25400;1647.362609;6;0;1;110;0;1498;1365;5
5673;25400;0;6;0;0;85;0;999;1180;4.7
5674;25400;10;6;0;0;85;0;1598;1360;4.4
5675;25400;1647.362609;6;0;0;85;0;1598;1360;4.4
5676;25340;20;6;0;0;110;0;1498;1360;5.5
5677;25369;1647.362609;6;0;0;85;0;999;1365;4.5
5678;25300;12;6;0;0;85;0;999;1740;5
5679;25355;10;6;0;0;85;0;999;1360;5
5680;25340;20;6;0;0;110;0;1498;1360;5.5
5681;25375;47;6;0;0;85;0;1598;1365;4.4
5682;25290;9000;6;0;0;85;1;999;1265;5
5683;25290;10000;6;0;0;85;0;999;1790;4
5684;25272;1647.362609;6;0;0;110;0;1495;1230;5
5685;25200;10;6;0;0;85;0;1598;1820;4.4
5686;25175;44;6;0;0;85;0;1598;1365;4.4
5687;25300;15500;6;0;0;85;0;1598;1820;4.1
5688;25300;15500;6;0;0;85;0;1598;1820;4.1
5689;25125;51;6;0;0;85;0;1598;1365;4.4
5690;24995;1647.362609;6;0;0;85;0;999;1255;5
5691;25059;1;6;0;0;110;0;1498;1360;5.5
5692;24999;50;6;0;1;85;0;999;1255;4.8
5693;24999;102;6;0;1;85;0;999;1790;4
5694;24990;1647.362609;6;0;1;81;0;1598;1365;4.1
5695;24990;1647.362609;6;0;1;85;0;999;1180;4.6
5696;25090;100;6;0;1;110;1;1498;1325;5.5
5697;24990;1647.362609;6;0;1;85;0;999;1180;4.6
5698;24990;1647.362609;6;0;1;110;0;1395;1335;4.7
5699;24990;250;6;0;1;85;0;999;1256;5.1
5700;24990;1647.362609;6;0;0;110;0;1498;1325;5.3
5701;24990;6000;6;0;0;85;1;999;1360;5.1
5702;24990;9000;6;0;1;85;0;999;1260;4.4
5703;24990;1550;6;0;1;110;0;1498;1325;5.5
5704;24990;5000;6;0;1;85;0;999;1790;4
5705;24990;250;6;0;1;85;0;999;1256;5.1
5706;24987;10;6;0;1;85;1;999;1360;5.1
5707;24980;10;6;0;1;85;0;999;1255;4.8
5708;25000;54;6;0;1;85;0;999;1360;5.1
5709;24980;50;6;0;1;110;1;1498;1325;5.5
5710;24980;6666;6;0;1;85;0;999;1365;5.1
5711;24980;10;6;0;1;85;0;999;1255;4.8
5712;24980;10;6;0;1;85;0;999;1255;4.8
5713;6000;260000;6;3;1;100;0;1598;1425;4.5
5714;10550;112388;6;3;1;100;0;1598;1425;4.5
5715;10600;87000;6;3;2;100;0;1598;1425;4.5
5716;12450;79000;6;2;1;100;0;1598;1985;3.9
5717;10550;112388;6;3;1;100;0;1598;1425;4.5
5718;12999;47500;6;2;1;100;0;1598;1360;4.5
5719;12990;47000;6;3;1;100;0;1598;1425;4.5
5720;12990;137000;6;2;1;100;0;1600;1425;4.5
5721;14450;79012;6;3;1;100;1;1598;1425;4.6
5722;14434;68500;6;2;1;100;0;1598;1425;4.5
5723;14979;56432;6;3;1;100;1;1598;1360;4.5
5724;15000;44614;6;2;1;110;0;1399;1278;5.4
5725;15500;14500;6;1;1;77;0;999;1273;4.9
5726;15490;28023;6;1;1;100;0;1598;1975;4.5
5727;14980;57840;6;2;2;100;1;1598;1425;4.5
5728;15700;16800;6;3;1;100;0;1598;1364;4.5
5729;15900;35882;6;2;2;101;0;1598;1273;4.9
5730;14999;10027;6;3;2;110;1;1399;1360;5.4
5731;15700;43197;5;2;2;77;0;999;1263;4.2
5732;14999;67469;6;3;1;100;1;1598;1273;4.5
5733;15900;53433;6;2;2;110;0;1399;1425;4.5
5734;15900;36020;6;3;1;100;0;1598;1350;4.6
5735;15890;31265;6;3;2;110;1;1399;1278;5.4
5736;15900;84000;6;3;2;110;0;1399;1322;5.1
5737;15980;43400;6;3;1;112;0;1399;1273;4.9
5738;15980;35800;6;1;2;110;0;1399;1278;5.4
5739;15980;12356;5;1;1;77;1;999;1273;4.5
5740;15980;31370;6;2;1;110;1;1399;1273;4.9
5741;15980;58678;6;3;2;110;0;1399;1350;5.4
5742;15980;10700;6;3;1;110;1;1399;1273;5.1
5743;15970;91600;6;3;2;100;1;1598;1425;4.5
5744;15970;64000;6;3;1;100;0;1598;1425;4.5
5745;15970;64000;6;3;1;100;0;1598;1425;4.5
5746;15950;34471;6;3;1;100;0;1598;1273;4.9
5747;15950;47011;6;3;1;100;0;1598;1397;4.5
5748;15950;17457;6;2;1;100;0;1598;1425;3.5
5749;15950;3890;6;1;1;77;0;999;1273;4.5
5750;15950;41900;6;3;2;110;1;1399;1273;5.4
5751;15950;29000;6;2;1;100;1;1598;1273;4.5
5752;15950;34209;5;3;2;77;0;999;1163;4.1
5753;15950;11638;6;1;1;77;0;999;1273;4.5
5754;15945;59540;5;3;2;77;0;999;1163;4.3
5755;15950;44207;6;3;1;100;1;1598;1425;4.5
5756;15990;47000;6;1;1;100;0;1598;1273;4
5757;15990;21379;6;2;2;110;0;1399;1273;5.4
5758;15990;21379;6;2;2;110;0;1399;1273;5.4
5759;15990;49990;6;1;1;100;0;1598;1273;4
5760;15990;64548;6;3;1;100;0;1598;1350;4.5
5761;15990;58021;6;3;1;100;1;1598;1273;4.5
5762;15990;97450;6;3;1;100;1;1598;1425;4.5
5763;15990;21379;6;2;2;110;0;1399;1273;5.4
5764;15990;57474;6;2;2;110;1;1399;1413;5.1
5765;15990;18400;6;1;1;110;1;1399;1308;5.5
5766;15990;58151;6;2;1;110;0;1399;1425;5.5
5767;15990;89000;6;2;1;110;0;1399;1308;5.5
5768;15989;62899;6;1;1;110;0;1399;1425;5.6
5769;15980;38900;6;2;1;100;1;1598;1425;4.5
5770;15900;28000;6;1;1;100;1;1598;1425;4.5
5771;15989;40600;6;3;1;110;0;1399;1425;5.1
5772;15980;45900;6;3;1;100;1;1598;1360;4.5
5773;15980;53735;6;3;1;110;0;1399;1308;5.4
5774;15985;42340;6;3;1;110;1;1399;1350;5.4
5775;15980;14300;6;2;1;100;0;1598;1425;4.5
5776;15900;17416;6;1;1;100;0;1598;1425;4.5
5777;15900;45581;6;3;2;100;1;1598;1472;4.6
5778;15940;54923;6;1;1;100;1;1598;1364;4.4
5779;15980;51488;6;3;2;110;1;1399;1425;5.1
5780;15890;56813;6;3;2;110;1;1399;1425;5.6
5781;15890;52500;6;3;1;100;0;1598;1425;4.3
5782;15890;47970;6;2;2;110;1;1399;1413;5.5
5783;15850;17993;6;2;1;100;0;1598;1425;3.5
5784;15800;26009;6;2;1;110;0;1399;1425;5.6
5785;15790;18423;6;2;1;100;0;1598;1425;4.5
5786;15770;62100;6;3;1;110;1;1399;1425;5.6
5787;15750;41000;6;3;2;110;1;1399;1425;4.5
5788;15850;51200;6;2;1;110;0;1399;1425;4.9
5789;15790;13000;6;1;1;110;0;1399;1273;5.4
5790;15750;75700;6;3;2;100;1;1598;1425;4.5
5791;15750;75700;6;3;2;100;1;1598;1425;4.5
5792;15750;48000;6;3;1;110;0;1399;1273;4.9
5793;15900;36827;6;3;1;100;0;1598;1350;4.6
5794;15925;41522;6;3;1;110;1;1399;1425;4.5
5795;15900;40916;6;3;1;100;0;1598;1350;4.6
5796;15900;34512;6;3;1;100;0;1598;1350;4.6
5797;15900;54330;6;3;1;100;1;1598;1364;4.5
5798;15900;33000;6;3;1;100;0;1598;1350;4.6
5799;15900;37621;6;3;1;100;0;1598;1350;4.6
5800;15900;43746;6;3;1;100;0;1598;1350;4.6
5801;15900;38689;6;3;1;100;0;1598;1350;4.6
5802;15900;51109;6;3;1;100;0;1598;1350;4.6
5803;15900;37456;6;3;1;100;0;1598;1350;4.6
5804;15900;54300;6;2;1;100;0;1598;1350;4.6
5805;15900;26160;6;3;1;110;0;1399;1308;5.5
5806;15900;27029;6;1;1;110;0;1399;1273;5.5
5807;15900;54000;6;2;1;100;0;1598;1425;4.5
5808;15900;135600;6;3;1;100;0;1600;1425;4.3
5809;14995;7309;6;2;1;78;0;999;1360;4
5810;15900;31000;6;1;1;100;0;1598;1425;4.5
5811;15900;67046;6;3;1;100;0;1598;1425;4.5
5812;14990;51804;6;3;1;100;0;1598;1472;4.6
5813;14990;48900;6;3;1;100;0;1598;1350;4.5
5814;14990;45150;6;1;1;100;0;1598;1425;4.6
5815;14990;42295;6;3;1;103;1;1364;1425;6.7
5816;14990;45150;6;1;1;100;0;1598;1425;4.6
5817;14990;27647;6;3;1;110;1;1399;1273;5.4
5818;14990;75133;6;3;1;100;1;1598;1364;4.5
5819;14990;85182;6;3;1;110;0;1399;1273;5.1
5820;14990;96970;6;3;1;100;1;1598;1425;4.6
5821;14990;41000;6;3;2;103;0;1364;1425;6.4
5822;14990;58190;6;2;2;100;1;1598;1550;4.5
5823;14980;50278;6;3;1;103;1;1364;1549;4.5
5824;14980;30600;6;2;1;100;0;1598;1364;4.3
5825;14980;75248;6;2;1;100;1;1598;1425;4.5
5826;15700;17516;6;2;1;100;0;1598;1425;3.5
5827;15700;10808;6;1;1;100;0;1598;1425;4.6
5828;14980;89500;6;3;1;100;1;1598;1425;4.5
5829;15700;15200;6;2;2;110;0;1399;1278;5.4
5830;15690;29220;6;2;1;100;0;1598;1273;4.5
5831;15690;42981;6;1;1;100;0;1598;1975;4.5
5832;15600;45000;6;3;1;100;0;1598;1364;4.5
5833;15590;26000;6;2;1;100;0;1598;1425;4.5
5834;15650;28776;6;1;2;100;0;1490;1273;6.2
5835;15625;73999;6;3;1;100;0;1600;1425;4.5
5836;15555;16212;6;1;1;77;0;999;1425;4.3
5837;15550;59000;6;3;2;100;0;1598;1425;4.5
5838;15550;6438;5;1;1;77;1;999;1273;4.5
5839;15500;25000;6;2;1;110;0;1399;1335;5.5
5840;15500;19500;6;2;1;100;1;1598;1425;4.5
5841;15492;30600;6;2;1;100;0;1598;1273;4.3
5842;15550;9858;6;1;1;110;0;1399;1273;5.4
5843;15500;40300;6;3;1;100;0;1598;1364;4.7
5844;15500;39000;6;3;2;110;0;1399;1278;5.4
5845;15495;15119;5;1;1;77;0;999;1273;4.5
5846;15490;14542;6;2;2;77;0;999;1273;4.9
5847;15492;30600;6;2;1;100;0;1598;1273;4.3
5848;15490;39750;6;3;1;110;1;1399;1350;5.4
5849;15480;56587;6;3;1;100;0;1598;1425;4.5
5850;15400;23145;6;2;1;100;0;1598;1364;4.5
5851;15490;75900;6;3;2;110;0;1399;1350;5.4
5852;15480;24000;6;2;1;100;1;1598;1425;4.5
5853;15480;56587;6;3;1;100;0;1598;1425;4.5
5854;15400;23145;6;2;1;100;0;1598;1364;4.5
5855;15360;33099;6;2;1;77;1;998;1363;4.5
5856;15190;63594;6;2;2;100;1;1598;1550;4.5
5857;15150;29171;6;1;1;100;0;1399;1273;5.5
5858;15325;12054;5;1;1;77;1;999;1320;4.5
5859;15249;67213;6;2;1;100;0;1598;1364;4.9
5860;14970;85;6;1;1;85;0;1598;1471;7.3
5861;14950;67623;7;2;1;100;0;1598;1425;4.5
5862;15000;45000;6;3;1;100;0;1598;1364;4.5
5863;15110;79000;6;3;1;110;1;1399;1425;5.6
5864;14950;13541;6;2;1;100;0;1598;1425;4.6
5865;14950;76985;6;2;1;100;0;1598;1425;4.5
5866;14900;90250;6;3;1;70;0;1598;1270;3.7
5867;14950;43300;6;2;2;100;0;1598;1410;4.5
5868;14900;46000;6;2;1;100;0;1598;1403;3.8
5869;14950;33727;6;3;1;77;1;999;1273;4.9
5870;14950;23816;6;1;1;77;0;996;1273;4.9
5871;14900;41600;6;3;2;100;0;1598;1273;4
5872;14900;69000;6;3;2;100;0;1598;1273;4.5
5873;14900;44670;6;2;1;100;0;1598;1425;4.5
5874;14900;39000;6;2;1;100;0;1598;1425;4.5
5875;14900;38750;6;2;1;100;0;1598;1425;4.5
5876;14900;36584;6;2;1;100;0;1598;1425;4.5
5877;14890;85336;6;3;2;100;1;1598;1425;4.5
5878;14900;37750;6;2;1;100;0;1598;1425;4.5
5879;14890;49704;6;3;1;100;0;1598;1425;4.5
5880;14890;66535;6;2;2;100;1;1598;1550;4.5
5881;14380;99480;6;3;1;100;0;1598;1425;4.5
5882;14150;16000;5;2;1;77;0;998;1273;4.4
5883;14300;14600;6;1;1;110;0;1399;1308;5.5
5884;14280;22300;6;1;1;100;0;1598;1425;4.6
5885;14250;34975;6;3;1;100;0;1598;1364;4.5
5886;14000;43344;6;1;1;100;0;1598;1425;4.6
5887;14250;18911;6;2;1;100;0;1598;1425;4.6
5888;14000;43344;6;1;1;100;0;1598;1425;4.6
5889;14000;43344;6;1;1;100;0;1598;1425;4.6
5890;13999;26200;6;3;1;100;0;1598;1273;4.5
5891;14000;80000;6;2;1;110;0;1399;1364;5.4
5892;13999;49230;6;1;1;100;0;1598;1350;4
5893;13999;89000;6;3;1;100;1;1598;1425;4.5
5894;14000;43000;6;2;1;100;0;1598;1364;4.5
5895;13999;64000;6;3;1;100;1;1598;1273;4.5
5896;13990;40000;6;3;2;103;0;1364;1425;6.4
5897;14500;42000;6;3;1;100;0;1598;1425;4.5
5898;13995;23553;6;2;1;78;0;999;1360;4
5899;13990;92000;6;3;1;100;0;1598;1425;4.5
5900;14495;18889;6;2;1;78;0;999;1360;4
5901;14500;70000;6;2;1;100;0;1598;1425;4.5
5902;14500;47936;6;2;1;100;0;1598;1425;4.7
5903;14499;72700;6;3;1;103;1;1364;1425;6.7
5904;14490;67100;6;3;1;110;1;1399;1273;5.4
5905;14490;17252;5;3;1;77;0;999;1273;4.4
5906;14490;47000;6;1;1;100;0;1598;1425;4.6
5907;14490;47000;6;1;1;100;0;1598;1425;4.6
5908;14490;49990;6;1;1;100;0;1598;1425;3.9
5909;14490;20940;6;3;1;103;1;1364;1350;6.6
5910;14490;85398;6;3;1;100;1;1598;1425;4.6
5911;14490;49990;6;1;1;100;0;1598;1425;3.9
5912;14490;103209;6;2;2;100;0;1598;1425;4.5
5913;14490;49990;6;1;1;100;0;1598;1425;3.9
5914;14450;55899;6;2;1;100;0;1598;1425;4.5
5915;14450;33952;6;3;1;77;1;999;1273;4.7
5916;14490;57911;6;3;2;100;1;1598;1425;4.5
5917;14480;54190;6;3;1;100;1;1598;1360;4.5
5918;14490;47000;6;1;1;100;0;1598;1425;4.6
5919;14850;24826;5;2;1;77;0;999;1244;6.5
5920;14850;12950;5;2;2;77;1;998;1273;4.4
5921;14799;29000;6;3;1;100;1;1598;1354;4.5
5922;14780;28499;5;3;2;77;1;999;1295;4.9
5923;14850;39151;6;2;1;100;1;1598;1425;4.5
5924;14799;29000;6;3;1;100;1;1598;1354;4.5
5925;14820;45800;6;3;1;103;0;1598;1425;4.5
5926;14800;51586;5;2;1;78;0;999;1364;4.4
5927;14750;66077;6;3;1;100;0;1598;1425;4.5
5928;14740;4200;5;2;1;77;0;999;1273;4.3
5929;14750;45000;6;2;1;100;0;1598;1425;4.5
5930;14740;4200;5;2;1;77;0;999;1273;4.3
5931;14690;80000;6;3;1;100;0;1598;1425;4.5
5932;14650;12738;5;2;1;77;0;999;1273;4.5
5933;14690;18561;6;2;1;77;0;999;1291;4.4
5934;14650;39900;6;2;1;100;1;1598;1456;4.8
5935;12990;125968;6;2;1;100;0;1598;1975;4.5
5936;14600;31000;6;2;2;103;0;1364;1437;6.4
5937;14590;34671;5;2;2;77;1;999;1273;4.3
5938;14500;52000;6;3;1;100;0;1598;1364;4.5
5939;12990;47000;6;3;1;100;0;1598;1425;4.5
5940;12990;49432;6;1;1;100;0;1598;1350;3
5941;12990;47000;6;3;1;100;0;1598;1425;4.5
5942;12980;79727;6;2;1;100;1;1598;1472;4.5
5943;12980;117593;6;2;1;100;0;1598;1364;4.3
5944;12980;32831;6;2;1;110;1;1399;1278;4.9
5945;12980;31865;6;2;1;110;1;1399;1278;4.9
5946;12980;41781;6;2;1;110;1;1399;1278;4.9
5947;12980;117593;6;2;1;100;0;1598;1364;4.3
5948;12974;30500;6;3;2;103;1;1364;1425;6.4
5949;12950;85000;6;2;1;100;0;1598;1425;4.6
5950;12900;69000;6;3;1;100;0;1598;1364;4.5
5951;12900;45537;6;3;1;100;0;1598;1900;4.4
5952;13980;86945;6;2;1;100;1;1598;1425;4.6
5953;13980;80000;6;3;1;110;0;1399;1273;5.4
5954;13990;62000;6;3;1;100;1;1598;1425;4.5
5955;13987;80500;6;3;2;100;1;1598;1273;4.9
5956;13945;81545;6;3;2;100;0;1598;1254;4.5
5957;13930;91842;6;3;1;100;0;1598;1415;4.5
5958;13900;17108;6;3;1;77;0;999;1425;4.3
5959;13900;49000;6;3;1;100;0;1598;1425;4.5
5960;13900;46000;6;3;1;100;0;1598;1364;4.7
5961;12870;105688;6;3;1;100;1;1598;1441;4.5
5962;13900;47042;6;3;2;100;1;1598;1425;4.5
5963;13895;57605;6;3;2;100;1;1598;1425;4.5
5964;13890;73359;6;3;1;100;0;1598;1273;4.9
5965;13888;43777;6;3;2;100;1;1598;1273;4.9
5966;13800;31852;6;2;1;100;0;1598;1425;4.6
5967;13800;41869;6;2;1;100;0;1598;1425;4.5
5968;13800;63900;6;2;1;100;1;1598;1425;4.5
5969;13790;26000;5;2;1;77;0;999;1273;4.4
5970;13790;85207;6;2;1;100;1;1598;1425;4.5
5971;13685;38247;6;2;1;100;0;1598;1425;4.6
5972;13650;39951;6;2;1;100;0;1598;1425;4.6
5973;13600;46300;6;2;1;100;0;1598;1425;4.5
5974;13500;57740;6;3;1;100;0;1598;1975;4.5
5975;13499;100000;6;3;1;100;1;1598;1425;4.7
5976;13490;100900;6;3;1;110;1;1399;1273;5.5
5977;13650;87000;6;2;1;100;0;1598;1985;3.9
5978;13600;44026;6;3;1;77;1;999;1273;4.5
5979;13490;36000;6;1;1;77;0;999;1425;4.3
5980;13699;99000;6;3;1;100;1;1598;1425;4.7
5981;13450;71200;6;3;1;110;0;1399;1278;5.4
5982;13450;51000;5;3;1;78;0;999;1364;4.5
5983;13490;38397;5;3;1;77;0;998;1216;4.2
5984;13450;59459;6;3;2;103;1;1364;1425;6.4
5985;13450;45920;6;2;1;100;0;1598;1425;4.5
5986;13450;106340;6;3;1;100;1;1598;1425;4.5
5987;13300;51700;6;2;1;100;0;1598;1425;4.5
5988;13100;104590;6;3;1;100;1;1598;1273;4.5
5989;12390;28557;5;2;1;77;0;998;1288;4.3
5990;12360;11845;5;3;1;77;0;998;1216;4.2
5991;13270;97000;6;3;2;100;1;1598;1425;4.5
5992;13300;73800;6;2;1;100;0;1598;1403;3.8
5993;12390;37889;5;2;1;77;0;998;1288;4.3
5994;13750;36000;6;3;2;100;0;1598;1364;4.3
5995;12290;72096;6;3;2;100;0;1598;1425;4.6
5996;12350;70000;5;3;2;77;0;998;1273;4.2
5997;11990;89900;6;3;1;100;0;1598;1425;4.7
5998;12340;54650;6;3;1;85;1;1598;1405;7.1
5999;11990;103000;6;3;1;100;0;1598;1425;4.5
6000;12000;119000;6;3;1;100;1;1598;1425;4.5
6001;11980;97500;6;2;1;100;0;1598;1425;4.5
6002;11890;133590;6;3;1;100;0;1598;1425;4.5
6003;11850;97000;6;2;1;100;0;1598;1403;3.9
6004;11850;97000;6;2;1;100;0;1598;1403;3.9
6005;11850;97000;6;2;1;100;0;1598;1985;3.9
6006;11600;73860;6;2;1;100;0;998;1425;4.5
6007;11600;51690;6;2;1;77;0;998;1425;4.5
6008;11850;97000;6;2;1;100;0;1598;1403;3.9
6009;12850;87000;6;2;1;100;0;1598;1403;3.9
6010;11600;66952;6;2;1;77;0;998;1425;4.5
6011;11600;69459;6;2;1;77;0;998;1425;4.5
6012;12850;87000;6;2;1;100;0;1598;1403;3.9
6013;12690;52885;5;2;1;77;0;998;1273;4.3
6014;12690;66750;6;3;1;85;1;1598;1425;6.3
6015;12750;77765;6;2;1;101;0;1598;1425;4.5
6016;12850;87000;6;2;1;100;0;1598;1403;3.9
6017;12500;99000;6;3;1;100;0;1598;1425;4.7
6018;12490;74349;6;2;1;100;0;1598;1425;4.6
6019;12480;92061;6;3;1;100;0;1598;1273;4.9
6020;12540;87164;6;2;1;100;1;1598;1425;4.5
6021;12450;79000;6;2;1;100;0;1598;1403;3.9
6022;12490;142684;6;3;1;100;1;1598;1360;4.5
6023;12450;79000;6;2;1;100;0;1598;1985;3.9
6024;12450;79000;6;2;1;100;0;1598;1403;3.9
6025;11600;69190;6;2;1;77;0;998;1425;4.5
6026;12450;79000;6;2;1;100;0;1598;1403;3.9
6027;12400;98812;6;3;1;100;0;1598;1350;4.6
6028;12400;69250;6;2;1;100;0;1598;1364;4.5
6029;12399;72500;6;3;1;100;0;1598;1425;4.7
6030;12450;121210;6;2;1;100;1;1598;1425;4.6
6031;11600;38500;5;3;1;77;0;998;1273;4.4
6032;11490;100000;6;3;1;100;0;1598;1350;4.5
6033;11600;57702;6;2;1;77;0;998;1425;4.5
6034;11480;124349;6;3;1;100;0;1598;1388;4.5
6035;11600;76010;6;2;1;100;0;998;1425;4.5
6036;11400;93000;6;3;1;100;0;1598;1364;4.5
6037;11290;104650;6;3;1;100;0;1598;1425;4.5
6038;11490;120840;6;3;1;100;0;1598;1425;4.5
6039;11250;139000;6;3;1;100;1;1598;1425;4.5
6040;10990;117500;6;3;1;100;0;1598;1425;4.5
6041;10800;61166;6;2;1;77;0;999;1273;4.9
6042;10990;119000;6;3;1;100;0;1598;1425;4.5
6043;10980;117250;6;3;1;100;1;1598;1425;4.5
6044;10950;70000;5;2;1;77;0;998;1288;4.3
6045;10950;128995;6;2;1;100;0;1598;1425;4.5
6046;10800;151227;6;3;1;100;0;1598;1425;4.5
6047;10950;140000;6;2;1;100;0;1598;1425;4.6
6048;10750;185000;6;3;1;100;1;1598;1425;4.6
6049;10550;112388;6;3;1;100;0;1598;1425;4.5
6050;10500;78771;6;2;1;77;0;999;1273;4.9
6051;10450;164000;6;3;1;100;0;1598;1425;4.6
6052;10350;127000;6;3;2;100;0;1598;1364;4.4
6053;10680;190000;6;3;1;100;1;1598;1425;4.5
6054;10300;69377;6;2;1;77;0;999;1273;4.9
6055;10200;92000;6;3;1;81;0;1598;1364;3.3
6056;9990;82000;5;2;1;77;0;998;1273;4.3
6057;9890;212569;6;3;1;100;1;1598;1425;4.5
6058;9680;153519;6;2;1;100;0;1598;1425;4.5
6059;9700;140000;6;3;1;100;0;1598;1403;3.9
6060;9480;152635;6;3;1;100;0;1598;1425;4.5
6061;9450;187864;6;3;1;100;0;1598;1425;4.5
6062;9480;142348;6;3;1;100;0;1598;1425;4.5
6063;8980;230928;6;3;1;100;0;1598;1425;4.5
6064;6500;80000;6;3;1;100;0;1598;1364;4.5
6065;8980;138031;6;3;1;100;0;1598;1425;4.5
6066;10550;112388;6;3;1;100;0;1598;1425;4.5
6067;7690;168475;6;3;1;100;1;1598;1425;3.9
6068;8450;78000;6;3;1;100;0;1598;1503;3.9
6069;9490;60500;6;3;1;81;0;1598;1360;3.7
6070;15990;21379;6;2;2;110;0;1399;1273;5.4
6071;15999;23036;6;1;1;100;1;1598;1425;4.5
6072;9490;115800;6;3;1;81;1;1598;1425;3.5
6073;8700;85000;6;3;1;81;0;1598;1518;3.7
6074;9900;156460;6;3;1;81;0;1598;1403;3.6
6075;9700;86276;6;3;1;77;0;1000;1360;4
6076;9895;92589;6;3;1;81;0;1598;1503;3.7
6077;9900;110005;6;3;1;81;0;1598;1328;3.6
6078;9900;110005;6;3;1;81;0;1598;1328;3.6
6079;9900;120000;6;2;1;81;0;1598;1350;3.7
6080;10452;68527;6;3;1;70;0;1598;1289;4.9
6081;10480;129934;6;2;1;81;1;1598;1393;3.5
6082;10480;129934;6;2;1;81;1;1598;1393;3.5
6083;10390;80972;6;3;1;81;0;1598;1425;3.6
6084;10400;62000;6;2;1;81;0;1598;1360;3.5
6085;10350;111450;6;3;1;81;0;1598;1425;4.3
6086;10350;44320;6;3;2;85;1;1598;1425;6.6
6087;10375;109000;6;3;1;100;0;1600;1425;4.5
6088;10480;68868;6;3;1;81;1;1598;1425;3.7
6089;10680;84893;6;3;1;81;1;1598;1393;3.5
6090;10500;91000;6;3;1;81;0;1598;1350;3.7
6091;10500;69000;6;2;1;81;0;1598;1350;3.7
6092;10595;95000;6;3;1;81;1;1598;1425;3.7
6093;10590;80621;6;2;1;81;1;1598;1350;3.4
6094;10590;21215;5;3;2;77;0;999;1273;4.3
6095;10580;67600;6;3;2;85;1;1598;1425;4.5
6096;10650;87475;6;3;1;81;1;1598;1425;3.5
6097;10600;80000;6;2;1;81;0;1598;1425;4.5
6098;10580;91134;6;2;1;81;1;1598;1425;3.5
6099;10500;49900;5;3;1;77;0;998;1273;4.4
6100;10553;73009;6;3;1;70;0;1598;1273;4.9
6101;10650;87475;6;3;1;81;1;1598;1425;3.5
6102;10525;81000;6;2;1;81;0;1696;1425;4.5
6103;10598;56500;6;3;3;100;0;1598;1425;3.9
6104;10500;68000;6;3;3;100;0;1598;1503;3.9
6105;10500;69000;6;3;3;81;0;1598;1350;3.7
6106;10500;74000;6;3;3;100;0;1598;1518;3.9
6107;10500;78000;6;3;3;81;0;1598;1403;3.6
6108;10500;68644;6;3;2;81;0;1598;1403;4.5
6109;10500;68573;6;3;2;81;0;1598;1613;3.7
6110;10500;91183;6;3;1;81;0;1598;1425;4.5
6111;10500;63500;6;3;1;81;0;1598;1613;3.7
6112;10500;50000;6;3;1;81;0;1598;1350;3.7
6113;10490;43812;5;3;1;74;0;1399;1273;4.9
6114;10490;49550;6;2;2;74;1;1399;1273;5.4
6115;10490;186346;6;3;1;118;0;1598;1425;4.5
6116;10490;90000;6;3;2;70;1;1598;1425;3.6
6117;10490;131600;6;3;2;82;0;1600;1250;3.4
6118;10499;48378;6;3;2;81;0;1598;1900;4.5
6119;10495;78551;6;3;2;82;0;1598;1360;4
6120;10490;122200;6;3;2;81;0;1598;1503;3.7
6121;10480;100000;6;3;1;81;1;1598;1425;3.5
6122;10490;96974;6;3;1;81;1;1598;1425;3.5
6123;10490;89738;6;3;2;103;0;1364;1425;5.6
6124;10480;90000;6;3;1;81;1;1598;1425;4.1
6125;10490;74348;6;3;1;81;0;1598;1425;3.6
6126;10480;77709;6;3;1;81;1;1598;1503;3.7
6127;10480;113308;6;3;1;81;0;1598;1273;4.9
6128;10480;107915;6;3;1;100;0;1598;1273;4.2
6129;10790;67000;6;3;1;70;1;1598;1425;3.8
6130;10760;117515;6;2;1;81;1;1598;1393;3.5
6131;10760;117515;6;2;1;81;1;1598;1393;3.5
6132;10770;50605;6;3;2;85;1;1598;1425;6.6
6133;10750;33208;5;3;1;77;1;999;1273;4.4
6134;10750;70725;6;2;1;81;1;1598;1273;3.4
6135;10750;108000;6;3;1;81;1;1598;1425;4.5
6136;10750;96000;6;3;1;81;0;1598;1350;3
6137;10750;33208;5;3;1;77;1;999;1273;4.9
6138;10750;62000;5;3;1;85;0;1598;1405;6.7
6139;10750;33208;5;3;1;77;1;999;1273;4.9
6140;10740;71929;6;2;1;81;1;1598;1273;3.4
6141;10740;82860;6;3;1;81;1;1598;1425;3.5
6142;10750;80272;6;2;1;81;1;1598;1393;3.6
6143;10701;61953;6;3;1;74;0;1399;1425;5.7
6144;10740;82860;6;3;1;81;1;1598;1425;3.5
6145;10700;78840;6;3;1;81;0;1598;1425;3.7
6146;10690;70629;6;3;1;81;0;1598;1425;3.6
6147;10680;84893;6;3;1;81;1;1598;1393;3.5
6148;10350;125052;6;3;2;70;1;1598;1425;3.6
6149;10340;61749;6;3;2;70;0;1598;1273;4.9
6150;10300;135255;6;3;1;81;0;1598;1273;3.5
6151;10300;84000;6;3;1;81;0;1598;1273;3.6
6152;10300;81000;6;3;1;81;0;1598;1408;3.7
6153;10300;91000;6;2;1;81;0;1600;1425;3.3
6154;10300;97100;6;2;1;70;0;1598;1345;3.6
6155;10300;147000;6;3;1;100;1;1598;1360;3.8
6156;10290;84471;6;2;1;81;1;1598;1403;3.5
6157;10290;84471;6;2;1;81;1;1598;1403;3.5
6158;10290;85000;6;2;1;70;0;1598;1388;3.6
6159;10280;120874;6;2;1;81;0;1598;1425;4.5
6160;10250;105000;6;2;1;81;0;1600;1425;3.3
6161;10234;159900;6;3;1;81;1;1598;1425;3.6
6162;10480;79800;6;3;1;70;1;1598;1425;4.5
6163;10480;82949;5;3;1;84;0;1598;1549;6.3
6164;10480;63000;5;3;1;74;1;1398;1425;6.2
6165;10234;88000;6;3;1;81;1;1598;1425;3.8
6166;10450;99750;6;3;1;81;0;1598;1425;4.3
6167;10450;46530;6;3;1;81;1;1598;1618;4.5
6168;10450;91000;6;2;1;81;0;1598;1985;3.6
6169;10450;75437;6;2;1;81;1;1598;1503;3.6
6170;10450;68000;6;2;1;81;0;1598;1403;4.6
6171;10450;78898;6;3;1;81;1;1598;1425;3.7
6172;10450;79800;6;2;1;110;0;1399;1278;5.1
6173;10445;147447;6;3;1;81;0;1598;1235;3
6174;10400;85578;6;3;1;81;0;1598;1940;3.5
6175;10400;164000;6;3;1;81;0;1598;1425;3.5
6176;10400;64800;5;3;1;77;0;998;1273;4.2
6177;9690;91200;6;3;1;81;0;1598;1613;3.7
6178;10400;137600;6;3;1;100;0;1598;1273;3.9
6179;9630;71174;6;3;1;81;1;1598;1571;4.4
6180;9600;66000;6;2;1;81;0;1598;1403;3.6
6181;10400;111000;6;3;1;81;0;1598;1550;3.7
6182;9650;95848;6;3;1;81;1;1598;1425;4.5
6183;10400;91500;6;2;1;92;0;1399;1278;5.1
6184;9600;80000;6;2;1;81;0;1598;1350;3.7
6185;9500;40144;5;3;1;74;0;1398;1425;5.5
6186;9580;155262;6;3;1;118;0;1598;1425;4.5
6187;9540;119373;6;3;1;81;0;1598;1425;3.5
6188;9500;23496;5;3;1;74;0;1398;1425;5.5
6189;9500;92000;6;3;1;81;0;1598;1388;3.7
6190;9570;127037;6;3;2;81;0;1598;1425;3.5
6191;9500;30519;5;3;2;74;0;1398;1425;5.5
6192;9500;50000;5;3;1;85;0;1598;1393;6.2
6193;9500;114000;6;3;1;81;0;1598;1425;4.5
6194;9500;149500;6;3;1;81;1;1598;1403;3.5
6195;9499;154516;6;3;1;81;0;1598;1613;3.7
6196;9495;110000;6;3;1;81;1;1598;1403;3.6
6197;9490;82992;6;3;1;81;0;1600;1360;3.7
6198;9500;45312;5;3;1;74;0;1398;1425;5.5
6199;9490;72900;6;3;1;81;0;1598;1350;4.5
6200;10200;105350;6;3;1;60;0;1598;1360;3
6201;10200;80000;6;3;1;81;0;1598;1613;3.9
6202;10200;41000;6;2;1;81;0;1598;1350;3.7
6203;10040;43600;5;2;1;77;0;999;1273;4.5
6204;10000;95000;6;3;1;81;0;1598;1350;3
6205;10000;108000;6;3;1;81;0;1598;1350;3
6206;9999;103963;6;2;1;81;0;1598;1360;3.7
6207;10000;98000;6;3;1;100;0;1598;1403;3.8
6208;9999;65000;6;3;1;81;0;1598;1403;4.6
6209;9996;105000;6;3;1;81;0;1598;1425;3.5
6210;9990;136000;6;3;1;70;0;1600;1273;4.9
6211;9990;83372;6;3;1;81;1;1598;1425;3.7
6212;9990;104000;6;2;1;70;0;1600;1425;4.5
6213;9990;128750;6;3;1;81;0;1598;1425;4.3
6214;9995;102928;6;3;1;81;0;1598;1350;3.7
6215;9990;113000;6;2;1;70;0;1598;1388;3.6
6216;9990;50000;6;3;1;74;0;1399;1273;4.9
6217;9895;99000;6;3;1;70;1;1598;1425;3.6
6218;9990;98762;6;3;1;81;1;1598;1273;3.5
6219;9990;92740;5;3;1;77;0;998;1233;4.3
6220;9990;84000;6;3;1;81;0;1598;1476;4.5
6221;9890;99500;6;3;1;81;0;1598;1518;3.7
6222;9890;117713;6;3;1;81;0;1598;1865;3.6
6223;9890;131294;6;2;1;81;1;1598;1393;3.5
6224;9800;248000;6;3;1;81;0;1686;1523;4.5
6225;9800;100000;6;3;2;81;1;1598;1425;3.5
6226;9790;142529;6;3;1;100;1;1598;1425;3.8
6227;9790;98722;6;3;1;81;0;1598;1425;3.6
6228;9790;89308;5;3;2;85;0;1598;1437;6.3
6229;9800;154000;6;3;2;81;0;1598;1503;3.7
6230;9780;77668;6;3;1;100;0;1598;1425;4.5
6231;9780;144063;6;2;1;100;0;1598;1425;4.5
6232;9750;69000;6;3;1;74;1;1399;1425;5.5
6233;9700;112500;6;3;1;81;0;1598;1403;3.5
6234;9280;180573;6;2;1;81;0;1598;1425;4.5
6235;9280;157391;6;2;1;81;0;1598;1273;4.9
6236;9250;119000;6;2;1;81;0;1598;1403;3.6
6237;9290;85000;6;3;1;103;0;1364;1425;6.1
6238;9200;199000;6;3;1;81;0;1598;1425;3.65
6239;9000;76505;6;3;1;81;0;1598;1273;3.6
6240;9000;150000;6;3;1;81;0;1598;1350;3
6241;9150;120000;6;3;1;60;0;1598;1273;3
6242;9100;83825;6;3;1;81;0;1598;1503;3.7
6243;9190;107565;6;3;1;81;1;1598;1425;3.7
6244;8999;90225;6;3;1;70;0;1598;1425;3.6
6245;9199;188000;6;2;1;81;0;1598;1425;3.5
6246;8999;183400;6;3;1;100;0;1598;1425;3.8
6247;8995;133000;6;3;1;81;0;1598;1403;3.6
6248;8990;73000;6;3;1;70;0;1598;1425;3.6
6249;8990;142194;6;3;1;81;1;1598;1273;3.5
6250;8990;76000;6;3;1;81;0;1598;1350;3.7
6251;8990;114000;6;3;1;70;0;1598;1388;3.6
6252;8990;159400;6;3;1;81;0;1598;1425;3.7
6253;8990;143700;6;3;1;100;0;1598;1425;3.8
6254;8690;90000;6;3;1;81;0;1598;1350;3.7
6255;8690;111500;6;3;1;81;0;1598;1405;3.7
6256;8680;125324;6;3;1;81;1;1598;1571;3.5
6257;8680;176977;6;3;1;81;0;1598;1425;4.5
6258;8650;105000;6;3;1;70;0;1598;1425;3.6
6259;8590;123095;6;3;2;81;1;1598;1518;3.7
6260;8500;177124;6;3;1;100;0;1598;1503;3.9
6261;8590;115785;6;3;1;100;1;1598;1425;3.9
6262;8500;145000;6;3;1;81;0;1598;1503;3.7
6263;8499;89214;6;3;1;100;1;1598;1425;4.5
6264;8495;158088;6;3;1;81;1;1598;1403;3.6
6265;8490;116100;6;3;1;70;0;1598;1425;3.6
6266;8500;117963;6;3;1;81;0;1598;1350;3.7
6267;8490;178000;6;3;1;81;0;1598;1350;3.7
6268;8490;166726;6;3;1;81;0;1598;1425;3.5
6269;8480;119329;6;3;1;81;0;1598;1425;4.5
6270;8480;155871;6;2;1;81;0;1598;1425;4.5
6271;8450;78000;6;3;1;100;0;1598;1503;3.9
6272;9990;97900;5;2;1;77;0;998;1209;4.3
6273;8450;98000;6;3;1;81;0;1598;1613;3.7
6274;9980;68500;6;3;1;85;1;1598;1425;4.5
6275;9980;99285;6;3;1;81;1;1598;1273;3.5
6276;9990;67420;5;3;1;85;0;1598;1437;6.7
6277;9980;118000;6;3;1;81;1;1598;1360;3.4
6278;9980;118000;6;3;1;81;1;1598;1360;3.4
6279;9980;132261;6;2;1;81;1;1598;1425;3.5
6280;9950;144200;6;2;1;81;0;1598;1425;3.5
6281;9950;111283;6;3;1;100;0;1598;1425;3.9
6282;9900;18623;5;3;1;74;0;1398;1425;5.5
6283;9900;84500;6;3;1;81;0;1598;1360;3.4
6284;9900;75900;6;3;1;81;1;1600;1425;4.5
6285;9900;75900;6;3;1;81;0;1600;1425;4.5
6286;9900;88000;6;3;1;81;0;1598;1403;3.6
6287;9900;125000;6;3;1;81;0;1598;1518;3.7
6288;9900;110005;6;3;1;81;0;1598;1403;3.6
6289;9900;78000;6;3;1;81;0;1598;1364;3.3
6290;9490;98570;6;3;1;81;0;1598;1425;3.6
6291;9900;80000;6;3;1;81;0;1598;1518;3.7
6292;9490;125427;6;3;1;100;0;1598;1425;3.9
6293;9490;84000;6;3;1;81;0;1598;1360;3.7
6294;9490;70500;6;3;1;81;0;1598;1350;4.5
6295;9480;98723;6;3;1;81;1;1598;1425;3.7
6296;9480;153047;6;3;1;100;0;1598;1425;4.5
6297;9479;94089;6;3;1;81;1;1598;1425;3.7
6298;9450;107000;6;3;1;81;0;1598;1364;3.4
6299;9430;150312;6;3;1;81;1;1598;1425;3.6
6300;9440;58225;6;3;1;81;1;1598;1425;3.7
6301;9400;171000;6;3;1;100;0;1598;1403;3.8
6302;9400;117630;6;3;1;81;0;1598;1613;3.7
6303;9400;72000;5;3;1;74;0;1398;1425;4.5
6304;9380;78234;6;3;1;81;1;1598;1571;3.5
6305;9350;64500;6;3;1;81;1;1598;1425;3.7
6306;9300;120000;6;3;1;81;0;1598;1360;3.4
6307;9300;95000;6;3;1;100;0;1598;1364;4.5
6308;9290;111000;6;3;1;70;0;1598;1345;3.6
6309;8980;87005;6;3;1;81;1;1598;1425;3.5
6310;8980;122175;6;3;1;100;1;1598;1425;3.9
6311;8980;135700;6;3;1;100;0;1598;1425;4.5
6312;8980;117766;6;3;1;100;0;1598;1425;4.5
6313;8980;95000;6;3;1;81;1;1598;1425;3.7
6314;8950;120000;6;3;1;88;1;1364;1437;5.6
6315;8950;127986;6;3;1;100;0;1598;1425;3.9
6316;8950;209467;6;3;1;100;1;1598;1273;3.9
6317;8900;63800;6;3;1;81;0;1598;1571;3.6
6318;8950;99875;6;3;1;81;0;1598;1388;3.7
6319;8900;120000;6;3;1;60;0;1598;1273;3
6320;8900;104600;6;3;1;81;0;1598;1425;3.7
6321;8900;41700;6;3;1;70;0;1598;1388;3.8
6322;8899;131800;6;3;1;81;1;1598;1425;3.7
6323;8890;110925;6;3;1;81;1;1598;1518;3.7
6324;15990;21379;6;2;2;110;0;1399;1273;5.4
6325;8860;17800;5;1;1;77;0;998;1273;4.9
6326;8800;160000;6;3;1;81;0;1598;1403;3.6
6327;8800;55000;6;2;2;81;0;1598;1350;3.7
6328;8790;153600;6;3;1;100;0;1598;1425;3.9
6329;8740;36600;5;3;1;77;0;999;1263;4.5
6330;15990;21379;6;2;2;110;0;1399;1273;5.4
6331;15990;21379;6;2;2;110;0;1399;1273;5.4
6332;15990;21379;6;2;2;110;0;1399;1273;5.4
6333;15990;21379;6;2;2;110;0;1399;1273;5.4
6334;15990;21379;6;2;2;110;0;1399;1273;5.4
6335;15990;21379;6;2;2;110;0;1399;1273;5.4
6336;15990;21379;6;2;2;110;0;1399;1273;5.4
6337;15990;21379;6;2;2;110;0;1399;1273;5.4
6338;15990;21379;6;2;2;110;0;1399;1273;5.4
6339;15990;21379;6;2;2;110;0;1399;1273;5.4
6340;15990;21379;6;2;2;110;0;1399;1273;5.4
6341;15990;21379;6;2;2;110;0;1399;1273;5.4
6342;15990;21379;6;2;2;110;0;1399;1273;5.4
6343;15990;21379;6;2;2;110;0;1399;1273;5.4
6344;15990;21379;6;2;2;110;0;1399;1273;5.4
6345;15990;21379;6;2;2;110;0;1399;1273;5.4
6346;15990;21379;6;2;2;110;0;1399;1273;5.4
6347;15990;21379;6;2;2;110;0;1399;1273;5.4
6348;15999;27000;6;3;2;110;0;1399;1278;5.4
6349;15999;77998;5;3;2;77;0;999;1163;4.3
6350;15999;41000;6;2;2;100;0;1598;1364;4.5
6351;15999;48737;6;3;2;110;1;1399;1425;5.6
6352;15990;43359;6;3;2;77;1;998;1273;4.4
6353;15990;24529;6;1;1;110;0;1399;1273;5.5
6354;15990;40215;6;2;1;110;1;1399;1273;5.4
6355;15990;36527;6;2;1;110;1;1399;1273;5.4
6356;15990;24890;6;2;1;100;0;1598;1366;4.5
6357;15990;19714;6;1;1;77;1;999;1273;4.3
6358;15990;24278;6;2;1;110;0;1399;1273;5.5
6359;15990;30628;6;1;1;77;1;1000;1273;4.3
6360;15990;24177;6;1;1;100;1;1598;1425;4.5
6361;15990;45922;6;3;2;110;1;1399;1425;5.6
6362;15990;60400;6;3;1;110;0;1399;1278;4.9
6363;15990;21379;6;2;2;110;0;1399;1273;5.4
6364;15990;21379;6;2;2;110;0;1399;1273;5.4
6365;8450;169000;6;3;1;81;0;1598;1518;3.7
6366;15990;21379;6;2;2;110;0;1399;1273;5.4
6367;8450;78000;6;3;1;100;0;1598;1503;3.9
6368;15990;21379;6;2;2;110;0;1399;1273;5.4
6369;8450;160000;6;3;1;81;0;1598;1518;3.7
6370;8440;89000;6;3;1;81;0;1598;1425;3.7
6371;8250;121143;6;3;1;70;1;1598;1425;4.5
6372;7999;139000;6;3;1;81;1;1598;1425;3.7
6373;8200;122625;6;3;1;70;0;1598;1388;3.6
6374;8000;97600;6;3;1;81;0;1598;1613;3.7
6375;7990;127000;6;3;1;81;1;1598;1518;3.7
6376;7990;117583;6;3;1;81;1;1598;1571;3.5
6377;7999;139000;6;3;1;81;0;1598;1425;3.7
6378;7990;149790;6;3;1;81;0;1598;1425;4.5
6379;7990;117583;6;3;1;81;1;1598;1571;3.5
6380;7990;231879;6;3;1;118;0;1598;1425;4.5
6381;7980;137347;6;3;1;81;0;1598;1425;4.5
6382;7800;25000;6;2;1;81;0;1598;1364;3.3
6383;7980;97193;6;3;1;81;0;1598;1425;4.5
6384;7780;167413;6;3;1;81;0;1598;1425;4.5
6385;7680;169383;6;3;1;100;0;1598;1425;4.5
6386;7900;156000;6;3;1;81;0;1598;1403;3.6
6387;7680;176476;6;3;2;100;0;1598;1425;4.5
6388;7500;150000;6;3;1;81;1;1598;1425;3.7
6389;7480;126530;6;3;1;81;0;1598;1425;3.6
6390;7479;126530;6;3;1;81;0;1598;1425;3.6
6391;7479;126530;6;3;1;81;0;1598;1425;3.6
6392;7380;142669;6;3;1;81;0;1598;1425;4.5
6393;7480;126530;6;3;1;81;0;1598;1425;3.6
6394;7280;175336;6;3;1;100;0;1598;1425;4.5
6395;7280;140500;6;3;1;81;1;1598;1425;4.5
6396;6999;146404;6;3;1;81;0;1598;1425;4.5
6397;6950;88000;6;0;1;81;0;1399;1273;4.5
6398;6480;167322;6;3;2;81;0;1598;1425;4.5
6399;6990;229500;6;3;2;100;0;1598;1518;3.9
6400;6900;110000;6;3;1;80;0;1598;1425;4.5
6401;6690;198000;6;3;1;81;0;1598;1518;3.7
6402;6990;165000;6;3;1;81;0;1598;1518;3.7
6403;10790;39000;6;3;1;60;0;1598;1273;3
6404;10900;70000;6;3;1;81;0;1598;1350;3
6405;10900;102103;6;3;1;82;0;1598;1403;3.7
6406;10890;63699;5;3;3;85;1;1598;1425;6.3
6407;10890;64081;6;2;1;81;1;1598;1360;3.4
6408;10890;64081;6;2;1;81;1;1598;1360;3.4
6409;10870;95000;6;3;1;81;1;1598;1425;4.5
6410;10900;83000;6;3;1;100;1;1598;1364;4.5
6411;10980;62000;6;3;1;81;0;1598;1403;3.5
6412;10990;3898;6;2;1;74;0;1399;1273;5.4
6413;10860;86403;6;3;1;81;1;1598;1425;3.5
6414;10990;75342;6;3;2;81;1;1598;1425;3.5
6415;17750;16088;5;3;2;77;0;999;1163;4.1
6416;12900;59000;5;2;1;77;0;998;1288;4.3
6417;10880;13963;5;3;1;85;1;1598;1273;6.4
6418;10990;65000;6;2;1;110;0;1399;1273;5.1
6419;19950;12100;5;2;1;77;0;999;1163;4
6420;17690;50;5;1;1;77;0;999;1273;4.5
6421;10950;103953;6;3;1;81;0;1598;1235;3.3
6422;10950;100311;6;3;1;81;0;1399;1273;4.9
6423;10950;121000;6;3;1;81;0;1598;1273;3.7
6424;17360;11678;6;1;1;110;0;1399;1322;4.5
6425;10980;32500;5;3;1;85;0;1598;1425;6.3
6426;10950;100311;6;3;1;81;0;1399;1273;4.9
6427;10950;100311;6;3;1;81;0;1399;1273;4.9
6428;10950;100311;6;3;1;81;0;1399;1273;4.9
6429;10950;74182;6;2;1;81;0;1598;1360;3.5
6430;10950;90311;6;3;1;82;0;1598;1235;3.4
6431;10950;72458;5;3;1;85;0;1598;1549;6.3
6432;10950;84900;6;3;1;81;1;1598;1425;3.7
6433;10950;92693;6;3;1;81;1;1598;1425;3.5
6434;10950;86000;6;3;2;81;0;1598;1273;4.9
6435;10950;69429;5;3;2;74;0;1399;1364;5.5
6436;10950;100311;6;3;1;81;0;1399;1273;4.9
6437;10900;69900;6;3;1;81;0;1598;1550;3.7
6438;10950;78000;6;3;1;81;0;1598;1388;3.7
6439;10945;41569;6;3;1;70;0;1598;1273;4.9
6440;10945;121159;6;3;1;81;0;1598;1235;3
6441;10950;81490;6;3;2;103;1;1364;1425;6.4
6442;10900;16010;6;3;2;92;0;1399;1233;4.9
6443;10980;88909;6;3;2;70;1;1598;1273;3.7
6444;10980;89900;6;3;1;81;1;1598;1360;3.7
6445;10980;95400;6;3;1;81;0;1598;1364;3.4
6446;10980;67160;6;3;1;81;1;1598;1273;3.4
6447;10980;80800;6;3;1;81;1;1598;1360;3.6
6448;10980;107791;6;3;1;100;1;1598;1273;3.7
6449;10980;47176;6;3;1;92;0;1399;1273;4.9
6450;10980;73158;6;3;1;81;0;1598;1425;3.7
6451;10979;95000;6;3;1;81;1;1598;1403;3.6
6452;10960;24859;5;3;1;77;0;998;1273;4.3
6453;10960;42585;5;3;1;77;0;998;1209;4.3
6454;10960;50600;5;3;1;85;1;1598;1437;6.6
6455;10980;78300;6;3;1;81;0;1598;1273;4.9
6456;10979;48115;5;3;2;85;1;1598;1425;6.3
6457;10950;123840;6;3;2;81;0;1598;1235;3.3
6458;10950;153000;6;3;1;118;0;1598;1350;4
6459;10950;77619;6;2;1;81;0;1598;1403;3.6
6460;10900;81850;6;3;1;81;1;1598;1360;3.6
6461;18950;21500;5;2;1;76;0;999;1163;4.5
6462;16990;25350;5;1;1;77;0;999;1273;4.9
6463;10950;64868;6;3;1;81;1;1598;1518;3.7
6464;15950;57681;5;3;1;76;0;999;1178;4.2
6465;15870;33246;6;2;1;92;0;1399;1273;4.9
6466;15900;43218;5;3;1;77;0;999;1163;4.1
6467;15750;28100;5;3;2;77;1;999;1273;4.5
6468;14490;36000;5;3;2;77;1;999;1273;4.5
6469;15500;39350;6;2;1;77;0;998;1425;4.5
6470;14990;16000;5;1;1;77;0;999;1288;4.3
6471;14900;15300;5;2;1;77;0;999;1273;4.9
6472;18450;30725;5;2;1;76;0;999;1163;4.5
6473;10990;100000;6;3;1;100;1;1598;1425;3.8
6474;10990;3898;6;2;1;74;0;1399;1273;5.4
6475;10989;25698;5;1;1;77;0;999;1263;4.3
6476;13500;16200;6;2;1;77;0;1398;1273;4.9
6477;13499;48550;5;3;2;77;1;999;1320;4.5
6478;10989;25136;5;1;1;77;0;999;1263;4.3
6479;10989;40665;5;3;1;77;1;999;1273;4.3
6480;10980;38160;5;3;1;85;1;1598;1437;6.6
6481;10980;98110;6;3;1;100;1;1598;1425;3.9
6482;10980;102000;6;3;1;100;1;1598;1273;3.7
6483;10980;71354;6;3;1;70;1;1598;1425;3.6
6484;10980;81616;6;3;1;81;1;1598;1425;3.5
6485;10980;81616;6;3;1;81;1;1598;1425;3.5
6486;10980;71000;6;2;1;70;1;1598;1388;3.6
6487;10980;99077;6;3;1;100;0;1598;1273;4.9
6488;10900;99500;6;3;1;118;0;1598;1435;4
6489;10900;107900;6;3;1;100;0;1598;1403;4.6
6490;10900;61000;6;3;1;110;0;1400;1360;5.4
6491;10900;53900;6;3;1;81;0;1598;1550;3.7
6492;10900;82000;6;3;1;81;0;1598;1518;3.7
6493;10980;23400;5;3;2;77;0;998;1273;4.4
6494;10980;143098;6;3;1;100;0;1598;1273;4.9
6495;10900;110900;6;3;1;81;0;1598;1425;4.5
6496;10900;45800;6;3;1;81;0;1598;1273;3.6
6497;10900;72000;6;3;1;81;0;1598;1403;4.6
6498;10900;70000;6;3;1;70;0;1598;1273;3.6
6499;10900;122200;6;3;1;81;0;1598;1360;3.4
6500;10900;82672;6;3;1;81;0;1598;1350;3.7
6501;10900;140000;6;3;1;81;0;1598;1613;3.7
6502;10900;63359;5;3;1;85;1;1598;1425;6.3
6503;10900;140300;6;3;1;81;0;1598;1360;3.5
6504;10900;77000;6;2;1;81;0;1598;1275;3.5
6505;10900;87475;6;2;1;81;0;1598;1403;3.6
6506;10900;92440;6;3;1;81;0;1598;1425;3.6
6507;10900;158946;6;3;1;81;0;1598;1293;4.5
6508;10850;99000;6;3;1;81;1;1600;1425;4.5
6509;10900;70000;6;3;1;81;0;1598;1613;3.7
6510;10850;84500;6;3;1;81;1;1598;1425;3.7
6511;10850;99185;6;3;1;100;0;1598;1425;3.9
6512;10800;74000;6;2;1;110;0;1399;1278;5.1
6513;10840;98368;6;3;1;81;1;1598;1393;3.5
6514;10800;88000;6;3;1;81;0;1598;1403;3.6
6515;10800;33600;6;3;1;81;0;1598;1350;3.7
6516;10790;95900;6;3;1;81;0;1598;1425;3.5
6517;10800;101765;6;2;1;81;0;1598;1403;3.6
6518;10795;93000;6;3;1;81;0;1598;1425;3.5
6519;10791;23128;5;2;1;77;0;999;1263;4
6520;16000;10815;5;1;1;78;0;999;1364;4.4
6521;16300;27000;6;2;1;100;0;1598;1425;4.7
6522;16300;19998;6;1;1;110;0;1399;1273;5.5
6523;16450;26696;6;2;1;110;1;1399;1425;5.4
6524;16450;26696;6;2;1;110;1;1399;1425;5.4
6525;16290;19800;6;1;1;110;1;1399;1273;5.4
6526;16299;44396;6;2;1;101;0;1598;1273;4.9
6527;16370;29148;5;1;1;77;0;999;1263;5.5
6528;16200;33753;6;1;1;100;0;1598;1425;4.5
6529;16990;17;6;0;1;110;0;1399;1273;5.4
6530;16990;17;6;0;1;110;0;1399;1273;5.4
6531;16990;29998;6;1;1;110;0;1399;1425;5.6
6532;16990;31900;6;1;1;110;1;1399;1425;5.6
6533;16990;28146;6;1;1;110;0;1399;1425;5.6
6534;16990;6800;6;2;1;110;0;1399;1273;5.4
6535;16990;29537;6;1;1;100;0;1598;1273;4.4
6536;17900;17;6;0;1;110;0;1399;1273;5.4
6537;17890;24275;6;2;1;100;0;1598;1364;4.4
6538;17890;25203;6;2;1;101;0;1598;1425;4.5
6539;17890;45000;6;2;1;110;1;1399;1350;5.4
6540;17890;7098;6;2;1;110;0;1399;1425;5.4
6541;10990;3898;6;2;1;74;0;1399;1273;5.4
6542;17890;13743;6;1;1;110;1;1598;1425;5.6
6543;10990;3898;6;2;1;74;0;1399;1273;5.4
6544;10990;3898;6;2;1;74;0;1399;1273;5.4
6545;10990;3898;6;2;1;74;0;1399;1273;5.4
6546;10999;80754;6;2;1;70;1;1598;1425;3.6
6547;10990;3898;6;2;1;74;0;1399;1273;5.4
6548;10990;3898;6;2;1;74;0;1399;1273;5.4
6549;10990;3898;6;2;1;74;0;1399;1273;5.4
6550;10990;75035;6;2;1;81;1;1598;1350;3.4
6551;10990;3898;6;2;1;74;0;1399;1273;5.4
6552;10990;71713;6;2;1;81;1;1598;1273;3.4
6553;10990;3898;6;2;1;74;0;1399;1273;5.4
6554;10990;3898;6;2;1;74;0;1399;1273;5.4
6555;10990;3898;6;2;1;74;0;1399;1273;5.4
6556;10990;3898;6;2;1;74;0;1399;1273;5.4
6557;10990;3898;6;2;1;74;0;1399;1273;5.4
6558;10990;3898;6;2;1;74;0;1399;1273;5.4
6559;10990;3898;6;2;1;74;0;1399;1273;5.4
6560;10990;3898;6;2;1;74;0;1399;1273;5.4
6561;10990;3898;6;2;1;74;0;1399;1273;5.4
6562;10990;3898;6;2;1;74;0;1399;1273;5.4
6563;10990;3898;6;2;1;74;0;1399;1273;5.4
6564;10990;3898;6;2;1;74;0;1399;1273;5.4
6565;10990;3898;6;2;1;74;0;1399;1273;5.4
6566;10990;68254;6;2;1;81;1;1598;1393;3.5
6567;10990;3898;6;2;1;74;0;1399;1273;5.4
6568;10990;75000;6;2;1;81;0;1598;1328;3.6
6569;10990;3898;6;2;1;74;0;1399;1273;5.4
6570;10990;98188;6;2;1;81;0;1598;1940;3.5
6571;10990;3898;6;2;1;74;0;1399;1273;5.4
6572;10990;35000;6;2;1;81;0;1598;1503;3.7
6573;10990;104645;6;2;1;81;1;1598;1425;4.5
6574;10990;3898;6;2;1;74;0;1399;1273;5.4
6575;17890;15900;6;1;1;110;0;1399;1322;4.9
6576;17880;17278;6;1;1;110;1;1399;1335;5.5
6577;17870;17083;6;2;1;100;0;1598;1425;4.6
6578;17850;29900;6;1;1;110;1;1399;1425;5.1
6579;17850;29900;6;1;1;110;1;1399;1425;5.1
6580;17850;1145;6;1;2;110;0;1399;1273;5.5
6581;17850;17700;6;1;1;110;0;1399;1425;5.4
6582;17850;12091;6;1;1;100;1;1598;1425;4.5
6583;17850;29000;6;1;1;100;1;1598;1425;4.5
6584;17850;20300;6;1;1;110;0;1399;1308;5.4
6585;17850;25622;6;1;1;110;1;1400;1341;4.9
6586;17850;23300;6;1;1;110;1;1399;1425;5.6
6587;17850;29195;6;1;1;110;0;1598;1425;4.5
6588;17840;28931;6;1;1;100;0;1598;1425;4.5
6589;17790;21825;6;1;1;110;1;1399;1425;5.6
6590;17780;25107;6;1;1;110;1;1399;1350;5.4
6591;17750;6764;5;1;1;77;0;999;1425;4.3
6592;17725;28880;6;1;1;110;1;1399;1350;5.6
6593;17700;56000;6;2;1;100;0;1598;1425;4.5
6594;17690;28774;6;1;1;100;0;1598;1425;4.5
6595;17690;5500;6;1;1;110;0;1399;1273;5.7
6596;17680;8071;5;1;1;77;1;998;1288;4.5
6597;17680;25281;6;1;1;100;1;1598;1364;4.4
6598;17675;24772;6;1;1;100;0;1598;1456;4.8
6599;17650;17712;5;1;1;77;0;997;1273;4.9
6600;17640;24756;6;1;1;110;0;1399;1273;5.5
6601;17600;16000;6;2;2;100;0;1598;1425;4.5
6602;17600;14754;6;1;1;110;1;1399;1425;5.6
6603;17590;11534;6;1;1;110;0;1399;1278;5.4
6604;17500;25078;6;1;1;110;0;1399;1308;5.4
6605;17500;9451;5;1;1;77;0;999;1273;4.3
6606;17495;23780;6;1;1;77;0;999;1263;4.9
6607;17490;33000;6;1;1;100;0;1598;1425;4.6
6608;16990;38758;6;1;1;110;1;1598;1425;5.6
6609;17290;20337;6;1;1;110;0;1399;1273;5.5
6610;17840;29891;6;1;1;100;0;1598;1425;4.5
6611;17280;30298;6;1;1;110;1;1399;1410;5.1
6612;17250;23386;6;1;1;110;0;1399;1273;5.4
6613;17300;27396;6;1;1;100;0;1598;1425;4.7
6614;17260;24853;6;1;1;110;1;1398;1273;4.9
6615;17250;13200;6;2;1;110;1;1399;1425;5.4
6616;17250;14234;6;2;1;110;1;1399;1273;5.4
6617;17250;19700;6;1;1;110;1;1399;1273;5.4
6618;17199;45085;6;2;1;100;0;1598;1425;4.5
6619;17190;24667;6;1;1;110;0;1399;1278;5.4
6620;17190;12447;6;1;1;110;0;1399;1273;5.4
6621;17000;24245;6;1;1;110;0;1399;1425;5.6
6622;17100;25100;6;1;1;100;0;1598;1425;4.7
6623;17000;19200;6;1;2;110;0;1399;1350;5.4
6624;16990;800;6;1;2;85;0;1598;1318;7.3
6625;16999;2664;5;1;1;77;1;999;1273;4.7
6626;16999;28616;6;1;1;100;0;1598;1273;4.5
6627;16999;6;6;0;1;110;1;1399;1449;6.3
6628;16990;24987;6;1;1;100;0;1598;1425;4.5
6629;16998;47563;6;2;1;100;0;1598;1425;4.5
6630;17000;22621;6;1;1;110;0;1399;1425;5.6
6631;16990;11148;6;1;1;100;0;1598;1900;4.4
6632;16990;23765;6;1;1;110;1;1399;1425;5.6
6633;16989;23685;6;1;1;110;0;1399;1425;5.4
6634;16989;28512;6;1;1;110;0;1399;1425;5.6
6635;16980;20700;6;1;1;110;1;1399;1322;4.9
6636;16990;4200;6;1;1;110;0;1399;1278;4.9
6637;16980;28978;6;1;1;110;0;1399;1425;5.6
6638;16989;19115;6;1;1;110;1;1399;1425;4.9
6639;16980;25900;6;1;1;110;1;1399;1322;4.9
6640;17490;22368;6;1;1;110;1;1399;1350;5.4
6641;17490;26500;6;1;1;100;0;1598;1350;4.6
6642;17489;53836;6;2;1;110;0;1399;1273;5.5
6643;17489;16776;6;1;1;110;1;1399;1425;4.9
6644;17490;16286;6;1;1;110;1;1399;1273;5.4
6645;17490;33000;6;1;1;100;0;1598;1425;4.6
6646;16980;29980;6;1;1;110;0;1399;1425;5.6
6647;16980;29750;6;1;1;110;1;1399;1308;5.7
6648;16980;11600;6;1;1;110;0;1399;1273;4.9
6649;16980;24638;6;1;1;100;0;1598;1425;4.5
6650;16998;50495;6;2;1;100;0;1598;1425;4.5
6651;16900;29900;6;1;1;100;0;1598;1425;4.5
6652;16900;6227;6;1;1;77;1;999;1408;4.5
6653;16899;5895;5;1;1;77;1;999;1273;4.7
6654;16900;28928;6;1;2;100;0;1598;1415;4.5
6655;16890;27845;6;1;1;110;0;1399;1273;5.5
6656;16890;29890;6;1;1;110;0;1399;1273;5.5
6657;16890;7517;6;1;1;100;0;1598;1425;4.5
6658;16980;29644;6;2;1;110;1;1399;1341;4.9
6659;17489;29069;6;1;1;110;1;1399;1425;5.6
6660;17480;27453;6;1;1;110;0;1399;1273;5.5
6661;17480;24538;6;1;1;110;0;1399;1308;5.4
6662;17470;18488;6;1;1;100;1;1598;1403;4.6
6663;17450;27168;6;1;1;110;0;1399;1425;5.6
6664;17450;29745;6;1;1;110;0;1399;1425;5.5
6665;17440;11287;6;1;1;110;1;1399;1273;5.5
6666;17430;9900;6;1;1;110;0;1399;1278;4.9
6667;17400;42000;6;2;1;100;0;1598;1350;4.6
6668;17400;31066;5;2;1;77;0;999;1163;4.3
6669;17400;62000;6;2;3;110;0;1399;1350;5.4
6670;17350;12219;6;1;1;77;1;999;1425;4.5
6671;17350;28790;6;1;1;110;0;1399;1273;5.5
6672;16980;13200;6;1;1;100;1;1598;1425;4.6
6673;16980;23002;6;1;1;110;0;1399;1425;5.6
6674;16980;13200;6;1;1;100;1;1598;1425;4.6
6675;16979;28580;6;1;1;100;1;1598;1425;4.6
6676;16970;22475;6;2;3;100;0;1598;1318;4.3
6677;16950;43847;5;2;3;77;0;999;1178;4.3
6678;16950;29178;6;1;1;110;1;1598;1425;5.6
6679;16950;22200;6;1;1;100;0;1598;1415;4.6
6680;16950;12500;6;1;1;100;1;1598;1425;4.5
6681;16925;25170;6;1;1;100;0;1600;1425;4.5
6682;16900;4000;5;2;3;77;0;998;1198;4.3
6683;16900;28576;6;1;1;110;0;1399;1425;5.6
6684;16900;22859;6;1;1;110;1;1399;1425;5.6
6685;16900;25800;6;2;3;100;0;1598;1403;3.9
6686;16900;14000;6;1;1;100;1;1598;1425;4.5
6687;16890;19280;6;1;1;110;0;1396;1273;4.9
6688;16880;9050;6;2;1;77;0;998;1273;4.4
6689;16880;29335;6;1;1;100;1;1598;1425;4.5
6690;16800;28801;6;1;1;110;0;1399;1425;5.6
6691;16790;25000;6;1;1;110;0;1399;1273;5.5
6692;16790;26097;6;1;1;100;0;1598;1425;4.5
6693;16770;7980;6;1;2;110;0;1399;1425;4.5
6694;16750;5750;6;1;1;100;1;1598;1273;4.5
6695;16750;24450;6;1;1;110;1;1399;1425;5.6
6696;16725;37770;5;2;1;77;0;999;1178;4.6
6697;16690;27023;6;1;1;110;0;1396;1425;4.5
6698;16690;20940;6;2;1;100;0;1598;1441;4.5
6699;16900;29000;6;1;1;100;0;1598;1425;4.5
6700;17300;10000;6;1;1;100;0;1598;1425;4.7
6701;16690;26732;6;1;1;100;0;1598;1975;4.5
6702;16690;4700;6;2;1;110;0;1399;1322;4.9
6703;16680;24829;6;1;1;110;0;1399;1273;5.4
6704;16666;18714;6;1;1;77;0;999;1425;4.3
6705;16590;17000;6;2;1;110;0;1399;1308;5.5
6706;16580;24938;6;1;1;110;0;1399;1273;5.4
6707;16580;25773;6;1;1;110;0;1399;1273;5.4
6708;16500;67000;6;2;1;100;0;1598;1350;4.6
6709;16500;24500;5;1;1;77;0;999;1263;4.4
6710;16500;17759;5;2;1;77;0;999;1273;4.1
6711;16500;43344;6;1;1;100;0;1598;1273;4
6712;16500;15300;5;1;1;77;0;999;1273;4.1
6713;16500;30800;6;2;1;110;1;1399;1425;5.4
6714;16499;26322;6;2;1;101;0;1598;1360;4
6715;16495;6677;6;2;1;110;0;1399;1278;4.9
6716;16490;10677;6;1;1;100;0;1598;1425;4.5
6717;16495;29522;6;2;1;100;0;1598;1364;4.3
6718;16490;23100;6;2;1;100;1;1598;1425;4.5
6719;16690;28605;6;1;1;100;0;1598;1975;4.5
6720;16489;38750;6;1;1;110;1;1399;1425;5.9
6721;16490;4000;6;1;1;77;0;999;1273;4.1
6722;16480;16700;6;2;1;100;0;1598;1273;4.9
6723;16474;17000;6;1;1;110;1;1399;1273;4.9
6724;16000;32000;6;2;1;100;0;1598;1425;4.5
6725;16000;16582;6;2;1;100;0;1598;1425;3.5
6726;16000;32000;6;2;1;100;0;1598;1425;4.5
6727;16050;15947;6;2;1;100;0;1598;1425;3.5
6728;16000;15178;6;2;1;100;0;1598;1425;3.5
6729;16190;37000;6;2;1;100;0;1598;1425;4.7
6730;16000;16282;6;2;1;100;0;1598;1425;3.5
6731;16000;16614;6;2;1;100;0;1598;1425;3.5
6732;16000;34700;6;1;2;110;0;1399;1350;5.7
6733;16000;1300;6;2;1;100;1;1598;1273;4.4
6734;11790;25438;5;2;1;74;1;1399;1425;4.5
6735;11840;68250;6;2;1;81;1;1598;1403;3.5
6736;11790;62387;6;2;1;92;0;1400;1360;4
6737;11500;62000;6;2;1;80;0;1399;1273;4.9
6738;11600;19000;6;2;1;81;0;1598;1350;3.7
6739;12450;90457;6;2;1;81;0;1598;1235;3.3
6740;12450;50000;6;1;2;81;0;1598;1403;3.8
6741;11990;17000;5;2;1;74;0;1399;1244;5.4
6742;11870;38169;6;2;1;81;1;1598;1273;3.4
6743;12500;37460;5;2;1;78;0;999;1364;4.4
6744;12300;62543;6;2;1;81;0;1598;1403;3.6
6745;12500;53500;6;2;2;92;0;1399;1278;4.9
6746;12900;29000;6;2;2;81;0;1598;1350;3
6747;12500;65000;6;2;2;81;0;1598;1360;3.5
6748;12945;15250;6;2;1;70;1;1598;1273;3.6
6749;12940;19000;5;2;1;78;0;999;1364;4.4
6750;12955;37527;6;2;1;81;0;1598;1360;3.7
6751;12955;37527;6;2;1;81;0;1598;1360;3.7
6752;12950;17586;5;2;1;77;0;998;1209;4.3
6753;12950;37635;6;2;1;81;0;1598;1403;3.6
6754;12740;27222;6;2;1;81;1;1598;1273;3.4
6755;12985;49500;6;2;1;77;0;999;1425;4.3
6756;12900;42018;5;1;1;77;0;999;1263;4.4
6757;12900;23000;6;2;1;92;0;1399;1278;5.1
6758;12900;26000;6;2;1;81;0;1598;1403;3.5
6759;12900;41256;6;2;1;81;0;1598;1328;3.6
6760;12990;40200;6;2;1;81;1;1598;1425;3.5
6761;12980;35870;5;2;1;74;1;1399;1244;5.4
6762;12980;40306;6;2;1;81;1;1598;1393;3.5
6763;12980;45107;5;2;1;77;1;999;1273;4.3
6764;12980;11284;6;2;1;70;1;1598;1388;3.6
6765;12980;58200;6;2;1;81;0;1598;1403;3.5
6766;12980;40306;6;2;1;81;1;1598;1393;3.5
6767;12980;52575;6;2;1;81;1;1598;1393;3.5
6768;12978;11268;5;1;2;74;0;1398;1273;4.9
6769;12990;12179;5;1;1;77;0;999;1273;4.9
6770;12990;23255;5;2;2;77;0;999;1284;4.3
6771;12990;41000;6;2;1;81;0;1598;1364;3.3
6772;12990;6493;5;2;1;77;0;998;1364;4.4
6773;12990;82769;6;2;1;81;1;1598;1273;3.5
6774;12990;30716;6;2;1;81;0;1598;1940;3.5
6775;12990;92053;6;2;1;100;0;1598;1950;3.8
6776;12990;88560;6;2;1;81;1;1598;1425;3.5
6777;12990;53887;5;2;1;78;0;999;1364;4.4
6778;12990;64000;6;2;1;81;0;1598;1350;3
6779;12990;30322;6;2;1;81;0;1598;1940;3.5
6780;12990;61000;6;2;1;81;0;1598;1345;3.3
6781;12990;53887;5;2;1;78;0;999;1364;4.4
6782;12990;53951;5;2;1;74;0;1399;1273;5.4
6783;12990;37450;6;2;1;100;0;1598;1273;4.9
6784;12990;30;5;2;1;74;0;1399;1244;5.4
6785;12990;28861;6;2;1;81;1;1598;1425;3.5
6786;12974;47500;6;2;1;92;1;1399;1273;5.4
6787;12990;11000;5;2;1;74;0;1399;1273;5.4
6788;12955;37527;6;2;1;81;0;1598;1360;3.7
6789;12955;37527;6;2;1;81;0;1598;1360;3.7
6790;12970;43159;6;2;1;81;1;1598;1425;3.5
6791;12955;37527;6;2;1;81;0;1598;1360;3.7
6792;12970;43159;6;2;1;81;1;1598;1425;3.5
6793;12955;37527;6;2;1;81;0;1598;1360;3.7
6794;12955;37527;6;2;1;81;0;1598;1360;3.7
6795;12955;37527;6;2;1;81;0;1598;1360;3.7
6796;12890;29587;6;2;2;81;1;1598;1425;4.2
6797;12900;60;5;1;1;77;0;999;1263;4.3
6798;12955;37527;6;2;2;81;0;1598;1360;3.7
6799;12955;37527;6;2;2;81;0;1598;1360;3.7
6800;12890;34720;5;2;2;74;0;1399;1273;5.4
6801;12880;75000;6;2;1;81;0;1598;1425;3.5
6802;12864;120000;6;2;1;81;0;1398;1273;4.9
6803;12880;49554;6;2;1;81;1;1598;1425;3.5
6804;12799;72486;6;2;1;92;0;1399;1425;5.1
6805;12850;67000;6;2;1;100;0;1598;1985;3.9
6806;12800;36000;6;2;1;92;0;1399;1278;4.9
6807;12800;72783;6;2;1;100;0;1598;1364;3.8
6808;12850;49800;6;2;1;81;0;1598;1425;3.5
6809;12770;87015;5;2;1;77;0;998;1233;4.5
6810;12750;15000;6;2;1;74;0;1399;1273;5.4
6811;12955;37527;6;2;1;81;0;1598;1360;3.7
6812;12950;46100;6;2;1;81;1;1598;1403;3.5
6813;12950;42000;5;2;1;77;0;1000;1273;4.9
6814;12925;53855;6;2;1;81;0;1600;1273;4.9
6815;12900;32900;6;2;1;81;0;1598;1350;3.7
6816;12940;82236;6;2;1;82;0;1598;1293;3.5
6817;12900;61000;6;2;1;81;0;1598;1350;3.7
6818;12900;20938;6;2;1;81;0;1598;1360;3.7
6819;12900;76000;5;2;1;77;0;998;1273;4.4
6820;12900;12300;6;2;1;81;0;1598;1360;3.7
6821;12900;15900;5;1;1;77;0;999;1273;4.5
6822;12900;14300;6;1;1;81;0;1598;1360;3.7
6823;12900;49000;6;2;1;81;1;1598;1425;3.5
6824;12900;76000;6;2;1;81;0;1598;1273;3.5
6825;12500;65000;6;2;1;81;0;1598;1360;3.5
6826;12500;85000;6;2;1;100;0;1598;1425;6
6827;12500;72700;5;2;1;77;0;999;1273;4.5
6828;12495;18400;5;2;1;77;0;999;1263;4.3
6829;12495;45538;5;2;1;78;0;999;1360;4
6830;12500;25200;6;2;1;88;0;1364;1459;6.3
6831;12500;42813;5;2;1;78;0;999;1364;4.4
6832;12500;50000;6;1;1;81;0;1598;1350;3.7
6833;12490;32500;6;2;1;81;1;1598;1273;3.5
6834;12490;83200;6;2;1;81;0;1598;1403;3.6
6835;12490;15146;6;2;1;81;1;1598;1273;3.4
6836;12490;8000;5;2;1;77;0;998;1273;4.9
6837;12480;39792;6;2;1;81;1;1598;1393;3.5
6838;12489;63200;5;1;1;77;1;999;1273;4.5
6839;12490;87850;6;2;1;81;0;1598;1360;3.4
6840;12480;62171;6;2;1;81;1;1598;1393;3.6
6841;12680;37736;6;2;1;81;1;1598;1273;3.4
6842;12700;57900;6;2;1;92;0;1399;1322;5.1
6843;12700;66833;6;2;1;82;0;1598;1293;3.5
6844;12460;43816;6;2;1;81;1;1598;1425;3.5
6845;12690;24939;6;2;1;77;1;999;1273;4.3
6846;12680;32754;6;2;1;81;1;1598;1273;3.4
6847;12700;57900;6;2;1;92;0;1399;1322;5.1
6848;12680;32882;6;2;1;81;1;1598;1393;3.5
6849;12670;23472;6;2;1;81;1;1598;1273;3.4
6850;12670;35470;6;2;1;81;1;1598;1403;3.5
6851;12660;62929;6;2;1;81;1;1598;1425;3.5
6852;12636;23176;6;2;1;81;0;1598;1360;3.7
6853;12670;35470;6;2;1;81;1;1598;1403;3.5
6854;12660;62929;6;2;1;81;1;1598;1425;3.5
6855;12650;55756;6;2;1;81;1;1598;1425;4.5
6856;12636;23176;6;2;1;81;0;1598;1360;3.7
6857;12636;23176;6;2;1;81;0;1598;1360;3.7
6858;12636;23176;6;2;1;81;0;1598;1360;3.7
6859;12636;23176;6;2;1;81;0;1598;1360;3.7
6860;12636;23176;6;2;1;81;0;1598;1360;3.7
6861;12636;23176;6;2;1;81;0;1598;1360;3.7
6862;12299;43532;6;2;1;81;1;1598;1425;3.7
6863;12290;33510;6;2;1;81;1;1598;1273;4.9
6864;12290;39008;6;2;1;81;1;1598;1273;3.4
6865;12250;39727;6;2;1;81;0;1598;1328;3.6
6866;12250;41116;6;2;1;81;0;1598;1328;3.6
6867;12250;47337;6;2;1;81;0;1598;1328;3.6
6868;12250;42756;6;2;1;81;0;1598;1328;3.6
6869;12200;54000;6;2;1;81;0;1598;1360;3.5
6870;12280;59000;6;2;1;81;0;1598;1425;4.5
6871;12250;48842;6;2;1;81;0;1598;1328;3.6
6872;12190;72000;6;2;2;100;0;1598;1273;3.8
6873;11999;58625;6;1;1;81;0;1598;1350;3
6874;11999;61000;6;2;2;81;0;1598;1350;3
6875;12190;54444;5;2;1;74;0;1399;1244;5.4
6876;11999;44000;6;2;1;81;0;1598;1403;3.6
6877;12130;28588;6;2;1;81;1;1598;1350;3.4
6878;12000;43000;5;2;1;77;0;998;1273;4.4
6879;12000;73000;6;2;2;100;0;1598;1378;4.4
6880;12000;31000;6;2;2;81;0;1598;1403;3.6
6881;12636;23176;6;2;2;81;0;1598;1360;3.7
6882;12625;71905;6;2;1;81;0;1600;1273;4.9
6883;12600;49800;6;2;2;100;0;1598;1403;3.8
6884;12590;39041;6;2;1;81;1;1598;1350;3.4
6885;11990;42334;6;2;1;81;1;1598;1350;3.4
6886;12636;23176;6;2;1;81;0;1598;1360;3.7
6887;12636;23176;6;2;1;81;0;1598;1360;3.7
6888;12636;23176;6;2;1;81;0;1598;1360;3.7
6889;12550;57012;6;2;1;81;0;1598;1328;3.6
6890;12540;65213;6;2;1;81;0;1598;1378;3.5
6891;12530;27570;6;2;1;81;1;1598;1273;3.4
6892;12530;33627;6;2;1;81;1;1598;1350;3.4
6893;12590;30368;6;2;1;81;1;1598;1350;3.4
6894;12590;30368;6;2;1;81;1;1598;1350;3.4
6895;12570;46795;6;2;1;81;1;1598;1393;3.5
6896;12570;46795;6;2;1;81;1;1598;1393;3.5
6897;12500;100000;6;2;1;81;0;1598;1289;4.3
6898;12500;23679;5;2;2;77;0;999;1273;4.3
6899;12500;45073;5;2;2;77;0;1598;1360;4
6900;12500;45073;5;2;2;77;0;1598;1360;4
6901;12500;74800;6;2;1;81;0;1598;1425;4.5
6902;12460;43816;6;2;1;81;1;1598;1425;3.5
6903;12450;50000;6;1;1;81;0;1598;1403;3.8
6904;12450;50000;6;1;1;81;0;1598;1403;3.8
6905;12445;96519;6;2;1;82;0;1598;1293;3.5
6906;12411;43465;6;1;1;100;0;1598;1350;3
6907;12400;47000;6;2;1;81;0;1598;1403;3.6
6908;12400;59800;6;2;1;81;0;1598;1403;3.5
6909;12450;73000;6;2;1;81;1;1598;1403;3.5
6910;12400;21850;6;2;1;81;0;1598;1425;3.3
6911;12400;59800;6;2;2;81;0;1598;1403;3.5
6912;12399;53041;6;2;1;81;0;1598;1425;3.6
6913;12395;52300;5;1;1;77;0;999;1263;4.4
6914;11990;68500;6;2;1;81;0;1598;1403;3.5
6915;12395;49800;5;1;1;77;0;999;1263;4.4
6916;12350;25521;6;2;1;81;0;1598;1425;3.6
6917;12340;44179;6;2;1;81;1;1598;1393;3.5
6918;11990;56000;6;2;1;70;0;1598;1273;3.6
6919;12300;26986;6;2;1;81;0;1598;1425;3.6
6920;11990;64000;6;2;1;81;0;1598;1425;3.7
6921;11990;63657;6;2;1;70;0;1598;1273;3.7
6922;11990;64000;6;2;1;81;0;1598;1425;3.7
6923;11990;56000;6;2;1;70;0;1598;1425;3.6
6924;11990;23300;5;2;1;74;0;1399;1273;5.4
6925;11990;69874;6;2;1;70;1;1598;1425;3.6
6926;11990;14465;6;2;1;100;0;1598;1503;3.9
6927;11990;64000;6;2;1;81;0;1598;1425;3.7
6928;11990;46000;6;2;1;77;1;999;1273;4.4
6929;11990;70780;6;2;1;81;1;1598;1503;3.6
6930;11990;41000;6;2;1;81;0;1598;1273;3.6
6931;11990;25728;6;2;1;81;1;1598;1273;3.4
6932;11990;44645;6;2;1;81;1;1598;1503;3.6
6933;11990;83008;6;2;1;81;1;1598;1503;3.7
6934;11982;41023;6;2;2;74;0;1399;1273;5.4
6935;11990;66000;6;2;1;81;0;1598;1475;3.5
6936;11950;45400;6;2;1;81;0;1598;1360;3.7
6937;11980;35350;6;2;1;81;1;1598;1273;3.4
6938;11950;86300;6;2;1;81;1;1598;1403;3.5
6939;11950;57000;6;1;1;81;0;1598;1985;3.6
6940;11950;93784;6;2;2;70;0;1598;1425;3.6
6941;11940;65447;6;2;1;81;1;1598;1425;3.5
6942;11940;65447;6;2;1;81;1;1598;1425;3.5
6943;11900;1550;6;2;1;81;0;1598;1360;3.7
6944;11900;80274;6;2;1;81;0;1598;1350;3.7
6945;11900;21896;6;2;1;81;0;1598;1328;3.6
6946;11900;70090;6;2;1;100;0;1598;1425;4.5
6947;11900;29000;5;2;1;74;0;1399;1188;5.4
6948;11900;41000;6;2;1;81;0;1598;1273;3.6
6949;11900;9300;6;1;1;81;0;1598;1328;3.6
6950;11890;49000;5;1;1;77;0;999;1263;4.4
6951;11890;65666;6;2;1;81;1;1598;1425;3.5
6952;11880;124112;6;2;1;100;1;1598;1425;3.8
6953;11870;45989;6;2;1;81;1;1598;1350;3.4
6954;11570;68804;6;2;1;81;1;1598;1393;3.5
6955;11890;65666;6;2;1;81;1;1598;1425;3.5
6956;11590;54846;6;2;1;81;1;1598;1350;3.4
6957;11590;37900;6;2;1;81;0;1598;1273;4.9
6958;11599;95000;6;2;1;81;1;1598;1403;3.6
6959;11560;76140;6;2;1;81;1;1598;1393;3.5
6960;11570;68804;6;2;1;81;1;1598;1393;3.5
6961;11500;18000;5;2;1;77;0;998;1273;4.3
6962;11500;38000;6;2;1;81;0;1598;1360;4.6
6963;11500;105464;6;2;1;81;0;1598;1293;3.4
6964;11500;48000;5;1;1;77;0;999;1263;4.4
6965;11500;105464;6;2;1;81;0;1598;1293;3.4
6966;11499;63578;6;2;1;81;0;1598;1360;3.7
6967;11490;83436;6;2;1;81;1;1598;1393;3.5
6968;11490;83436;6;2;1;81;1;1598;1393;3.5
6969;11470;44787;6;2;1;81;1;1598;1360;3.4
6970;11980;37047;6;2;1;81;1;1598;1360;3.4
6971;11980;35875;6;2;1;81;1;1598;1273;3.4
6972;11980;66767;6;2;1;70;1;1598;1425;3.6
6973;11980;69186;6;2;1;81;1;1598;1393;3.5
6974;11980;69186;6;2;1;81;1;1598;1393;3.5
6975;11980;86590;6;2;1;70;1;1598;1360;3.6
6976;11980;29900;6;2;1;81;0;1598;1364;3.5
6977;11955;39754;6;2;1;92;0;1399;1278;5.1
6978;11955;39754;6;2;1;92;0;1399;1278;5.1
6979;11470;40000;6;2;1;70;0;1598;1345;3.6
6980;11975;38500;5;2;2;74;1;1399;1244;5.4
6981;11955;39754;6;2;2;92;0;1399;1278;5.1
6982;11955;39754;6;2;2;92;0;1399;1278;5.1
6983;11955;39754;6;2;2;92;0;1399;1278;5.1
6984;11955;39754;6;2;2;92;0;1399;1278;5.1
6985;11955;39754;6;2;2;92;0;1399;1278;5.1
6986;11955;39754;6;2;2;92;0;1399;1278;5.1
6987;11955;39754;6;2;2;92;0;1399;1278;5.1
6988;11955;39754;6;2;2;92;0;1399;1278;5.1
6989;11955;39754;6;2;2;92;0;1399;1278;5.1
6990;11950;79352;6;2;1;92;0;1399;1278;5.1
6991;11450;56000;6;2;1;92;0;1399;1778;5.1
6992;11450;65196;6;2;1;81;1;1598;1350;3.6
6993;11450;62733;6;2;1;81;0;1598;1425;3.7
6994;11440;87878;6;2;1;81;1;1598;1393;3.5
6995;11400;98000;6;2;1;81;0;1598;1364;3.4
6996;11400;77496;6;2;1;81;0;1598;1273;4.9
6997;11400;70177;6;2;1;81;0;1598;1360;3.5
6998;11400;42113;6;2;1;81;0;1598;1360;3.5
6999;11390;83208;6;2;1;100;0;1598;1425;4.5
7000;11370;78000;6;2;1;70;0;1598;1345;3.6
7001;11340;72834;6;2;1;81;1;1598;1425;3.5
7002;11340;72834;6;2;1;81;1;1598;1425;3.5
7003;11320;50982;6;2;1;81;1;1598;1350;3.4
7004;11300;50000;6;2;1;81;0;1598;1350;3.7
7005;11300;68000;6;2;1;80;0;1399;1273;4.9
7006;11270;46188;6;2;1;81;1;1598;1273;3.6
7007;11270;46188;6;2;1;81;1;1598;1273;3.6
7008;11230;77668;6;2;1;81;1;1598;1425;3.5
7009;11200;100000;6;2;2;81;0;1598;1475;3.5
7010;11190;63120;6;2;1;81;1;1598;1273;3.4
7011;11730;52327;6;2;1;81;1;1598;1350;3.4
7012;11740;45066;6;2;1;81;1;1598;1350;3.4
7013;11700;75891;6;2;1;110;0;1364;1273;4.9
7014;11700;79993;6;2;1;110;0;1364;1273;4.9
7015;11700;68764;6;2;1;110;0;1364;1273;4.9
7016;11700;62384;6;2;1;110;0;1364;1273;4.9
7017;11700;62301;6;2;1;110;0;1364;1273;4.9
7018;11700;77272;6;2;1;110;0;1364;1273;4.9
7019;11700;69035;6;2;1;110;0;1364;1273;4.9
7020;11700;45754;6;2;1;81;0;1600;1360;3.7
7021;11700;48109;6;2;1;81;0;1600;1360;3.7
7022;11700;50715;6;2;1;81;0;1600;1360;3.7
7023;11700;54011;6;2;1;81;0;1600;1360;3.7
7024;11700;48939;6;2;1;81;0;1600;1360;3.7
7025;11700;54000;6;2;1;92;0;1399;1278;4.9
7026;11680;45673;6;2;1;81;1;1598;1360;3.4
7027;11670;40843;6;2;1;81;1;1598;1273;3.4
7028;17940;18400;6;1;1;110;0;1399;1425;4.9
7029;17990;24106;6;1;1;110;1;1399;1278;5.4
7030;17990;4259;6;1;1;110;0;1399;1278;5.4
7031;17985;19000;6;1;1;110;1;1399;1298;5.5
7032;17980;26990;6;1;1;100;1;1598;1273;4.5
7033;17980;25101;6;1;1;110;0;1399;1425;5.6
7034;17980;23170;6;1;1;110;1;1399;1425;5.1
7035;17980;29500;6;1;1;100;1;1598;1425;4.5
7036;17980;24067;6;1;1;110;1;1399;1273;4.9
7037;18350;31600;6;1;1;100;1;1598;1425;4.5
7038;18525;19990;6;1;1;110;0;1399;1308;5.6
7039;18350;23800;6;1;1;110;1;1399;1425;5.6
7040;18250;29303;6;1;1;100;1;1598;1364;4.3
7041;18350;15700;6;1;1;110;1;1399;1350;5.4
7042;18461;18549;6;1;1;100;0;1598;1425;4.5
7043;18490;28326;6;1;1;110;1;1399;1308;5.4
7044;18790;21150;6;1;1;110;0;1399;1278;5.4
7045;18950;28305;6;1;1;110;1;1399;1273;5.5
7046;18950;29047;6;1;1;110;0;1399;1425;5.6
7047;18900;24100;6;1;1;110;0;1399;1308;5.4
7048;18950;16864;6;1;1;110;1;1399;1425;5.6
7049;18950;24353;6;1;1;110;1;1400;1388;4.5
7050;18950;22019;6;1;1;110;1;1399;1425;5.6
7051;18989;7429;6;1;1;110;0;1399;1425;5.4
7052;18989;11896;6;1;1;110;0;1399;1425;5.4
7053;18989;10920;6;1;1;110;0;1399;1425;5.4
7054;18990;1501;6;0;1;100;0;1598;1364;4.5
7055;18990;22568;6;1;1;110;1;1400;1425;5.6
7056;18989;14708;6;1;1;110;0;1399;1425;5.4
7057;18989;26344;6;1;1;110;1;1598;1425;5.5
7058;18990;28084;6;1;1;110;1;1399;1273;5.5
7059;18990;20210;6;1;1;110;0;1399;1273;4.9
7060;18990;21800;6;1;1;110;0;1399;1425;4.5
7061;18990;50;6;1;1;100;0;1598;1364;4.5
7062;18990;26500;6;1;2;100;1;1598;1425;4.5
7063;18990;15267;6;1;1;110;1;1399;1425;5.6
7064;18990;23950;6;1;1;110;1;1399;1425;5.1
7065;18990;15;5;0;1;77;1;999;1273;4.5
7066;18990;18605;6;1;1;110;1;1399;1425;5.1
7067;18990;28590;6;1;1;110;0;1399;1273;5.5
7068;18990;23255;6;1;1;110;1;1399;1388;4.5
7069;18990;37649;6;1;1;100;0;1598;1425;4.5
7070;18989;8265;6;1;1;110;0;1399;1425;5.4
7071;18990;35600;6;1;1;110;0;1399;1425;5.4
7072;18989;15973;6;1;1;110;0;1399;1425;5.4
7073;18990;4000;6;0;1;110;1;1400;1425;6
7074;18990;28999;6;1;1;110;1;1399;1388;4.5
7075;18990;20661;6;1;1;110;1;1399;1308;5.4
7076;18980;13980;6;1;1;110;1;1399;1425;5.1
7077;18980;29304;6;1;1;110;1;1399;1425;5.1
7078;18980;28616;6;1;1;110;0;1399;1278;5.6
7079;18980;8607;6;1;1;110;1;1400;1388;4.5
7080;18980;17890;6;1;1;110;0;1399;1425;5.6
7081;18980;24700;6;1;1;110;1;1399;1273;4.9
7082;18975;26468;6;1;1;110;1;1399;1350;5.4
7083;18975;17600;6;1;1;110;1;1399;1322;5.5
7084;18975;23751;6;1;1;110;0;1399;1350;5.4
7085;18980;15000;6;1;1;110;0;1399;1425;4.5
7086;18970;27100;6;1;1;100;0;1598;1425;4.5
7087;18780;13046;6;1;1;100;1;1598;1364;4.4
7088;18975;15521;6;1;1;110;0;1399;1350;5.4
7089;18975;67500;6;1;1;100;0;1600;1273;4.9
7090;18950;23486;6;1;1;110;1;1399;1425;5.6
7091;18780;28612;6;1;1;110;1;1399;1350;5.4
7092;18750;20435;6;1;1;110;1;1399;1425;5.1
7093;18750;15756;6;1;1;110;0;1399;1425;5.6
7094;18750;28968;6;1;1;110;1;1399;1425;5.6
7095;18750;5000;6;0;1;110;1;1400;1425;6
7096;18730;17771;6;1;1;110;0;1399;1340;5.6
7097;18700;17400;6;1;1;110;0;1399;1425;5.6
7098;18690;23900;6;1;1;110;0;1399;1425;4.9
7099;18690;21650;6;1;1;110;1;1399;1308;5.7
7100;18680;28791;6;1;1;100;1;1598;1425;4.5
7101;18590;14780;6;1;1;110;0;1399;1340;5.6
7102;18680;29017;6;1;1;110;0;1398;1425;4.5
7103;18590;10296;6;1;1;110;0;1399;1340;5.6
7104;18599;1647.362609;6;0;1;100;0;1598;1350;4
7105;18599;1647.362609;6;0;1;100;0;1598;1350;4
7106;18590;12607;6;1;1;110;0;1399;1340;5.6
7107;18580;24782;6;1;1;110;1;1399;1273;4.9
7108;18950;27190;6;1;1;110;1;1400;1388;4.5
7109;18950;16440;6;1;1;110;0;1399;1350;5.4
7110;18950;21597;6;1;1;110;1;1399;1425;5.1
7111;18950;25200;6;1;1;110;0;1399;1425;5.6
7112;18950;20190;6;1;1;110;0;1399;1425;5.6
7113;18950;17000;6;1;1;110;0;1399;1350;5.4
7114;18950;19018;6;1;2;100;0;1598;1415;5
7115;18939;1;6;0;1;110;0;1399;1273;5.9
7116;18950;28656;6;1;1;110;1;1399;1425;5.6
7117;18900;28563;6;1;1;100;1;1598;1425;4.5
7118;18900;11885;6;1;1;110;1;1399;1425;5.6
7119;18900;29060;6;1;1;100;0;1598;1425;4.5
7120;18900;20836;5;1;1;77;0;999;1163;4.3
7121;18900;29050;6;1;1;110;0;1598;1425;4.5
7122;18900;7481;6;1;1;100;0;1598;1289;4.5
7123;18900;19200;6;1;1;110;0;1399;1278;5.4
7124;18900;21243;5;1;1;77;0;999;1163;4.3
7125;18550;29921;6;1;1;110;1;1399;1350;5.4
7126;18890;28960;6;1;1;110;1;1399;1425;5.6
7127;18890;28960;6;1;1;110;1;1399;1425;5.6
7128;18890;14500;6;1;1;110;1;1399;1322;4.5
7129;18900;4;6;0;1;110;0;1399;1425;5.4
7130;18890;20100;6;1;1;110;0;1399;1425;5.6
7131;18888;12860;5;1;1;77;0;999;1178;4.3
7132;18880;17850;6;1;1;110;1;1399;1364;5.5
7133;18880;10079;6;1;1;100;1;1598;1425;4.5
7134;18875;28953;6;1;1;100;1;1598;1425;4.5
7135;18870;22750;6;1;1;110;1;1399;1425;5.6
7136;18864;19800;6;1;1;110;1;1398;1273;4.9
7137;18850;29900;6;1;1;110;1;1399;1425;5.1
7138;18850;29900;6;1;1;110;1;1399;1425;5.1
7139;18790;16724;6;1;1;110;1;1399;1425;4.9
7140;18450;29310;6;1;1;110;1;1399;1425;5.6
7141;18450;28627;6;1;1;110;1;1399;1425;5.6
7142;18850;29782;6;1;1;110;1;1399;1425;5.6
7143;18800;23900;6;1;1;110;1;1399;1278;5.1
7144;18790;11500;6;1;1;110;0;1399;1425;5.6
7145;18450;5150;5;1;1;77;0;999;1263;4.5
7146;18450;22700;6;1;1;110;1;1399;1425;5.6
7147;18450;19929;6;1;1;110;1;1399;1425;4.5
7148;18450;28850;6;1;1;110;1;1490;1341;4.9
7149;18450;20800;6;1;1;110;1;1399;1308;5.7
7150;18450;20356;6;1;1;110;0;1399;1425;5.4
7151;18450;30200;6;1;1;110;1;1399;1308;5.7
7152;18450;18600;6;1;1;110;1;1399;1273;5.4
7153;18450;23860;5;1;1;77;0;1000;1273;4.9
7154;18380;8200;6;1;1;100;1;1598;1425;4.6
7155;18380;8200;6;1;1;100;1;1598;1425;4.6
7156;18379;32000;6;1;2;100;0;1598;1425;4.5
7157;18500;24428;6;1;1;110;0;1399;1364;5.4
7158;18449;27300;6;1;1;110;1;1399;1425;5.6
7159;18500;26200;6;1;1;110;0;1399;1425;5.6
7160;18390;29986;6;1;1;110;0;1399;1425;5.6
7161;18380;21650;6;1;1;110;0;1399;1340;5.6
7162;18490;29900;6;1;1;110;1;1399;1350;5.6
7163;18490;27008;6;1;1;110;0;1399;1425;5.6
7164;18490;29061;6;1;1;110;1;1399;1350;5.4
7165;18490;24804;6;1;1;110;1;1400;1388;4.5
7166;18490;22842;6;1;1;110;1;1400;1388;4.5
7167;18490;15700;6;1;1;110;1;1399;1308;5.6
7168;18490;28700;6;1;1;110;1;1399;1425;5.1
7169;18490;22327;6;1;1;100;1;1598;1425;4.5
7170;18490;18150;6;1;2;110;1;1399;1350;5.6
7171;18480;28968;6;1;1;110;1;1400;1388;4.5
7172;18490;29721;6;1;1;100;1;1598;1425;4.5
7173;18480;28998;6;1;1;110;1;1399;1273;4.9
7174;18480;23741;6;1;1;110;1;1399;1278;5.4
7175;18480;10100;6;1;1;110;0;1399;1273;4.9
7176;18489;19473;6;1;1;110;0;1399;1425;5.4
7177;18200;3260;6;0;1;110;0;1399;1273;4.9
7178;18220;20187;6;1;1;110;1;1399;1308;5.4
7179;18350;20100;6;1;1;110;1;1399;1425;5.4
7180;18350;28184;6;1;1;100;1;1598;1425;4.5
7181;18100;29870;6;1;1;110;0;1399;1425;5.6
7182;17999;28250;6;1;1;110;0;1399;1425;5.6
7183;17999;26800;6;1;1;110;0;1399;1425;5.6
7184;17999;8;6;0;1;110;1;1399;1308;5.7
7185;18290;5293;5;1;1;77;1;999;1273;4.3
7186;18290;29350;6;1;1;110;1;1399;1350;5.4
7187;18290;20900;6;1;1;110;0;1399;1425;4.9
7188;18290;28843;6;1;1;110;1;1399;1308;5.5
7189;18290;24444;6;1;1;110;1;1399;1308;5.5
7190;18290;20500;6;1;1;110;1;1399;1308;5.6
7191;18289;24037;6;1;1;110;0;1399;1425;5.4
7192;18260;9000;6;1;1;110;0;1399;1308;5.4
7193;18250;12629;6;1;1;110;0;1399;1278;5.4
7194;18250;19388;6;1;1;110;0;1399;1273;5.1
7195;18250;13440;6;1;1;110;0;1399;1278;5.4
7196;18250;12342;6;1;1;110;0;1399;1278;5.4
7197;18250;12835;6;1;1;110;0;1399;1278;5.4
7198;18250;29200;6;1;1;100;1;1598;1425;4.5
7199;18250;18649;6;1;1;110;0;1399;1273;5.4
7200;18480;31496;6;1;1;100;1;1598;1425;4.5
7201;17994;19993;6;1;1;110;0;1399;1425;5.6
7202;17990;23710;6;1;1;100;0;1598;1425;4.5
7203;17990;28800;6;1;1;110;0;1399;1273;5.1
7204;17990;23168;6;1;1;100;1;1598;1425;4.5
7205;17990;24000;6;1;1;110;1;1399;1278;5.4
7206;17990;23620;6;1;1;110;1;1399;1350;5.4
7207;17990;22674;6;1;1;110;1;1400;1388;4.5
7208;17990;14470;6;1;1;110;1;1399;1273;5.4
7209;17990;31494;6;1;1;100;1;1598;1273;4.5
7210;17990;19000;6;1;1;100;0;1598;1350;5
7211;17990;27824;6;1;1;100;0;1598;1425;4.5
7212;17990;24400;6;1;1;110;1;1399;1308;5.6
7213;17940;29980;6;1;1;110;1;1399;1425;5.6
7214;17990;19000;6;1;1;100;0;1598;1350;5
7215;17940;24300;6;1;1;100;1;1598;1425;4.5
7216;17940;24542;6;1;1;100;0;1598;1425;4.6
7217;17990;19800;6;1;1;110;1;1399;1308;5.7
7218;17978;29330;6;1;1;110;1;1399;1273;5.5
7219;17978;22292;6;1;1;110;0;1399;1273;5.5
7220;17970;25623;6;1;1;110;1;1399;1393;5.6
7221;17970;27472;6;1;1;110;1;1399;1393;5.6
7222;17970;15172;6;1;1;110;0;1399;1425;4.9
7223;17970;28988;6;1;1;110;1;1399;1393;5.6
7224;17950;29966;6;1;1;100;0;1598;1425;4.5
7225;17950;9056;6;1;1;110;0;1399;1273;5.5
7226;17950;29280;6;1;1;100;1;1598;1452;4.5
7227;17930;31829;6;1;1;100;0;1598;1425;4.5
7228;17925;23580;6;1;1;100;1;1598;1425;4.5
7229;17940;13581;6;1;1;110;1;1399;1273;5.5
7230;17925;20665;6;1;1;110;1;1399;1350;5.6
7231;17924;29100;6;1;1;100;1;1598;1425;4.5
7232;17900;900;6;1;1;110;0;1399;1278;5.5
7233;17900;7;6;0;1;110;0;1399;1273;5.4
7234;17900;11300;6;1;1;100;0;1598;1350;4.6
7235;17900;5;6;0;1;110;0;1399;1273;5.4
7236;17900;5;6;0;1;110;0;1399;1273;5.4
7237;17900;23950;6;1;1;100;0;1598;1425;4.5
7238;17900;17;6;0;1;110;0;1399;1273;5.4
7239;13400;28495;6;1;1;92;0;1399;1273;5.6
7240;13899;2499;5;1;1;66;0;999;1360;5
7241;14490;17463;6;1;1;92;0;1399;1273;4.9
7242;14200;31600;6;1;1;81;0;1598;1360;3.5
7243;14450;16857;6;1;1;77;0;999;1273;4.5
7244;14550;14719;5;1;1;77;0;999;1273;4.5
7245;14750;19577;6;1;1;70;0;1598;1364;3.7
7246;13990;13572;6;1;1;110;0;1399;1278;4
7247;14700;1501;6;1;1;81;0;1598;1360;3.7
7248;14700;1501;6;1;1;81;0;1598;1360;3.7
7249;14990;24707;6;1;1;92;1;1399;1273;5.4
7250;14970;9200;6;1;1;77;0;999;1273;4.3
7251;14900;8444;6;1;1;92;0;1399;1278;5.1
7252;14990;8821;6;1;1;81;0;1598;1360;3.7
7253;14990;7384;5;1;1;74;1;1399;1234;5.5
7254;15150;28926;6;1;1;110;0;1399;1273;5.5
7255;14999;22800;6;1;1;77;1;999;1273;4.5
7256;15190;50;5;0;1;66;0;999;1273;4.7
7257;15280;9717;5;1;1;77;1;998;1273;4.4
7258;15380;61700;6;1;1;81;0;1598;1940;3.5
7259;15350;28943;6;1;1;110;0;1399;1273;5.4
7260;15350;23058;5;1;1;78;0;999;1364;4.4
7261;15330;25600;5;1;1;77;0;999;1425;4.5
7262;15300;13404;6;1;1;92;0;1399;1278;5.1
7263;15380;9364;6;1;1;92;1;1399;1273;5.4
7264;15350;23195;6;1;1;100;0;1598;1425;3.9
7265;15450;25204;6;1;1;110;0;1399;1273;5.5
7266;15450;25422;6;1;1;92;0;1399;1273;5.4
7267;15450;28929;6;1;1;92;0;1399;1273;5.4
7268;15450;25520;6;1;1;110;0;1399;1273;5.4
7269;15450;13500;6;1;1;92;0;1399;1273;5.1
7270;15450;19000;6;1;1;92;0;1399;1273;5.1
7271;15450;28285;6;1;1;92;0;1399;1273;5.4
7272;15450;24973;6;1;1;110;0;1399;1273;5.5
7273;15450;29164;6;1;1;100;0;1598;1425;3.9
7274;15450;9500;5;1;1;66;1;999;1273;4.7
7275;15450;12000;5;1;1;77;1;998;1425;4.5
7276;15450;1;5;0;1;77;0;999;1288;4.6
7277;15450;13300;6;1;1;81;1;1598;1425;3.6
7278;15450;13500;6;1;1;92;0;1399;1278;5.8
7279;15450;24190;6;1;1;81;1;1598;1360;3.4
7280;15450;12433;6;1;1;81;0;1598;1403;3.6
7281;15449;991;5;1;1;77;0;999;1263;4.3
7282;15449;37246;6;1;1;92;0;1399;1425;5.1
7283;15440;25953;6;1;1;92;1;1399;1278;5.4
7284;15350;23246;6;1;1;100;0;1598;1328;3.8
7285;15350;24187;6;1;1;100;0;1598;1328;3.8
7286;15425;15999;6;1;1;92;0;1400;1273;4.9
7287;15445;1647.362609;5;0;1;74;1;1399;1425;5.7
7288;15422;43556;6;1;1;81;1;1598;1403;3.6
7289;15400;14250;6;1;1;81;0;1598;1300;3.3
7290;15400;18035.13007;6;1;1;81;0;1598;1360;4
7291;15400;25066;6;1;1;110;0;1399;1273;5.5
7292;15400;102;6;1;1;81;0;1598;1360;4
7293;15400;18035.13007;6;1;1;81;0;1598;1360;4
7294;15400;102;6;1;1;81;0;1598;1360;4
7295;15400;21664;6;1;1;100;0;1598;1425;3.9
7296;15400;28850;6;1;1;100;0;1598;1403;3.8
7297;15390;29941;6;1;1;92;1;1399;1273;5.4
7298;15390;11300;6;1;1;92;0;1399;1278;5.4
7299;15400;17142;6;1;2;92;1;1399;1273;5.2
7300;15400;20122;6;1;2;81;0;1598;1360;3.5
7301;15390;10850;5;1;1;77;1;998;1273;4.4
7302;15390;29464;6;1;1;92;0;1399;1273;5.4
7303;15390;26233;6;1;1;100;0;1598;1328;3.9
7304;15440;29789;6;1;1;110;0;1399;1273;5.4
7305;15299;14750;6;1;1;77;0;999;1273;4.3
7306;15300;27539;6;1;1;100;0;1598;1425;3.9
7307;15300;27000;6;1;1;81;0;1598;1403;4.6
7308;15300;22408;6;1;1;81;0;1598;1475;3.5
7309;15285;1;5;0;1;66;0;999;1288;4.6
7310;15290;38;5;1;1;77;0;998;1273;4.9
7311;15290;50;5;1;1;74;0;1399;1273;5.5
7312;15290;20093;6;1;1;81;0;1598;1350;3.5
7313;15390;27100;5;1;1;77;0;999;1273;4.9
7314;14990;1000;6;1;1;81;0;1598;1364;4.4
7315;14990;16000;6;1;1;81;0;1598;1364;4.4
7316;14990;16483;6;1;1;92;0;1399;1278;5.1
7317;14990;206;5;1;1;77;0;999;1233;4.9
7318;14990;1364;5;0;1;66;0;999;1273;4.7
7319;14990;4525;6;1;1;92;0;1399;1278;5.1
7320;14990;28775;6;1;1;100;0;1598;1425;3.9
7321;14990;18035.13007;6;1;1;81;0;1598;1360;4
7322;14990;18035.13007;6;1;1;81;0;1598;1360;4
7323;14990;18035.13007;6;1;1;81;0;1598;1360;4
7324;14990;18035.13007;6;1;1;81;0;1598;1360;4
7325;14990;7000;6;1;1;81;0;1598;1360;4
7326;14990;7000;6;1;1;81;0;1598;1360;4
7327;14990;14454;5;1;1;77;0;999;1278;4.5
7328;15270;25350;6;1;1;92;1;1399;1268;5.5
7329;15250;17415;6;1;1;81;0;1598;1350;3.5
7330;15250;27097;6;1;1;110;0;1399;1273;5.5
7331;15250;25120;6;1;1;110;1;1399;1273;5.5
7332;14990;13515;5;1;1;77;0;999;1273;4.5
7333;15241;13041;5;1;1;77;0;998;1273;4.9
7334;15240;36609;6;1;1;81;1;1598;1403;3.5
7335;15222;46313;6;1;1;81;1;1598;1403;3.6
7336;15200;25600;6;1;1;81;0;1598;1425;3.6
7337;15200;13765;6;1;1;92;0;1399;1278;5.1
7338;15200;18000;6;1;1;92;0;1399;1278;5.1
7339;15200;23654;6;1;1;92;0;1399;1278;5.1
7340;15200;1200;6;1;1;92;0;1399;1278;5.1
7341;15200;32490;6;1;1;81;0;1598;1403;3.6
7342;15200;8;5;0;1;66;0;999;1273;4.9
7343;15200;28889;6;1;1;100;0;1598;1425;3.9
7344;15190;100;5;1;1;77;0;999;1233;4.9
7345;15200;28282;6;1;1;100;0;1598;1425;3.9
7346;15190;28984;6;1;1;100;0;1598;1425;3.8
7347;15190;17185;6;1;1;81;0;1598;1360;4.5
7348;15180;29405;6;1;1;110;0;1399;1273;5.4
7349;15150;28466;6;1;1;110;0;1399;1273;5.5
7350;15190;31703;6;1;1;110;0;1399;1273;5.4
7351;15100;29486;6;1;1;110;0;1399;1273;6
7352;15150;25887;6;1;1;92;0;1399;1273;5.6
7353;15150;28629;6;1;1;110;0;1399;1273;6
7354;15100;29050;6;1;1;110;0;1399;1273;5.5
7355;15000;7589;6;1;1;92;0;1399;1278;5.1
7356;15000;40000;6;1;1;100;0;1598;1364;4
7357;15000;25000;6;1;1;100;0;1598;1503;3.9
7358;15000;13000;5;1;1;78;0;999;1364;4.4
7359;15000;21628;6;1;1;77;0;1399;1273;4.9
7360;15000;18985;6;1;1;81;0;1598;1940;3.5
7361;15000;18400;6;1;1;81;0;1598;1403;4.6
7362;14999;54497;6;1;1;92;0;1399;1425;4.9
7363;14970;14936;5;1;1;77;0;998;1273;4.4
7364;14958;1;5;0;1;77;0;999;1273;5
7365;14950;15200;6;1;1;100;0;1598;1403;4.6
7366;14950;19750;6;1;1;100;0;1598;1403;4.6
7367;14955;13604;6;1;1;92;1;1400;1341;4.9
7368;14950;21000;5;1;1;77;0;998;1273;4.4
7369;14958;1;5;0;1;77;0;999;1273;5
7370;14950;68485;6;3;1;118;0;1598;1396;4
7371;14950;18250;6;1;1;100;0;1598;1403;3.8
7372;14950;20500;5;1;1;77;1;998;1273;4.4
7373;14950;18000;6;1;1;100;0;1598;1403;4.6
7374;14950;19000;6;1;1;100;0;1598;1403;4.6
7375;14950;20900;5;1;1;77;1;998;1273;4.4
7376;14950;10289;5;1;1;77;0;998;1273;4.4
7377;14950;5354;6;1;1;77;0;999;1273;4.5
7378;14900;13566;6;1;1;92;0;1399;1278;5.1
7379;14900;1501;6;1;1;103;0;1364;1449;6.8
7380;14900;24771;6;1;1;81;0;1598;1328;3.6
7381;14940;17980;5;1;1;77;1;999;1284;4.5
7382;14900;17500;6;1;1;81;0;1598;1360;4.6
7383;14900;1500;6;1;1;92;0;1399;1278;5.1
7384;14900;21379;6;1;1;81;0;1598;1328;3.6
7385;14900;5555;6;1;1;81;0;1598;1360;3.7
7386;14900;13915;6;1;1;92;0;1399;1278;5.1
7387;14900;27318;6;1;1;81;0;1598;1328;3.6
7388;14900;5;6;1;1;81;0;1598;1360;3.7
7389;14900;5;6;1;1;81;0;1598;1360;3.7
7390;14900;14300;6;1;1;81;0;1598;1403;4.5
7391;14900;2222;6;1;1;81;0;1598;1360;3.7
7392;14900;6400;6;1;1;92;0;1399;1278;5.1
7393;14900;23327;6;1;1;81;0;1598;1328;3.6
7394;14900;5555;6;1;1;81;0;1598;1360;3.7
7395;14900;5;6;1;1;81;0;1598;1360;3.7
7396;14900;18217;6;1;1;92;0;1399;1364;5.4
7397;14900;5;6;1;1;81;0;1598;1360;3.7
7398;14990;21280;6;1;1;81;0;1598;1425;3.5
7399;14990;5551;6;1;1;81;0;1598;1360;3.7
7400;14999;6;5;0;0;66;0;999;1273;4.7
7401;14990;21500;6;1;1;77;1;1000;1273;4.6
7402;14990;14302;6;1;1;92;0;1399;1278;5.1
7403;14900;24987;6;1;1;92;1;1399;1273;5.4
7404;14990;29936;6;1;1;100;0;1598;1425;4.5
7405;14990;14960;5;1;1;77;1;999;1284;4.5
7406;14990;17370;5;1;1;77;1;999;1273;4.7
7407;14900;25963;6;1;1;100;0;1598;1328;3.9
7408;14990;19111;6;1;1;110;0;1399;1273;5.4
7409;14990;1501;6;1;1;92;0;1399;1278;5.1
7410;14990;10;5;0;1;66;0;999;1273;4.6
7411;14990;1501;6;1;1;92;0;1399;1278;5.1
7412;14990;11466;5;1;1;77;1;1399;1273;4.4
7413;14990;1647.362609;5;0;1;66;0;999;1273;4.7
7414;14990;16950;6;1;1;92;0;1399;1278;5.4
7415;14990;5000;5;0;1;66;0;999;1263;4.8
7416;14990;4400;6;1;1;92;0;1399;1425;5.9
7417;14990;20296;6;1;1;92;0;1400;1425;4.5
7418;14990;7828;6;1;1;81;0;1598;1273;3.5
7419;14980;21770;5;1;1;77;0;999;1288;4.3
7420;14990;7144;6;1;1;81;0;1598;1273;3.5
7421;14980;6800;5;1;1;66;1;999;1273;4.7
7422;14990;10;6;1;1;81;0;1598;1350;3.7
7423;14980;10871;5;1;1;77;0;999;1360;4.5
7424;14980;11500;5;1;1;77;1;999;1425;4.5
7425;14980;14300;5;1;1;77;0;999;1273;4.9
7426;14980;8000;5;1;1;77;1;999;1273;4.9
7427;14980;7200;6;1;1;92;0;1399;1278;5.4
7428;14980;28850;6;1;1;92;1;1399;1273;5.5
7429;14980;28850;6;1;1;92;1;1399;1273;5.5
7430;14980;17690;5;1;2;77;1;999;1425;4.3
7431;14980;26600;6;1;1;92;1;1399;1273;4.9
7432;14979;19257;6;1;1;92;1;1399;1273;5.4
7433;14975;5;6;0;0;66;0;998;1273;5
7434;14978;14982;5;1;1;77;0;999;1273;4.9
7435;14900;21980;6;1;1;100;0;1598;1425;3.8
7436;14900;18200;6;1;1;77;0;999;1273;4.3
7437;14900;29500;6;1;1;100;0;1598;1425;4.5
7438;14900;14000;6;1;1;92;0;1399;1278;5.1
7439;14970;13100;6;1;1;70;0;1598;1345;3.6
7440;14900;24932;6;1;1;100;0;1598;1425;3.8
7441;14900;30644;6;1;1;81;0;1598;1364;3.4
7442;14900;22777;6;1;1;100;0;1598;1425;3.8
7443;14900;14900;6;1;1;100;0;1598;1403;4.6
7444;14900;21452;6;1;1;100;0;1598;1328;3.9
7445;14900;27247;6;1;1;100;0;1598;1425;3.8
7446;14900;27311;6;1;1;100;0;1598;1425;3.8
7447;14890;50;5;1;1;74;0;1399;1273;5.5
7448;14890;21488;6;1;1;77;1;1000;1278;4.5
7449;14890;9000;6;1;1;81;0;1598;1360;4.5
7450;14890;9500;6;1;1;81;0;1598;1360;4.5
7451;14890;7200;6;1;1;81;0;1598;1360;4.5
7452;14700;20090;6;1;1;92;0;1399;1278;5.1
7453;14890;19600;5;1;1;77;0;999;1425;4.3
7454;14880;13000;5;1;1;77;0;999;1273;4.7
7455;14879;15000;5;1;1;77;1;999;1273;4.4
7456;14870;16500;5;1;1;77;0;999;1273;4.5
7457;14700;20040;6;1;1;81;0;1598;1403;3.6
7458;14700;30851;6;1;1;100;0;1598;1425;4.7
7459;14700;6;6;1;1;81;0;1598;1360;3.7
7460;14700;19170;6;1;1;110;0;1399;1278;5.1
7461;14693;20186;5;1;1;74;0;1399;1244;5.4
7462;14690;2585;5;1;1;77;0;998;1273;4.9
7463;14690;17367;6;1;1;92;0;1399;1278;5.1
7464;14690;16000;6;1;1;100;0;1598;1403;3.8
7465;14660;15447;6;1;1;81;0;1598;1425;3.5
7466;14650;28910;6;1;1;92;0;1399;1273;5.5
7467;14590;17591;6;1;1;92;0;1399;1273;5.4
7468;14555;5;5;0;0;66;0;999;1273;4.7
7469;14579;26211;6;1;1;92;1;1399;1273;5.4
7470;14590;23000;6;1;1;81;0;1598;1425;3.5
7471;14800;8495;6;1;1;81;0;1598;1360;4
7472;14800;30046;6;1;1;100;0;1598;1328;3.6
7473;14800;30046;6;1;1;100;0;1598;1328;3.6
7474;14800;23200;6;1;1;81;0;1598;1403;3.6
7475;14800;8495;6;1;1;81;0;1598;1360;4
7476;14800;30044;6;1;1;100;0;1598;1328;3.6
7477;14800;29675;6;1;1;100;0;1598;1328;3.6
7478;14800;25561;6;1;1;100;0;1598;1328;3.6
7479;14800;27155;6;1;1;100;0;1598;1328;3.6
7480;14800;23936;6;1;1;110;0;1399;1322;4.5
7481;14800;24375;6;1;1;100;0;1598;1328;3.9
7482;14800;28803;6;1;1;110;0;1399;1322;4.5
7483;14790;29502;6;1;1;92;1;1399;1273;5.4
7484;14790;5;5;0;0;66;0;999;1273;4.7
7485;14790;13208;5;1;1;77;1;999;1273;4.4
7486;14785;1647.362609;6;0;0;81;0;1598;1350;3.7
7487;14100;19555;6;1;1;81;0;1598;1425;4.6
7488;14750;22000;5;1;1;77;1;998;1273;4.4
7489;14150;1647.362609;5;0;0;77;0;999;1263;4.3
7490;14750;21400;5;1;1;77;1;998;1273;4.4
7491;13999;9212;6;1;1;81;0;1598;1503;3.7
7492;14770;24000;6;1;1;77;0;999;1425;4.6
7493;13998;11176;5;1;1;74;0;1399;1364;5.4
7494;13990;6038;5;1;1;66;0;999;1273;4.7
7495;13990;22208;6;1;1;81;0;1598;1425;4.6
7496;13990;25000;6;1;1;77;0;999;1273;4.5
7497;13990;9431;6;1;1;77;1;1000;1425;4.6
7498;13990;40275;6;1;1;77;0;999;1273;4.5
7499;13990;29548;6;1;1;92;1;1399;1278;5.4
7500;13990;15000;5;1;1;77;0;999;1273;4.5
7501;13990;22391;6;1;1;92;0;1399;1278;5.1
7502;13990;6805;5;1;2;74;0;1399;1244;5.4
7503;13990;16543;6;1;2;110;0;1399;1278;5.1
7504;13990;21874;6;1;1;81;0;1598;1890;4.4
7505;14390;11068;5;1;1;74;0;1399;1244;5.4
7506;14430;10;5;0;0;77;0;999;1273;4.9
7507;14440;28891;6;1;1;81;1;1598;1273;3.4
7508;14400;26192;6;1;1;81;0;1598;1328;3.6
7509;14400;30649;6;1;1;100;0;1598;1328;3.9
7510;14390;22750;5;1;1;77;0;999;1273;4.9
7511;14300;19327;6;1;1;81;0;1598;1360;3.7
7512;14300;18532;6;1;1;81;0;1598;1360;3.7
7513;14300;19327;6;1;1;81;0;1598;1360;3.7
7514;14300;17100;6;1;1;81;0;1598;1360;3.7
7515;14300;20468;6;1;1;100;0;1598;1403;3.9
7516;14299;13500;6;1;2;77;0;999;1273;4.3
7517;14290;20300;6;1;1;77;0;999;1273;4.3
7518;14300;18996;6;1;1;81;0;1598;1285;3.5
7519;14290;21288;5;1;1;74;0;1399;1273;4.9
7520;14275;10;6;0;1;66;1;998;1273;5
7521;13400;27063;6;1;2;92;0;1490;1273;6.2
7522;14250;23950;6;1;1;81;0;1598;1425;3.5
7523;13400;27103;6;1;1;92;0;1399;1273;5.6
7524;13300;28216;6;1;1;92;0;1399;1273;5.6
7525;13300;23727;6;1;1;92;0;1400;1322;5.1
7526;13400;26539;6;1;1;92;0;1399;1273;5.6
7527;13300;38474;6;1;1;81;0;1598;1360;3.7
7528;13250;29464;6;1;1;92;0;1399;1273;5.6
7529;13000;3550;5;1;1;77;0;998;1273;4.4
7530;13100;30932;6;1;1;92;0;1399;1273;5.6
7531;13200;29998;6;1;1;92;0;1399;1273;5.6
7532;13980;19239;5;1;1;77;1;999;1273;4.5
7533;13980;27020;5;1;1;77;0;999;1273;4.3
7534;13100;31671;6;1;1;92;0;1399;1273;5.6
7535;13979;11910;5;1;1;77;1;999;1273;4.3
7536;13950;14200;6;1;1;81;0;1598;1364;3.3
7537;13929;1647.362609;6;0;1;66;0;1399;1273;4.7
7538;13950;14200;6;1;1;81;0;1598;1364;3.3
7539;13945;1647.362609;5;0;1;74;1;1399;1273;5.5
7540;13900;27950;6;1;1;81;0;1598;1360;3.5
7541;13900;12758;6;1;1;110;0;1399;1273;4.9
7542;13900;20000;6;1;1;77;1;999;1273;3.9
7543;13900;4800;6;1;1;81;0;1598;1360;4.5
7544;13900;30800;6;1;0;100;0;1598;1403;3
7545;13900;40000;6;1;0;81;0;1598;1503;3.7
7546;13900;35616;6;1;0;92;0;1399;1778;5.1
7547;13899;2499;5;1;1;66;0;999;1360;5
7548;13900;13149;6;1;1;81;0;1598;1328;3.6
7549;13899;2499;5;1;1;66;0;999;1360;5
7550;13899;2499;5;1;1;66;0;999;1360;5
7551;13899;2499;5;1;1;66;0;999;1360;5
7552;14500;25000;6;1;1;81;1;1598;1425;4.5
7553;14500;11152;6;1;1;92;0;1399;1278;5.1
7554;14499;11000;5;1;1;74;0;1399;1273;5.4
7555;14490;8095;5;1;1;77;0;999;1263;4.3
7556;14490;12966;6;1;1;92;0;1399;1278;5.1
7557;14490;14008;5;1;1;77;0;999;1263;4.3
7558;14490;14000;6;1;1;77;0;999;1273;4.5
7559;14490;10880;5;1;1;77;1;999;1273;4.5
7560;14490;25100;6;1;1;92;0;1399;1273;4.9
7561;14490;12230;6;1;1;92;0;1399;1278;5.1
7562;14490;16667;5;1;1;77;0;999;1425;4.5
7563;14480;25000;5;1;1;77;0;999;1273;4.3
7564;14489;6500;5;1;1;66;1;999;1273;5
7565;14480;34000;6;1;1;92;1;1399;1273;5.4
7566;14490;24000;6;1;1;100;0;1598;1403;3.8
7567;14480;21500;6;1;1;81;0;1598;1425;3.5
7568;14450;9300;6;1;1;92;1;1399;1273;5.4
7569;13850;26100;6;1;1;81;0;1598;1425;4.6
7570;14450;25661;6;1;1;77;0;999;1273;4.5
7571;13850;11627;6;1;2;92;0;1399;1273;5.4
7572;13850;11084;6;1;1;77;0;999;1273;4.5
7573;13770;19100;6;1;2;77;1;999;1273;4.5
7574;13750;19840;6;1;1;92;0;1399;1273;5.6
7575;13700;12808;6;1;1;92;0;1400;1278;5.1
7576;13700;23755;6;1;2;92;0;1490;1273;6.2
7577;13700;34820;6;1;2;81;0;1598;1425;4.5
7578;13690;25360;6;1;2;92;0;1490;1273;6.2
7579;13700;23309;6;1;1;92;0;1399;1273;5.6
7580;13700;22792;6;1;1;92;0;1399;1273;5.6
7581;13690;15500;6;1;1;77;0;999;1273;4.5
7582;13690;25052;6;1;2;92;0;1490;1273;6.2
7583;13490;10577;6;1;2;77;1;1000;1273;4.5
7584;13479;9200;5;1;1;66;1;999;1273;5
7585;13400;27764;6;1;2;92;0;1399;1273;5.4
7586;13480;14024;6;1;1;74;0;1399;1273;5.4
7587;19865;1647.362609;6;0;1;110;1;1398;1308;5.7
7588;19710;1;6;0;1;110;0;1399;1350;5.5
7589;19825;7060;6;0;1;110;0;1400;1425;6.1
7590;19500;4;6;0;1;110;0;1399;1425;5.4
7591;19500;3;6;0;1;110;1;1399;1308;5.7
7592;20715;1647.362609;6;0;1;110;1;1398;1308;5.7
7593;25490;1013;6;0;1;110;0;1399;1273;5.9
7594;25365;10;6;0;1;110;1;1399;1308;5.9
7595;19940;6937;6;0;1;110;1;1399;1425;4.5
7596;25345;1647.362609;6;0;1;100;1;1598;1425;4.9
7597;25345;1647.362609;6;0;1;147;1;1598;1393;6.6
7598;25500;1647.362609;6;0;1;110;0;1399;1350;5.7
7599;27350;8000;6;0;1;147;1;1598;1425;6.7
7600;32950;3;6;0;1;110;0;1399;1308;5.6
7601;32590;50;6;0;1;147;0;1598;1425;6.6
7602;30950;2000;6;0;1;147;1;1598;1425;6.6
7603;31990;10350;6;0;1;100;1;1598;1536;5.1
7604;31990;5990;6;0;1;147;0;1598;1425;6.7
7605;32440;10;6;0;1;147;1;1598;1425;6.1
7606;32302;15;6;0;1;110;0;1398;1198;5.7
7607;29824;1;6;0;1;110;0;1399;1198;5.4
7608;30390;30;6;0;1;110;1;1399;1308;5.6
7609;30850;4000;6;0;1;147;1;1598;1378;6.6
7610;30750;2525;6;0;1;147;1;1598;1273;6.4
7611;30169;10;6;0;1;110;0;1398;1198;5.5
7612;30950;1500;6;0;1;110;1;1399;1425;6
7613;30650;450;6;0;1;147;0;1598;1378;6.6
7614;30887;15;6;0;1;110;0;1398;1240;5.7
7615;30900;10;6;0;1;147;1;1598;1360;6.4
7616;30895;1647.362609;6;0;1;110;0;1399;1308;5.7
7617;29990;1647.362609;6;0;1;110;0;1399;1350;5.8
7618;29990;10;6;0;1;147;0;1598;1425;6.5
7619;30125;1647.362609;6;0;1;110;0;1399;1350;5.8
7620;29990;100;6;0;1;110;0;1399;1425;6
7621;29990;106;6;0;1;100;0;1598;1425;4.6
7622;29990;1647.362609;6;0;1;110;0;1399;1350;5.8
7623;29989;5900;6;0;1;110;1;1399;1273;6.1
7624;29900;2000;6;0;1;147;0;1598;1425;6.6
7625;29900;50;6;0;1;147;0;1598;1273;6.4
7626;39433;1;6;0;1;147;0;1598;1278;6.4
7627;37995;10;6;0;1;147;0;1598;1325;4
7628;29950;9;6;0;1;110;0;1399;1350;5.8
7629;37995;10;6;0;1;147;0;1598;1325;5.9
7630;36950;10;6;0;1;147;0;1598;1278;6.6
7631;36950;5;6;0;1;147;0;1598;1278;6.4
7632;34900;1647.362609;6;0;1;147;1;1598;1425;6.6
7633;34580;12;6;0;1;147;0;1598;1425;6.5
7634;34411;10;6;0;1;147;0;1598;1425;6.5
7635;33945;8900;6;0;1;147;0;1598;1325;6.7
7636;33995;5016;6;0;1;147;0;1598;1325;6.7
7637;33950;1647.362609;6;0;1;147;0;1598;1312;6.5
7638;33795;17346;6;0;1;147;0;1598;1325;6.5
7639;33780;2;6;0;1;147;1;1598;1425;6.7
7640;29750;30;6;0;1;110;1;1399;1308;5.6
7641;33597;10;6;0;1;147;0;1598;1263;4
7642;33470;5555;6;0;1;100;0;1598;1425;5.1
7643;33390;5;6;0;1;147;0;1598;1425;6.6
7644;33390;5;6;0;1;147;0;1598;1425;6.3
7645;29750;10;6;0;1;110;1;1399;1350;5.7
7646;29526;10;6;0;1;110;0;1398;1198;5.5
7647;29475;10;6;0;1;100;0;1598;1273;4.1
7648;28998;5;6;0;1;110;0;1399;1208;5.9
7649;28989;9999;6;0;1;147;0;1598;1273;6.4
7650;28980;10500;6;0;1;147;1;1598;1273;6.4
7651;28950;500;6;0;1;110;1;1399;1425;5.7
7652;28940;50;6;0;1;110;1;1399;1425;6
7653;28900;5;6;0;1;110;0;1399;1273;5.4
7654;28900;1647.362609;6;0;1;110;0;1399;1308;7.5
7655;28890;5000;6;0;1;110;1;1399;1273;5.5
7656;28790;5;6;0;1;110;0;1399;1273;6.1
7657;28680;50;6;0;1;110;1;1399;1425;5.8
7658;28625;1647.362609;6;0;1;110;0;1399;1308;5.9
7659;28590;8000;6;0;1;110;1;1399;1308;5.7
7660;28590;5;6;0;1;110;0;1399;1425;6
7661;28590;999;6;0;1;147;1;1598;1425;5
7662;33095;1647.362609;6;0;1;110;0;1399;1350;5.6
7663;28590;1647.362609;6;0;1;110;1;1399;1350;5.4
7664;31950;10;6;0;0;100;1;1598;1456;4.8
7665;31890;300;6;0;1;147;0;1598;1378;7.4
7666;31840;15;6;0;1;147;1;1598;1273;6.1
7667;31940;12;6;0;1;147;1;1598;1444;6.6
7668;31250;10;6;0;1;147;1;1598;1425;6.1
7669;29850;10;6;0;1;110;1;1398;1273;5.5
7670;31246;10;6;0;1;81;0;1398;1360;4
7671;31246;10;6;0;1;110;0;1398;1360;4
7672;31246;10;6;0;1;110;0;1400;1360;4
7673;31125;15;6;0;1;110;0;1398;1250;5.7
7674;30990;10;6;0;1;147;0;1598;1378;6.4
7675;30980;300;6;0;1;147;1;1598;1378;6.6
7676;30950;12366;6;0;1;147;0;1598;1325;6.7
7677;30995;15;6;0;1;110;0;1399;1425;6
7678;27150;7;6;0;1;147;0;1598;1425;6.7
7679;27450;500;6;0;1;110;1;1399;1273;5.7
7680;26990;7;6;0;1;147;0;1598;1425;6.7
7681;27453;20;6;0;1;100;0;1598;1425;4.5
7682;26990;7995;6;0;1;100;0;1598;1456;4.8
7683;26990;7;6;0;1;147;0;1598;1425;6.7
7684;26990;7;6;0;1;147;0;1598;1425;6.7
7685;26990;7;6;0;1;147;0;1598;1425;6.7
7686;26990;5990;6;0;1;110;0;1399;1273;5.9
7687;26990;12;6;0;1;110;1;1399;1308;5.6
7688;26990;1500;6;0;1;100;0;1598;1425;4.5
7689;26990;12;6;0;1;110;1;1399;1308;5.6
7690;26970;6500;6;0;1;110;0;1399;1308;5.6
7691;26950;8;6;0;1;110;0;1399;1425;5.4
7692;26980;20;6;0;1;110;1;1400;1394;5.8
7693;26990;10000;6;0;1;110;1;1399;1273;5.5
7694;26900;19200;6;0;1;110;0;1598;1425;4.5
7695;26900;1500;6;0;1;110;1;1399;1308;5.7
7696;26899;100;6;0;1;110;0;1399;1308;5.6
7697;26899;100;6;0;1;110;0;1399;1308;5.6
7698;26791;0;6;0;0;110;0;1399;1273;6.1
7699;26800;4;6;0;0;147;0;1598;1425;6.7
7700;26799;3000;6;0;1;101;0;1598;1273;4.9
7701;26790;4690;6;0;1;147;1;1598;1425;4.5
7702;26780;5530;6;0;1;110;1;1399;1425;5.8
7703;26590;6000;6;0;1;110;1;1399;1273;5.4
7704;26580;50;6;0;0;110;0;1399;1350;5.4
7705;26540;10;6;0;1;110;1;1399;1425;6
7706;26490;10;6;0;1;110;1;1399;1425;6.1
7707;26490;1500;6;0;1;112;0;1399;1273;4.9
7708;26490;352;6;0;1;110;0;1399;1288;5.8
7709;26490;6000;6;0;1;112;0;1598;1425;4.5
7710;26441;301;6;0;1;110;1;1399;1425;5.8
7711;26290;150;6;0;1;112;0;1399;1273;4.9
7712;26195;15;6;0;1;110;0;1399;1308;5.7
7713;25990;300;6;0;1;110;0;1399;1350;5.8
7714;25990;2962;6;0;1;110;0;1399;1425;5.4
7715;26441;301;6;0;1;110;0;1399;1425;5.8
7716;26341;301;6;0;1;110;0;1398;1425;5.8
7717;26899;100;6;0;1;110;0;1399;1308;5.6
7718;25950;10;6;0;1;147;0;1600;1425;6.5
7719;25999;4000;6;0;1;112;0;1399;1425;4.5
7720;25990;2500;6;0;1;110;0;1399;1273;6.1
7721;25990;12;6;0;1;110;0;1399;1273;6.1
7722;25900;11100;6;0;1;110;0;1399;1208;5.9
7723;25940;1647.362609;6;0;1;110;1;1399;1308;5.6
7724;25990;12;6;0;1;110;0;1399;1273;6.1
7725;25980;3000;6;0;1;110;1;1399;1425;6
7726;25899;4899;6;0;1;110;0;1399;1350;5.6
7727;25850;7782;6;0;1;110;0;1398;1250;5.7
7728;25850;10924;6;0;1;110;0;1398;1250;5.7
7729;25750;6200;6;0;1;110;0;1598;1425;5.7
7730;25740;1647.362609;6;0;1;100;0;1598;1273;4.9
7731;25700;1000;6;0;1;110;1;1399;1308;6.1
7732;25575;1647.362609;6;0;1;147;1;1598;1425;6.7
7733;25575;1647.362609;6;0;1;100;1;1598;1456;5.1
7734;25560;40;6;0;1;110;0;1399;1273;5.9
7735;25550;100;6;0;1;110;0;1398;1425;6
7736;28541;51;6;0;1;110;1;1400;1370;5.8
7737;28500;1000;6;0;1;110;0;1399;1425;5.7
7738;28490;4500;6;0;1;147;1;1598;1425;6.5
7739;28489;4999;6;0;1;100;0;1598;1425;6.3
7740;28489;9999;6;0;1;100;1;1598;1425;4.9
7741;25550;100;6;0;1;110;0;1398;1425;6
7742;28435;5;6;0;1;110;1;1399;1425;5.6
7743;28390;1500;6;0;1;110;1;1399;1273;5.8
7744;28300;5890;6;0;1;147;0;1598;1425;6.7
7745;28225;995;6;0;1;110;0;1399;1308;5.9
7746;28300;5890;6;0;1;147;0;1598;1425;6.7
7747;27990;1500;6;0;1;110;0;1399;1308;5.9
7748;27990;1647.362609;6;0;1;110;0;1399;1308;6.8
7749;27989;7490;6;0;1;147;1;1598;1425;6.6
7750;27990;22;6;0;1;100;0;1598;1456;4.8
7751;27950;6000;6;0;1;110;0;1399;1425;5.6
7752;27948;5700;6;0;1;110;1;1400;1425;4.5
7753;27940;600;6;0;1;147;1;1598;1378;6.4
7754;27889;10;6;0;1;110;0;1399;1273;5.5
7755;27690;990;6;0;1;149;0;1600;1273;4.9
7756;27490;5;6;0;1;110;0;1399;1425;5.6
7757;25290;10000;6;0;1;110;1;1399;1425;4.5
7758;25290;10;6;0;1;110;0;1399;1360;6.1
7759;25225;1647.362609;6;0;1;147;1;1598;1425;6.7
7760;25225;1647.362609;6;0;1;100;1;1598;1456;5.1
7761;25140;10;6;0;1;110;0;1399;1308;5.5
7762;24990;10;6;0;1;110;0;1399;1350;5.4
7763;24990;4950;6;0;1;110;1;1399;1350;5.8
7764;24979;4500;6;0;1;110;1;1399;1273;5.4
7765;24960;1647.362609;6;0;1;110;1;1399;1308;5.4
7766;24940;5;6;0;1;110;1;1399;1308;5.6
7767;24790;2258;6;0;1;110;0;1399;1378;5.6
7768;24989;4999;6;0;1;110;0;1399;1273;5.4
7769;24950;1647.362609;6;0;1;147;0;1600;1273;6.4
7770;24890;20;6;0;1;110;1;1400;1365;6.1
7771;24790;1647.362609;6;0;1;110;0;1399;1308;5.9
7772;24860;8000;6;0;1;110;0;1399;1273;6.1
7773;24750;100;6;0;1;110;0;1398;1273;6.1
7774;24690;6500;6;0;1;110;0;1399;1273;5.8
7775;24590;1647.362609;6;0;1;110;1;1399;1308;5.6
7776;24645;2500;6;0;1;100;0;1598;1456;4.8
7777;24750;100;6;0;1;110;0;1398;1273;6.1
7778;24565;1647.362609;6;0;1;100;1;1598;1456;4.8
7779;24535;1647.362609;6;0;1;147;1;1598;1378;6.6
7780;24535;1647.362609;6;0;1;100;1;1598;1393;4.9
7781;24390;10;6;0;1;110;1;1399;1308;5.6
7782;24390;10;6;0;1;110;1;1399;1308;5.6
7783;24390;630;6;0;1;110;0;1399;1273;5.7
7784;24195;1647.362609;6;0;1;100;1;1598;1393;4.8
7785;24195;1647.362609;6;0;1;147;1;1598;1378;6.6
7786;24490;20;6;0;1;110;1;1400;1382;6
7787;24195;1647.362609;6;0;1;100;1;1598;1393;4.9
7788;23990;5;6;0;1;110;0;1399;1288;6
7789;21900;5;6;0;1;110;0;1399;1273;5.5
7790;21900;5;6;0;1;110;0;1399;1273;5.5
7791;21900;10;6;0;1;100;0;1598;1425;4.7
7792;21845;1647.362609;6;0;1;110;1;1398;1350;5.7
7793;21834;7530;6;0;1;110;0;1399;1425;5.7
7794;21815;1647.362609;6;0;1;100;1;1598;1456;4.8
7795;21815;1;6;0;1;110;0;1399;1350;5.5
7796;21715;1647.362609;6;0;1;110;1;1399;1350;5.8
7797;21658;1;6;0;1;110;0;1399;1425;5.8
7798;21480;1;6;0;1;110;0;1399;1350;5.5
7799;21450;1020;6;0;1;110;1;1399;1273;5.5
7800;21745;1647.362609;6;0;1;110;1;1398;1350;5.7
7801;21490;2500;6;0;1;110;0;1399;1298;5.5
7802;21445;1647.362609;6;0;1;100;1;1598;1393;4.8
7803;21360;1;6;0;1;100;0;1598;1456;4.8
7804;23990;3000;6;0;1;147;0;1600;1425;4.5
7805;21334;7530;6;0;1;110;0;1399;1425;5.7
7806;21300;10;6;0;1;100;0;1598;1425;4.7
7807;21005;1647.362609;6;0;1;110;1;1398;1350;5.7
7808;20989;4999;6;0;1;110;1;1399;1273;4.1
7809;23940;12;6;0;1;110;1;1399;1352;6.1
7810;23940;12;6;0;1;110;1;1399;1352;6.1
7811;23940;12;6;0;1;110;1;1399;1352;6.1
7812;23940;12;6;0;1;110;1;1399;1352;6.1
7813;23940;12;6;0;1;110;1;1398;1308;5.9
7814;23940;12;6;0;1;110;1;1398;1308;5.9
7815;23940;12;6;0;1;110;1;1398;1308;5.9
7816;23940;12;6;0;1;110;1;1398;1308;5.9
7817;23940;12;6;0;1;110;1;1398;1308;5.9
7818;23845;1647.362609;6;0;1;110;1;1399;1350;5.8
7819;23740;12;6;0;1;110;1;1398;1308;5.9
7820;23640;6020;6;0;1;110;1;1399;1350;5.4
7821;23625;1647.362609;6;0;1;110;1;1399;1308;5.9
7822;23755;1647.362609;6;0;1;110;1;1398;1350;5.7
7823;23620;10;6;0;1;77;0;1000;1163;4.3
7824;23600;1647.362609;6;0;1;100;0;1598;1350;4.6
7825;23595;9000;6;0;1;110;0;1399;1308;5.4
7826;20685;1647.362609;6;0;1;110;1;1399;1308;5.9
7827;20663;1;6;0;1;110;0;1399;1273;5.9
7828;23580;0;6;0;0;110;1;1399;1308;5.7
7829;20640;8068;6;0;1;110;1;1399;1425;4.5
7830;20640;5911;6;0;1;110;1;1399;1425;4.5
7831;20605;1647.362609;6;0;1;110;1;1398;1308;5.7
7832;20295;1647.362609;6;0;1;110;0;1399;1273;5
7833;20590;7313;6;0;1;110;0;1398;1425;6.1
7834;20185;1647.362609;6;0;1;100;0;1598;1273;4
7835;20185;1647.362609;6;0;1;100;0;1598;1273;4
7836;19990;10;6;0;1;100;0;1598;1364;4.9
7837;19960;7700;6;0;1;110;1;1399;1425;5.7
7838;20295;1647.362609;6;0;1;110;0;1399;1273;5
7839;19990;7308;6;0;1;110;1;1399;1425;5.6
7840;19940;6004;6;0;1;110;1;1399;1425;4.5
7841;19940;8068;6;0;1;110;1;1399;1425;4.5
7842;19940;7572;6;0;1;110;1;1399;1425;4.5
7843;20980;5100;6;0;1;110;1;1399;1425;5.4
7844;23505;1647.362609;6;0;1;110;1;1399;1350;5.8
7845;23520;1;6;0;1;147;0;1598;1425;6.5
7846;23550;10;6;0;1;110;1;1399;1360;5.4
7847;19940;4501;6;0;1;110;1;1399;1425;4.5
7848;23499;5000;6;0;1;101;0;1598;1273;4.9
7849;23490;7000;6;0;1;110;1;1399;1425;5.5
7850;23490;1500;6;0;1;110;0;1399;1273;5.9
7851;23465;1;6;0;1;100;0;1598;1456;4.8
7852;23435;1647.362609;6;0;1;100;1;1598;1456;5.1
7853;23400;1647.362609;6;0;1;100;0;1598;1364;4.7
7854;23400;875;6;0;1;100;0;1598;1425;4.7
7855;23390;7202;6;0;1;100;0;1598;1425;4.5
7856;23290;6000;6;0;1;100;0;1598;1425;4.5
7857;23200;750;6;0;1;110;0;1399;1425;4
7858;23150;1;6;0;1;147;0;1598;1425;6.5
7859;23130;1;6;0;1;100;0;1598;1456;4.8
7860;22995;5000;6;0;1;110;1;1400;1383;6
7861;22989;5000;6;0;1;110;1;1399;1273;5.9
7862;22839;20;6;0;1;110;1;1399;1273;6.1
7863;22815;1647.362609;6;0;1;110;1;1399;1308;5.9
7864;22950;850;6;0;1;110;0;1400;1308;5.9
7865;22900;3000;6;0;1;110;1;1399;1273;5.6
7866;22690;4500;6;0;1;110;0;1399;1288;5.8
7867;22655;1647.362609;6;0;1;100;1;1598;1456;4.8
7868;22615;1647.362609;6;0;1;110;1;1398;1308;5.7
7869;22590;20;6;0;1;110;1;1399;1273;6.1
7870;22590;20;6;0;1;110;1;1399;1273;6.1
7871;22590;20;6;0;1;110;1;1399;1273;6.1
7872;22590;20;6;0;1;110;1;1399;1273;6.1
7873;22555;1647.362609;6;0;1;100;1;1598;1456;4.8
7874;22839;20;6;0;1;110;1;1399;1273;6.1
7875;22490;11572;6;0;1;100;0;1598;1273;4.9
7876;22490;3550;6;0;1;110;1;1399;1273;5.9
7877;22475;1647.362609;6;0;1;110;1;1399;1308;5.9
7878;22185;1647.362609;6;0;1;100;1;1598;1393;4.8
7879;22405;1647.362609;6;0;1;100;1;1598;1393;4.9
7880;22290;10000;6;0;1;100;0;1598;1273;4.8
7881;22285;1647.362609;6;0;1;100;1;1598;1393;4.8
7882;22275;10;6;0;1;110;1;1399;1273;4.9
7883;21990;5000;6;0;1;110;0;1399;1308;5.6
7884;19940;5911;6;0;1;110;1;1399;1425;4.5
7885;19940;6312;6;0;1;110;1;1399;1425;4.5
7886;19499;2;6;0;1;110;1;1399;1308;5.7
7887;19934;1;6;0;1;110;0;1399;1425;5.8
7888;19490;11707;6;0;1;110;1;1399;1425;4.5
7889;19495;6100;6;0;1;110;1;1399;1425;5.4
7890;19480;1647.362609;6;0;0;110;1;1399;1278;5.4
7891;19495;7900;6;0;1;110;1;1399;1425;5.4
7892;19940;6149;6;0;1;110;1;1399;1425;4.5
7893;19480;13200;6;0;1;110;1;1399;1425;5.7
7894;16073;1647.362609;5;0;1;77;0;1000;1273;4.9
7895;15999;13542;5;0;1;77;0;999;1263;4.9
7896;15990;2500;5;0;1;77;0;999;1273;4.7
7897;15990;5;5;0;1;66;1;999;1273;4.4
7898;15990;10;5;0;1;66;1;998;1273;4.7
7899;15990;800;6;0;1;66;1;999;1273;4.6
7900;15990;111;5;0;1;66;0;999;1273;4.7
7901;15990;10;5;0;1;66;1;999;1273;5
7902;15990;111;5;0;1;77;0;999;1247;4.6
7903;16500;3698;5;0;1;77;0;999;1360;4
7904;16080;10;5;0;1;66;0;999;1273;4.9
7905;16900;50;5;0;1;66;0;999;1273;5
7906;16900;5500;6;0;1;92;0;1399;1278;5.4
7907;16900;10182;6;0;1;100;0;1598;1360;4
7908;16900;10182;6;0;1;100;0;1598;1360;4
7909;16895;1647.362609;5;0;1;66;1;999;1273;5
7910;16899;11;6;0;1;92;1;1399;1449;6.3
7911;16995;1647.362609;5;0;1;77;0;998;1263;4.6
7912;17445;1;5;0;1;66;0;999;1288;4.6
7913;16990;1;6;0;1;81;0;1399;1273;4.9
7914;16977;1647.362609;5;0;1;77;0;999;1273;4.7
7915;17438;1647.362609;6;0;1;92;0;1399;1278;5.4
7916;17415;1647.362609;6;0;1;92;1;1399;1278;6
7917;17400;4999;5;0;1;77;1;999;1273;4.8
7918;16990;1647.362609;6;0;1;70;0;1598;1273;3.6
7919;17500;5;6;0;1;81;0;1598;1425;4.5
7920;17800;1647.362609;6;0;1;81;0;1598;1425;3.9
7921;17790;3395;6;0;1;92;0;1399;1425;4.5
7922;17790;10;5;0;1;66;1;999;1263;4.4
7923;17714;1647.362609;5;0;1;77;0;999;1425;4.5
7924;17500;6;6;0;1;100;0;1598;1403;3.9
7925;17740;1647.362609;6;0;1;81;0;1598;1360;3.4
7926;17714;1647.362609;5;0;1;78;0;1398;1425;4.6
7927;17800;2970;6;0;1;81;0;1598;1360;4
7928;17714;1647.362609;5;0;1;78;0;999;1425;4.5
7929;17690;3530;6;0;1;81;0;1598;1326;4.1
7930;17690;3388;6;0;1;81;0;1598;1326;4.1
7931;17690;10;5;0;1;66;1;999;1273;4.7
7932;17678;1;5;0;1;77;0;999;1273;5
7933;17600;10;6;0;1;85;0;1598;1393;6.4
7934;17590;5;5;0;1;77;0;999;1273;4.7
7935;17575;1647.362609;5;0;1;66;1;999;1288;5
7936;17500;1;6;0;1;81;0;1598;1360;4
7937;17570;4581;5;0;1;77;0;999;1273;4.9
7938;17560;1;6;0;1;81;0;1598;1425;4.7
7939;17559;1;6;0;1;81;0;1598;1425;4.7
7940;17500;1;6;0;1;81;0;1598;1360;4
7941;17500;6;6;0;1;81;0;1598;1360;4
7942;17490;100;6;0;1;92;0;1399;1425;5.9
7943;17500;6;6;0;1;81;0;1598;1360;4
7944;17500;1;6;0;1;81;0;1598;1360;4
7945;17490;1459;5;0;1;66;0;999;1288;4.5
7946;17490;10;6;0;1;66;0;999;1425;5
7947;17490;50;6;0;1;92;0;1399;1425;5.6
7948;17490;50;6;0;1;92;0;1399;1425;5.6
7949;17500;1;6;0;1;81;0;1598;1360;4
7950;17490;4275;5;0;1;77;0;999;1360;4
7951;17490;1647.362609;5;0;1;77;0;999;1360;4
7952;17490;979;5;0;1;77;0;999;1360;4
7953;17450;10;5;0;1;66;1;999;1425;4.6
7954;17450;5508;5;0;1;77;1;999;1425;4.5
7955;16990;3;5;0;1;77;0;999;1273;4.7
7956;16990;999;5;0;1;77;0;1000;1273;4.9
7957;17475;3000;6;0;1;92;0;1399;1425;5.5
7958;16990;5;6;0;1;66;0;999;1273;4.7
7959;16990;5;5;0;1;66;1;999;1273;4.7
7960;16990;500;6;0;1;92;0;1398;1425;4.5
7961;16990;1880;5;0;1;77;0;999;1273;4.7
7962;16990;10;5;0;1;66;0;998;1425;5.9
7963;16990;7;6;0;1;92;0;1399;1273;4.9
7964;16990;7;6;0;1;92;0;1399;1273;4.9
7965;16990;7;6;0;1;92;0;1399;1273;4.9
7966;16990;10;5;0;1;66;0;998;1425;5.9
7967;16990;5;5;0;1;77;0;999;1273;4.7
7968;16990;111;5;0;1;77;0;999;1288;4.5
7969;16990;3000;6;0;1;81;0;1598;1360;4
7970;16990;6;6;0;1;81;0;1598;1360;4
7971;16990;6;6;0;1;81;0;1598;1360;4
7972;16990;3000;6;0;1;81;0;1598;1360;4
7973;16990;11509;5;0;1;77;0;999;1263;4.4
7974;17450;10;5;0;1;66;0;1000;1263;4.8
7975;16990;1;6;0;1;81;0;1399;1273;4.9
7976;16990;2500;5;0;1;66;1;999;1273;4.7
7977;16990;1647.362609;5;0;1;66;1;999;1273;4.7
7978;16990;4956;5;0;1;77;1;999;1273;4.8
7979;16977;1647.362609;5;0;1;77;0;999;1273;4.7
7980;16977;1647.362609;5;0;1;77;0;999;1273;4.7
7981;16989;2627;5;0;1;77;1;999;1360;5
7982;16977;1647.362609;5;0;1;77;0;999;1273;4.7
7983;16977;1647.362609;5;0;1;77;0;999;1273;4.7
7984;16977;1647.362609;5;0;1;77;0;999;1273;4.7
7985;16977;1647.362609;5;0;1;77;0;999;1273;4.7
7986;16977;1647.362609;5;0;1;66;0;999;1273;4.7
7987;16977;1647.362609;5;0;1;77;0;999;1273;4.7
7988;17400;1647.362609;5;0;1;66;0;999;1273;4.9
7989;16977;1647.362609;5;0;1;77;0;999;1273;4.7
7990;17390;2500;5;0;1;77;1;999;1273;5
7991;17390;10;5;0;1;66;1;999;1425;5
7992;17390;1647.362609;6;0;1;81;0;1000;1425;4.5
7993;16977;1647.362609;5;0;1;77;0;999;1273;4.7
7994;16977;1647.362609;5;0;1;77;0;999;1273;4.7
7995;17330;10;5;0;1;77;0;998;1233;4.9
7996;17350;5;5;0;1;77;0;999;1233;4.9
7997;17190;1647.362609;5;0;1;78;0;998;1273;4.7
7998;17275;1647.362609;5;0;1;77;1;999;1273;5
7999;17105;1647.362609;5;0;1;66;1;999;1273;5
8000;17290;10;6;0;1;81;0;1598;1273;4.9
8001;17038;1647.362609;6;0;1;92;0;1399;1278;5
8002;17015;1;6;0;1;92;0;1399;1322;5.5
8003;17000;1501;6;0;1;92;0;1399;1278;5.1
8004;16996;4;6;0;1;100;0;1598;1378;4.4
8005;16873;1647.362609;5;0;1;77;0;1000;1273;4.9
8006;16999;27714;6;0;1;110;1;1399;1425;5.5
8007;16800;10;6;0;1;92;0;1399;1778;5.1
8008;16839;1647.362609;6;0;1;78;0;999;1273;4.9
8009;16866;1647.362609;5;0;1;77;0;999;1288;4.6
8010;16890;1647.362609;6;0;1;66;0;999;1273;5
8011;16799;10;5;0;1;77;0;999;1288;4.6
8012;16790;10;5;0;1;77;0;999;1425;4.5
8013;16790;10;5;0;1;66;1;999;1425;5
8014;16772;8;5;0;1;77;0;999;1288;4.6
8015;16617;1;5;0;1;77;0;999;1425;5
8016;16580;1647.362609;6;0;1;77;0;999;1425;5
8017;16500;3237;5;0;1;77;0;999;1360;4
8018;16500;2595;5;0;1;77;0;999;1360;4
8019;16500;8020;5;0;1;77;0;999;1360;4
8020;16488;1647.362609;6;0;1;81;0;1598;1273;3
8021;16490;10;6;0;1;66;0;999;1273;4.7
8022;16490;5;5;0;1;66;1;999;1273;4.7
8023;16489;4990;5;0;1;77;1;999;1273;4.9
8024;16488;1647.362609;6;0;1;81;0;1598;1273;3
8025;16464;1647.362609;5;0;1;78;0;999;1273;4.9
8026;16390;1647.362609;6;0;1;67;0;1000;1425;4.5
8027;16389;5000;5;0;1;77;1;999;1273;4.9
8028;16360;1;5;0;1;77;0;999;1288;4.6
8029;16390;4;5;0;1;66;0;999;1288;4.5
8030;16344;1647.362609;5;0;1;77;0;999;1263;4
8031;16290;10;5;0;1;66;0;998;1263;4.3
8032;16344;1647.362609;5;0;1;77;0;999;1263;4
8033;16390;10;5;0;1;66;0;998;1273;4.7
8034;16080;10;5;0;1;66;0;999;1273;4.9
8035;16190;1;5;0;1;66;0;999;1288;4.6
8036;15974;1647.362609;6;0;1;81;0;1598;1350;3
8037;15899;10;5;0;1;77;0;999;1273;4.7
8038;16280;3024;5;0;1;66;1;999;1263;4.8
8039;15974;1647.362609;6;0;1;81;0;1598;1350;3
8040;15953;1;5;0;1;77;0;999;1425;5
8041;15953;1;5;0;1;77;0;999;1425;5
8042;15862;1647.362609;6;0;1;92;0;1399;1278;5
8043;15500;4999;5;0;1;66;1;999;1273;4.7
8044;15816;1647.362609;6;0;1;81;0;1598;1350;3
8045;15590;1647.362609;6;0;1;67;0;1000;1425;4.5
8046;15700;4999;5;0;1;66;1;999;1273;4.7
8047;15622;1;5;0;1;77;0;999;1273;5
8048;15816;1647.362609;6;0;1;81;0;1598;1350;3
8049;15500;9500;6;0;1;81;0;1399;1273;4.9
8050;15490;1900;6;0;1;92;0;1399;1278;5.1
8051;15455;7;5;0;1;66;0;999;1288;4.6
8052;15488;10;5;0;1;66;1;999;1273;4.8
8053;17800;2970;6;0;1;81;0;1598;1360;4
8054;17990;5357;5;0;1;77;0;998;1273;4.4
8055;17877;10;6;0;1;110;1;1399;1288;5.4
8056;17950;500;5;0;1;77;1;998;1273;4.4
8057;17880;14478;6;0;1;110;1;1399;1425;5.5
8058;17877;10;6;0;1;110;1;1399;1288;5.4
8059;17890;10;5;0;1;66;1;999;1273;5.5
8060;17889;4000;6;0;1;77;1;999;1263;4.7
8061;18190;4439;6;0;1;92;0;1399;1273;4.9
8062;18190;2835;6;0;1;92;0;1598;1425;4.5
8063;18190;6245;6;0;1;92;0;1399;1425;4.5
8064;18190;10;5;0;1;77;0;999;1247;4.6
8065;18135;1647.362609;5;0;1;66;1;999;1288;5
8066;18100;4999;6;0;1;92;1;1399;1273;5.9
8067;18590;1647.362609;5;0;1;77;0;999;1273;4.7
8068;18750;5;6;0;1;81;0;1598;1410;4.5
8069;18190;431;6;0;1;81;0;1598;1326;4.1
8070;18758;1647.362609;5;0;1;77;0;1000;1273;4.9
8071;18440;700;6;0;1;92;1;1399;1322;5.9
8072;18990;1647.362609;5;0;1;77;0;999;1360;4
8073;18490;9000;6;0;1;92;0;1399;1278;5.8
8074;18400;4999;6;0;1;92;1;1399;1273;5.9
8075;18450;1;5;0;1;77;0;999;1288;4.6
8076;18950;2500;5;0;1;77;1;999;1425;5
8077;18990;500;6;0;1;147;1;1598;1273;6.8
8078;18990;20;6;0;1;147;1;1598;1273;6.8
8079;18989;9500;6;0;1;92;0;1399;1273;5.4
8080;18940;7741;6;0;1;110;1;1399;1425;4.5
8081;18940;4307;6;0;1;110;1;1399;1425;4.5
8082;18903;1647.362609;6;0;1;92;0;1399;1273;5.5
8083;18900;1647.362609;6;0;1;81;0;1368;1308;3.6
8084;18890;1647.362609;6;0;1;70;0;1598;1273;3.6
8085;18890;2678;5;0;1;77;0;999;1273;4.7
8086;18890;1000;6;0;1;81;0;1598;1326;4.1
8087;18890;4800;6;0;1;81;0;1598;1360;4.3
8088;18990;4555;5;0;1;77;0;999;1273;4.7
8089;18890;20;6;0;1;110;0;1399;1273;5.4
8090;18890;10;6;0;1;100;0;1598;1425;4.5
8091;18990;1;6;0;1;81;0;1598;1410;4.5
8092;18990;10;6;0;1;147;0;1598;1273;6
8093;18980;1000;6;0;1;92;0;1399;1343;5.6
8094;18980;2000;6;0;1;92;0;1399;1278;5.5
8095;18980;1000;6;0;1;92;0;1399;1322;5.6
8096;18980;1000;6;0;1;92;0;1399;1322;5.5
8097;18988;12;6;0;1;92;1;1399;1278;5.4
8098;18980;0;6;0;0;92;1;1399;1278;5.4
8099;18980;20;5;0;0;77;1;1000;1294;5
8100;18980;10;5;0;0;66;0;999;1273;4.7
8101;18979;7500;6;0;1;92;1;1399;1273;5.4
8102;18979;500;5;0;1;77;1;999;1360;4.3
8103;18965;1647.362609;6;0;1;110;1;1399;1278;6
8104;18980;10;6;0;1;77;0;999;1273;4.8
8105;18965;1647.362609;6;0;1;92;1;1399;1322;6.1
8106;18950;6911;5;0;1;76;0;999;1163;4.4
8107;18950;2500;6;0;1;92;1;1399;1273;6
8108;18950;5000;6;0;1;77;0;999;1273;5.6
8109;18380;1;6;0;1;110;0;1398;1273;5.6
8110;18380;1020;5;0;1;77;1;999;1425;5
8111;18370;1647.362609;5;0;1;77;0;999;1273;4.9
8112;18355;1647.362609;6;0;1;92;1;1399;1322;6.1
8113;18338;1647.362609;6;0;1;110;0;1399;1278;5.4
8114;18305;1647.362609;5;0;1;77;1;999;1288;5
8115;18300;3500;6;0;1;92;0;1598;1360;4
8116;18300;3500;6;0;1;92;0;1598;1360;4
8117;18300;10000;5;0;1;77;0;999;1278;4.5
8118;18290;10;6;0;1;81;0;1598;1425;4.5
8119;18290;10;6;0;1;81;0;1598;1425;4.5
8120;18260;1;6;0;1;81;0;1598;1410;4.5
8121;18238;10;6;0;1;110;1;1399;1273;5.4
8122;18300;7500;6;0;1;100;0;1598;1403;3.9
8123;18225;1647.362609;6;0;0;110;0;1399;1278;5.1
8124;18190;5;5;0;0;77;0;999;1233;4.9
8125;18890;40;6;0;0;92;0;1399;1425;5.9
8126;18790;10;6;0;1;92;0;1399;1273;5.5
8127;18850;5000;6;0;1;92;1;1399;1322;5.5
8128;18830;10;6;0;1;92;0;1598;1425;4.5
8129;18798;1647.362609;6;0;1;77;0;1600;1425;4.5
8130;18790;7000;5;0;1;77;1;999;1273;4.4
8131;18790;20;5;0;1;77;1;1000;1308;5
8132;18790;1999;6;0;1;92;1;1399;1273;5.8
8133;18990;10;6;0;1;92;0;1399;1236;4.9
8134;18990;5000;5;0;1;77;0;999;1273;4.7
8135;18990;25;6;0;1;92;0;1399;1425;5.5
8136;18990;2773;5;0;1;77;0;999;1288;4.5
8137;18990;25;6;0;1;92;0;1399;1425;5.5
8138;18990;25;6;0;1;92;0;1399;1425;5.5
8139;18990;10;6;0;1;92;0;1399;1425;4.5
8140;18990;1647.362609;5;0;1;66;0;999;1273;4.9
8141;18990;133;5;0;1;66;0;999;1273;4.9
8142;18990;1900;5;0;1;66;0;999;1273;4.9
8143;18990;2103;5;0;1;66;0;999;1273;4.9
8144;18990;1647.362609;5;0;1;66;0;999;1273;4.9
8145;18990;15;6;0;1;92;0;1398;1425;4.5
8146;18990;3;5;0;1;66;0;999;1273;4.9
8147;18525;1647.362609;5;0;1;77;1;999;1273;4.7
8148;18500;10;5;0;1;77;0;999;1273;4.7
8149;18500;7;6;0;1;92;0;1399;1273;5.1
8150;18950;7500;6;0;1;92;1;1399;1425;6.1
8151;18490;5;5;0;1;66;0;999;1273;4.7
8152;18490;5900;6;0;1;92;1;1399;1273;5.8
8153;18490;2500;6;0;1;92;1;1399;1273;6
8154;18490;10;6;0;1;92;0;1399;1236;4.9
8155;18490;525;6;0;1;147;0;1598;1273;6.3
8156;18490;1162;5;0;1;77;0;998;1273;4.9
8157;18480;1647.362609;6;0;1;81;1;1598;1364;4.1
8158;18490;1647.362609;5;0;1;66;0;999;1273;4.9
8159;18490;2500;6;0;1;92;1;1399;1273;5.8
8160;18480;3000;6;0;1;92;0;1399;1278;5.4
8161;18480;2500;6;0;1;92;0;1399;1302;5.6
8162;18480;2000;6;0;1;92;0;1399;1278;5.4
8163;18450;320;6;0;1;81;0;1598;1273;4.5
8164;18749;3500;6;0;1;92;1;1399;1425;5.8
8165;18690;10;6;0;0;92;1;1399;1425;5.1
8166;18725;1;6;0;0;92;0;1399;1322;5.5
8167;18690;1000;6;0;1;92;0;1399;1425;4.5
8168;18690;5;5;0;1;66;0;999;1273;4.7
8169;18690;15;5;0;1;77;0;999;1273;4.7
8170;18690;1647.362609;5;0;1;92;1;1399;1425;5.8
8171;18690;5;5;0;1;66;0;999;1288;4.5
8172;18690;5500;6;0;1;81;0;1598;1326;4.1
8173;18690;10;5;0;1;77;0;999;1273;4.9
8174;18683;1647.362609;5;0;1;77;0;1000;1273;4.9
8175;18610;1;5;0;1;77;0;999;1273;4.8
8176;18683;1647.362609;5;0;1;77;0;1000;1273;4.9
8177;18640;3;6;0;1;81;0;1598;1364;4.4
8178;18660;1647.362609;6;0;1;81;1;1598;1410;4.3
8179;18099;5000;5;0;1;77;0;999;1425;5
8180;18683;1647.362609;5;0;1;77;0;1000;1273;4.9
8181;18097;1;6;0;1;92;0;1399;1425;6
8182;18090;1647.362609;6;0;1;92;1;1399;1322;6.1
8183;18064;1647.362609;5;0;1;78;0;998;1425;4.7
8184;18096;1;6;0;1;92;0;1399;1425;6
8185;18000;1;6;0;1;110;0;1399;1322;5.5
8186;18070;1;6;0;1;92;0;1399;1322;5.5
8187;18070;1;5;0;1;77;0;999;1288;4.6
8188;17930;1647.362609;5;0;1;77;1;999;1273;4.7
8189;17992;1000;6;0;1;92;0;1399;1322;5.5
8190;18000;4894;5;0;1;77;0;999;1360;4
8191;17990;1647.362609;5;0;1;77;0;999;1273;4.4
8192;17992;1000;6;0;1;92;0;1399;1322;5.5
8193;17990;3;5;0;1;66;0;999;1288;4.6
8194;17950;50;6;0;1;92;0;1399;1278;5.8
8195;17940;50;6;0;1;92;1;1399;1273;5.5
8196;17925;1647.362609;6;0;1;92;1;1399;1278;6
8197;17990;6238;6;0;1;81;0;1598;1372;4.3
8198;17890;3500;6;0;1;92;1;1399;1425;5.5
8199;17890;10;5;0;1;77;0;999;1247;4.6
8200;17900;3900;6;0;1;92;1;1399;1273;5.8
8201;17890;10;5;0;1;77;0;999;1247;4.6
8202;17990;495;5;0;1;77;0;999;1288;4.6
8203;17990;12;5;0;1;77;0;999;1273;4.7
8204;17980;1647.362609;6;0;1;92;0;1399;1268;5.5
8205;17990;150;6;0;1;92;1;1400;1273;5.5
8206;17990;7700;6;0;2;92;0;1399;1273;5.1
8207;17990;8;6;0;2;92;0;1398;1425;4.5
8208;17990;500;6;0;1;92;0;1399;1273;5.8
8209;17990;10;6;0;1;92;0;1399;1283;5.5
8210;17990;4669;6;0;1;81;0;1598;1372;4.3
8211;17980;17200;6;0;1;110;1;1399;1425;5.5
8212;17877;10;6;0;1;110;1;1399;1288;5.4
8213;17990;1443;5;0;1;77;0;999;1288;4.6
8214;17877;10;6;0;1;110;1;1399;1288;5.4
8215;17990;7000;5;0;1;77;1;999;1273;4.4
8216;17877;10;6;0;1;110;1;1399;1288;5.4
8217;17850;4500;6;0;1;92;1;1399;1273;4.9
8218;17824;1647.362609;6;0;1;92;0;1399;1273;5
8219;17990;3919;5;0;1;77;0;999;1273;4.7
8220;17990;5;6;0;1;77;0;999;1273;5.4
8221;17990;10;6;0;1;81;0;1598;1360;4
8222;17990;8000;6;0;1;92;1;1399;1273;5.9
8223;17990;20;6;0;1;147;1;1598;1273;6.8
8224;17990;3188;6;0;1;81;0;1598;1372;4.3
8225;17990;5;6;0;1;92;0;1399;1273;5.4
8226;17990;1829;6;0;1;92;0;1399;1273;4.9
8227;17990;3500;5;0;1;77;0;999;1273;4.7
8228;17990;100;6;0;1;92;0;1399;1273;5.4
8229;17990;10;5;0;1;77;0;999;1273;4.7
8230;17980;15058;6;0;1;110;1;1399;1425;5.5
8231;17950;2500;6;0;1;92;1;1399;1273;6
8232;17970;1647.362609;5;0;1;77;0;999;1260;4.5
8233;17950;50;6;0;1;92;0;1399;1278;5.8
8234;17975;50;6;0;1;92;0;1399;1278;5.8
8235;17970;18441;6;0;1;110;1;1399;1425;5.5
8236;17950;50;6;0;1;92;0;1399;1278;5.8
8237;17980;10;5;0;1;66;1;999;1263;4.4
8238;7700;100000;6;3;1;66;0;1398;1163;4.7
8239;9590;6100;6;3;1;66;1;1398;1199;6.3
8240;10600;24005;5;1;1;66;0;1398;1163;4.8
8241;10950;9420;6;3;1;66;0;1398;1163;5.45
8242;12250;9275;6;1;1;66;1;1398;1163;6
8243;11490;15515;5;2;1;66;0;1398;1163;4.7
8244;10990;58000;6;3;1;66;1;1398;1163;6.6
8245;10490;42360;6;3;1;66;1;1398;1163;4.7
8246;12390;3921;5;1;1;66;1;1398;1163;4.7
8247;12450;20813;6;1;1;66;1;1398;1163;6
8248;12950;39979;5;3;1;66;0;1398;1063;4.7
8249;12990;5454;6;1;1;66;1;1398;1163;6
8250;12860;37991;6;1;1;66;1;1398;1163;5.9
8251;12900;6500;6;2;2;66;1;1398;1163;4.7
8252;12900;9977;6;1;1;66;1;1398;1163;5.3
8253;12900;38000;6;1;1;66;1;1398;1163;5.9
8254;13576;10888;6;1;1;66;0;1398;1163;5.9
8255;13490;7792;6;1;1;66;0;1398;1199;6.6
8256;13150;52872;5;3;1;66;0;1398;1063;4.8
8257;13200;17000;6;3;1;66;0;1398;1199;6
8258;13580;14682;5;1;1;66;1;1398;1163;4.7
8259;13123;48000;6;2;1;66;0;1398;1199;6.6
8260;13450;900;6;0;1;66;0;1398;1163;5.9
8261;13490;1400;6;1;1;66;0;1398;1163;5.2
8262;13490;8864;6;2;1;66;0;1398;1199;5.9
8263;13650;48717;5;3;1;66;0;1398;1063;4.8
8264;13690;10;6;0;1;66;1;1398;1163;5.9
8265;13450;13500;5;3;2;66;1;1398;1163;4.7
8266;13430;4500;6;1;1;66;0;1398;1199;6.3
8267;13440;6138;5;1;1;66;1;1398;1163;4.8
8268;13324;5;6;0;1;66;0;1398;1120;7.8
8269;13400;6109;6;1;1;51;0;1398;1163;5.3
8270;13324;5;6;0;1;66;0;1398;1120;7.8
8271;13300;3000;6;0;1;66;0;1398;1163;5.3
8272;13290;3500;6;1;1;66;0;1398;1163;5.9
8273;13290;22135;6;1;1;66;1;1398;1163;6
8274;13290;5744;6;1;1;66;1;1398;1163;6
8275;13290;30990;6;1;1;66;1;1398;1199;5.9
8276;13290;9900;6;1;1;66;1;1398;1163;6
8277;13288;10;6;0;1;66;1;1398;1248;6.3
8278;13290;23900;6;2;1;66;0;1398;1199;5.9
8279;13290;5790;6;2;1;66;0;1398;1163;5.9
8280;13288;10;6;0;1;66;1;1398;1248;6.3
8281;13250;35;6;0;1;66;0;1398;1163;5.7
8282;13663;10;6;0;1;66;1;1398;1248;6.3
8283;13250;1;6;0;1;66;0;1398;1156;6.2
8284;13663;10;6;0;1;66;1;1398;1248;6.3
8285;13663;10;6;0;1;66;1;1398;1248;6.3
8286;13280;11540;5;1;1;66;1;1398;1163;4.7
8287;13663;10;6;0;1;66;1;1398;1248;6.3
8288;13650;5213;6;1;1;66;1;1398;1163;6
8289;13650;39065;6;1;1;66;1;1398;1163;5.2
8290;13625;25880;5;1;1;66;1;1398;1163;4.7
8291;13663;10;6;0;1;66;1;1398;1248;6.3
8292;13600;28876;6;3;2;66;0;1398;1041;4.7
8293;13650;1025;5;2;1;66;0;1398;1141;4.8
8294;13590;8520;6;2;1;66;0;1398;1163;5.2
8295;13650;35461;6;1;1;66;1;1398;1163;5.2
8296;13585;47451;5;3;2;66;0;1398;1063;4.8
8297;13590;6500;6;1;1;66;0;1398;1199;6.6
8298;13590;7434;6;1;1;66;1;1398;1163;5.9
8299;13490;5751;6;1;1;66;0;1398;1199;6.6
8300;13490;10;6;0;1;66;1;1398;1163;5.9
8301;13590;13200;6;1;1;66;0;1398;1199;6.6
8302;13590;10501;6;1;1;66;1;1398;1163;5.9
8303;13480;15826;6;1;1;66;0;1398;1163;5.9
8304;13480;8862;6;1;1;66;0;1398;1203;6
8305;13480;5097;6;1;1;66;1;1398;1199;6
8306;13480;4345;6;1;1;66;0;1398;1203;6.6
8307;13480;10;6;0;1;66;0;1398;1199;6.6
8308;13480;15300;6;1;1;66;0;1398;1163;5.9
8309;13480;20130;6;1;1;66;1;1398;1163;5
8310;13480;9196;6;1;1;66;1;1398;1163;5.9
8311;13480;4193;6;1;1;66;0;1398;1239;6.4
8312;13550;10;6;1;1;66;0;1398;1248;6.4
8313;13470;20000;6;1;1;66;1;1398;1163;4.8
8314;13470;11364;6;1;1;66;0;1398;1141;5
8315;13470;13011;5;1;1;66;0;1398;1163;4.8
8316;13455;1743;5;2;1;66;0;1398;1163;4.8
8317;13450;22333;6;1;1;66;1;1398;1163;4.7
8318;13480;4201;6;1;1;66;0;1398;1199;6
8319;13524;5;6;0;1;66;0;1398;1120;7.8
8320;13490;5350;6;1;1;66;1;1398;1163;4.7
8321;13524;5;6;0;1;66;0;1398;1120;7.8
8322;13500;5;6;1;1;66;0;1398;1163;4.8
8323;13500;3700;6;3;2;66;0;1398;1199;6
8324;13500;5300;5;0;1;66;0;1398;1163;5.6
8325;13500;10800;6;1;1;66;1;1398;1163;5.9
8326;13524;5;6;0;1;66;0;1398;1120;7.8
8327;13490;8000;6;1;1;66;0;1398;1163;6.6
8328;13490;11000;6;1;1;66;0;1398;1163;5.9
8329;13490;4900;6;1;1;66;1;1398;1163;5.9
8330;13490;16600;5;1;1;66;1;1398;1163;4.7
8331;13490;10000;5;1;1;66;1;1398;1163;6.3
8332;13490;22286;6;1;1;66;1;1398;1199;6.6
8333;13490;7070;5;1;1;66;1;1400;1203;5.6
8334;13490;15900;6;1;1;66;0;1398;1163;5.9
8335;13490;4430;6;1;1;66;0;1398;1199;6.6
8336;12990;21100;6;1;1;66;0;1398;1163;6
8337;13050;1;6;0;1;66;0;1398;1156;6.2
8338;12999;17919;5;1;1;66;0;1398;1163;4.7
8339;12990;28990;5;1;1;66;1;1398;1163;4.7
8340;12990;6960;5;1;1;66;1;1398;1141;4.8
8341;12999;4067;6;1;1;66;0;1398;1199;6
8342;12990;14200;6;1;1;66;0;1398;1163;5.9
8343;12990;21100;6;1;1;66;0;1398;1163;6
8344;12990;18700;6;1;1;66;0;1398;1163;6
8345;12990;18700;6;1;1;66;0;1398;1163;6
8346;12990;4306;6;1;1;66;1;1398;1163;6
8347;12990;6656;6;1;1;66;1;1398;1163;6
8348;12990;11500;6;1;1;66;1;1398;1163;6
8349;12990;8953;6;1;1;66;1;1398;1163;6
8350;12990;5615;6;1;1;66;1;1398;1163;6
8351;12990;5300;6;1;1;66;1;1398;1163;6
8352;12990;8500;6;1;1;66;1;1398;1163;6
8353;12950;4833;6;1;1;66;0;1397;1163;5.2
8354;12910;10500;6;1;1;66;0;1398;1199;6.6
8355;12945;2015;5;1;1;66;1;1398;1163;4.8
8356;12945;9503;5;1;1;66;1;1398;1163;4.7
8357;12940;76403;5;3;2;66;0;1398;1063;4.7
8358;12910;13900;6;1;1;66;0;1398;1199;6.6
8359;12900;31300;6;1;1;66;1;1398;1163;6
8360;12900;3600;6;3;2;66;1;1398;1163;5.9
8361;12900;28915;6;2;1;66;0;1398;1163;4.7
8362;12890;20420;5;1;1;66;1;1398;1163;4.7
8363;12890;7100;6;1;1;66;0;1398;1163;5.2
8364;12880;14080;5;1;1;66;1;1398;1163;4.7
8365;12880;5689;6;1;1;66;1;1398;1163;5.1
8366;12900;22191;6;3;2;66;0;1398;1199;5.9
8367;12880;26525;5;1;1;66;0;1398;1163;4.8
8368;12990;19600;5;1;1;66;1;1398;1163;4.7
8369;12990;460;6;1;1;66;0;1398;1163;6.2
8370;12870;25600;6;1;1;66;1;1398;1163;4.7
8371;12990;30000;6;3;1;66;1;1398;1163;5.9
8372;12990;40867;6;1;1;66;0;1398;1163;5.2
8373;12990;5700;6;1;1;66;1;1398;1163;5.2
8374;12990;3509;6;1;1;66;1;1398;1163;6
8375;12990;10700;6;1;1;66;1;1398;1163;5.2
8376;12990;6000;6;0;1;66;1;1400;1163;5
8377;12980;20543;5;2;1;66;1;1400;1163;5.2
8378;12990;14246;6;1;1;66;0;1398;1163;5.2
8379;12980;18745;5;1;1;66;0;1398;1163;4.8
8380;12989;7999;6;2;1;66;0;1398;1199;6.6
8381;12980;23622;5;1;1;66;0;1398;1163;4.8
8382;12980;16480;6;1;1;66;1;1398;1163;5.6
8383;12980;3927;5;1;1;66;1;1398;1163;4.7
8384;12480;13096;5;1;1;66;0;1398;1163;4.7
8385;12960;22800;5;1;1;66;1;1399;1163;5.3
8386;12950;35182;5;3;1;66;0;1398;1063;4.7
8387;12490;20135;5;2;1;66;0;1398;1163;4.8
8388;12950;19164;6;1;1;66;1;1398;1163;6.3
8389;12850;3200;6;1;1;66;0;1398;1163;5.9
8390;12850;18500;6;1;1;66;1;1398;1163;5.9
8391;12850;20587;6;3;1;66;1;1398;1163;5.9
8392;12790;24990;5;1;1;66;1;1400;1163;4.7
8393;12790;36274;6;1;1;66;1;1398;1163;5.9
8394;12788;10;6;0;1;66;1;1398;1248;6.3
8395;12788;10;6;0;1;66;1;1398;1248;6.3
8396;12780;16550;6;1;1;66;0;1398;1199;6.6
8397;12750;19866;6;2;1;66;0;1398;1041;4.8
8398;12777;26300;6;1;1;66;0;1398;1163;6.6
8399;12750;1800;6;1;1;66;0;1398;1163;5.9
8400;12750;47551;5;3;1;66;0;1398;1063;4.8
8401;12750;19500;6;1;1;66;0;1398;1163;6
8402;12750;6730;6;0;1;66;0;1398;1163;6
8403;12700;15091;6;1;1;66;0;1397;1163;5.2
8404;12695;12975;6;2;2;66;1;1398;1163;4.8
8405;12695;15063;6;1;1;66;0;1398;1163;6
8406;12690;6600;6;1;1;66;0;1398;1141;5.2
8407;12450;32355;6;1;1;66;0;1398;1163;5.2
8408;12435;21050;5;1;1;44;1;1364;1163;5.6
8409;12400;7600;6;2;2;66;1;1398;1163;5.3
8410;12400;18875;6;2;1;66;1;1398;1163;4.7
8411;12400;28554;6;1;1;66;1;1398;1163;4.7
8412;12400;17775;5;2;1;66;0;1398;1199;5.9
8413;12395;12075;6;1;1;66;0;1398;1163;6
8414;12650;62150;6;2;1;66;1;1398;1163;5.2
8415;12400;22693;6;1;1;66;1;1398;1163;4.7
8416;12388;38522;5;3;1;66;0;1398;1063;4.8
8417;12395;11526;6;1;1;66;0;1398;1163;6
8418;12385;1600;5;1;1;66;1;1398;1141;4.8
8419;12380;2400;6;1;1;66;0;1398;1141;5.2
8420;12380;41300;5;3;1;66;0;1398;1063;4.8
8421;12375;3900;6;1;1;66;0;1398;1141;5.2
8422;12625;22213;5;1;1;66;1;1398;1163;4.7
8423;12620;25294;5;1;1;66;1;1398;1163;4.8
8424;12600;20300;6;3;1;66;0;1398;1199;6
8425;12625;18600;6;1;1;66;0;1400;1163;5.6
8426;12376;1;6;0;1;66;0;1398;1163;6.6
8427;12590;20936;6;1;1;66;1;1398;1199;6.6
8428;12590;26469;6;1;1;66;0;1398;1163;5.2
8429;12570;16400;6;1;1;66;0;1398;1163;5.6
8430;12555;17186;6;1;1;66;0;1398;1163;4.7
8431;12550;10486;5;2;1;66;1;1398;1163;4.7
8432;12533;1647.362609;6;0;1;66;0;1398;1163;5
8433;12533;1647.362609;6;0;1;66;0;1398;1163;5
8434;12500;14471;6;1;1;66;0;1398;1163;6.1
8435;12500;52000;6;3;1;66;0;1398;1199;6.6
8436;12500;38000;6;3;1;66;0;1398;1099;6
8437;12360;4900;6;1;1;66;0;1398;1163;5.3
8438;12500;18273;6;2;1;66;0;1398;1163;4.7
8439;12495;7876;6;1;1;66;0;1398;1163;6
8440;12495;8927;6;1;1;66;0;1398;1163;6
8441;12500;5000;6;1;1;66;0;1398;1199;6
8442;12499;19000;5;1;1;66;0;1400;1120;5.4
8443;11850;39300;5;3;1;66;1;1398;1163;4.7
8444;11870;54251;6;2;1;66;1;1398;1237;5.1
8445;11800;10923;6;1;1;66;0;1398;1163;6
8446;11777;5600;6;2;1;66;0;1398;1163;5.2
8447;11750;19980;6;1;1;66;1;1398;1163;4.7
8448;11748;19152;5;1;1;66;0;1398;1163;5.6
8449;11750;11899;6;1;1;66;0;1398;1163;4.8
8450;12490;7991;6;2;2;66;0;1398;1163;5.9
8451;11690;13200;6;3;1;66;0;1398;1163;5.2
8452;11650;60756;6;2;1;66;1;1400;1163;5.9
8453;11750;19500;5;2;1;66;0;1398;1163;4.9
8454;11700;33450;6;3;1;66;1;1398;1199;6
8455;11600;19644;6;3;1;66;0;1398;1199;6
8456;11500;4900;6;3;1;66;0;1398;1199;6
8457;11635;22174;5;1;1;66;0;1398;1163;6.5
8458;11500;19066;6;1;1;66;0;1400;1163;5.3
8459;11500;19998;6;1;1;66;0;1398;1163;4.8
8460;11495;25900;6;1;1;66;0;1398;1163;6
8461;11500;19635;5;1;1;66;0;1398;1163;4.8
8462;11490;23138;6;2;1;66;0;1398;1163;5.3
8463;11290;22745;6;3;1;66;1;1398;1199;6
8464;11275;54822;6;2;1;66;1;1398;1199;5.9
8465;11250;22129;6;1;1;66;0;1398;1163;4.8
8466;11250;16158;5;1;1;66;0;1398;1163;5.3
8467;11250;31700;6;2;2;66;0;1398;1199;6.3
8468;11250;19101;5;3;1;66;0;1398;1163;6
8469;11220;5500;5;2;1;66;0;1398;1141;4.8
8470;11200;21997;6;1;1;66;0;1398;1163;4.8
8471;11200;21909;6;1;1;66;0;1398;1163;4.8
8472;11200;24013;6;1;1;66;0;1398;1163;4.8
8473;11200;20626;6;1;1;66;0;1398;1163;4.8
8474;11190;63350;6;2;1;66;1;1398;1199;6
8475;10999;49499;6;3;1;71;0;1248;1125;3.4
8476;10990;17943;5;2;1;66;1;1398;1120;4.9
8477;10995;24400;6;3;2;66;0;1398;1163;4.7
8478;10990;39000;6;3;1;66;0;1398;1163;6
8479;10990;12460;5;1;1;66;1;1398;1163;4.7
8480;10990;20325;6;2;2;66;0;1398;1163;5.9
8481;12290;2600;6;1;2;66;0;1398;1163;5.9
8482;12350;18636;5;2;1;66;1;1398;1163;4.7
8483;12270;5600;6;1;1;66;0;1398;1163;4.7
8484;12250;23924;6;1;1;66;1;1398;1163;5.9
8485;12200;18000;6;1;1;66;0;1398;1163;4.7
8486;11990;17790;6;2;1;66;1;1398;1199;6.6
8487;11990;11211;6;1;1;66;0;1398;1163;5.3
8488;12000;41000;6;3;2;66;0;1398;1199;6
8489;12199;41960;6;1;1;66;1;1398;1163;5.9
8490;11999;2000;6;0;1;66;0;1398;1120;6.1
8491;11990;9945;5;1;1;66;1;1398;1141;4.7
8492;11990;17645;6;1;1;66;0;1398;1199;6
8493;11990;13341;6;2;2;66;0;1398;1199;6
8494;11990;22635;6;3;1;66;0;1398;1203;6.2
8495;11990;17645;6;1;1;66;0;1398;1199;6
8496;11990;12980;6;1;1;66;0;1398;1163;6
8497;11990;16680;5;1;1;66;0;1398;1160;5
8498;11990;40596;6;1;1;66;1;1398;1163;5.9
8499;11490;28913;6;2;1;66;1;1398;1163;4.9
8500;11985;10409;6;3;1;66;0;1398;1163;6
8501;11480;69300;6;3;1;70;0;1398;1163;5.6
8502;11450;32177;6;2;2;66;1;1398;1163;5.9
8503;11450;24330;6;2;1;66;1;1398;1163;5.2
8504;11490;63600;5;3;1;66;1;1398;1163;4.7
8505;11450;22500;6;2;1;66;1;1398;1163;5.9
8506;11490;15515;5;2;1;66;0;1398;1163;4.7
8507;11399;16642;6;2;1;66;0;1400;1163;5.6
8508;11390;19300;6;2;0;66;0;1398;1199;5.9
8509;11375;23524;6;1;1;66;0;1398;1237;5.3
8510;11370;12710;6;3;1;66;0;1398;1163;5.9
8511;11350;25803;6;3;1;66;1;1398;1163;5.9
8512;11300;11687;6;2;1;66;0;1398;1163;6
8513;11300;11500;6;2;1;66;0;1398;1163;5.3
8514;11447;12710;6;1;1;66;0;1398;1163;5.3
8515;11290;19507;5;1;1;66;0;1398;1163;5.1
8516;11300;11500;6;2;1;66;0;1398;1163;5.3
8517;11290;20000;6;3;2;66;1;1398;1199;5.9
8518;10950;51017;6;3;1;66;1;1398;1163;5.6
8519;10990;25050;6;1;1;66;0;1398;1199;6
8520;11300;11500;6;2;1;66;0;1398;1163;5.3
8521;10990;21900;6;1;1;66;0;1398;1163;5.3
8522;10980;43260;6;2;1;66;1;1398;1163;4.7
8523;11970;25000;5;1;1;66;1;1398;1163;4.7
8524;11290;69266;6;2;1;66;1;1398;1199;6
8525;11985;22000;6;2;1;66;0;1398;1163;6
8526;11980;800;6;1;1;66;0;1398;1163;4.9
8527;11950;9200;5;2;1;66;1;1398;1163;4.7
8528;11980;24100;6;1;1;66;1;1398;1163;6.2
8529;11980;17653;5;3;2;66;1;1398;1163;4.8
8530;11950;20115;6;2;1;66;1;1398;1163;4.8
8531;11950;8000;5;2;1;66;1;1398;1163;4.7
8532;11950;29800;6;2;1;66;1;1398;1199;6
8533;11900;8300;6;3;1;66;0;1398;1163;5.3
8534;11900;31000;6;3;1;66;1;1398;1199;5.9
8535;11900;17900;6;1;1;66;0;1398;1088;4.7
8536;11900;16168;5;3;1;66;1;1398;1163;4.8
8537;11900;17900;6;1;1;66;0;1398;1088;4.7
8538;11890;42900;6;2;1;66;1;1398;1163;6
8539;11890;20495;5;1;1;66;0;1398;1163;5.3
8540;11890;12819;6;2;1;66;1;1398;1163;6
8541;11890;3610;6;1;1;66;1;1398;1163;6
8542;10950;34800;6;3;2;66;0;1398;1163;5.2
8543;11889;22729;5;1;1;66;1;1398;1163;4.7
8544;10949;2461;5;3;2;66;0;1398;1163;4
8545;10900;38000;5;3;2;66;0;1398;1163;5.2
8546;10885;30000;5;2;1;66;0;1398;1163;4.8
8547;10790;27600;6;3;2;66;1;1398;1163;5.9
8548;10840;19800;6;2;2;66;1;1398;1163;5.1
8549;10790;57358;6;3;2;66;1;1398;1163;5.9
8550;10700;40990;6;3;2;66;0;1398;1163;6
8551;10750;35000;6;2;2;66;0;1398;1199;6.3
8552;10690;2681;6;2;1;66;0;1398;1163;4.7
8553;10650;35750;6;3;2;66;0;1398;1163;6
8554;10770;27938;6;3;1;66;0;1398;1163;5.1
8555;10450;21550;6;3;1;66;1;1398;1163;5.9
8556;11870;54251;6;2;1;66;1;1398;1237;5.1
8557;10480;12526;6;1;2;66;0;1398;1163;5.6
8558;10400;23500;6;1;1;66;0;1398;1163;4.7
8559;10253;24849;6;2;1;66;0;1398;1163;5.2
8560;10290;24000;5;3;2;66;1;1398;1163;4.7
8561;10250;19463;6;2;1;66;0;1398;1163;5.3
8562;10390;17086;5;3;2;66;0;1398;1162;4.8
8563;9999;69220;6;2;1;66;0;1398;1199;6.6
8564;10000;42000;6;1;1;66;0;1398;1199;6
8565;9999;36400;5;2;1;66;0;1398;1163;5.6
8566;10000;30000;5;3;1;70;0;1248;1237;3.1
8567;9990;26650;6;3;1;66;1;1398;1163;4.7
8568;10490;8000;6;3;1;66;1;1398;1199;5.9
8569;9988;57963;5;2;1;70;0;1248;1199;3.2
8570;9950;14850;6;2;1;66;0;1398;1163;5.9
8571;9990;38938;6;3;2;66;1;1398;1163;5.9
8572;9990;27000;6;3;2;66;0;1398;1163;5.9
8573;9900;33500;5;2;1;66;0;1398;1163;4.9
8574;9900;23167;6;1;1;66;0;1398;1199;6
8575;9690;24731;6;3;1;66;1;1398;1163;4.8
8576;9500;87810;6;3;1;66;0;1398;1163;4.8
8577;9500;21000;5;1;1;66;0;1398;1163;5.2
8578;9490;58000;5;3;1;66;0;1398;1141;4.7
8579;9621;10763;6;2;1;66;0;1398;1199;6
8580;9450;35800;5;3;1;70;0;1248;1199;3.2
8581;9470;21100;6;3;1;66;1;1398;1163;4.7
8582;9200;86390;6;3;1;66;0;1398;1163;4.8
8583;9200;23300;6;2;1;66;0;1398;1163;6
8584;8900;43731;6;2;1;51;0;1398;1163;5.6
8585;8900;103575;5;3;1;71;0;1248;1125;3.3
8586;9000;59000;5;3;1;66;0;1398;1163;4.8
8587;7790;103000;5;3;1;66;0;1398;1163;5.1
8588;8500;88530;6;3;1;66;0;1398;1163;4.8
8589;8200;87050;6;3;1;66;0;1398;1163;4.8
8590;8450;98148;5;3;1;70;0;1248;1159;3.4
8591;7900;11000;6;2;1;66;0;1398;1120;5.9
8592;6900;146210;5;3;1;66;0;1398;1088;5.1
8593;6900;45636;5;3;1;66;0;1398;1066;5.1
8594;13880;99;6;2;1;66;0;1398;1163;6
8595;6200;51000;5;2;1;55;0;1248;1199;3.8
8596;5990;123300;5;3;1;70;0;1248;1163;5.3
8597;6200;54000;5;2;1;55;0;1248;1163;3.8
8598;6100;66000;5;3;1;51;0;1229;1163;5.4
8599;5970;59000;5;3;1;51;0;1229;1135;5.4
8600;5970;56000;5;3;1;51;0;1229;1160;5.6
8601;5970;38000;5;3;1;51;0;1229;1135;5.4
8602;6900;57754;5;3;1;51;1;1229;1163;5.4
8603;6900;116184;5;2;2;55;0;1248;1163;5.3
8604;6900;69053;5;2;1;51;0;1229;1163;5.3
8605;6900;96000;5;3;1;51;0;1229;1163;5.3
8606;6990;54424;5;3;1;51;1;1229;1163;5.4
8607;6990;55000;5;3;1;51;0;1229;1088;5.4
8608;7179;87429;5;3;1;52;0;1229;1163;5.3
8609;7180;69943;5;2;1;52;0;1229;1163;5.3
8610;7300;75000;5;3;1;51;0;1229;1163;5.3
8611;7500;48000;5;3;1;51;0;1229;1163;5.3
8612;7300;74000;5;3;1;51;0;1229;1163;5.3
8613;7480;59108;5;3;2;51;1;1229;1163;5.8
8614;7480;56670;5;3;2;51;1;1229;1163;5.4
8615;7450;6244;5;3;2;51;1;1229;1163;5.4
8616;7480;55800;5;3;2;51;1;1229;1163;5.4
8617;7500;35000;5;3;2;55;0;1248;1237;3.8
8618;7600;37000;5;3;1;66;0;1398;1141;5.6
8619;7599;57966;5;2;1;66;1;1398;1163;5.2
8620;7600;65000;5;2;1;51;0;1229;1163;5.3
8621;7600;61000;5;3;1;66;1;1398;1163;5.6
8622;7600;80000;5;3;1;66;0;1398;1163;6
8623;7600;85000;5;3;1;70;0;1248;1163;5
8624;7599;32000;5;3;1;51;0;1229;1163;5.4
8625;7590;47740;5;3;1;51;0;1229;1135;5.4
8626;7590;69989;5;3;1;51;0;1229;1124;5.4
8627;7580;23951;5;3;1;51;1;1229;1163;5.4
8628;7580;36200;5;3;2;51;1;1229;1163;5.4
8629;7580;36944;5;3;2;51;0;1229;1163;5.4
8630;7590;44409;5;3;1;51;1;1229;1163;5.4
8631;7580;47000;5;3;2;51;0;1229;1163;5.4
8632;7576;105473;5;3;1;55;0;1248;1163;5.6
8633;7590;18721;5;3;1;51;0;1229;1135;5.4
8634;7550;38500;5;3;1;51;0;1229;1135;5.6
8635;7500;48909;5;3;2;66;0;1398;1141;5.7
8636;7495;54000;5;3;2;55;0;1248;1665;3.8
8637;7500;48880;5;2;1;66;0;1398;1163;5.1
8638;7550;60000;5;2;1;51;0;1229;1163;5.3
8639;7500;85921;5;3;2;66;0;1398;1120;5.2
8640;7500;71000;5;3;2;55;0;1248;1665;3.8
8641;7495;42000;5;3;2;55;0;1248;1665;3.8
8642;7500;69000;5;2;1;55;0;1229;1120;5
8643;7500;90509;5;3;0;51;0;1229;1199;5.3
8644;7500;20500;5;3;2;51;0;1229;1135;5.6
8645;7500;132000;5;3;1;66;0;1398;1259;5.3
8646;7500;29500;5;3;3;51;0;1229;1173;5.6
8647;7500;90000;5;3;1;66;0;1398;1163;6
8648;7500;98000;5;3;1;51;0;1229;1163;5.3
8649;7500;82000;5;2;1;51;0;1229;1163;5.3
8650;7499;80000;5;3;1;55;1;1248;1237;3.9
8651;7499;14500;5;1;1;51;0;1229;1135;5.6
8652;7499;67956;6;3;1;66;0;999;1199;4.6
8653;7499;39173;5;3;1;55;0;1248;1199;3.8
8654;7490;87998;5;3;1;55;0;1248;1237;3.8
8655;7495;47000;5;3;1;55;0;1248;1665;3.8
8656;7495;46000;5;3;1;55;0;1248;1665;3.8
8657;7490;103374;5;3;1;55;0;1248;1237;3.8
8658;7490;55000;5;2;1;51;0;1229;1163;5.3
8659;7490;19870;5;3;1;51;0;1229;1135;5.4
8660;7490;62064;5;3;2;51;1;1229;1163;5.6
8661;7490;35922;5;3;2;51;0;1229;1088;5.4
8662;7490;55155;5;3;2;51;0;1229;1163;5.3
8663;7490;42374;5;3;2;51;0;1229;1163;5.6
8664;7490;32684;5;3;2;51;1;1229;1163;5.4
8665;7490;22601;5;3;2;51;1;1229;1163;6.3
8666;7490;19651;5;3;2;51;1;1229;1163;5.4
8667;7489;33725;5;3;2;51;1;1229;1163;5.4
8668;7490;62000;5;3;1;51;1;1229;1163;5.4
8669;7490;34815;5;3;2;51;1;1229;1163;5.4
8670;7489;68717;5;3;1;51;1;1229;1163;5.4
8671;7480;35000;5;3;1;51;1;1229;1163;5.4
8672;7470;34900;5;3;2;51;1;1229;1163;5.4
8673;7479;76635;5;3;1;51;1;1229;1163;5.4
8674;7479;27350;5;3;2;51;1;1229;1163;5.4
8675;7479;38105;5;3;1;51;1;1229;1163;5.4
8676;7460;33550;5;3;2;51;1;1229;1163;5.4
8677;7460;32243;5;3;2;51;0;1229;1135;5.4
8678;7450;97000;5;2;1;63;0;1300;1163;4.55
8679;7480;12610;5;3;2;51;1;1229;1163;5.4
8680;7450;99950;6;3;2;70;0;1248;1237;3.8
8681;7450;92000;6;3;2;70;0;1248;1237;3.8
8682;7450;36934;5;3;2;51;1;1229;1163;5.4
8683;7450;99950;6;3;2;70;0;1248;1237;3.8
8684;7450;91000;5;3;2;66;0;1398;1615;5.1
8685;7450;99950;6;3;2;70;0;1248;1695;3.4
8686;7450;87000;5;3;1;70;0;1248;1259;3.8
8687;7300;105000;5;3;1;51;0;1229;1163;5.3
8688;7495;58000;5;3;1;55;0;1248;1665;3.8
8689;7480;59108;5;3;2;51;1;1229;1163;5.8
8690;7450;34849;5;3;2;51;1;1229;1163;4.6
8691;7450;38556;5;3;2;51;1;1229;1163;5.4
8692;7290;45040;5;3;1;51;1;1229;1163;5.4
8693;7290;58850;5;3;2;51;1;1229;1163;5.4
8694;7280;19096;5;3;2;51;1;1229;1135;5.6
8695;7250;64000;5;3;1;51;0;1229;1163;5.4
8696;7250;31072;5;3;2;51;1;1229;1120;5.4
8697;7250;99950;6;3;2;70;0;1248;1237;3.8
8698;7250;99950;6;3;2;70;0;1248;1237;3.8
8699;7250;99950;6;3;2;70;0;1248;1237;3.8
8700;7250;43478;5;3;2;51;1;1229;1163;5.4
8701;7220;59156;5;3;1;51;1;1229;1163;5.4
8702;7200;100000;5;3;1;51;0;1229;1163;5.3
8703;7190;106820;6;3;2;74;1;1364;1163;5.1
8704;7200;53000;5;3;2;51;0;1248;1160;4.2
8705;7450;38638;5;3;2;51;1;1229;1163;5.4
8706;7200;70296;5;3;1;55;0;1248;1199;3.7
8707;7180;87429;5;3;1;52;0;1229;1163;5.3
8708;7190;72500;5;2;1;51;1;1229;1163;5.4
8709;7200;35000;5;3;1;51;0;1229;1120;5.3
8710;7439;24100;5;3;2;51;1;1229;1163;5.4
8711;7400;33000;5;3;1;51;0;1229;1135;5.8
8712;7440;68103;5;3;2;51;0;1229;1163;5.4
8713;7400;90000;5;3;1;51;0;1229;1163;5.3
8714;7400;9969;5;3;2;51;0;1229;1120;5.4
8715;7400;81500;5;3;1;51;1;1229;1163;5.4
8716;7395;93000;5;3;1;70;0;1248;1259;3.4
8717;7400;54000;5;3;1;55;0;1248;1120;3.7
8718;7390;90800;5;3;1;66;1;1398;1199;5.6
8719;7390;52000;5;3;1;51;1;1229;1163;5.6
8720;7350;28744;5;3;2;51;1;1229;1120;5.4
8721;7350;57971;5;3;1;51;1;1229;1163;5.6
8722;7380;86740;5;3;1;51;1;1229;1120;5.4
8723;7300;23580;5;3;0;51;0;1398;1163;5.3
8724;7300;83000;6;3;1;70;0;1248;1237;3.8
8725;7300;62000;5;3;1;55;0;1248;1237;3.8
8726;7180;87429;5;3;1;52;0;1229;1163;5.3
8727;7180;87429;5;3;1;52;0;1229;1163;5.3
8728;7153;149915;5;3;1;55;0;1200;1163;5.6
8729;7000;70000;5;3;1;66;0;1398;1163;5.6
8730;7150;57134;5;3;1;55;0;1248;1237;3
8731;7000;55000;5;2;1;66;0;1398;1163;5.1
8732;7155;45000;5;3;1;51;1;1229;1163;5.4
8733;7000;71000;5;3;1;51;0;1229;1163;5.3
8734;7150;106275;5;3;1;66;0;1398;1163;5.1
8735;7000;35000;5;2;1;55;0;1248;1163;5.3
8736;7000;33600;5;3;1;51;0;1229;1135;5.6
8737;6999;87100;5;3;1;55;0;1248;1163;3.9
8738;6999;74000;5;3;1;51;1;1229;1163;5.4
8739;6990;54271;5;3;2;51;1;1229;1120;5.4
8740;6990;53307;5;3;1;51;0;1229;1088;5.4
8741;6990;65351;5;2;1;51;0;1229;1163;5.3
8742;6990;46631;5;3;1;51;0;1229;1135;5.4
8743;6990;99200;5;3;1;55;1;1248;1163;3.9
8744;6982;33115;5;3;2;51;1;1229;1163;5.4
8745;6980;99479;5;3;1;70;0;1248;1163;5.6
8746;6980;50000;5;3;2;51;1;1229;1163;5.4
8747;6980;34290;5;3;1;51;1;1229;1163;5.4
8748;6980;94927;5;3;1;70;0;1248;1163;5.6
8749;6979;94480;5;3;2;51;1;1229;1163;5.4
8750;6950;22465;5;2;1;51;1;1229;1163;5.4
8751;6950;82000;5;3;2;55;0;1248;1695;3.8
8752;6940;86897;5;3;2;66;0;1398;1163;5
8753;6940;85169;5;3;2;66;0;1398;1163;5
8754;6940;84355;5;3;2;66;0;1398;1163;5
8755;6900;91000;5;3;1;51;0;1229;1163;5.3
8756;6900;85000;5;3;1;66;0;1398;1163;5.6
8757;6900;53000;5;3;1;55;0;1248;1237;3.8
8758;6900;96464;5;3;1;51;1;1229;1163;5.4
8759;6890;20600;5;3;2;51;1;1229;1135;5.6
8760;6880;34379;5;3;2;51;1;1229;1163;5.4
8761;6900;94000;5;3;2;55;0;1248;1199;3
8762;6899;55000;5;3;2;51;0;1229;1163;5.3
8763;6890;96800;5;3;2;51;1;1229;1135;5.8
8764;6900;100000;5;3;1;51;0;1229;1163;5.3
8765;13880;5853;5;2;1;66;1;1398;1163;4.7
8766;13850;6885;6;0;1;66;1;1398;1163;6
8767;13850;6950;6;1;1;66;0;1398;1156;5.6
8768;13834;50;6;1;1;66;1;1398;1163;5.6
8769;13850;450;6;1;1;66;0;1398;1163;5.9
8770;13790;7500;6;2;1;66;0;1398;1163;5.9
8771;13840;9450;5;1;1;66;1;1398;1163;4.7
8772;13790;30600;6;1;1;66;1;1398;1163;5.6
8773;13790;4824;6;1;1;66;0;1398;1199;6.6
8774;13777;7305;6;1;1;66;1;1398;1163;5.9
8775;13777;10590;6;1;1;66;1;1398;1163;6
8776;6850;42300;5;3;1;51;0;1229;1135;5.6
8777;6850;49559;5;3;2;51;1;1229;1120;5.4
8778;13777;12835;6;1;1;66;1;1398;1163;5.9
8779;6850;34800;5;3;2;51;0;1229;1163;5.4
8780;6790;58190;5;3;1;51;0;1229;1088;5.4
8781;6780;98190;5;3;1;70;0;1248;1163;5.6
8782;6780;95969;5;3;1;70;0;1248;1163;5.6
8783;6700;51933;5;3;2;66;0;1398;1163;5.6
8784;6780;142639;5;3;1;55;1;1248;1237;3.8
8785;6690;72000;5;3;1;51;0;1229;1163;5.4
8786;6660;55965;5;3;2;51;1;1229;1120;5.4
8787;6580;115379;5;3;1;70;0;1248;1163;5.6
8788;6600;69000;5;3;1;55;0;1398;1163;5.2
8789;6500;45600;5;3;1;51;1;1229;1135;5.6
8790;6500;56715;5;2;1;51;0;1229;1120;5.4
8791;6499;61000;5;2;1;66;0;1398;1163;5.1
8792;6490;101000;5;3;1;55;0;1248;1237;3.8
8793;6490;81800;5;3;1;55;1;1248;1163;5.3
8794;6489;77920;5;3;2;51;1;1229;1163;5.4
8795;6480;95535;5;3;2;51;0;1229;1163;5.3
8796;6480;95535;5;3;2;51;0;1229;1163;5.3
8797;6480;95535;5;3;2;51;0;1229;1163;5.3
8798;6450;49000;5;3;2;51;0;1229;1135;5.6
8799;6479;89639;5;3;2;51;0;1229;1163;5.3
8800;6400;55568;5;3;2;51;1;1229;1163;5.4
8801;6390;63725;5;3;2;51;0;1229;1135;5.4
8802;6380;88895;5;3;1;70;0;1248;1163;5.6
8803;6450;73519;5;3;2;51;0;1229;1163;5.4
8804;6300;124000;5;3;2;55;0;1248;1199;3
8805;6299;65000;5;3;0;51;0;1398;1163;5.6
8806;6290;86500;5;3;1;51;1;1229;1120;5.4
8807;13746;11055;6;1;1;66;1;1398;1163;5.9
8808;13750;10781;6;2;1;66;1;1398;1199;6
8809;13750;1738;6;1;1;66;0;1398;1245;6.8
8810;13750;505;6;0;1;66;1;1398;1163;5.9
8811;13695;15425;6;2;1;66;0;1398;1163;5.9
8812;13746;11325;6;1;1;66;1;1398;1163;5.9
8813;13690;5192;5;1;1;66;0;1398;1163;4.7
8814;6590;81000;5;3;2;51;1;1229;1135;5.6
8815;6250;156000;5;2;1;55;0;1248;1163;3.9
8816;13690;9900;6;1;1;66;1;1398;1163;6
8817;5890;161427;5;3;1;55;0;1248;1163;5.3
8818;5950;72000;5;3;1;51;0;1229;1163;5.3
8819;5499;143000;5;3;1;55;0;1248;1237;3.8
8820;5600;112413;5;3;1;55;0;1248;1199;3.8
8821;5490;157000;5;3;1;55;0;1248;1237;3
8822;5450;73000;5;3;1;55;0;1248;1199;3.8
8823;5300;173021;5;3;1;55;0;1248;1163;3.9
8824;4990;79000;5;3;1;66;0;1398;1141;5.2
8825;5250;80000;5;3;1;55;0;1248;1199;3.8
8826;4950;179521;5;3;1;70;0;1248;1163;3.2
8827;13890;10;6;1;1;66;0;1398;1163;6.6
8828;13890;10115;6;1;1;66;0;1398;1199;6.6
8829;13890;23258;6;1;1;66;1;1398;1199;6
8830;13890;10;6;0;1;66;1;1398;1163;5.9
8831;13890;5865;6;1;1;66;0;1398;1199;6.6
8832;13890;6975;6;1;1;66;0;1398;1199;6.6
8833;13890;10115;6;1;1;66;0;1398;1163;6.3
8834;13890;7718;6;1;1;66;0;1398;1199;6.6
8835;13890;3978;6;1;1;66;0;1398;1199;6.6
8836;13890;8355;6;1;1;66;0;1398;1199;6.6
8837;13890;5900;6;1;1;66;0;1398;1163;6.2
8838;13890;7077;6;1;1;66;0;1398;1199;6.6
8839;13890;5977;6;0;1;66;0;1398;1163;6.6
8840;13890;7472;6;1;1;66;0;1398;1199;6.6
8841;13890;7110;6;1;1;66;0;1398;1199;6.6
8842;13890;19337;6;1;1;66;1;1398;1163;6
8843;13890;8930;6;1;1;66;1;1398;1203;5.6
8844;13890;9931;6;1;1;66;0;1398;1199;6.6
8845;13890;5034;6;1;1;66;0;1398;1199;6.6
8846;7600;4222;5;3;2;66;0;1398;1163;5.1
8847;7650;104160;5;3;2;55;1;1248;1163;3.8
8848;7750;129617;5;3;1;55;0;1398;1163;5.3
8849;7650;144260;5;3;1;70;0;1398;1163;5.3
8850;7650;10000;5;3;1;51;1;1229;1135;5.6
8851;7650;144260;5;3;1;70;0;1398;1163;5.3
8852;7650;117018;5;3;1;55;0;1398;1163;5.3
8853;7650;117018;5;3;1;55;0;1398;1163;5.3
8854;7650;142;5;0;1;40;0;973;840;5.6
8855;7650;51000;5;3;1;51;0;1229;1163;5.4
8856;7650;15900;5;3;2;51;1;1229;1163;5.4
8857;7650;137058;5;3;1;51;0;1398;1163;5.3
8858;7800;58600;5;3;1;66;0;1398;1163;5.2
8859;7880;45065;5;2;1;52;0;1229;1163;5.3
8860;7950;39990;5;3;2;51;1;1229;1163;5.4
8861;7950;108757;5;3;2;71;0;1248;1125;3.3
8862;7950;90000;5;3;1;55;0;1248;1237;3.8
8863;7950;39240;5;3;1;51;0;1200;1163;5.6
8864;7900;80182;5;3;1;51;0;1229;1163;5.3
8865;7879;59613;5;2;1;52;0;1229;1163;5.3
8866;7879;39962;5;2;1;52;0;1229;1163;5.3
8867;7950;41820;5;3;1;51;1;1229;1120;5.4
8868;10500;55000;5;2;1;70;0;1248;1163;5.3
8869;10900;48525;5;3;1;70;0;1248;1125;3.1
8870;12450;17900;5;2;1;66;0;1398;1163;4.7
8871;10500;39000;5;3;1;70;0;1248;1199;3.1
8872;10900;6537;5;2;1;66;1;1398;1163;4.7
8873;10500;55000;5;2;1;70;0;1248;1163;5.3
8874;13680;15294;5;1;1;66;1;1398;1237;4.8
8875;10500;55000;5;2;1;70;0;1248;1163;5.3
8876;12980;20615;5;2;2;66;1;1398;1163;4.9
8877;13550;12431;5;1;1;66;0;1398;1163;4.7
8878;13591;5235;5;1;1;66;1;1398;1141;4.9
8879;13290;13605;5;1;1;66;1;1400;1203;5.6
8880;12990;9900;5;1;1;66;1;1398;1163;4.7
8881;12950;29951;5;3;1;66;0;1398;1063;4.8
8882;12900;19200;5;1;1;66;1;1398;1163;4.7
8883;12900;27210;5;1;1;66;1;1398;1163;5.2
8884;12500;24421;5;1;1;66;0;1398;1163;5.3
8885;12500;16693;5;1;1;66;0;1398;1163;5.3
8886;15690;300;5;1;1;66;0;1398;1163;4.8
8887;15790;6500;5;1;1;66;1;1398;1163;4.7
8888;14990;26607;5;3;1;66;0;1398;1063;5.6
8889;12490;22179;5;2;1;66;1;1398;1163;4.7
8890;12490;6749;5;2;1;66;1;1398;1141;4.8
8891;16950;8000;5;3;1;51;0;1200;1163;5.6
8892;14950;33656;5;1;1;65;0;1398;1063;4.7
8893;14950;28037;5;1;1;65;0;1398;1063;4.7
8894;13990;50;5;1;1;66;0;1398;1163;4.8
8895;10500;18000;6;1;1;66;0;1398;1163;4.7
8896;10450;20100;5;3;1;66;1;1398;1141;4.7
8897;14950;37292;5;1;1;65;0;1398;1063;4.7
8898;14490;10950;5;1;1;66;0;1398;1163;5.3
8899;13999;644;5;1;1;66;1;1400;1203;4.8
8900;10270;12177;5;1;1;55;0;1398;1163;5.3
8901;10200;28342;5;3;1;70;0;1248;1237;3.1
8902;9990;16399;5;1;1;51;0;1229;1163;5.4
8903;9950;6393;5;2;1;66;1;1398;1141;4.8
8904;9850;46000;5;2;1;66;0;1398;1163;5.2
8905;9590;8300;5;3;2;51;1;1398;1163;5.3
8906;8500;87075;6;3;1;66;0;1398;1163;4.7
8907;9250;82400;5;3;1;70;1;1248;1278;3.4
8908;8400;116000;5;3;1;70;0;1248;1237;3.1
8909;8000;115000;5;3;1;70;0;1248;1237;3.1
8910;11850;13164;5;1;1;66;0;1398;1163;5.4
8911;8500;99000;6;3;1;66;0;1398;1163;4.7
8912;11750;25511;5;3;1;66;1;1400;1203;5
8913;11750;80237;5;3;1;66;0;1398;1063;4.8
8914;12400;21700;5;1;1;66;0;1398;1163;5.2
8915;7950;21500;5;3;2;51;1;1229;1163;5.4
8916;7950;36115;5;3;2;51;0;1229;1120;5.4
8917;7950;91000;6;3;2;70;0;1248;1237;3.8
8918;11000;24000;5;1;1;66;0;1398;1163;4.8
8919;7950;91000;6;3;2;70;0;1248;1237;3.8
8920;7950;92000;6;3;2;70;0;1248;1695;3.4
8921;10990;26820;5;2;2;66;1;1398;1163;4.7
8922;7500;90700;6;3;1;66;0;1398;1163;4.7
8923;7950;91000;6;3;1;70;0;1248;1237;3.8
8924;7950;117736;5;3;1;51;0;1398;1163;5.3
8925;7950;117736;5;3;1;51;0;1398;1163;5.3
8926;7950;82000;5;2;1;51;1;1229;1173;5.6
8927;7950;117736;5;3;1;51;0;1398;1163;5.3
8928;7950;51862;5;2;1;66;0;1398;1163;5.6
8929;7950;103854;5;3;1;51;0;1398;1163;5.3
8930;7950;117736;5;3;1;51;0;1398;1163;5.3
8931;7950;103854;5;3;1;51;0;1398;1163;5.3
8932;7950;103854;5;3;1;51;0;1398;1163;5.3
8933;7950;103854;5;3;1;51;0;1398;1163;5.3
8934;7879;39962;5;2;1;52;0;1229;1163;5.3
8935;7950;92000;6;3;1;70;0;1248;1237;3.8
8936;7950;92000;6;3;1;70;0;1248;1237;3.8
8937;7950;92000;6;3;1;70;0;1248;1237;3.8
8938;7879;59613;5;2;1;52;0;1229;1163;5.3
8939;7850;15000;5;3;2;51;0;1229;1120;5.4
8940;7850;38800;5;3;2;51;1;1229;1163;5.6
8941;7850;115249;5;3;1;55;0;1398;1163;5.3
8942;7850;35100;5;3;1;51;0;1229;1163;5.4
8943;7850;115249;5;3;1;55;0;1398;1163;5.3
8944;7850;115249;5;3;1;55;0;1398;1163;5.3
8945;7850;115249;5;3;1;55;0;1398;1163;5.3
8946;7821;28895;5;3;1;51;1;1229;1120;5.4
8947;7850;115249;5;3;1;55;0;1398;1163;5.3
8948;7800;82000;5;3;1;51;0;1229;1088;5.3
8949;7900;33633;5;3;1;51;0;1229;1124;5.4
8950;7900;33633;5;3;1;51;0;1229;1124;5.4
8951;7900;35410;5;2;1;66;0;1400;1163;5.2
8952;7900;50000;5;2;1;51;0;1229;1163;5.3
8953;7900;37634;5;2;1;66;0;1400;1163;5.2
8954;7900;30000;5;2;1;51;0;1229;1120;5.3
8955;7900;64249;5;3;1;51;0;1229;1120;5.4
8956;7900;15887;5;3;1;51;0;1229;1163;5.3
8957;7900;45200;5;2;2;51;0;1229;1163;5.3
8958;7900;85899;5;3;1;66;0;1398;1163;5.2
8959;7900;84097;5;3;1;51;0;1229;1163;5.3
8960;7900;95000;5;3;1;51;0;1229;1163;5.3
8961;7900;13160;5;3;1;51;0;1229;1135;5.6
8962;7900;45000;5;3;1;55;0;1248;1237;3.8
8963;7800;59144;6;3;1;85;0;998;1635;4.9
8964;7800;55400;5;3;1;66;0;1398;1163;5.2
8965;7949;29863;5;2;1;66;0;1398;1163;5.1
8966;7800;54999;5;2;1;51;0;1398;1163;5.4
8967;7949;30563;5;2;1;66;0;1398;1163;5.1
8968;7800;50845;5;3;1;66;0;1398;1163;5.1
8969;7949;32301;5;2;1;66;0;1398;1163;5.1
8970;7900;70000;5;3;1;51;0;1229;1124;5.4
8971;7949;46345;5;2;1;66;0;1398;1163;5.2
8972;7900;25902;5;3;1;66;0;1398;1163;5.2
8973;7900;51921;5;2;1;51;0;1229;1163;5.3
8974;7900;16000;5;3;2;51;0;1229;1120;5.4
8975;7900;49000;5;2;1;51;0;1229;1238;5
8976;7900;90000;5;3;1;51;1;1229;1120;5.4
8977;7900;49000;5;2;1;51;0;1229;1238;5
8978;7900;98438;5;3;1;70;0;1248;1199;3.3
8979;7900;107000;5;3;1;70;0;1248;1163;5.3
8980;7900;85835;5;3;1;55;0;1248;1163;3.8
8981;7900;35800;5;3;1;51;0;1229;1178;5.4
8982;7800;55700;5;3;1;66;0;1398;1163;5.2
8983;7900;82000;5;3;1;66;0;1398;1163;5
8984;7900;82000;5;3;1;66;0;1398;1163;5
8985;7899;22800;5;3;2;51;0;1229;1135;5.6
8986;7898;8900;5;3;1;51;1;1229;1163;5.4
8987;7899;25329;5;3;1;55;0;1398;1163;5.2
8988;7899;69209;5;3;1;55;0;1248;1163;3.8
8989;7900;53000;6;3;1;70;0;1248;1237;3.4
8990;7896;41000;5;3;1;51;1;1229;1135;5.6
8991;7890;43142;5;3;2;51;1;1229;1135;5.6
8992;7890;39165;5;3;2;51;1;1229;1163;5.6
8993;7890;39910;5;3;2;51;1;1229;1163;5.6
8994;7890;17700;5;3;2;51;1;1229;1163;5.4
8995;7890;17700;5;3;2;51;1;1229;1163;5.4
8996;7890;26500;5;3;1;51;1;1229;1163;5.6
8997;7890;21750;5;3;2;51;1;1229;1163;5.6
8998;7885;59150;5;3;2;51;1;1229;1163;5.4
8999;7880;24226;5;3;2;51;1;1229;1163;5.4
9000;7880;45065;5;2;1;52;0;1229;1163;5.3
9001;7880;43900;5;3;2;51;0;1398;1163;5.6
9002;7880;47697;5;3;2;51;1;1229;1163;5.4
9003;7800;57200;5;3;1;66;0;1398;1163;5.2
9004;7880;45065;5;2;1;52;0;1229;1163;5.3
9005;7800;1800;5;3;2;51;0;1229;1135;5.6
9006;7800;51800;5;3;1;66;0;1398;1163;5.2
9007;7800;55000;5;3;1;66;0;1398;1163;5.2
9008;7800;52500;5;3;1;66;0;1398;1163;5.2
9009;7800;25000;5;3;2;51;1;1229;1163;5.4
9010;7800;25000;5;3;2;51;1;1229;1163;5.4
9011;7800;36000;5;3;2;51;0;1229;1135;5.6
9012;7800;57500;5;3;1;66;0;1398;1163;5.2
9013;7800;53400;5;3;1;66;0;1398;1163;5.2
9014;7800;53500;5;3;1;66;0;1398;1163;5.2
9015;7800;55300;5;3;1;66;0;1398;1163;5.2
9016;7800;133081;5;3;1;51;0;1398;1163;5.6
9017;7800;133081;5;3;1;51;0;1398;1163;5.6
9018;7800;133081;5;3;1;51;0;1398;1163;5.6
9019;7800;133081;5;3;1;51;0;1398;1163;5.6
9020;7800;29300;5;3;1;51;1;1229;1135;5.6
9021;7800;55000;5;3;1;66;0;1398;1163;5.2
9022;7650;137058;5;3;1;51;0;1398;1163;5.3
9023;7650;137058;5;3;1;51;0;1398;1163;5.3
9024;7650;137058;5;3;1;51;0;1398;1163;5.3
9025;7650;144260;5;3;1;70;0;1398;1163;5.3
9026;7650;144260;5;3;1;70;0;1398;1163;5.3
9027;7800;45000;5;3;1;66;0;1398;1163;5.1
9028;7650;144260;5;3;1;70;0;1398;1163;5.3
9029;7650;144260;5;3;1;70;0;1398;1163;5.3
9030;7800;113324;5;3;1;70;0;1248;1137;3.3
9031;7800;75000;5;3;1;55;0;1248;1163;5
9032;7600;83300;5;3;1;51;0;1229;1088;5.3
9033;7799;47000;5;2;1;51;0;1229;1163;5.3
9034;7799;42000;5;3;2;51;1;1229;1163;5.3
9035;7799;13000;5;3;2;51;0;1229;1120;5.4
9036;7799;73322;5;2;1;55;0;1248;1237;3.8
9037;7790;30200;5;3;2;51;0;1229;1163;5.6
9038;7650;117018;5;3;1;55;0;1398;1163;5.3
9039;7650;117018;5;3;1;55;0;1398;1163;5.3
9040;7750;129617;5;3;1;55;0;1398;1163;5.3
9041;7750;129617;5;3;1;55;0;1398;1163;5.3
9042;7750;37100;5;3;1;51;0;1229;1163;5.4
9043;7750;37100;5;3;1;51;0;1229;1163;5.4
9044;7700;55700;5;2;1;51;0;1398;1163;5.3
9045;7700;35700;5;3;2;51;1;1229;1163;5.4
9046;7700;76787;5;2;1;88;0;1364;1145;5
9047;7750;129617;5;3;1;55;0;1398;1163;5.3
9048;7700;62296;5;2;1;66;0;1398;1163;5.6
9049;7689;44070;5;3;2;51;1;1229;1163;5.4
9050;7700;63000;5;2;1;51;0;1229;1163;5.3
9051;7690;78400;5;3;2;51;1;1229;1135;5.8
9052;7690;63650;5;3;2;51;1;1229;1163;5.4
9053;7690;35092;5;3;2;51;0;1229;1163;5.4
9054;7690;89000;5;3;1;51;0;1229;1163;5.3
9055;7690;11600;5;3;1;51;1;1229;1135;5.6
9056;7680;83420;5;3;2;66;1;1398;1163;5.2
9057;7790;32500;5;3;2;51;0;1229;1163;5.6
9058;7680;42410;5;3;1;51;1;1229;1120;5.4
9059;7790;55010;5;3;2;51;0;1229;1120;5.4
9060;7780;99757;5;3;1;55;0;1248;1163;3.9
9061;7790;32700;5;3;2;51;1;1229;1163;5.6
9062;7780;99757;5;3;1;55;0;1248;1163;3.9
9063;7780;86800;6;3;1;55;1;1248;1163;3.9
9064;7770;29400;5;3;1;51;0;1229;1178;5.4
9065;7777;24484;5;3;2;51;1;1229;1163;5.5
9066;7750;93000;5;3;1;55;0;1248;1120;3.7
9067;7750;31398;5;2;1;55;0;1248;1162;3.8
9068;7750;49000;5;3;1;51;0;1239;1179;5.7
9069;7750;28000;5;3;2;51;0;1229;1163;5.4
9070;7680;59700;5;3;2;51;0;1229;1590;5.6
9071;13200;18000;6;3;1;66;0;1398;1199;6
9072;13890;10;6;1;1;66;1;1398;1248;6.6
9073;13945;39640;5;2;1;66;0;1398;1063;4.7
9074;13980;25249;5;1;1;66;1;1398;1163;4.7
9075;13990;4000;6;1;1;66;0;1398;1199;6.3
9076;7980;52335;5;2;2;51;1;1229;1163;5.4
9077;13990;5434;6;1;1;66;1;1398;1163;5.3
9078;13990;8000;6;1;1;66;0;1398;1163;6.6
9079;13990;1597;6;1;1;66;0;1398;1163;5.6
9080;8100;41896;5;2;2;51;0;1229;1088;5.3
9081;8490;13044;5;1;1;66;0;1398;1163;5.2
9082;8500;45400;5;2;2;51;0;1229;1088;5.3
9083;8490;11245;5;1;1;66;0;1398;1163;5.2
9084;8100;47219;5;2;2;51;0;1229;1088;5.3
9085;8455;63992;5;2;2;66;0;1398;1163;5.2
9086;8390;16800;5;2;2;51;1;1229;1120;5.4
9087;8489;8050;5;2;2;51;1;1229;1163;5.4
9088;8500;34000;5;2;2;51;0;1229;1163;5.4
9089;8550;57900;5;2;1;51;0;1229;1163;5.3
9090;8800;30000;5;2;1;51;0;1229;1163;5.3
9091;8690;64368;5;2;2;66;1;1398;1163;5.7
9092;8800;66000;5;2;0;55;0;1248;1237;3.8
9093;8800;23811;5;1;1;55;0;1398;1163;5.8
9094;8690;69650;5;2;2;66;1;1398;1163;5.7
9095;8800;45000;5;2;1;51;0;1229;1163;5.3
9096;8780;12612;5;2;1;51;0;1229;1163;5.6
9097;8895;51000;5;2;1;66;0;1398;1120;5.2
9098;8900;27338;5;1;1;66;0;1398;1163;5.2
9099;8890;71223;5;2;1;66;0;1398;1163;5.2
9100;8840;13620;5;2;1;51;1;1229;1163;5.6
9101;8899;21512;5;1;1;66;0;1398;1163;5.1
9102;8900;49000;5;1;1;51;0;1229;1163;5.3
9103;8900;16638;5;1;1;66;0;1364;1163;5.7
9104;8890;22371;5;2;2;51;0;1229;1163;5.4
9105;8880;70000;5;1;1;66;1;1398;1163;5.2
9106;8880;31104;5;1;1;52;0;1229;1163;5.3
9107;8880;31104;5;1;1;52;0;1229;1163;5.3
9108;8880;31104;5;1;1;52;0;1229;1163;5.3
9109;8880;16110;6;2;2;74;0;1398;1163;5.5
9110;8879;29334;5;1;1;52;0;1229;1163;5.3
9111;8850;89000;6;2;2;70;0;1248;1199;3.8
9112;8879;29679;5;1;1;52;0;1229;1163;5.3
9113;8850;89000;6;2;2;70;0;1248;1199;3.8
9114;8690;31010;5;2;1;51;0;1229;1163;5.4
9115;8850;89000;6;2;1;70;0;1248;1199;3.8
9116;8850;18708;5;1;1;51;0;1229;1120;5.4
9117;8850;18708;5;1;1;51;0;1229;1120;5.4
9118;8770;22333;5;2;1;51;0;1229;1088;5.4
9119;8750;39600;5;2;1;51;0;1229;1163;5.4
9120;8750;25700;5;2;1;51;0;1229;1163;5.4
9121;8600;51400;5;2;1;51;0;1229;1163;5.3
9122;8650;62115;5;2;1;66;1;1398;1163;5.7
9123;8600;26626;5;1;1;55;0;1398;1163;5.8
9124;8600;28906;5;1;1;55;0;1398;1163;5.8
9125;8600;25858;5;1;1;55;0;1398;1163;5.8
9126;8600;19565;5;2;1;55;0;1398;1163;5.1
9127;8650;69859;5;2;1;66;1;1398;1163;5.7
9128;8600;60400;5;2;1;51;0;1229;1163;5.3
9129;8600;38000;5;1;1;51;0;1229;1163;5.3
9130;8600;38000;5;1;1;66;0;1398;1163;5.1
9131;8600;39230;5;2;1;51;0;1229;1163;5.3
9132;8599;36444;5;1;1;66;0;1398;1163;5.2
9133;8599;33826;5;1;1;66;0;1398;1163;5.2
9134;8600;59000;5;1;1;55;0;1248;1237;4
9135;8600;29000;5;2;1;66;0;1398;1163;5.1
9136;8589;54950;5;2;1;67;0;1398;1163;5.3
9137;8700;62000;5;2;0;51;0;1229;1163;5.3
9138;8750;21695;5;1;1;66;0;1364;1163;5.7
9139;8750;42492;5;2;0;66;0;1398;1163;5.1
9140;8750;22266;5;1;1;66;0;1364;1163;5.7
9141;8750;25700;5;2;0;51;0;1229;1163;5.4
9142;8750;15187;5;2;1;51;0;1229;1120;5.4
9143;8700;55000;5;2;1;51;0;1229;1163;5.3
9144;8700;14000;5;2;1;66;0;1398;1259;5.3
9145;8700;79143;6;2;1;74;0;1400;1237;5.1
9146;8700;68000;5;2;1;55;0;1398;1163;5.3
9147;8700;48280;5;2;1;51;0;1229;1120;5.3
9148;8700;44000;5;2;1;51;0;1229;1163;5.3
9149;8700;57403;5;2;1;51;0;1229;1163;5.3
9150;8700;24815;5;1;1;66;0;1364;1163;5.7
9151;8699;34980;5;2;1;52;0;1229;1088;5.3
9152;8800;22675;5;1;1;55;0;1398;1163;5.8
9153;8800;26132;5;1;1;66;0;1397;1163;5.2
9154;8800;24465;5;1;1;55;0;1398;1163;5.8
9155;8800;25367;5;2;1;51;0;1229;1120;5.4
9156;8800;35000;5;2;1;51;0;1229;1163;5.3
9157;8800;49000;5;2;1;51;0;1229;1163;5.3
9158;8800;9100;5;2;1;51;0;1229;1135;5.6
9159;8800;1647.362609;5;0;1;55;0;1248;1199;3.8
9160;8800;10000;5;1;1;66;0;1398;1163;5.1
9161;8799;26927;5;1;1;51;0;1229;1163;5.3
9162;8790;27336;5;2;1;51;0;1229;1163;5.3
9163;8790;36889;5;2;1;51;0;1229;1163;5.3
9164;8790;25746;5;1;1;55;0;1398;1163;5.8
9165;8790;82300;5;2;1;66;0;1398;1163;5.2
9166;8790;19000;5;1;1;66;0;1398;1163;5.2
9167;8580;17900;5;2;2;51;1;1229;1163;5.3
9168;8299;58521;5;2;1;66;0;1398;1163;5.2
9169;8690;34465;5;2;1;66;0;1398;1163;5.2
9170;8299;49320;5;2;1;66;0;1398;1163;5.2
9171;8299;58521;5;2;1;66;0;1398;1163;5.2
9172;8790;19000;5;1;1;66;0;1398;1163;5.2
9173;8500;25000;5;2;1;66;0;1398;1163;5.2
9174;8500;25000;5;2;1;66;0;1398;1163;5.2
9175;8550;39700;5;2;1;66;0;1398;1120;5.2
9176;8525;23500;5;2;1;51;0;1200;1163;5.6
9177;8500;40256;5;2;1;66;0;1398;1163;5.2
9178;8500;20446;5;2;1;66;0;1398;1163;5.2
9179;8500;24253;5;2;1;52;0;1229;1163;5.3
9180;8500;25900;5;2;1;66;0;1398;1163;5.6
9181;8500;45000;5;2;1;51;0;1229;1163;5.3
9182;8500;25562;5;2;2;55;0;1248;1237;3.8
9183;8500;57000;5;2;1;51;0;1229;1163;5.3
9184;8500;16427;5;2;1;51;0;1229;1120;5.3
9185;8500;10400;5;2;1;51;0;1229;1163;5.3
9186;8500;29322;5;2;1;51;0;1229;1163;5.4
9187;8500;21300;5;2;1;66;0;1398;1163;5.2
9188;8500;40845;5;2;1;51;0;1229;1163;5.3
9189;8500;38000;5;2;1;51;0;1229;1163;5.3
9190;8500;30800;5;2;1;66;0;1398;1163;5.6
9191;8500;25000;5;2;1;55;0;1248;1237;3.8
9192;8500;25900;5;2;1;66;0;1398;1163;5.6
9193;8500;17000;5;2;1;55;0;1248;1199;3.8
9194;8500;39000;5;2;1;75;0;1398;1163;4.5
9195;8500;52000;6;2;1;66;0;998;1120;4.5
9196;8500;36300;5;2;1;66;0;1398;1163;5.6
9197;8500;39860;5;2;1;51;0;1229;1163;5.3
9198;8500;55700;5;2;1;51;0;1398;1163;5.3
9199;8500;23000;5;2;1;66;0;1398;1163;5
9200;8500;29877;5;2;1;66;0;1398;1163;5
9201;8500;48562;5;2;1;66;0;1398;1163;5.6
9202;8500;47100;5;2;1;51;0;1229;1088;5.3
9203;8500;19643;5;2;1;66;0;1398;1163;5.2
9204;8500;45400;5;2;1;51;0;1229;1088;5.3
9205;8500;52500;5;2;1;51;0;1229;1088;5.3
9206;8500;39470;5;2;1;51;0;1229;1088;5.3
9207;8299;39856;5;2;1;66;0;1398;1163;5.2
9208;8500;47100;5;2;1;51;0;1229;1088;5.3
9209;8299;47662;5;2;1;66;0;1398;1163;5.2
9210;8299;41685;5;2;1;66;0;1398;1163;5.2
9211;8500;39470;5;2;1;51;0;1229;1088;5.3
9212;8299;42670;5;2;1;66;0;1398;1163;5.2
9213;8299;43000;5;2;1;51;0;1229;1135;5.6
9214;8290;46370;5;2;1;66;0;1398;1163;5.1
9215;8290;46380;5;2;1;66;0;1398;1163;5.1
9216;8200;25000;5;2;1;51;0;1229;1173;5.6
9217;8200;1;5;0;1;51;0;1229;1162;5.3
9218;8500;52500;5;2;1;51;0;1229;1088;5.3
9219;8270;62630;5;2;1;66;0;1398;1163;5.6
9220;8200;59000;5;2;1;51;0;1229;1163;5.3
9221;8455;63992;5;2;1;66;0;1398;1163;5.2
9222;8150;9500;5;2;2;51;0;1229;1173;5.7
9223;8455;63992;5;2;2;66;0;1398;1163;5.2
9224;8199;30000;5;1;1;51;0;1229;1163;5.4
9225;8199;7500;5;1;1;51;0;1229;1135;5.6
9226;8199;56480;5;2;2;52;0;1229;1088;5.3
9227;8450;45147;5;2;1;51;0;1229;1163;5.3
9228;8450;25750;5;2;1;51;1;1229;1163;5.4
9229;8450;48753;5;2;1;51;0;1229;1163;5.3
9230;8430;46648;5;2;1;51;0;1229;1163;5.4
9231;8450;52535;5;2;1;51;1;1229;1120;5.4
9232;8400;49000;5;2;1;51;0;1229;1163;5.3
9233;8450;33000;5;2;1;51;0;1229;1163;5.3
9234;8450;7275;5;2;2;51;1;1229;1163;5.4
9235;8400;41140;5;1;1;66;0;1398;1163;5
9236;8399;39990;5;2;2;51;0;1229;1088;5.3
9237;8399;28456;5;2;2;51;0;1229;1163;5.3
9238;8490;27470;5;1;1;66;0;1398;1163;5.2
9239;8399;47900;5;2;2;51;0;1229;1088;5.3
9240;8399;14500;5;2;2;51;0;1229;1120;5.4
9241;8400;30000;5;2;2;66;0;1398;1163;5.2
9242;8490;23225;5;1;1;66;0;1398;1163;5.2
9243;8490;11144;5;1;1;66;0;1398;1163;5.2
9244;8490;27806;5;1;1;66;0;1398;1163;5.2
9245;8490;27470;5;1;1;66;0;1398;1163;5.2
9246;8490;23225;5;1;1;66;0;1398;1163;5.2
9247;8490;26987;5;1;1;66;0;1398;1163;5.2
9248;8490;29446;5;1;1;66;0;1398;1163;5.2
9249;8490;46500;5;2;2;51;0;1229;1163;5.3
9250;8490;32084;5;2;2;66;0;1398;1163;5.2
9251;8490;20768;5;1;1;66;0;1398;1163;5.2
9252;8490;11528;5;1;1;66;0;1398;1163;5.2
9253;8490;27806;5;1;1;66;0;1398;1163;5.2
9254;8490;26987;5;1;1;66;0;1398;1163;5.2
9255;8490;34592;5;1;1;66;0;1398;1163;5.2
9256;8490;33321;5;1;1;66;0;1398;1163;5.2
9257;8490;34164;5;2;2;66;0;1398;1163;5.2
9258;8091;10761;5;2;2;66;0;1398;1163;5.2
9259;7990;52200;5;2;2;51;0;1229;1163;5.4
9260;7990;30602;5;1;2;51;0;1229;1163;5.4
9261;8091;10761;5;2;2;66;0;1398;1163;5.2
9262;8091;10761;5;2;2;66;0;1398;1163;5.2
9263;8000;45000;5;2;2;51;0;1229;1163;5.3
9264;8000;60000;5;2;2;51;0;1229;1163;5.3
9265;7990;63000;5;2;2;51;0;1229;1199;4.3
9266;7990;30602;5;1;2;51;0;1229;1163;5.4
9267;7990;23831;5;2;2;51;1;1229;1163;5.4
9268;7990;3950;5;2;1;51;0;1229;1120;5.4
9269;7990;23656;5;1;2;67;0;1398;1163;5.7
9270;7990;23656;5;1;2;67;0;1398;1163;5.7
9271;7990;23656;5;1;2;67;0;1398;1163;5.7
9272;7980;32480;5;2;2;51;0;1229;1163;5.4
9273;7980;57000;5;2;1;51;0;1229;1163;5.4
9274;14213;10;6;0;1;66;1;1398;1248;6.3
9275;8380;12961;5;2;1;51;0;1229;1163;5.4
9276;8350;317000;5;2;1;66;0;1398;1199;6
9277;14213;10;6;0;1;66;1;1398;1248;6.3
9278;14213;10;6;0;1;66;1;1398;1248;6.3
9279;14213;10;6;0;1;66;1;1398;1248;6.3
9280;14213;10;6;0;1;66;1;1398;1248;6.3
9281;14213;10;6;0;1;66;1;1398;1248;6.3
9282;8300;58912;5;2;1;51;0;1229;1163;5.3
9283;8300;42471;5;2;1;66;0;1398;1163;5.2
9284;8300;53522;5;2;1;51;0;1229;1163;5.3
9285;8300;60386;5;2;1;51;0;1229;1163;5.3
9286;8300;59217;5;2;1;51;0;1229;1163;5.3
9287;8300;51318;5;2;1;51;0;1229;1163;5.3
9288;8300;10000;5;2;1;51;0;1229;1163;5.3
9289;8300;53390;5;2;1;51;0;1229;1163;5.3
9290;8300;18214;5;2;1;66;1;1398;1163;5.2
9291;8300;43657;5;2;1;66;0;1398;1163;5.2
9292;8300;50000;5;2;1;51;0;1229;1163;5.3
9293;8300;18300;5;2;1;51;0;1229;1163;5.4
9294;8300;42323;5;1;2;66;0;1398;1163;5
9295;8300;44109;5;1;2;66;0;1398;1163;5
9296;8300;47140;5;2;1;51;0;1229;1163;5.3
9297;8300;45421;5;2;1;51;0;1229;1163;5.3
9298;14213;10;6;0;1;66;1;1398;1248;6.3
9299;8299;41585;5;2;1;66;0;1398;1163;5.2
9300;14000;10;6;0;1;66;0;1398;1199;6
9301;14213;10;6;0;1;66;1;1398;1248;6.3
9302;14213;10;6;0;1;66;1;1398;1248;6.3
9303;14150;7600;6;1;1;66;1;1398;1163;6.3
9304;14213;10;6;0;1;66;1;1398;1248;6.3
9305;13999;15545;6;1;1;66;1;1398;1163;5.9
9306;8299;34826;5;2;1;66;0;1398;1163;5.2
9307;13999;8205;6;1;1;66;1;1398;1163;5.9
9308;13999;2500;6;0;1;66;0;1398;1214;6.2
9309;13999;12780;6;1;1;66;1;1398;1163;5.9
9310;13990;15015;6;2;1;66;0;1398;1163;5.6
9311;13999;13875;6;1;1;66;1;1398;1163;5.9
9312;13999;3700;6;1;1;66;0;1398;1199;6.6
9313;13990;4100;5;1;1;66;0;1398;1163;4.7
9314;13990;12500;6;1;1;66;1;1398;1199;5.9
9315;13990;20300;6;1;1;66;0;1398;1163;5.2
9316;13990;9500;6;1;1;66;1;1398;1199;5.9
9317;13990;15150;6;1;1;66;0;1398;1163;5.2
9318;13990;4025;6;1;1;66;1;1398;1163;6
9319;13990;2159;6;0;1;66;0;1398;1163;5.9
9320;13990;19500;5;1;1;66;0;1398;1163;4.8
9321;13990;14205;5;1;1;66;1;1398;1163;5.2
9322;13990;5310;6;1;1;66;1;1398;1163;5.6
9323;13990;13307;6;1;1;66;1;1398;1203;5.6
9324;13990;7070;6;1;1;66;0;1398;1163;5.5
9325;13990;10;6;1;1;66;0;1398;1163;6
9326;13990;1200;6;1;1;66;0;1398;1163;5.2
9327;13990;44096;6;1;1;66;0;1400;1063;4.8
9328;13990;5200;6;1;1;66;0;1398;1163;5.5
9329;13990;23384;6;1;1;66;0;1398;1234;4.8
9330;13990;18000;6;1;1;66;1;1398;1199;6
9331;13990;9090;6;1;1;66;0;1398;1199;5.9
9332;13990;26984;6;1;1;66;0;1398;1163;5.3
9333;13990;15500;6;1;1;66;1;1398;1199;6
9334;13990;30856;6;2;1;66;0;1398;1163;5.6
9335;13990;12099;6;1;1;66;1;1400;1163;6
9336;13990;35;5;0;1;66;0;1398;1163;5.6
9337;13990;51;6;1;1;66;0;1398;1163;6.6
9338;13990;51;6;1;1;66;0;1398;1163;6.6
9339;13990;10000;6;1;1;66;1;1398;1199;6
9340;13990;5900;6;1;1;66;1;1398;1199;6
9341;13990;1839;6;1;1;66;0;1398;1199;6.6
9342;13990;11600;6;1;1;66;1;1398;1199;6
9343;13980;10000;6;1;1;66;1;1398;1199;5.9
9344;13980;8390;6;1;1;66;0;1398;1163;5.1
9345;13980;19900;6;1;1;66;0;1398;1163;5.6
9346;13980;10350;6;1;1;66;0;1398;1163;5.6
9347;13980;5;6;0;1;66;0;1398;1163;5.9
9348;13960;12843;6;1;1;66;0;1400;1163;5.6
9349;13980;10300;6;1;1;66;0;1398;1163;5.6
9350;13980;8500;6;1;1;66;0;1398;1163;5.3
9351;13950;5100;6;1;1;66;1;1398;1163;4.7
9352;13950;19725;6;1;1;66;1;1398;1163;5.1
9353;13950;50;6;0;1;66;0;1398;1199;6
9354;13950;10210;6;1;1;66;0;1398;1199;6.6
9355;13950;4600;6;0;1;66;1;1398;1163;6.6
9356;13950;10000;6;0;1;66;1;1398;1163;6.6
9357;13950;8500;6;0;1;66;1;1398;1163;6.6
9358;13900;12010;6;1;1;66;1;1398;1203;5.6
9359;13900;12500;6;2;1;66;0;1398;1163;5.1
9360;13950;6900;6;0;1;66;1;1398;1163;6.6
9361;13950;8000;5;1;1;66;0;1398;1163;5.6
9362;13900;9800;6;1;1;66;0;1398;1199;6.6
9363;13900;8066;6;1;1;66;1;1398;1163;5.1
9364;13900;1500;6;0;1;66;0;1398;1163;6
9365;13900;9;6;0;1;66;0;1398;1163;6
9366;13899;7;6;0;1;66;1;1398;1199;6.6
9367;8900;24000;5;2;1;55;1;1398;1163;5.2
9368;8900;22400;5;2;1;51;0;1229;1163;5.3
9369;8900;42000;5;2;1;66;0;1398;1163;5.1
9370;8900;17609;5;1;1;55;0;1398;1163;5.8
9371;8900;43933;5;2;1;66;0;1398;1163;5.2
9372;8900;35747;5;1;1;66;0;1398;1163;5.2
9373;8900;33205;5;2;1;51;0;1229;1163;5.3
9374;8900;43657;5;2;1;66;0;1398;1163;5.2
9375;8900;42471;5;2;1;66;0;1398;1163;5.2
9376;8900;42619;5;2;1;66;0;1398;1163;5.1
9377;8900;14000;5;2;1;66;0;1398;1141;5.6
9378;8950;45700;5;2;1;66;0;1398;1163;5.2
9379;8990;47200;5;2;1;51;0;1229;1163;5.3
9380;8990;11875;5;2;1;51;1;1229;1163;5.3
9381;8980;21000;5;2;2;51;0;1229;1173;5.4
9382;8979;36400;5;2;2;66;0;1398;1163;5.2
9383;8970;25386;5;2;1;51;0;1229;1120;5.4
9384;8990;66566;5;2;1;51;0;1229;1163;5.4
9385;8990;12942;5;1;1;66;0;1364;1163;5.7
9386;8990;15584;5;1;1;66;0;1398;1141;5.2
9387;8990;25982;5;1;1;51;0;1229;1163;5.5
9388;8990;26168;5;1;1;51;0;1229;1163;5.5
9389;8990;25070;5;1;1;51;0;1229;1163;5.5
9390;8990;29171;5;1;1;51;0;1229;1163;5.5
9391;8990;24704;5;1;1;51;0;1229;1163;5.5
9392;8990;29477;5;1;1;51;0;1229;1163;5.5
9393;8990;25001;5;1;1;51;0;1229;1163;5.5
9394;8990;26747;5;2;1;51;0;1229;1163;5.3
9395;8989;41886;5;2;1;66;1;1398;1163;5.2
9396;8980;16000;5;2;1;51;0;1229;1163;5.4
9397;8980;29000;5;2;2;51;1;1229;1163;5.3
9398;8980;35427;5;2;2;66;1;1398;1163;5.1
9399;8980;16000;5;2;1;51;0;1229;1163;5.4
9400;8989;17043;5;2;1;66;0;1398;1163;5.1
9401;8970;26683;5;2;2;51;1;1229;1120;5.4
9402;8950;8267;5;2;2;51;1;1229;1163;5.4
9403;8950;41467;5;2;1;66;0;1398;1141;6.5
9404;8950;60000;5;2;1;51;0;1229;1163;5.3
9405;8950;74000;5;2;1;66;0;1398;1163;5.2
9406;8950;74000;5;2;1;66;0;1398;1163;5.2
9407;8950;72000;5;2;1;66;0;1398;1163;5.2
9408;8950;72000;5;2;1;66;0;1398;1163;5.2
9409;8950;72000;5;2;1;66;0;1398;1163;5.2
9410;8950;43844;5;1;1;66;1;999;1163;5.6
9411;8950;72000;5;2;1;66;0;1398;1163;5.2
9412;8990;40297;5;1;1;51;0;1229;1163;5.3
9413;8990;13260;5;1;1;66;0;1398;1163;5.2
9414;8950;72000;5;2;1;66;0;1398;1615;5.1
9415;8990;74700;5;2;1;66;0;1398;1163;5.2
9416;8950;65000;5;2;1;66;0;1398;1615;5.1
9417;8950;72000;5;2;1;66;0;1398;1615;5.1
9418;8990;71400;5;2;1;66;0;1398;1163;5.2
9419;8950;74000;5;2;1;66;0;1398;1615;5.1
9420;8990;59400;5;2;1;66;0;1398;1163;5.2
9421;8990;74900;5;2;1;66;0;1398;1163;5.2
9422;8990;24289;5;1;1;66;0;1397;1163;5.2
9423;8990;67900;5;2;1;66;0;1398;1163;5.2
9424;8990;70900;5;2;1;66;0;1398;1163;5.2
9425;8990;38000;5;2;1;66;1;1398;1163;5
9426;8990;14356;5;1;1;66;0;1364;1163;5.7
9427;8990;50000;5;2;1;66;1;1398;1163;5.6
9428;8990;3300;5;1;1;66;0;1398;1163;5
9429;8990;67800;5;2;1;66;0;1398;1163;5.2
9430;8990;37087;6;2;1;74;1;1398;1163;5.6
9431;8990;16300;5;1;1;66;0;1397;1163;5.2
9432;8950;53300;5;2;1;66;0;1398;1163;5.2
9433;8950;38400;5;2;1;66;0;1398;1163;5.2
9434;8900;34151;5;1;1;66;0;1398;1163;5.2
9435;8900;20164;5;2;1;66;0;1398;1163;5.2
9436;8900;66100;5;2;2;66;0;1398;1163;5.2
9437;8900;44000;5;2;2;66;0;1398;1163;5.3
9438;8900;54935;5;2;2;51;0;1229;1163;5.3
9439;8900;19754;5;2;1;66;0;1398;1163;5.2
9440;8900;64621;5;2;1;51;0;1229;1163;5.3
9441;8900;18835;5;2;1;66;0;1398;1163;5.2
9442;8900;15800;5;2;1;51;0;1229;1163;5.3
9443;8900;10000;5;2;1;55;0;1248;1237;3.8
9444;8900;46000;5;2;1;51;0;1229;1163;5.3
9445;8900;45812;5;2;1;51;0;1229;1163;5.3
9446;8900;46751;5;2;1;51;0;1229;1163;5.3
9447;8900;40000;5;2;1;51;0;1229;1163;4.3
9448;8900;52704;5;2;1;51;0;1229;1163;5.3
9449;8900;45000;5;2;1;51;0;1229;1163;5.6
9450;8900;18866;5;2;1;66;0;1398;1585;5.1
9451;8900;22509;5;2;1;55;0;1248;1695;3.8
9452;8900;22697;5;2;1;66;0;1398;1163;5.2
9453;8900;69000;5;2;1;66;0;1398;1163;5.1
9454;8900;23712;5;1;1;51;0;1229;1088;5.4
9455;8900;21597;5;2;1;66;0;1398;1163;5.6
9456;8900;14887;5;1;1;66;0;1398;1163;5.2
9457;8900;58000;5;2;1;51;0;1229;1163;5.3
9458;8900;31330;5;2;1;66;0;1398;1163;5
9459;8900;13000;5;1;1;51;0;1229;1163;5.4
9460;8900;39951;5;2;1;51;0;1229;1163;5.3
9461;8950;42000;5;2;1;66;0;1398;1163;5.2
9462;8950;47100;5;2;1;66;0;1398;1163;5.2
9463;8950;74000;5;2;1;66;0;1398;1163;5.2
9464;8950;72000;5;2;1;66;0;1398;1163;5.2
9465;8950;72000;5;2;1;66;0;1398;1163;5.2
9466;8950;25055;5;1;1;66;0;1400;1163;5.2
9467;8950;45000;5;2;1;51;0;1229;1163;5.3
9468;8950;41400;5;2;1;66;0;1398;1163;5.2
9469;8950;52000;5;2;1;66;0;1398;1163;5.2
9470;8950;50000;5;2;1;51;0;1229;1163;5.3
9471;8950;30438;5;2;1;55;0;1248;1163;3.7
9472;8925;29500;5;2;1;51;0;1200;1163;5.6
9473;8925;21700;5;2;1;51;0;1200;1163;5.6
9474;8925;49392;5;2;1;55;0;1300;1163;5.6
9475;8900;17390;5;2;3;51;0;1229;1163;5.4
9476;8900;27355;5;2;3;51;0;1229;1163;5.4
9477;8900;9100;5;2;2;51;0;1229;1173;5.7
9478;8900;10900;5;2;1;51;0;1229;1163;5.3
9479;14213;10;6;0;1;66;1;1398;1248;6.3
9480;14390;8510;6;0;1;66;1;1398;1163;5.2
9481;14370;17126;6;1;1;66;0;1400;1163;5.6
9482;14350;350;6;1;1;66;0;1398;1199;6
9483;14350;15900;6;1;1;66;1;1398;1163;6.3
9484;14350;10300;6;1;1;66;1;1398;1163;6.3
9485;14595;50;6;0;1;66;0;1398;1141;6.6
9486;14590;37734;6;1;1;66;1;1398;1163;5.9
9487;9250;3000;5;1;1;51;1;1229;1163;5.4
9488;14590;5400;6;1;1;66;1;1398;1199;6.3
9489;9250;20932;5;1;1;66;0;1398;1163;5.2
9490;9245;1647.362609;5;0;1;51;1;1229;1163;5.4
9491;9280;17053;5;1;1;52;0;1229;1163;5.3
9492;9508;10;5;1;1;51;1;1229;1199;5.4
9493;9240;27777;5;1;1;66;0;1398;1163;5.2
9494;9200;100;5;0;1;55;0;1248;1162;3.8
9495;9400;16514;5;1;1;55;0;1398;1088;5.1
9496;9550;13252;5;1;1;66;0;1398;1163;5.2
9497;9290;10;5;0;1;51;1;1229;1163;5.5
9498;9550;21200;5;1;1;51;0;1229;1163;5.3
9499;9490;1982;5;1;1;66;0;1398;1163;5.1
9500;9500;7912;5;1;1;66;0;1398;1163;5.2
9501;9500;16852;5;1;1;66;0;1398;1163;5.6
9502;9800;47100;5;1;1;66;0;1398;1163;5.2
9503;9790;17000;5;1;1;66;0;1398;1163;5.1
9504;9790;10;5;1;1;51;1;1229;1163;5.4
9505;9800;48100;5;1;1;66;0;1398;1163;5.2
9506;9788;22100;5;1;1;51;0;1229;1163;5.7
9507;9800;45800;5;1;1;66;0;1398;1163;5.2
9508;9780;10;5;1;1;51;0;1229;1120;5.4
9509;9780;22236;5;1;1;74;0;1364;1163;5.1
9510;9750;29100;5;1;1;66;0;1398;1163;5.2
9511;9780;10;5;1;1;51;0;1229;1163;5.3
9512;9777;8990;5;1;1;66;0;1398;1163;5.2
9513;9750;22000;5;1;1;55;0;1400;1163;5.3
9514;9750;20000;5;1;1;51;0;1229;1163;5.3
9515;9750;19345;5;1;1;51;0;1229;1163;5.4
9516;9700;1647.362609;5;0;1;51;0;1229;1163;5.3
9517;9750;9876;5;1;1;66;0;1398;1163;5.1
9518;9745;18310;5;1;1;51;0;1398;1163;5.3
9519;9700;16700;5;1;1;55;0;1398;1163;5.1
9520;9700;12554;5;1;1;66;0;1397;1163;5.2
9521;9745;27941;5;1;1;51;0;1229;1163;5.3
9522;9745;15693;5;1;1;51;0;1398;1163;5.3
9523;9700;24385;5;1;1;55;0;1398;1163;5.1
9524;9800;45500;5;1;1;66;0;1398;1163;5.2
9525;9800;43500;5;1;1;66;0;1398;1163;5.2
9526;9800;33400;5;1;1;55;0;1398;1163;5.1
9527;9800;49100;5;1;1;66;0;1398;1163;5.2
9528;9800;50500;5;1;1;66;0;1398;1163;5.2
9529;9800;14803;5;1;1;51;0;1398;1163;5.3
9530;9800;33400;5;1;1;55;0;1398;1163;5.1
9531;9800;23800;5;1;1;51;0;1229;1163;5.3
9532;9799;33519;5;1;1;66;0;1398;1163;5.2
9533;9799;38088;5;1;1;66;0;1398;1163;5.2
9534;9795;22500;5;1;1;51;0;1229;1120;5.4
9535;9791;51;5;1;1;51;0;999;1163;5.8
9536;9500;4970;5;1;1;66;0;1398;1163;5.6
9537;9790;50;5;1;1;51;0;1229;1163;5.6
9538;9799;26100;5;1;1;55;1;1398;1163;5.2
9539;9791;51;5;1;1;51;1;1200;1163;5.9
9540;9791;51;5;1;1;51;0;1200;1163;5.9
9541;9500;18468;5;1;1;66;0;1398;1163;5.1
9542;9499;24019;5;1;1;51;0;1398;1163;5.3
9543;9499;58652;5;1;1;66;0;1398;1163;5
9544;9499;20365;5;1;1;51;0;1398;1163;5.3
9545;9495;23736;5;1;1;51;0;1229;1163;5.3
9546;9499;33500;5;1;1;51;0;1229;1163;5.3
9547;9500;22900;5;1;1;55;0;1398;1088;5.1
9548;9495;22182;5;1;1;51;0;1229;1163;5.3
9549;9790;12147;5;1;1;66;0;1398;1163;5.2
9550;9495;21473;5;1;1;51;0;1229;1163;5.3
9551;9495;19250;5;1;1;51;0;1229;1163;5.3
9552;9700;9968;5;1;1;66;0;1398;1163;5.1
9553;9495;27608;5;1;1;51;0;1229;1163;5.3
9554;9495;21313;5;1;1;51;0;1229;1163;5.3
9555;9495;24700;5;1;1;51;0;1229;1163;5.3
9556;9490;33643;5;1;1;66;0;1398;1163;5.1
9557;9490;5;5;0;1;51;1;1229;1163;5.8
9558;9490;23600;5;1;1;66;0;1398;1163;5.2
9559;9490;23590;5;1;1;66;0;1398;1163;5.2
9560;9480;16634;5;1;1;52;0;1229;1163;5.3
9561;9480;15389;5;1;1;51;1;1229;1163;5.4
9562;9470;10;5;1;1;51;0;1229;1120;5.4
9563;9450;16128;5;1;1;66;0;1398;1163;5.8
9564;9450;11000;5;1;1;51;0;1229;1163;5.4
9565;9400;15967;5;1;1;66;0;1398;1163;5.8
9566;9400;19499;5;1;1;66;0;1398;1163;5.6
9567;9400;18702;5;1;1;66;0;1398;1163;5.8
9568;9400;27492;5;1;1;66;0;1398;1163;5.6
9569;9400;27352;5;1;1;66;0;1398;1163;5.2
9570;9495;21141;5;1;1;51;0;1229;1163;5.3
9571;9400;35000;5;1;1;51;0;1229;1163;5.3
9572;9490;35000;5;1;1;51;0;1229;1163;5.3
9573;9390;9110;5;1;1;66;1;1400;1163;5.2
9574;9390;25000;5;1;1;66;0;1398;1163;5.2
9575;9390;43000;5;1;1;51;0;1229;1163;5.3
9576;9300;25221;5;1;1;51;0;1229;1163;5.4
9577;9390;25000;5;1;1;51;0;1229;1163;5.4
9578;9300;35291;5;1;1;55;0;1398;1184;5.3
9579;9300;29497;5;1;1;55;0;1398;1184;5.3
9580;9300;28732;5;1;1;55;0;1398;1184;5.3
9581;9300;7500;5;1;1;66;0;1398;1141;5.1
9582;9300;28474;5;1;1;55;0;1398;1184;5.3
9583;9300;58400;5;1;1;66;0;1398;1163;5.2
9584;9300;37035;5;1;1;55;0;1398;1184;5.3
9585;9500;7000;5;1;1;51;0;1229;1135;5.7
9586;9500;20000;5;1;1;51;0;1229;1163;5.3
9587;9500;18552;5;1;1;66;0;1398;1163;5.2
9588;9500;20570;5;1;1;66;0;1398;1163;5.2
9589;9500;24666;5;1;1;55;0;1398;1088;5.1
9590;9500;20000;5;1;1;66;0;1398;1163;5.1
9591;9500;29900;5;1;1;55;0;1398;1088;5.1
9592;9500;14088;5;1;1;66;0;1398;1163;5.2
9593;9500;25770;5;1;1;66;0;1398;1163;5.2
9594;9500;11000;5;1;1;66;0;1398;1259;5.3
9595;9500;24719;5;1;1;66;0;1398;1163;5.2
9596;9500;28000;5;1;1;51;0;1229;1163;5.3
9597;9500;27600;5;1;1;55;0;1398;1088;5.1
9598;9500;31948;6;1;1;74;0;1364;1237;5.1
9599;9500;35000;5;1;1;55;0;1248;1120;3.8
9600;9500;25614;5;1;1;66;0;1398;1163;5.2
9601;9500;1501;5;1;1;66;0;1398;1163;5.6
9602;9500;19000;5;1;1;55;0;1398;1163;5.1
9603;9500;39500;5;1;1;55;0;1350;1163;5.1
9604;9695;17923;5;1;1;51;0;1229;1163;5.3
9605;9299;2000;5;1;1;51;0;1229;1163;5.6
9606;9300;30899;5;1;1;66;0;1398;1163;5.2
9607;9300;40000;5;1;1;51;0;1229;1163;5.3
9608;9300;38761;5;1;1;55;0;1398;1184;5.3
9609;9690;25264;5;1;1;66;0;1398;1163;5.2
9610;9695;14153;5;1;1;51;0;1229;1163;5.3
9611;9690;27500;5;1;1;55;0;1398;1163;5.1
9612;9690;26673;5;1;1;66;0;1398;1163;5.2
9613;9695;19034;5;1;1;51;0;1229;1163;5.3
9614;9650;25753;5;1;1;55;0;1398;1088;5.1
9615;9650;22000;5;1;1;55;0;1398;1163;5.1
9616;9680;9524;5;1;1;66;0;1398;1163;5.2
9617;9600;17371;5;1;1;66;0;1398;1163;5.2
9618;9600;50;5;0;1;51;0;1229;1163;5.3
9619;9600;12066;5;1;1;66;0;1398;1163;5.2
9620;9600;26000;5;1;1;51;0;1229;1163;5.3
9621;9595;24500;5;1;1;51;0;1229;1163;5.4
9622;9590;29500;6;1;1;74;0;1364;1237;5.1
9623;9190;100;5;1;1;55;0;1398;1105;5.6
9624;9580;76300;5;0;2;66;0;1398;1163;5.2
9625;9500;20414;5;1;1;66;0;1398;1163;5.2
9626;9170;39750;5;1;1;51;0;1229;1163;5.4
9627;9190;100;5;1;1;55;0;1398;1105;5.6
9628;9000;19973;6;1;1;74;0;1364;1237;5.6
9629;9000;16000;5;1;1;66;0;1398;1163;4.9
9630;8999;31054;5;1;1;66;0;1398;1163;5.2
9631;8990;12;5;1;1;55;0;1398;1124;5.2
9632;8990;100;5;1;1;55;0;1398;1105;5.6
9633;8990;100;5;1;1;55;0;1398;1105;5.6
9634;8990;11514;5;1;1;66;0;1398;1163;5.2
9635;8990;100;5;1;1;55;0;1398;1105;5.6
9636;8990;32562;5;1;1;66;0;1398;1163;5.2
9637;8990;28664;5;1;1;51;0;1229;1163;5.3
9638;14590;4640;5;1;1;66;1;1400;1163;4.7
9639;14575;50;6;1;1;66;0;1398;1199;6.6
9640;14490;4415;6;1;1;66;0;1398;1163;6.6
9641;14540;8900;5;1;1;66;1;1398;1163;5.9
9642;14500;10;6;1;1;66;0;1398;1248;6.3
9643;14500;10;6;0;1;66;1;1398;1163;5.4
9644;14575;50;6;0;1;66;0;1398;1199;6.3
9645;14490;5797;6;1;1;66;0;1398;1163;5.9
9646;14490;80;6;0;1;66;0;1398;1199;6.3
9647;14490;8000;6;1;1;66;0;1398;1163;6.2
9648;14490;15330;6;1;1;66;0;1398;1163;6.3
9649;14490;10;6;0;1;66;0;1398;1163;6.3
9650;14490;37770;6;1;1;66;0;1400;1063;4.8
9651;14490;10;6;1;1;66;0;1398;1163;6.2
9652;14490;4063;6;1;1;66;0;1398;1163;5.9
9653;14710;13333;6;1;1;66;1;1398;1163;5.9
9654;14700;5300;6;1;1;66;0;1398;1163;4.8
9655;14700;5;6;1;1;66;0;1398;1163;6
9656;14490;10;6;0;1;66;0;1398;1163;6.3
9657;14700;1647.362609;6;0;1;66;0;1400;1163;5.3
9658;14699;42212;6;1;1;66;0;1398;1063;4.8
9659;14490;10;6;0;1;66;0;1398;1163;6.3
9660;14698;36542;6;1;1;66;0;1398;1063;4.8
9661;14690;3275;6;1;1;66;0;1398;1163;6
9662;14690;4901;6;1;1;66;1;1398;1199;6.6
9663;14690;12000;6;1;1;66;1;1398;1163;5.9
9664;14680;10;6;1;1;66;1;1398;1163;6.6
9665;14680;11465;6;1;1;66;1;1398;1163;5.9
9666;14490;10;6;0;1;66;0;1398;1163;6.3
9667;14666;233;6;1;1;66;0;1398;1199;6
9668;14688;10956;6;1;1;66;1;1398;1199;6
9669;14489;10;6;0;1;66;0;1398;1163;6.6
9670;14595;50;6;0;1;66;0;1398;1141;6.6
9671;14595;50;6;0;1;66;0;1398;1141;6.6
9672;14595;50;6;0;1;66;0;1398;1141;6.6
9673;14650;1000;6;0;1;66;1;1400;1213;5.9
9674;14489;10;6;1;1;66;0;1398;1163;6.2
9675;14650;10;6;0;1;66;1;1398;1163;6
9676;14598;4398;6;1;1;66;0;1398;1163;5.9
9677;14480;2000;6;1;1;66;0;1398;1199;6
9678;14485;15853;6;1;1;66;1;1398;1163;6
9679;14480;15;6;1;1;66;0;1398;1245;6.7
9680;14480;10;6;1;1;66;0;1398;1163;6.9
9681;14480;1600;6;1;1;66;0;1398;1248;6.2
9682;14489;4990;5;0;1;66;1;1398;1163;5.9
9683;14477;150;6;0;1;66;0;1398;1960;6.6
9684;14470;350;6;1;1;66;0;1398;1199;6.3
9685;14450;8968;6;1;1;66;1;1398;1199;6
9686;14450;5;6;1;1;66;0;1398;1163;6
9687;14450;13250;6;1;1;66;0;1398;1163;6.6
9688;14450;19983;6;1;1;66;1;1398;1163;5.2
9689;14450;2900;5;0;1;66;1;1398;1163;6.3
9690;14450;500;6;0;1;66;0;1398;1199;6
9691;14450;4900;6;0;1;66;1;1398;1258;6.6
9692;14450;2900;5;0;1;66;1;1398;1163;6.3
9693;14440;10;6;1;1;66;1;1398;1163;6
9694;14440;2612;6;0;1;66;1;1398;1163;6
9695;14300;10;5;1;1;66;1;1398;1141;4.7
9696;14325;3650;6;1;1;66;0;1398;1199;6
9697;14295;17295;5;1;1;66;0;1398;1063;4.8
9698;14300;20651;6;1;1;66;0;1398;1199;5.9
9699;14290;3258;6;1;1;66;0;1398;1163;5.6
9700;14290;24100;6;1;1;66;0;1398;1163;5.9
9701;14280;9820;6;1;1;66;0;1398;1199;6.3
9702;14213;10;6;0;1;66;1;1398;1248;6.3
9703;14213;10;6;0;1;66;1;1398;1248;6.3
9704;14213;10;6;0;1;66;1;1398;1248;6.3
9705;14213;10;6;0;1;66;1;1398;1248;6.3
9706;14213;10;6;0;1;66;1;1398;1248;6.3
9707;14213;10;6;0;1;66;1;1398;1248;6.3
9708;14250;8039;5;1;1;66;1;1400;1245;6.4
9709;14213;10;6;0;1;66;1;1398;1248;6.3
9710;9849;21088;5;1;1;51;0;1229;1163;5.4
9711;9890;13000;5;1;2;66;1;1398;1141;5.2
9712;9890;32500;5;1;2;55;0;1398;1088;5.1
9713;9890;17437;5;1;1;66;0;1398;1163;5.2
9714;9900;44000;5;1;1;51;0;1229;1163;5.3
9715;9900;22264;5;1;1;51;0;1229;1163;5.3
9716;9900;23000;5;1;1;66;0;1398;1259;5.3
9717;9925;100;5;1;1;51;0;1229;1163;5.5
9718;9900;29950;5;1;1;66;0;1398;1163;5.1
9719;9900;9847;5;1;1;66;0;1398;1163;5.2
9720;9925;100;5;1;1;51;0;1229;1163;5.5
9721;9950;9300;5;1;1;66;0;1398;1163;5.2
9722;9950;15;5;0;1;51;1;1229;1163;5.6
9723;9925;7100;5;1;1;51;1;1229;1163;5.4
9724;9950;2500;5;1;1;51;0;1229;1163;5.4
9725;9950;2500;5;1;1;51;0;1229;1163;5.4
9726;9950;25868;5;1;1;51;0;1229;1163;5.3
9727;9950;18000;5;1;1;55;0;1398;1163;5.1
9728;9950;35152;5;1;1;51;0;1229;1163;5.3
9729;9950;12545;5;1;1;66;0;1397;1163;5.2
9730;9950;6500;5;1;1;66;0;1398;1141;5.6
9731;9950;23842;5;1;1;66;0;1398;1163;5.2
9732;9950;9607;5;1;1;66;0;1397;1163;5.2
9733;9946;3850;5;1;1;66;1;1398;1141;5.2
9734;9945;29594;5;1;1;51;0;1229;1163;5.3
9735;9940;15560;5;1;1;66;0;1398;1141;5.2
9736;9940;16451;5;1;1;66;0;1398;1163;5.1
9737;9940;13292;5;1;1;66;0;1398;1163;5.1
9738;9900;16000;5;1;1;51;0;1229;1163;5.3
9739;9940;20845;5;1;1;66;0;1398;1163;5
9740;9940;13488;5;1;1;66;0;1398;1163;5.1
9741;9940;16451;5;1;1;66;0;1398;1163;5.1
9742;9900;28000;5;1;1;55;0;1229;1163;5.3
9743;9900;21161;5;1;1;66;0;1398;1163;5.6
9744;9900;21161;5;1;1;66;0;1398;1163;5.6
9745;9900;14890;5;1;1;66;0;1398;1163;5.6
9746;9900;12797;5;1;1;66;0;1398;1163;5.2
9747;9900;26800;5;1;0;55;0;1398;1163;5.1
9748;9900;35372;5;1;1;55;0;1398;1163;5.1
9749;9900;10900;5;1;1;55;0;1398;1163;5.3
9750;9900;20000;5;1;1;55;0;1398;1163;5.1
9751;9900;15512;5;1;1;66;0;1397;1163;5.2
9752;9900;8800;5;1;1;55;0;1398;1163;5.1
9753;9900;26300;5;1;1;55;0;1398;1163;4.3
9754;9900;3850;5;1;1;66;0;1398;1163;5.2
9755;9900;74;5;1;2;51;0;1229;1163;5.8
9756;9900;17000;5;1;1;55;0;1398;1163;5.1
9757;9895;21000;5;1;1;51;0;1229;1120;5.4
9758;9890;9315;5;1;1;66;0;1398;1141;5.2
9759;9899;2257;5;1;1;66;0;1398;1163;5.7
9760;9890;34700;5;1;1;55;0;1398;1088;5.1
9761;9895;20700;5;1;1;51;0;1229;1163;5.4
9762;9895;16000;5;1;1;51;0;1229;1120;5.4
9763;9895;19100;5;1;1;51;0;1229;1120;5.4
9764;9890;50;5;1;1;51;0;1229;1163;5.4
9765;9980;7900;5;1;1;66;0;1398;1163;5.6
9766;9980;8300;5;1;1;66;0;1398;1163;5.6
9767;9980;19100;6;1;1;74;0;1364;1163;5.6
9768;9890;33000;5;1;1;55;0;1398;1088;5.1
9769;9980;10;5;1;1;51;0;1229;1163;5.3
9770;9890;1;5;0;1;55;0;1398;1156;5.7
9771;9890;32300;5;1;1;55;0;1398;1088;5.1
9772;9980;14200;5;1;1;66;0;1398;1163;5.6
9773;9970;10;5;1;1;51;1;1229;1199;5.4
9774;9976;19398;5;1;1;51;0;1229;1163;5.4
9775;9975;26439;5;1;1;66;0;1398;1163;5.7
9776;9979;10;5;0;1;51;1;1229;1163;5.8
9777;9965;16920;5;1;1;51;0;1229;1163;5.3
9778;9950;11000;5;1;1;51;0;1229;1135;5.6
9779;9950;5;5;0;1;51;1;1229;1163;5.7
9780;9950;11925;5;1;1;66;0;1398;1163;5.2
9781;9950;20;5;0;1;51;0;1229;1163;5.8
9782;9950;10000;5;1;1;51;1;1229;1120;5.7
9783;9950;14200;5;1;1;51;0;1229;1163;5.4
9784;9950;4939;5;1;1;66;1;1398;1163;5.2
9785;9950;20;5;0;1;51;0;1229;1163;5.8
9786;9900;43000;5;1;1;51;0;1229;1163;5.4
9787;9950;16455;5;1;1;66;0;1398;1163;5.2
9788;9950;5;5;0;1;51;1;1229;1163;5.7
9789;9900;37490;5;1;1;51;0;1229;1163;5.3
9790;9900;19525;5;1;1;55;0;1398;1163;5.1
9791;9900;10824;5;1;1;55;0;1398;1088;5.1
9792;9900;20641;5;1;1;55;0;1398;1088;5.1
9793;9900;26595;5;1;1;51;0;1229;1163;5.3
9794;9900;27000;5;1;1;51;0;1229;1163;5.3
9795;9900;19800;5;1;2;55;0;1398;1163;5.45
9796;9900;24965;5;1;2;55;0;1398;1088;5.2
9797;9900;25000;5;1;1;51;0;1229;1163;5.3
9798;9900;13463;5;1;1;66;0;1397;1163;5.2
9799;9900;28000;5;1;1;51;0;1229;1163;5.3
9800;9900;17000;5;1;1;55;0;1398;1163;5.1
9801;9900;22000;5;1;1;51;0;1229;1163;5.3
9802;9900;7700;5;1;1;51;0;1229;1163;5.6
9803;9900;18416;5;1;1;55;0;1398;1088;5.1
9804;9900;18078;5;1;1;51;0;1229;1163;5.3
9805;9900;7360;5;1;1;66;0;1397;1163;5.2
9806;9890;15900;5;1;1;66;0;1398;1141;5.6
9807;9880;1647.362609;5;0;1;51;0;1229;1135;5.6
9808;9880;22268;5;1;1;51;0;1229;1163;5.3
9809;9880;19247;5;1;1;51;0;1229;1163;5.3
9810;9880;26001;5;1;1;51;0;1229;1163;5.3
9811;9880;15644;5;1;1;66;0;1398;1163;5.2
9812;9880;15717;5;1;1;66;0;1398;1163;5.2
9813;9880;13999;5;1;1;51;0;1229;1163;5.3
9814;9880;10490;5;1;1;66;1;1398;1163;5.2
9815;9865;7208;5;1;2;51;1;1229;1120;5.4
9816;9850;15430;5;1;1;66;0;1398;1163;5.2
9817;9850;13000;5;1;1;66;0;1398;1163;5.2
9818;9850;5000;5;1;2;66;0;1398;1141;5.6
9819;9849;24487;5;1;2;51;0;1229;1163;5.4
9820;9849;14164;5;1;2;51;0;1229;1163;5.4
9821;9849;17667;5;1;2;51;0;1229;1163;5.4
9822;9849;17719;5;1;2;51;0;1229;1163;5.4
9823;9849;15513;5;1;2;51;0;1229;1163;5.4
9824;9800;17487;5;1;1;74;0;1398;1163;5.2
9825;9849;17661;5;1;1;51;0;1229;1163;5.4
9826;9800;18920;5;1;1;74;0;1398;1163;5.2
9827;9800;19400;5;1;1;66;0;1398;1163;5.2
9828;9800;44200;5;1;1;66;0;1398;1163;5.2
9829;9800;22500;5;1;1;66;0;1398;1163;5.2
9830;9800;19400;5;1;1;66;0;1398;1163;5.2
9831;9800;43600;5;1;1;66;0;1398;1163;5.2
9832;9800;37200;5;1;1;66;0;1398;1163;5.2
9833;9800;11252;5;1;1;66;0;1398;1163;5.2
9834;9800;43000;5;1;1;66;0;1398;1163;5.2
9835;9800;19557;5;1;1;51;0;1229;1163;5.4
9836;9800;42400;5;1;1;66;0;1398;1163;5.2
9837;9800;45900;5;1;1;66;0;1398;1163;5.2
9838;9800;39000;5;1;1;66;0;1398;1163;5.1
9839;9800;24500;5;1;1;55;0;1398;1163;5.1
9840;9800;9800;5;1;1;66;0;1398;1163;5.1
9841;9800;41500;5;1;1;66;0;1398;1163;5.2
9842;14790;1000;6;0;1;66;1;1398;1199;6
9843;14790;7500;6;0;1;66;1;1398;1199;6
9844;15190;3901;6;0;1;66;1;1398;1163;5.9
9845;15250;10;6;0;1;66;1;1398;1163;6
9846;15450;3;6;0;1;66;0;1398;1163;6.3
9847;15490;355;6;0;1;66;1;1398;1163;6.3
9848;15890;8000;5;0;1;66;1;1398;1163;6.9
9849;15890;8000;6;0;1;66;1;1398;1163;6.9
9850;15850;3260;6;0;1;66;1;1398;1163;5.9
9851;15890;8000;6;0;1;66;1;1398;1163;6.9
9852;16390;500;6;0;1;66;0;1398;1199;6.3
9853;15980;8000;6;0;1;66;1;1398;1199;6
9854;15991;51;6;0;1;66;1;1398;1163;6.2
9855;15990;5000;6;0;1;66;0;1398;1163;5.6
9856;16990;5000;6;0;1;66;0;1398;1163;6.3
9857;16691;51;6;0;1;66;1;1398;1163;6.9
9858;16740;6;6;0;1;66;1;1398;1199;6.3
9859;17450;1647.362609;6;0;1;66;0;1398;1163;6.3
9860;17450;1647.362609;6;0;1;66;1;1398;1199;6.3
9861;16940;4;6;0;1;66;1;1398;1199;6
9862;9990;1647.362609;5;0;1;55;0;1398;1156;5.6
9863;9990;1647.362609;5;0;1;55;0;1398;1163;5.3
9864;9990;1647.362609;5;0;1;55;0;1398;1163;5.3
9865;9990;12;5;0;1;51;1;1229;1163;5.5
9866;16990;9;6;0;1;66;0;1398;1163;6.2
9867;16950;10;6;0;1;66;1;1398;1163;6
9868;17880;12;6;0;1;66;0;1398;1199;6.3
9869;17777;10;6;0;1;66;0;1398;1163;6.6
9870;17777;10;6;0;1;66;0;1398;1199;6
9871;17690;20;6;0;1;66;0;1398;1199;6.3
9872;17680;962;6;0;1;66;1;1398;1163;6
9873;17648;22;5;0;1;66;0;1398;1199;6.3
9874;17593;14;6;0;1;66;0;1364;1199;6.3
9875;17580;10;6;0;1;66;1;1398;1199;6.6
9876;17490;3000;6;0;1;66;1;1398;1163;6.6
9877;17580;10;6;0;1;66;1;1398;1199;6.6
9878;17540;1647.362609;6;0;1;66;1;1398;1199;6
9879;17491;0;6;0;0;66;0;1398;1163;6.9
9880;17490;565;6;0;0;66;0;1398;1199;6.3
9881;17500;10;6;0;0;66;0;1398;1163;6.2
9882;17490;1647.362609;6;0;0;66;0;1398;1163;6.6
9883;17490;1000;6;0;0;66;0;1398;1199;6.3
9884;17490;2500;6;0;1;66;1;1398;1237;5.2
9885;17450;1647.362609;6;0;1;66;0;1398;1199;6
9886;16940;5;6;0;1;66;0;1398;1163;6.2
9887;16950;850;6;0;1;66;0;1398;1199;6.2
9888;16900;300;6;0;1;66;1;1398;1178;6.1
9889;16891;0;6;0;0;66;0;1398;1163;6
9890;17450;1647.362609;6;0;0;66;0;1398;1199;6
9891;17490;1647.362609;6;0;0;66;0;1398;1199;6
9892;16890;10000;6;0;1;66;1;1398;1163;6.3
9893;16890;4;6;0;1;66;1;1398;1163;6
9894;16850;10;6;0;1;66;1;1398;1163;6
9895;16830;50;6;0;1;66;0;1398;1163;6.3
9896;16820;6;6;0;1;66;1;1398;1199;6.3
9897;16791;51;6;0;1;66;0;1399;1163;6.6
9898;16791;51;6;0;1;66;0;1398;1163;5.8
9899;16790;10;6;0;1;66;0;1398;1248;6.6
9900;16790;1647.362609;6;0;1;66;1;1398;1199;6
9901;16790;10;6;0;1;66;0;1398;1163;6.3
9902;16750;1647.362609;6;0;1;66;0;1398;1199;6
9903;16741;51;6;0;1;66;1;1398;1163;6.3
9904;18490;10;6;0;1;66;0;1398;1199;6
9905;18622;15;6;0;1;66;0;999;1099;4.6
9906;18501;10;5;0;1;66;0;1398;1063;4.7
9907;18490;50;6;0;1;66;0;1398;1163;6.3
9908;18490;250;6;0;1;66;1;1398;1199;6.3
9909;18480;5;6;0;1;66;1;1398;1163;6
9910;18450;1647.362609;6;0;1;66;0;1398;1163;6
9911;18450;10;5;0;1;66;0;1398;1063;4.8
9912;18450;3;6;0;1;66;0;1398;1199;6
9913;17999;10;6;0;1;66;0;1400;1063;4.8
9914;18163;15;5;0;1;66;0;1398;1063;4.8
9915;17990;100;6;0;1;66;1;1398;1199;6.3
9916;17990;10000;6;0;1;66;1;1398;1163;6.3
9917;17990;1647.362609;6;0;1;66;0;1398;1660;6.2
9918;17980;10;6;0;1;66;0;1398;1199;6.2
9919;17950;10;6;0;1;66;1;1398;1163;6
9920;17900;5000;6;0;1;66;0;1398;1248;6.3
9921;17980;1500;6;0;1;66;1;1398;1199;6.3
9922;17950;787;5;0;1;66;0;1398;1099;5.6
9923;17450;10;6;0;1;66;1;1398;1163;6
9924;17380;10;6;0;1;66;1;1398;1199;6.6
9925;17340;1647.362609;6;0;1;66;0;1398;1199;6
9926;17291;0;6;0;0;66;0;1398;1163;6.9
9927;17250;15;6;0;1;66;0;1398;1163;6.6
9928;17290;20;6;0;1;66;0;1398;1163;6
9929;17290;10;6;0;1;66;0;1398;1199;6.6
9930;17250;1647.362609;6;0;1;66;0;1398;1199;6
9931;17150;1647.362609;6;0;1;66;1;1398;1199;6
9932;17091;0;6;0;0;66;0;1398;1163;6
9933;16990;1647.362609;6;0;0;66;1;1398;1199;6
9934;16990;1647.362609;6;0;0;66;1;1398;1199;6
9935;17050;1647.362609;6;0;0;66;1;1398;1199;6
9936;17050;1647.362609;6;0;0;66;1;1398;1199;6
9937;16999;10;6;0;0;66;0;1400;1063;4.8
9938;16990;2500;6;0;1;66;1;1398;1163;6.8
9939;16990;1900;6;0;1;66;1;1398;1163;6
9940;17890;10;6;0;1;66;0;1398;1163;6.3
9941;16701;51;6;0;1;66;1;1398;1163;6.2
9942;16690;5;6;0;1;66;1;1398;1163;6.3
9943;16690;500;6;0;1;66;1;1398;1199;6
9944;16690;1647.362609;6;0;1;66;1;1398;1199;6
9945;16690;15;6;0;1;66;0;1364;1163;5.4
9946;16690;50;6;0;1;66;0;1398;1163;6.3
9947;16690;10;6;0;1;66;0;1398;1163;6.3
9948;16690;10;6;0;1;66;0;1398;1163;6.3
9949;16690;10;6;0;1;66;0;1398;1163;6.3
9950;16690;10;6;0;1;66;1;1398;1163;6
9951;16579;500;5;0;1;66;1;1398;1163;6.2
9952;16670;3000;6;0;1;66;0;1398;1163;6.6
9953;16625;100;6;0;1;66;0;1398;1163;6
9954;16690;50;6;0;1;66;0;1398;1163;6.2
9955;16590;10;6;0;1;66;0;1398;1163;6.3
9956;16499;10;6;0;1;66;0;1398;1063;4.8
9957;16499;5;6;0;1;66;0;1398;1248;6.3
9958;15990;900;6;0;1;66;0;1398;1234;6.3
9959;15990;2647;6;0;1;66;1;1398;1199;6
9960;15990;8000;6;0;1;66;1;1398;1199;6.3
9961;15990;2801;6;0;1;66;1;1398;1199;6.6
9962;15990;7000;6;0;1;66;1;1398;1163;6.3
9963;16490;5000;6;0;1;66;0;1398;1163;5.6
9964;15990;10;6;0;1;66;0;1398;1199;6.3
9965;15990;10;6;0;1;66;0;1398;1163;6.3
9966;15990;10;5;0;1;66;0;1398;1163;4.8
9967;15990;8000;6;0;1;66;1;1398;1163;6.6
9968;15990;51;6;0;1;66;1;1398;1163;6.2
9969;15990;2776;6;0;1;66;0;1398;1163;6
9970;15990;51;6;0;1;66;1;1398;1163;6.2
9971;15990;51;6;0;1;66;1;1398;1163;6.2
9972;15990;1866;6;0;1;66;0;1398;1163;6.6
9973;15990;1647.362609;6;0;1;66;0;1398;1163;5.9
9974;15990;1647.362609;6;0;1;66;0;1398;1163;5.9
9975;15980;8000;6;0;1;66;1;1398;1199;6
9976;16490;10;6;0;1;66;0;1398;1199;6.6
9977;16490;6000;6;0;1;66;1;1398;1163;6.6
9978;16490;10;6;0;1;66;0;1398;1163;6.3
9979;16480;4900;6;0;1;66;1;1398;1248;6.4
9980;16490;4;6;0;1;66;1;1398;1163;5.9
9981;16475;10;6;0;1;66;1;1398;1163;6.3
9982;16450;40;6;0;1;66;0;1398;1163;6.6
9983;16450;100;6;0;1;66;1;1398;1199;6.6
9984;16450;2500;6;0;1;66;1;1398;1163;6.9
9985;16450;10;6;0;1;66;1;1398;1199;6.3
9986;16450;4;6;0;1;66;0;1400;1163;5.9
9987;16450;10;6;0;1;66;0;1398;1199;6.2
9988;16450;1567;6;0;1;66;0;1398;1163;6.3
9989;16440;1500;6;0;1;66;1;1398;1199;6
9990;16440;10;6;0;1;66;1;1398;1163;6
9991;16440;10;6;0;1;66;1;1398;1163;6
9992;16440;10;6;0;1;66;1;1398;1163;6
9993;16440;12;6;0;1;66;1;1398;1263;6.2
9994;16390;10;6;0;1;66;1;1398;1163;5.8
9995;16390;4100;6;0;1;66;1;1398;1163;6.6
9996;16350;10;6;0;1;66;0;1400;1199;6.2
9997;16333;100;6;0;1;66;0;1398;1199;6
9998;16350;4990;6;0;1;66;1;1398;1163;6.2
9999;16290;10;6;0;1;66;0;1398;1163;5.3
10000;16333;100;6;0;1;66;0;1398;1199;6
10001;16290;10;6;0;1;66;1;1398;1199;6.3
10002;16290;10;6;0;1;66;0;1398;1163;6.2
10003;16290;1200;6;0;1;66;0;1398;1163;6.3
10004;16333;100;6;0;1;66;0;1398;1199;6
10005;16240;10;6;0;1;66;1;1398;1199;6
10006;16250;3000;6;0;1;66;1;1398;1163;6.6
10007;16140;10;6;0;1;66;0;1398;1199;6
10008;16178;4;6;0;1;66;1;1398;1163;6
10009;16090;10;6;0;1;66;0;1398;1163;6.9
10010;16225;100;6;0;1;66;0;1398;1199;6
10011;16201;51;6;0;1;66;1;1398;1163;6.2
10012;15996;51;6;0;1;66;1;1398;1163;6.2
10013;15996;51;6;0;1;66;1;1398;1163;6.2
10014;15991;51;6;0;1;66;1;1398;1163;6.2
10015;15889;10;6;0;1;66;1;1398;1163;6.3
10016;15991;51;6;0;1;66;1;1398;1163;6.9
10017;15889;10;6;0;1;66;1;1398;1163;6.3
10018;15889;10;6;0;1;66;1;1398;1163;6.3
10019;15889;10;6;0;1;66;1;1398;1163;6.3
10020;15889;10;6;0;1;66;1;1398;1163;6.3
10021;15880;8000;6;0;1;66;1;1398;1199;6
10022;15889;10;6;0;1;66;1;1398;1163;6.3
10023;15850;10;6;0;1;66;1;1398;1163;6
10024;15889;10;6;0;1;66;1;1398;1163;6.3
10025;15889;10;6;0;1;66;1;1398;1163;6.3
10026;15880;3;6;0;1;66;1;1398;1163;5.9
10027;15880;5;6;0;1;66;1;1398;1163;5.9
10028;15880;8000;6;0;1;66;1;1398;1199;6
10029;15850;10;6;0;1;66;1;1398;1163;6
10030;15850;10;6;0;1;66;1;1398;1163;6
10031;15850;200;6;0;1;66;1;1398;1199;6.6
10032;15980;8000;6;0;1;66;1;1398;1199;6
10033;15980;1647.362609;6;0;0;66;1;1398;1199;6.6
10034;15980;518;6;0;1;66;0;1398;1199;6.6
10035;15980;518;6;0;1;66;0;1398;1199;6.6
10036;15980;1647.362609;6;0;1;66;0;1398;1163;5.6
10037;15975;10;6;0;1;66;1;1398;1163;6.2
10038;15950;5000;6;0;1;66;1;1398;1199;6
10039;15950;10;6;0;1;66;1;1398;1163;6
10040;15950;1647.362609;6;0;1;66;0;1398;1199;6
10041;15979;2500;6;0;1;66;1;1398;1163;4.8
10042;15975;10;6;0;1;66;1;1398;1163;6.6
10043;15950;23;6;0;1;66;0;1398;1163;5.9
10044;15969;5;6;0;1;66;0;1398;1163;5.2
10045;15890;8000;6;0;1;66;1;1398;1163;6.9
10046;15925;100;6;0;1;66;0;1398;1163;6
10047;15900;3500;6;0;1;66;0;1398;1234;5.6
10048;15890;3201;6;0;1;66;1;1398;1199;6.6
10049;15950;10;6;0;1;66;1;1398;1163;6.3
10050;15940;10;6;0;1;66;0;1398;1199;6
10051;15940;8000;6;0;1;66;1;1398;1163;6.9
10052;15840;10;6;0;1;66;0;1398;1163;6
10053;15790;50;6;0;1;66;0;1398;1163;6.3
10054;15790;1500;6;0;1;66;0;1398;1163;6.2
10055;15690;3655;6;0;1;66;0;1398;1248;6.6
10056;15650;3;6;0;1;66;0;1398;1163;6.3
10057;15690;1647.362609;6;0;1;66;1;1398;1163;6
10058;15650;10;6;0;1;66;0;1398;1163;6.6
10059;15650;3;6;0;1;66;0;1398;1163;6.6
10060;15740;10;6;0;1;66;1;1398;1163;6
10061;15650;10;6;0;1;66;0;1398;1163;6.3
10062;15650;3;6;0;1;66;0;1398;1163;6.3
10063;15650;10;6;0;1;66;0;1398;1163;6.3
10064;15650;10;6;0;1;66;0;1398;1163;6.3
10065;15650;10;6;0;1;66;0;1398;1163;5.9
10066;15650;3;6;0;1;66;0;1398;1163;6.3
10067;15650;3;6;0;1;66;0;1398;1163;6.3
10068;15650;3;6;0;1;66;0;1398;1163;6.3
10069;15590;10;6;0;1;66;1;1398;1163;5.9
10070;15490;7623;6;0;1;66;0;1398;1167;6.4
10071;15490;10;6;0;1;66;0;1369;1163;5.4
10072;15490;10;6;0;1;66;0;1398;1163;6.3
10073;15540;10;6;0;1;66;1;1398;1163;6
10074;15590;10;6;0;1;66;0;1398;1163;5.3
10075;15490;3650;6;0;1;66;0;1398;1248;6.6
10076;15490;2559;6;0;1;66;0;1398;1248;6.6
10077;15490;5000;6;0;1;66;0;1398;1163;5.6
10078;15490;10;6;0;1;66;0;1398;1163;6.3
10079;15490;3;6;0;1;66;0;1398;1163;6.3
10080;15490;10;6;0;1;66;0;1398;1163;6.3
10081;15490;3;6;0;1;66;0;1398;1163;6.3
10082;15490;10;6;0;1;66;0;1396;1163;6.2
10083;15490;10;6;0;1;66;0;1398;1163;6.3
10084;15490;6;6;0;1;66;1;1398;1163;5.9
10085;15490;10;6;0;1;66;0;1398;1163;6.3
10086;15490;3;6;0;1;66;0;1398;1163;6.3
10087;15450;46;6;0;1;66;0;1398;1163;6.3
10088;15490;5;6;0;1;66;0;1398;1163;6.9
10089;15490;1647.362609;6;0;1;66;1;1398;1163;5.9
10090;15490;505;6;0;1;66;1;1398;1163;5.9
10091;15490;355;6;0;1;66;1;1398;1163;6
10092;15450;10;6;0;1;66;0;1398;1163;6.3
10093;15450;10;6;0;1;66;0;1398;1163;6.3
10094;15450;50;5;0;1;66;0;1398;1163;6.3
10095;15450;50;5;0;1;66;0;1398;1163;6.3
10096;15450;50;5;0;1;66;0;1398;1163;6.3
10097;15440;10;6;0;1;66;1;1398;1163;6
10098;15440;10;6;0;1;66;1;1398;1163;6
10099;15450;50;6;0;1;66;0;1398;1163;6.6
10100;15420;6;6;0;1;66;1;1398;1199;6.3
10101;15390;3501;6;0;1;66;1;1398;1163;5.9
10102;15390;3001;6;0;1;66;1;1398;1163;5.9
10103;15390;1647.362609;6;0;1;66;0;1398;1120;6.9
10104;15290;2500;6;0;1;66;1;1398;1163;6.6
10105;15290;50;6;0;1;66;0;1398;1163;6.3
10106;15390;5;6;0;1;66;0;1398;1163;6.6
10107;15390;1647.362609;6;0;1;66;0;1398;1120;6.9
10108;15290;7500;6;0;1;66;1;1398;1199;6
10109;15290;5;6;0;1;66;0;1398;1163;6.6
10110;15199;5000;6;0;1;66;1;1398;1163;6.2
10111;15190;5;6;0;1;66;0;1398;1163;6.6
10112;14990;5000;6;0;1;66;1;1398;1163;6.6
10113;14990;10;6;0;1;66;0;1398;1163;5.9
10114;14990;10;6;0;1;66;0;1398;1163;5.9
10115;14990;5;6;0;1;66;1;1398;1199;6
10116;14990;500;6;0;1;66;0;1398;1199;6.3
10117;14990;12;6;0;1;66;1;1390;1163;5.9
10118;14990;1500;6;0;1;66;0;1398;1234;7
10119;14990;1083;6;0;1;66;0;1398;1163;6
10120;14990;1500;6;0;1;66;1;1398;1163;6.2
10121;14990;8;6;0;1;66;0;1398;1248;6.2
10122;14980;50;6;0;1;66;1;1398;1163;6.6
10123;14970;980;6;0;1;66;0;1398;1163;6
10124;14960;10;6;0;1;66;1;1398;1163;6.2
10125;14950;3;6;0;1;66;0;1398;1163;6.3
10126;14950;3;6;0;1;66;0;1398;1163;6.3
10127;14950;10;6;0;1;66;0;1398;1163;5.9
10128;14900;1647.362609;6;0;1;66;0;1398;1199;6
10129;14900;14;6;0;1;66;0;1398;1163;6
10130;14940;10;6;0;1;66;0;1398;1163;6
10131;14950;5;6;0;1;66;0;1398;1163;6
10132;14950;3;6;0;1;66;0;1398;1163;6.3
10133;14900;14;6;0;1;66;0;1398;1163;6
10134;14900;10;6;0;1;66;0;1398;1163;6
10135;14899;2;6;0;1;66;1;1398;1199;6.6
10136;14900;10;6;0;1;66;0;1398;1163;6
10137;14890;10;6;0;1;66;0;1398;1163;6.2
10138;14900;50;6;0;1;66;1;1398;1248;6.3
10139;14890;10;6;0;1;66;0;1398;1163;6.2
10140;14899;7;6;0;1;66;1;1398;1199;6.6
10141;14890;1990;6;0;1;66;1;1398;1163;6.3
10142;14825;4500;5;0;1;66;1;1398;1163;5.8
10143;14825;1640;5;0;1;66;1;1398;1163;5.9
10144;14875;30;6;0;1;66;0;1398;1163;6
10145;14850;1000;5;0;1;66;1;1398;1163;6.3
10146;14890;3;6;0;1;66;1;1398;1163;6
10147;14770;5;6;0;1;66;0;1398;1163;5.9
10148;14770;5;8;0;1;66;0;1398;1163;5.9
10149;14790;5;6;0;1;66;0;1398;1199;6
10150;14770;5;5;0;1;66;0;1398;1163;5.9
10151;14750;5695;6;0;1;66;1;1398;1199;6.9
10152;14770;5;6;0;1;66;0;1398;1163;5.9
10153;14750;2000;6;0;1;66;0;1398;1199;6
10154;14750;1000;6;0;1;66;0;1398;1163;6.9
10155;14750;1000;6;0;1;66;0;1398;1163;6.9
10156;14750;50;6;0;1;66;0;1398;1163;6.6
10157;14714;1647.362609;6;0;1;66;0;1398;1331;6.6
10158;10470;10;5;0;1;51;1;1229;1163;5.6
10159;10490;22;5;0;1;51;1;1229;1163;5.8
10160;10250;3;5;0;1;51;1;1229;1163;5.8
10161;10450;100;5;0;1;51;0;1229;1135;5.6
10162;10418;7;5;0;1;55;0;1398;1211;5.7
10163;10445;1;5;0;1;55;0;1398;1234;5.7
10164;10350;1647.362609;5;0;1;66;0;1398;1163;5.6
10165;10328;1647.362609;5;0;1;51;0;1229;1163;5.3
10166;10689;10;5;0;1;51;1;1229;1163;5.8
10167;10800;50;5;0;1;51;0;1229;1163;5.3
10168;10740;10;5;0;1;55;0;1398;1132;5.3
10169;10290;5;5;0;1;51;1;1229;1163;5.5
10170;10750;50;5;0;1;51;0;1229;1163;5.9
10171;10750;50;5;0;1;51;0;1229;1163;5.8
10172;10800;6;5;0;1;66;0;1398;1163;5.7
10173;10799;150;5;0;1;51;0;1229;1170;5.4
10174;10979;10;5;0;1;51;1;1229;1163;5.4
10175;10800;1647.362609;5;0;1;51;0;1229;1088;5.3
10176;10970;15;5;0;1;51;0;1229;1120;5.9
10177;10900;50;5;0;1;51;0;1229;1163;5.3
10178;10940;12;5;0;1;51;1;1229;1120;5.6
10179;10990;5;5;0;1;51;0;1229;1163;5.5
10180;10940;12;5;0;1;51;1;1229;1120;5.6
10181;10950;8;5;0;1;66;0;1398;1259;5.3
10182;10970;10;5;0;1;51;1;1229;1163;5.6
10183;10940;12;5;0;1;51;1;1229;1120;5.6
10184;10964;1647.362609;5;0;1;51;0;1200;1163;5.6
10185;10940;12;5;0;1;51;1;1229;1120;5.6
10186;10950;1647.362609;5;0;1;66;0;1398;1173;5.7
10187;10950;50;5;0;1;51;0;1229;1163;5.3
10188;10950;7;5;0;1;66;0;1398;1252;5
10189;10950;8;5;0;1;66;0;1398;1259;5.3
10190;10940;12;5;0;1;51;1;1229;1120;5.6
10191;10940;12;5;0;1;51;1;1398;1162;5.9
10192;10905;1647.362609;5;0;1;66;0;1398;1163;5
10193;10900;100;5;0;1;51;0;1229;1163;5.6
10194;10900;1;5;0;1;51;0;1229;1163;5.3
10195;10900;10;5;0;1;51;0;1229;1163;5.3
10196;10900;25;5;0;1;51;0;1229;1238;5
10197;10990;10;5;0;1;51;1;1229;1173;5.6
10198;10900;1647.362609;5;0;1;51;0;1229;1163;5.3
10199;10990;10;5;0;1;51;0;1229;1120;5.9
10200;10990;1647.362609;5;0;1;55;0;1398;1163;5.3
10201;10990;5;5;0;1;51;1;1229;1163;5.5
10202;10990;5;5;0;1;51;1;1229;1163;5.5
10203;10990;5;5;0;1;51;1;1229;1163;5.5
10204;10990;6277;5;0;1;55;0;1398;1163;5.3
10205;10990;19200;5;0;1;66;0;1398;1234;5.6
10206;10989;10;5;0;1;51;0;1229;1163;5.6
10207;10989;10;5;0;1;51;0;1398;1163;5.6
10208;10988;47;5;0;1;51;1;1229;1163;5.5
10209;10980;10;5;0;1;51;1;1229;1120;5.9
10210;10979;10;5;0;1;51;1;1229;1163;5.4
10211;10979;10;5;0;1;51;1;1229;1163;5.4
10212;10979;10;5;0;1;51;1;1229;1163;5.5
10213;10979;10;5;0;1;51;1;1229;1163;5.4
10214;10979;10;5;0;1;51;1;1229;1163;5.5
10215;10979;10;5;0;1;51;1;1229;1163;5.5
10216;10979;10;5;0;1;51;1;1229;1163;5.5
10217;10979;10;5;0;1;51;1;1229;1163;5.5
10218;10979;10;5;0;1;51;1;1229;1163;5.5
10219;10979;10;5;0;1;51;1;1229;1163;5.5
10220;10979;10;5;0;1;51;1;1229;1163;5.5
10221;10979;10;5;0;1;51;1;1229;1163;5.5
10222;10979;10;5;0;1;51;1;1229;1163;5.5
10223;10979;10;5;0;1;51;1;1229;1163;5.4
10224;10979;10;5;0;1;51;1;1229;1163;5.4
10225;10979;10;5;0;1;51;1;1229;1163;5.5
10226;10979;10;5;0;1;51;1;1229;1163;5.5
10227;10970;15;5;0;1;51;0;1229;1120;5.9
10228;10979;10;5;0;1;51;1;1229;1163;5.5
10229;10979;10;5;0;1;51;1;1229;1163;5.4
10230;10900;50;5;0;1;51;0;1229;1163;5.3
10231;10900;8;5;0;1;55;0;1398;1163;5.3
10232;10900;8;5;0;1;55;0;1398;1163;5.3
10233;10899;100;5;0;1;66;0;1398;1141;5.6
10234;10890;10;5;0;1;51;1;1229;1163;5.4
10235;10890;100;5;0;1;51;0;1229;1163;5.6
10236;10890;1647.362609;5;0;0;51;0;1229;1163;5.4
10237;10890;1700;5;0;1;66;0;1398;1163;5.7
10238;10890;10;5;0;1;51;0;1229;1120;5.9
10239;10870;5;5;0;1;51;1;1229;1163;5.7
10240;10850;15;5;0;1;51;0;1229;1120;5.9
10241;10848;3;5;0;1;51;1;1229;1163;5.5
10242;10848;3;5;0;1;51;1;1229;1163;5.5
10243;10850;10;5;0;1;51;0;1229;1120;5.9
10244;10848;3;5;0;1;51;1;1229;1163;5.5
10245;10790;5000;5;0;1;55;0;1398;1163;5.3
10246;10790;1647.362609;5;0;1;55;0;1398;1163;5.3
10247;10790;5;5;0;1;51;1;1229;1163;5.5
10248;10790;5;5;0;1;51;1;1229;1163;5.5
10249;10790;10;5;0;1;55;0;1398;1163;5.3
10250;10789;150;5;0;1;51;0;1229;1170;5.4
10251;10779;10;5;0;1;51;0;1229;1163;5.9
10252;10779;10;5;0;1;51;0;1229;1163;5.9
10253;10770;1647.362609;5;0;1;51;0;1229;1173;5.7
10254;10790;5;5;0;1;51;1;1229;1163;5.5
10255;10770;10;5;0;2;51;0;1229;1135;5.6
10256;10690;1647.362609;5;0;2;51;0;1229;1173;5.6
10257;10765;10;5;0;2;55;0;1398;1163;5.3
10258;10750;1647.362609;5;0;0;55;1;1398;1156;5.2
10259;10750;1647.362609;5;0;1;55;0;1398;1163;5.3
10260;10720;2;5;0;1;51;0;1229;1135;5.6
10261;10700;10;5;0;1;51;0;1229;1163;5.3
10262;10699;10;5;0;1;55;0;1398;1094;5.2
10263;10690;5;5;0;1;51;1;1229;1163;5.8
10264;10690;10;5;0;1;55;0;1398;1163;5.3
10265;10690;15;5;0;1;51;1;1229;1163;5.6
10266;10690;15;5;0;1;51;1;1229;1163;5.6
10267;10690;22;5;0;1;51;0;1229;1124;5.4
10268;10690;5;5;0;1;51;1;1229;1163;5.5
10269;10690;5;5;0;1;51;1;1229;1163;5.5
10270;10689;10;5;0;1;51;1;1229;1163;5.8
10271;10689;10;5;0;1;51;1;1229;1163;5.8
10272;10689;10;5;0;1;51;1;1229;1163;5.8
10273;10689;10;5;0;1;51;1;1229;1163;5.8
10274;10689;10;5;0;1;51;1;1229;1163;5.8
10275;10689;10;5;0;1;51;1;1229;1163;5.8
10276;10689;10;5;0;1;51;1;1229;1163;5.8
10277;10689;10;5;0;1;51;1;1229;1163;5.8
10278;10689;10;5;0;1;51;1;1229;1163;5.8
10279;10689;10;5;0;1;51;1;1229;1163;5.8
10280;10689;10;5;0;1;51;1;1229;1163;5.8
10281;10689;10;5;0;1;51;1;1229;1163;5.8
10282;10689;10;5;0;1;51;1;1229;1163;5.8
10283;10689;10;5;0;1;51;1;1229;1163;5.8
10284;10689;10;5;0;1;51;1;1229;1163;5.8
10285;10689;1;5;0;1;51;1;1229;1163;5.8
10286;10689;10;5;0;1;51;1;1229;1163;5.8
10287;10689;10;5;0;1;51;1;1229;1163;5.8
10288;10680;1647.362609;5;0;1;51;0;1229;1163;5.6
10289;10141;51;5;0;1;51;0;1229;1163;5.1
10290;10240;5;5;0;1;55;0;1398;1163;5.3
10291;10100;1647.362609;5;0;0;51;0;1229;1088;5.3
10292;10083;1647.362609;5;0;0;51;0;1398;1163;5.6
10293;9999;15;5;0;0;51;0;1229;1163;5.4
10294;10590;10;5;0;0;51;0;1229;1163;5.6
10295;10590;50;5;0;0;51;0;1229;1163;5.8
10296;10091;1647.362609;5;0;0;66;0;1398;1163;5
10297;10580;1647.362609;5;0;0;51;0;1229;1163;5.4
10298;10490;5;5;0;1;51;1;1229;1163;5.8
10299;10500;10;5;0;1;51;0;1229;1163;5.3
10300;10500;20;5;0;1;51;0;1229;1163;5.3
10301;10499;325;5;0;1;51;0;1229;1163;5.4
10302;10490;15;5;0;1;51;0;1229;1163;5.4
10303;10500;1647.362609;5;0;1;51;0;1229;1163;5.3
10304;10490;15;5;0;1;51;1;1229;1163;5.6
10305;10490;5;5;0;1;51;1;1229;1163;5.5
10306;10490;5;5;0;1;51;1;1229;1163;5.8
10307;10490;22;5;0;1;51;1;1229;1163;5.8
10308;10490;6;5;0;1;51;1;1229;1163;5.8
10309;9990;10;5;0;1;51;0;1229;1163;5.9
10310;10490;5;5;0;1;51;1;1229;1163;5.5
10311;9990;100;5;0;1;51;0;1229;1163;5.4
10312;9990;10;5;0;1;51;0;1229;1163;5.9
10313;9990;5;5;0;1;51;0;1229;1163;5.4
10314;9990;5;5;0;1;55;0;1398;1114;5.3
10315;9990;12;5;0;1;51;1;1229;1163;5.5
10316;9990;3;5;0;1;51;0;1229;1163;5.5
10317;9990;3;5;0;1;51;0;1229;1163;5.5
10318;9990;8;5;0;1;55;0;1398;1119;5.6
10319;9990;5;5;0;1;51;1;1229;1163;3
10320;9990;10;5;0;1;51;1;1229;1135;5.6
10321;9990;10;5;0;1;51;1;1229;1135;5.6
10322;10290;5;5;0;1;51;1;1229;1163;5.5
10323;10290;5;5;0;1;51;1;1229;1163;5.5
10324;10490;22;5;0;1;51;1;1229;1163;5.8
10325;9990;10;5;0;1;51;1;1229;1135;5.6
10326;10290;5;5;0;1;51;1;1229;1163;5.5
10327;10288;10;5;0;1;51;1;1229;1163;5.5
10328;10288;10;5;0;1;51;1;1229;1163;5.5
10329;10288;3;5;0;1;51;1;1229;1163;5.5
10330;10250;22;5;0;1;51;1;1229;1163;5.8
10331;10250;22;5;0;1;51;1;1229;1163;5.8
10332;10250;22;5;0;1;51;1;1229;1163;5.8
10333;10990;5550;5;0;1;66;0;1398;1163;5.5
10334;10990;30;5;0;1;55;0;1398;1119;5.6
10335;10990;5000;5;0;1;66;0;1398;1163;5.5
10336;10990;50;5;0;1;55;0;1398;1114;5.3
10337;10990;3500;5;0;1;66;0;1398;1163;5.5
10338;10990;3000;5;0;1;66;0;1398;1163;5.5
10339;10990;10;5;0;1;51;0;1229;1163;5.6
10340;10990;3000;5;0;1;66;0;1398;1163;5.7
10341;10990;5000;5;0;1;66;0;1398;1163;5.5
10342;11100;1647.362609;5;0;1;51;0;1229;1163;5.3
10343;11100;1647.362609;5;0;1;51;0;1229;1163;5.3
10344;11100;1647.362609;5;0;1;51;0;1229;1088;5.3
10345;11400;200;5;0;1;51;1;1229;1135;5.6
10346;11400;1647.362609;5;0;1;51;0;1229;1163;5.3
10347;11400;1647.362609;5;0;1;51;0;1229;1088;5.3
10348;11400;4100;5;0;1;51;0;1229;1163;5.3
10349;11100;1647.362609;5;0;1;51;0;1229;1088;5.3
10350;11400;10;5;0;1;51;0;1229;1163;5.3
10351;11399;5;5;0;1;51;0;1229;1120;5.7
10352;11390;100;5;0;1;51;1;1229;1135;5.6
10353;11400;1647.362609;5;0;1;51;0;1229;1163;5.3
10354;11399;5;5;0;1;51;0;1229;1120;5.7
10355;11399;5;5;0;1;51;0;1229;1120;5.7
10356;11390;7;5;0;1;55;0;1398;1163;5.3
10357;11400;4100;5;0;1;51;0;1229;1163;5.3
10358;11399;5;5;0;1;51;0;1229;1120;5.7
10359;11390;1501;5;0;1;66;0;1398;1163;5.7
10360;11390;7;5;0;1;51;1;1198;1163;5.8
10361;11390;15;5;0;1;51;1;1229;1163;5.6
10362;11390;10;5;0;1;51;1;1229;1173;5.6
10363;11390;10;5;0;1;51;1;1229;1173;5.6
10364;11333;1;5;0;1;51;0;1229;1163;5.9
10365;11390;15;5;0;1;51;1;1229;1163;5.6
10366;11325;1;5;0;1;66;0;1398;1156;5.6
10367;11300;10;5;0;1;51;0;1229;1163;5.3
10368;11300;10;5;0;1;51;0;1229;1163;5.3
10369;11300;10;5;0;1;51;0;1229;1163;5.3
10370;11300;10;5;0;1;51;0;1229;1163;5.3
10371;11300;5;5;0;1;66;0;1398;1163;5.1
10372;11294;1647.362609;5;0;1;51;0;1200;1163;5.3
10373;11294;5;5;0;1;51;0;1229;1120;5.6
10374;11294;5;5;0;1;51;0;1229;1120;5.6
10375;11290;10;5;0;1;51;1;1229;1120;5.4
10376;11290;10;5;0;1;51;1;1229;1120;5.4
10377;11290;12;5;0;1;51;0;1229;1163;5.4
10378;11290;5;5;0;1;51;1;1229;1163;5.7
10379;11290;50;5;0;1;66;0;1398;1163;5.7
10380;11290;8;5;0;1;55;0;1398;1119;5.6
10381;11290;10;5;0;1;51;1;1229;1173;5.6
10382;11280;10;5;0;1;66;0;1398;1163;5.7
10383;11288;10;5;0;1;51;1;1229;1135;5.9
10384;11280;12;5;0;1;66;0;1398;1163;5.7
10385;11270;10;5;0;1;51;1;1229;1163;5.6
10386;11270;10;5;0;1;51;1;1229;1163;5.6
10387;11250;100;5;0;1;51;1;1229;1135;5.6
10388;11250;100;5;0;1;51;1;1229;1135;5.6
10389;11250;5;5;0;1;51;1;1229;1163;5.7
10390;11250;15;5;0;1;51;1;1229;1163;5.6
10391;11251;6000;5;0;1;51;0;1195;1163;5.3
10392;11250;10;5;0;1;51;1;1229;1120;5.9
10393;11250;19;5;0;1;51;0;1229;1145;5.6
10394;11250;10;5;0;1;51;0;1229;1145;5.6
10395;11250;50;5;0;1;51;1;1229;1135;5.6
10396;11244;1647.362609;5;0;1;51;0;1200;1163;5.3
10397;11200;10;5;0;1;51;0;1229;1163;5.3
10398;11240;1647.362609;6;0;1;66;1;999;1199;4.7
10399;11222;10;5;0;1;51;0;1229;1120;5.9
10400;11200;1;6;0;1;74;0;1400;1163;5.6
10401;11250;100;5;0;1;51;1;1229;1135;5.6
10402;11200;10;5;0;1;51;0;1229;1163;5.3
10403;11200;10;5;0;1;51;0;1229;1163;5.3
10404;11190;10;5;0;1;51;1;1229;1120;5.3
10405;11200;10;5;0;1;51;0;1229;1163;5.3
10406;11199;8;5;0;1;51;0;1229;1173;5.7
10407;11199;8;5;0;1;51;1;1229;1173;5.7
10408;11175;10;5;0;1;51;0;1229;1163;5.9
10409;11169;5;5;0;1;51;0;1229;1120;5.6
10410;11190;10;5;0;1;51;0;1229;1163;5.4
10411;11190;10;5;0;1;51;1;1229;1163;5.6
10412;11190;15;5;0;1;51;1;1229;1163;5.6
10413;11169;5;5;0;1;51;0;1229;1120;5.6
10414;11169;5;5;0;1;51;0;1229;1120;5.6
10415;11100;1;5;0;0;51;0;1229;1120;5
10416;11030;100;5;0;0;55;0;1398;1211;5.3
10417;10990;1501;6;0;1;74;0;1364;1237;5.6
10418;11100;50;5;0;1;51;0;1229;1163;5.3
10419;11100;50;5;0;1;51;0;1229;1163;5.3
10420;10990;10;5;0;1;51;0;1229;1135;5.6
10421;11090;50;5;0;1;51;0;1229;1163;5.7
10422;11000;1647.362609;5;0;1;51;0;1229;1088;5.3
10423;11000;1;5;0;1;51;0;1229;1086;5.3
10424;10999;100;5;0;1;51;0;1229;1135;5.6
10425;11000;1647.362609;5;0;0;51;0;1398;1163;5.3
10426;10999;1;5;0;0;66;0;1398;1163;5.6
10427;11000;1;5;0;1;51;0;1229;1086;5.3
10428;11000;1;5;0;1;51;0;1229;1086;5.3
10429;11335;10;5;0;1;55;0;1398;1163;5.3
10430;11290;5;5;0;1;51;1;1229;1163;5.4
10431;10990;12;5;0;1;51;1;1229;1163;6.9
10432;11100;1;5;0;1;55;0;1398;1156;5.7
10433;10990;12;5;0;1;51;1;1229;1163;6.9
10434;10990;3;5;0;1;51;0;1229;1163;5.5
10435;10995;3916;5;0;1;66;0;1398;1163;5.7
10436;10990;10;5;0;0;55;1;1398;1156;5.2
10437;10990;100;5;0;1;51;0;1229;1163;5.6
10438;10990;10;5;0;1;51;0;1229;1135;5.6
10439;10990;250;5;0;1;66;0;1398;1163;5.2
10440;10990;250;5;0;1;66;0;1398;1163;5.2
10441;10990;12;5;0;1;51;0;1229;1163;5.4
10442;10990;250;5;0;1;66;0;1398;1163;5.2
10443;10990;5;5;0;1;51;0;1229;1163;5.5
10444;10990;1550;5;0;1;66;0;1398;1163;5.7
10445;10990;3500;5;0;1;66;0;1398;1163;5.5
10446;10990;5;5;0;1;51;0;1229;1163;5.5
10447;10990;3000;5;0;1;66;0;1398;1163;5.7
10448;10990;1501;6;0;1;74;0;1364;1237;5.6
10449;10990;3000;5;0;1;66;0;1398;1163;5.5
10450;10990;5;5;0;1;55;0;1398;1119;5.6
10451;10990;5;5;0;1;55;0;1398;1119;5.6
10452;10990;50;5;0;1;51;0;1229;1163;5.7
10453;10990;8;5;0;1;55;0;1398;1119;5.6
10454;8980;174564;6;3;1;100;0;1598;1487;5.6
10455;11000;154800;6;3;1;100;0;1598;1513;4.9
10456;12950;88000;6;2;1;100;0;1598;1613;5.1
10457;12480;145945;6;3;1;125;1;1956;1487;5.5
10458;12980;156184;6;3;1;125;0;1956;1487;5.6
10459;13490;134000;6;3;1;125;0;1598;1487;5.7
10460;15900;61000;6;3;2;125;0;1956;1743;5.6
10461;13490;99990;6;2;1;125;0;2000;1503;5.6
10462;13480;131255;6;3;1;125;0;1956;1487;5.6
10463;14990;111984;6;3;2;125;1;1956;1503;4.3
10464;15300;63791;6;2;1;100;0;1598;1487;5.6
10465;15300;77125;6;2;1;125;0;1598;1487;5.6
10466;14999;81167;6;2;1;101;0;1598;1503;5.4
10467;15300;73191;6;2;1;100;0;1598;1487;5.6
10468;16490;80615;6;3;1;125;0;1956;1487;5.6
10469;15990;33938;6;3;1;125;1;1956;1487;5.5
10470;16490;63305;6;3;1;125;0;1598;1487;7.2
10471;17900;48523;6;3;1;125;1;1598;1487;5.6
10472;16490;96760;6;3;1;125;0;1956;2320;5.6
10473;17900;60000;6;3;1;120;0;1956;1741;5.4
10474;17490;48200;6;3;1;100;0;1598;1623;4.8
10475;16900;72583;6;2;1;125;1;1598;1701;7.2
10476;16900;47000;6;2;1;100;1;1598;1487;5.1
10477;17970;53403;6;3;1;125;1;1956;1503;5.4
10478;8290;189166;6;3;1;88;0;1598;1487;5.6
10479;18400;28725;6;2;1;100;0;1598;1503;5
10480;18400;44000;8;3;1;125;0;1956;1660;5.7
10481;18264;40000;6;2;2;125;1;1998;1487;5.6
10482;18250;48500;6;2;2;125;0;1956;1743;5.6
10483;9690;159000;6;3;1;88;1;1598;1487;4.1
10484;9650;99000;6;3;1;100;0;1598;1623;3.9
10485;9850;108000;6;3;1;88;0;1598;1596;3.9
10486;9850;179000;6;3;1;100;0;1598;1664;3.9
10487;9750;89000;6;3;1;100;0;1598;1623;3.9
10488;9650;157000;6;3;1;100;0;1598;1571;3.8
10489;9650;157000;6;3;1;100;0;1598;1571;3.8
10490;9650;157000;6;3;1;100;0;1598;1571;3.8
10491;9580;160542;6;3;1;125;0;1956;1487;5.6
10492;9500;222346;6;3;1;125;0;1956;1487;4.5
10493;9480;105121;6;3;1;100;0;1598;1487;5.6
10494;9450;145000;6;3;1;100;1;1598;1701;3.9
10495;9280;132242;6;3;1;100;0;1598;1487;5.6
10496;9350;147000;6;3;1;100;1;1598;1701;3.9
10497;8980;140387;6;3;1;88;0;1598;1487;5.6
10498;8913;168729;6;3;1;100;0;1598;1487;5.4
10499;8600;185000;6;3;1;88;0;1956;1538;3.7
10500;8980;156686;6;3;1;100;0;1598;1487;5.6
10501;8980;176744;6;3;1;100;0;1598;1487;5.6
10502;17999;69300;6;3;1;125;0;1956;1487;5.4
10503;18000;80000;6;3;1;125;0;1598;1613;6.5
10504;17999;37550;6;2;1;184;0;1998;1733;8
10505;17990;68950;6;3;1;125;0;1956;1743;5.5
10506;17999;33100;6;3;1;125;0;1598;1613;6.7
10507;17990;116926;6;3;1;125;0;1956;1487;6.4
10508;17999;46100;6;2;2;125;1;1598;1701;7
10509;17999;38874;6;3;1;101;0;1598;1503;5.4
10510;17990;145000;6;3;1;239;0;1598;1487;5.6
10511;17989;51530;6;3;1;125;0;1956;1487;5.5
10512;17990;99850;6;3;1;184;1;1998;1503;8.3
10513;17990;133100;6;3;1;125;0;1956;1743;5.7
10514;17990;57600;6;3;1;125;0;1956;1901;6.2
10515;17980;109000;6;3;1;125;1;1956;1487;6.2
10516;17980;47600;6;3;1;125;1;1956;1674;5.4
10517;17490;58618;6;3;1;100;0;1598;1658;4.9
10518;17960;20710;6;2;1;100;1;1598;1487;5.1
10519;17489;95990;6;2;1;121;1;1490;1487;6.2
10520;17950;54763;6;3;1;125;1;1956;1487;5.5
10521;17950;42000;6;3;3;100;0;1598;1503;5.4
10522;17900;29610;6;2;1;100;0;1598;1503;5
10523;17480;50280;6;3;2;125;1;1956;1487;5.7
10524;17980;66106;6;3;2;125;1;1956;1487;5.5
10525;17480;77050;6;2;1;125;1;1956;1503;5.4
10526;17480;63000;6;3;1;125;0;1956;1487;5.5
10527;17450;30550;6;3;1;100;1;1598;1487;5.1
10528;17450;50908;6;3;1;100;0;1598;1601;5.1
10529;17300;57866;6;3;1;100;0;1598;1701;5
10530;17220;75185;6;3;1;125;1;1956;1487;5.7
10531;16997;27291;6;3;1;125;0;1598;1487;6.2
10532;16990;12006;6;2;1;100;0;1598;1503;5
10533;17220;75185;6;3;1;125;1;1956;1487;5.7
10534;16990;69784;6;3;1;100;1;1598;1786;5.6
10535;17900;77252;6;2;1;100;0;1598;1503;5.4
10536;16990;109346;6;3;1;143;1;1956;1487;6.6
10537;16990;61500;6;3;1;125;0;1956;1843;5.7
10538;16990;52061;6;3;1;125;1;1956;1674;5.4
10539;16985;61500;6;3;1;125;0;1956;1487;4.9
10540;16980;133650;6;3;1;125;0;1956;1843;5.6
10541;16990;46000;6;3;2;125;0;1956;1487;5.5
10542;17850;14040;6;2;1;125;0;1598;1487;7
10543;17800;33000;6;3;1;125;0;1956;1733;5.7
10544;17900;71892;6;2;1;100;1;1598;1701;5.1
10545;17790;37902;6;2;1;184;0;1998;1487;8
10546;17750;75690;6;3;1;125;1;1956;1487;6.2
10547;17700;64000;8;2;1;125;0;1956;1666;5.7
10548;17890;75580;6;3;1;125;0;1956;1929;6.4
10549;17500;52100;6;3;1;100;0;1598;1623;5
10550;17500;76000;6;3;1;125;1;1956;1487;5.5
10551;17495;30680;6;3;1;100;0;1598;1487;5.6
10552;16980;93335;6;3;1;125;1;1956;1487;5.5
10553;16950;117500;6;3;2;125;1;2000;1487;5.5
10554;16980;91875;6;3;1;125;0;1956;1487;5.5
10555;16950;75990;6;3;1;125;0;1956;1503;5.5
10556;16950;84700;6;3;1;125;1;1598;1487;5.6
10557;16900;89468;6;2;1;125;0;1598;1701;6.2
10558;16900;64000;6;3;1;125;1;1956;1487;6.2
10559;16850;100000;6;3;1;125;1;1956;1487;6.2
10560;16799;77000;6;3;2;125;0;1956;1743;5.6
10561;16790;83197;6;2;1;100;1;1598;1733;4.9
10562;16790;83197;6;2;1;100;1;1598;1733;4.9
10563;16900;59800;6;2;1;125;1;1956;1487;5.6
10564;16750;85988;6;2;1;125;1;1956;1487;5.6
10565;16690;97211;6;3;1;125;1;1956;1838;5.6
10566;16501;65000;6;2;1;125;1;1598;1487;7
10567;16500;48000;6;3;1;100;0;1598;1701;5
10568;16500;75000;6;2;1;184;0;1998;1733;8
10569;16490;44000;6;2;2;100;0;1598;1664;5.1
10570;16680;65500;6;3;2;125;1;1956;1674;5.4
10571;16490;52501;6;3;1;125;1;1956;1503;5.4
10572;16460;89563;6;2;2;125;1;1956;1487;5.5
10573;16460;77708;6;2;2;125;1;1956;1487;5.5
10574;16420;85327;6;3;2;125;1;1956;1901;6.4
10575;16400;74941;6;2;1;100;0;1598;1487;5.6
10576;16400;78762;6;2;1;125;0;1598;1487;5.6
10577;16400;68525;6;2;1;125;0;1598;1487;5.6
10578;16333;16500;6;3;1;125;1;1956;1674;5.4
10579;16450;44000;6;3;1;100;0;1598;1613;6
10580;16000;53000;6;3;1;100;0;1598;1701;5
10581;15990;102291;6;3;1;125;1;1956;1487;5.5
10582;16000;53000;6;3;1;100;0;1598;1664;5.1
10583;15990;81920;6;2;1;125;0;1598;1487;5.6
10584;15780;118656;6;3;1;125;0;1956;1487;5.6
10585;15990;15146;6;3;1;100;0;1598;1503;5
10586;15990;79984;6;3;1;100;1;1598;1522;5.1
10587;15990;104750;6;3;1;125;0;1956;1743;5.5
10588;15780;56000;6;3;1;118;0;1956;1503;6.6
10589;15748;71986;6;3;1;100;0;1598;1613;5.6
10590;15699;72215;6;2;1;125;0;1956;1487;5.6
10591;15689;60244;6;3;2;125;1;1956;1487;5.5
10592;15600;60000;6;3;2;100;0;1598;1701;5.1
10593;15600;94000;6;2;1;100;0;1598;1701;5
10594;15500;94700;6;3;1;125;0;1598;1613;7.2
10595;15499;32000;6;3;1;100;0;1598;1613;5.1
10596;15480;114912;6;3;1;125;1;1956;1487;5.5
10597;15400;112789;6;2;1;125;0;1956;2300;5.6
10598;15400;52000;6;3;1;125;0;1956;1733;5.7
10599;15300;77270;6;2;1;100;0;1598;1487;5.6
10600;15340;64324;6;2;1;100;0;1598;1701;5.6
10601;15300;67746;6;2;1;100;0;1598;1487;5.6
10602;15480;107959;6;3;1;125;1;1956;1733;5.7
10603;15300;69145;6;2;1;100;0;1598;1487;5.6
10604;14480;50000;6;3;2;125;1;1956;1743;5.7
10605;15300;78825;6;2;1;100;0;1598;1487;5.6
10606;15300;77982;6;2;1;100;0;1598;1487;5.6
10607;15300;62800;6;2;1;125;0;1598;1487;5.6
10608;14450;54932;6;3;1;100;1;1598;1487;5.1
10609;14400;81076;6;3;1;125;0;1956;1733;5.7
10610;14480;86000;6;2;1;100;0;1598;1623;4.7
10611;14400;90500;6;3;1;100;1;1598;1701;5.1
10612;14350;86000;6;3;1;125;0;1956;1741;5.9
10613;14200;34000;6;3;2;100;0;1598;1664;5.1
10614;14150;150000;6;3;1;125;1;1956;1503;5.6
10615;14100;101291;6;2;1;100;0;1598;2300;4.9
10616;14000;92680;6;2;1;125;0;1956;1513;5
10617;13995;135000;6;3;1;100;0;1598;1503;4.9
10618;13990;25259;6;3;1;100;0;1598;1487;5.6
10619;13990;157900;6;3;2;125;0;1956;1487;6.2
10620;13990;94119;6;3;1;125;0;1956;2320;5.6
10621;13990;99000;6;2;1;125;0;1956;1513;5
10622;13990;59000;6;3;2;125;1;1956;1503;5.4
10623;13980;137552;6;3;1;125;0;1956;1487;5.6
10624;15300;80000;6;3;1;125;0;1956;1658;5.7
10625;15250;130251;6;3;1;125;1;1956;1487;5.7
10626;13980;119726;6;2;1;125;0;1956;1487;5.6
10627;13980;130805;6;3;1;125;0;1956;1487;5.6
10628;15220;42800;6;3;1;125;1;1598;1503;7
10629;15200;88000;6;3;1;125;0;1956;1733;5.7
10630;15000;60000;6;3;2;125;0;1956;1974;5.4
10631;13980;104424;6;3;1;125;0;1956;1487;5.6
10632;14900;79971;6;2;1;100;0;1598;1487;5.6
10633;14900;70000;6;3;1;125;0;1956;1843;6.4
10634;14900;91700;6;3;1;125;0;1956;1733;5.7
10635;14900;70968;6;3;1;125;0;1956;2450;6.2
10636;14850;82800;6;3;1;100;0;1598;1487;5.6
10637;14800;40231;6;3;1;100;0;1598;1503;5.4
10638;14800;40231;6;3;1;100;0;1598;1503;5.4
10639;14800;82381;6;2;1;100;0;1598;1487;5.6
10640;14590;82529;6;3;1;100;0;1598;1613;5.2
10641;14700;60100;6;2;1;100;1;1598;1701;5.1
10642;14580;94220;6;3;1;101;0;1598;1487;5.6
10643;14500;88617;6;3;1;125;0;1956;2450;6.2
10644;14499;166500;6;3;1;125;0;1956;1929;6.4
10645;14490;85000;6;3;2;125;1;1956;1743;5.6
10646;14490;100000;6;3;1;100;1;1598;1503;4.9
10647;14480;94900;6;3;1;125;1;1956;1487;5.7
10648;14480;130774;6;3;1;125;1;1956;1733;5.7
10649;14480;106499;6;3;1;100;1;1598;1701;5.1
10650;14480;129400;6;2;1;125;1;1956;1487;5.6
10651;14990;64000;6;3;1;100;1;1598;1487;5.4
10652;14990;86071;6;3;1;125;1;1956;1503;4.3
10653;14990;76800;6;2;1;100;0;1598;1487;4.3
10654;14990;74017;6;3;2;125;0;1956;1743;5.5
10655;14990;68920;6;2;1;100;0;1598;1487;4.3
10656;14990;126377;6;3;1;125;1;1956;1733;5.7
10657;14980;48700;6;3;1;100;1;1598;1503;5.4
10658;14980;78990;6;2;1;100;1;1598;1487;4.9
10659;14980;55000;6;3;2;100;0;1600;1503;5.4
10660;13980;134487;6;3;1;125;1;1956;1487;5.6
10661;14980;100000;6;2;1;125;1;1956;1487;5.5
10662;13979;120282;6;3;1;125;0;1956;1487;5.7
10663;13950;89000;6;3;1;125;0;1956;2300;5.6
10664;13950;80000;6;3;1;125;0;1956;1733;5.7
10665;13900;79928;6;2;1;100;0;1598;1487;5.6
10666;13970;81279;6;3;1;100;1;1598;1487;5.6
10667;14480;117059;6;3;1;125;1;1956;1733;5.7
10668;13900;63000;6;3;1;125;0;1956;1843;6.4
10669;13900;97000;6;3;1;100;0;1598;1701;5
10670;13890;84900;6;2;1;100;0;1598;1503;5.4
10671;13900;65000;6;3;1;100;0;1598;1613;5
10672;13850;133800;6;3;1;125;1;1956;1487;5.5
10673;13900;109900;6;2;1;100;0;1598;2000;5.1
10674;13899;85000;6;3;2;100;0;1598;1664;5.1
10675;13700;90615;6;3;1;100;0;1598;1701;5
10676;13500;105000;6;3;1;100;0;1598;1623;5.1
10677;13690;81298;6;3;1;100;1;1598;1522;5.1
10678;13500;96000;6;3;1;125;0;1956;1743;5.6
10679;14980;114100;6;3;1;125;1;1956;1487;5.6
10680;14980;130635;6;3;1;125;1;1956;1733;5.7
10681;14980;90627;6;3;1;125;0;1956;1487;5.6
10682;14979;113607;6;3;1;125;1;1956;1487;5.8
10683;14970;98356;6;3;1;100;1;1598;1487;5.6
10684;14970;95000;6;3;1;125;0;1956;1733;5.7
10685;14970;117684;6;3;1;125;1;1956;1487;5.6
10686;14950;78900;6;3;1;125;1;1956;1487;5.7
10687;14950;138000;6;3;1;143;0;1956;1843;6.4
10688;14950;73600;6;2;1;100;0;1598;1487;5.1
10689;14980;88400;6;3;1;125;0;1956;1503;5.4
10690;14900;78423;6;2;1;100;0;1598;1487;5.6
10691;14900;72537;6;2;1;100;0;1598;1487;5.6
10692;14950;53581;6;3;2;100;0;1598;1701;5.1
10693;14950;96470;6;3;1;125;1;1956;1487;5.5
10694;14950;117500;6;3;1;125;1;1956;1487;5.6
10695;14950;55775;6;3;1;100;1;1598;1786;5.1
10696;14950;31720;6;3;2;100;1;1598;1503;4.9
10697;14900;112244;6;3;1;100;0;1598;1487;5.6
10698;13500;110000;6;3;2;125;0;1956;1743;5.6
10699;14900;77233;6;2;1;100;0;1598;1487;5.6
10700;15990;64000;6;2;1;125;0;1956;1487;5.7
10701;15980;88346;6;3;1;125;1;1598;1503;6.7
10702;15980;86153;6;3;1;125;1;1956;1733;5.7
10703;15980;57500;6;2;1;100;0;1598;1503;4.9
10704;15980;45531;6;3;1;100;1;1598;1786;5.1
10705;15980;47050;6;3;1;100;1;1598;1701;5.1
10706;15979;131187;6;3;1;125;0;1956;1487;6.4
10707;15950;89000;6;3;1;125;1;1956;1503;5.4
10708;15950;70550;6;2;1;125;1;1956;1487;5.6
10709;15970;68420;6;3;2;125;1;1956;1503;5.8
10710;15950;76000;6;3;2;125;0;1956;1743;5.6
10711;15950;108090;6;3;2;100;0;1598;1548;5
10712;15900;93167;6;3;1;125;0;1956;1733;5.7
10713;15900;33900;6;2;1;100;0;1598;1701;5
10714;13480;123301;6;3;1;125;0;1956;1487;5.7
10715;13480;94500;6;3;1;100;0;1598;1658;5.1
10716;15950;80052;6;3;2;125;0;1956;1743;5.6
10717;15900;140000;6;2;1;125;0;1956;1733;5.7
10718;13300;103091;6;2;1;125;0;1956;1513;5
10719;15900;46000;6;3;2;100;1;1598;1613;4.9
10720;13150;87000;6;2;1;125;0;1956;2300;5.6
10721;13150;87000;6;2;1;125;0;1956;1674;5.6
10722;13150;87000;6;2;1;125;0;1956;1674;5.6
10723;13150;87000;6;2;1;125;0;1956;1674;5.6
10724;12999;98000;6;3;1;100;0;1598;1701;5
10725;12999;75499;6;2;1;100;1;1598;1487;5.1
10726;13040;126671;6;3;1;125;1;1956;1487;5.5
10727;12990;163383;6;3;1;100;0;1598;1613;5.2
10728;12990;88075;6;2;1;100;0;1598;1701;5
10729;12990;99999;6;3;1;125;0;1956;1733;5.7
10730;12480;105333;6;3;1;100;0;1598;1487;5.6
10731;12989;85000;6;2;1;100;0;1598;1701;5
10732;12980;130722;6;3;1;125;1;1956;1733;5.7
10733;12980;136826;6;3;1;120;0;1956;1487;5.6
10734;12480;143900;6;3;1;100;1;1598;1487;5.6
10735;12980;162675;6;3;1;125;0;1956;1743;5.6
10736;12975;42951;6;2;1;100;0;1598;1664;5.1
10737;12970;116000;6;2;1;100;0;1598;1513;3
10738;11900;109000;6;3;1;125;0;1956;1743;5.6
10739;12950;79000;6;3;1;100;0;1598;1701;5
10740;11850;89000;6;2;1;100;0;1598;1623;4.9
10741;11875;81423;6;2;1;125;0;1598;1733;8
10742;11850;89000;6;2;1;100;0;1598;1623;4.9
10743;11850;89000;6;2;1;100;0;1598;2300;4.9
10744;11850;89000;6;2;1;100;0;1598;1623;4.9
10745;11840;92459;6;3;1;100;1;1598;1487;5.1
10746;11825;88319;6;2;1;100;0;1598;1664;5.1
10747;11790;215968;6;3;1;125;0;1956;1487;5.6
10748;11750;96000;6;2;1;100;0;1598;1623;4.9
10749;11750;96000;6;2;1;100;0;1598;1623;4.9
10750;11750;96000;6;2;1;100;0;1598;2300;4.9
10751;11750;96000;6;2;1;100;0;1598;1623;4.9
10752;11700;107000;6;2;1;92;0;1956;1503;4.7
10753;11700;97000;6;3;1;100;0;1598;1487;5
10754;11675;73194;6;2;1;100;0;1598;1664;5.1
10755;11650;107100;5;2;1;101;1;1600;1503;5.4
10756;11650;107100;5;2;1;101;0;1600;1503;5.4
10757;11650;99950;6;2;1;100;0;1598;2300;4.9
10758;12480;44000;6;3;1;125;0;1956;1674;5.6
10759;12400;89107;6;3;1;100;1;1598;1487;5.1
10760;12390;65200;6;3;1;125;0;1956;1733;5.7
10761;12100;103000;6;2;1;92;0;1956;1503;4.2
10762;12390;127963;6;3;1;100;0;1598;1664;5.1
10763;12390;77065;6;3;1;100;0;1598;1487;5.6
10764;12300;75715;6;2;1;125;0;1956;1513;5
10765;12290;158000;6;3;1;125;0;1956;1487;5.5
10766;12195;96879;6;2;1;100;0;1598;1513;4.9
10767;12100;67000;6;3;3;100;0;1598;1664;5.1
10768;12000;185000;6;3;1;100;0;2967;2295;9.1
10769;11999;100500;6;3;1;100;0;1598;1623;5
10770;11990;102000;6;2;1;100;0;1598;1487;5.1
10771;11990;100000;6;2;1;88;0;1598;1513;4
10772;11990;91447;6;3;1;100;0;1598;1701;5
10773;11980;161689;6;2;1;125;0;1956;1487;5.6
10774;12940;78900;6;3;1;100;0;1598;1487;5.1
10775;12900;128600;6;3;1;120;0;1956;1668;5.9
10776;12900;64000;6;3;1;100;0;1598;1623;4.9
10777;12900;109000;6;2;1;125;0;1956;1513;5.6
10778;12900;109000;6;2;1;125;0;1956;1513;5.6
10779;12900;67000;6;3;1;100;0;1598;1701;5
10780;12900;103000;6;2;1;125;0;1956;1513;5.6
10781;12900;103000;6;2;1;125;0;1956;1513;5.6
10782;12900;80000;6;3;1;100;0;1598;1701;5
10783;12900;85000;6;2;1;100;0;1598;1487;5.1
10784;12890;97038;6;3;1;100;1;1598;1664;5.1
10785;12880;90000;6;2;1;100;1;1598;1664;5.1
10786;11600;68000;6;2;1;191;0;1998;1503;8.6
10787;10990;95000;6;3;1;100;0;1598;1513;3.8
10788;12888;82000;6;3;1;125;0;1956;1658;4.7
10789;10990;92380;6;3;1;100;0;1598;1487;5.1
10790;12799;93000;6;3;1;100;0;1598;1613;5
10791;12780;119270;6;3;1;125;0;1956;1487;5.6
10792;10949;172357;6;3;1;100;1;1598;1733;5.1
10793;10990;101600;6;3;1;100;0;1598;1487;5.1
10794;10900;86399;6;3;1;100;0;1598;1613;5.2
10795;10990;109500;6;2;1;100;0;1600;1487;5.6
10796;10900;99000;6;3;1;100;0;1598;1664;4.1
10797;10980;179800;6;3;2;100;0;1598;1487;5.6
10798;10900;84900;6;3;1;100;0;1598;1701;5
10799;10990;99900;6;2;1;100;0;1600;1487;5.6
10800;10900;84900;6;3;1;100;0;1598;1701;5
10801;10850;232000;6;3;1;125;0;1956;1487;5.5
10802;10829;111000;6;3;1;100;0;1598;1487;5.6
10803;10800;200000;6;3;2;125;1;1956;1487;5.5
10804;10600;102000;6;3;1;100;0;1598;1701;5
10805;10580;179227;6;3;1;125;0;1956;1487;5.6
10806;10500;112000;6;2;1;100;0;1598;1513;4.9
10807;10500;113000;6;3;1;100;0;1598;1487;5.1
10808;10400;78000;7;3;2;100;0;1598;1543;3.6
10809;11900;96329;6;3;1;100;0;1598;1701;5
10810;12790;117000;6;3;1;125;1;1956;1743;5.5
10811;12750;159000;6;3;1;125;0;1956;1613;6.4
10812;12775;45312;6;2;1;100;0;1598;1664;5.1
10813;12700;70000;6;2;1;100;0;1598;1701;5.6
10814;12695;187182;6;3;1;125;1;1956;1487;8.7
10815;12750;159000;8;3;1;125;0;1956;1613;6.4
10816;12680;175119;6;3;1;125;0;1956;1487;5.6
10817;12600;52685;6;3;1;100;0;1598;1623;5.1
10818;12500;114040;6;2;1;100;0;1598;1513;4.9
10819;12500;118000;6;3;1;100;0;1598;1664;5.1
10820;12500;92000;6;3;1;100;0;1598;1701;5
10821;12500;78000;6;2;1;100;0;1598;1513;4.9
10822;12500;116523;6;2;1;100;0;1598;1513;4.9
10823;12500;77500;7;2;1;100;0;1598;1487;5.4
10824;12500;80000;6;2;1;100;0;1598;1613;4.3
10825;12500;96000;6;3;1;100;0;1598;1613;5.2
10826;12500;92000;6;3;1;125;0;1956;1733;5.7
10827;12490;107000;6;3;1;100;0;1598;1487;5.1
10828;12490;87000;6;2;1;100;0;1598;1487;5.1
10829;11500;95722;6;3;1;100;0;1598;1701;5
10830;11500;89000;6;3;1;100;0;1598;1701;5
10831;10300;94000;6;3;1;100;0;1598;1701;5
10832;10262;99990;6;2;1;125;0;1956;1513;5
10833;11500;106000;6;2;1;100;0;1598;1513;4.9
10834;11490;99000;6;2;1;125;0;1598;1487;5.6
10835;11490;99000;6;2;1;125;0;1598;1487;5.6
10836;12490;108000;6;3;1;100;0;1598;1487;5.1
10837;10100;107235;6;2;1;100;0;1598;1513;4
10838;9980;155000;6;3;1;100;1;1598;1487;5.1
10839;9990;189473;6;3;1;125;0;1956;1487;5.6
10840;9950;180000;6;3;1;100;0;1598;1487;5.1
10841;9780;135382;6;3;1;100;0;1598;1487;5.6
10842;9750;186000;6;3;1;100;1;1598;1733;5.1
10843;9980;180033;6;2;1;125;0;1956;1487;5.6
10844;9980;178069;6;3;1;125;0;1956;1487;5.6
10845;9980;216560;6;3;1;125;0;1956;1743;5.5
10846;9900;152000;6;3;2;100;0;1598;1701;5
10847;9800;160000;6;3;2;100;0;1856;1701;4.5
10848;9280;158565;6;3;1;100;0;1598;1487;5.6
10849;9480;145444;6;3;1;100;0;1598;1487;5.6
10850;9500;177296;6;3;1;100;1;1598;1487;5.1
10851;9000;214000;6;3;1;100;0;1598;1701;5.1
10852;8990;88123;6;2;1;100;0;1598;1701;5.1
10853;9490;213687;6;3;1;100;0;1598;1487;5.6
10854;11490;99000;6;2;1;125;0;1598;1487;5.6
10855;9480;152400;6;3;1;100;0;1598;1487;5.6
10856;11490;94390;6;2;1;100;0;1598;1487;5.1
10857;11450;111200;5;2;1;101;1;1600;1503;5.4
10858;11490;97400;6;3;1;100;0;1598;1487;5.1
10859;11490;89200;6;3;1;100;0;1598;1487;5.1
10860;11490;76250;6;3;1;100;0;1598;1487;5.1
10861;11480;141448;6;3;1;125;0;1956;1487;5.6
10862;11480;175258;6;3;1;125;0;1956;1487;5.6
10863;11480;125900;6;3;1;100;1;1598;1503;5.4
10864;11300;149000;6;3;1;100;0;1598;1623;5.1
10865;11000;99000;6;3;1;100;0;1598;1701;5
10866;11400;124200;6;3;1;100;1;1598;1487;5.1
10867;11450;111200;5;2;1;101;0;1600;1503;5.4
10868;11295;105000;6;3;1;100;1;1598;1701;4.9
10869;10500;42000;6;3;1;103;0;1364;1503;5.3
10870;9850;108000;6;3;1;88;0;1598;2300;3.9
10871;10980;87141;6;3;1;100;0;1598;1487;5.6
10872;11680;178959;6;3;1;125;1;1956;1733;4.7
10873;11699;85336;6;3;1;88;0;1598;1596;3.9
10874;11589;75427;6;3;1;100;1;1598;1503;3.8
10875;11500;87301;6;3;1;100;0;1598;1790;4.3
10876;11500;91558;6;2;1;100;0;1600;1487;5.6
10877;11500;96000;6;2;1;100;0;1598;1513;3.9
10878;11500;129618;6;3;1;88;0;1598;2400;4.1
10879;12675;66313;6;3;1;100;1;1598;1487;3.9
10880;13399;35636;6;2;1;88;0;1598;1596;3.9
10881;13540;60901;6;2;1;100;1;1598;1613;3.8
10882;13540;60901;6;2;1;100;1;1598;1613;3.8
10883;13650;130089;6;3;1;125;0;1956;1733;4.5
10884;13900;80326;6;2;1;81;0;1598;1428;4.1
10885;13890;118500;6;3;1;125;1;1956;1487;4.5
10886;13900;123900;6;3;1;125;1;1956;1733;4.5
10887;13900;68000;6;3;1;100;0;1598;1701;4.1
10888;14940;58988;6;3;1;103;0;1364;1487;5.6
10889;13990;125000;6;3;1;125;1;1956;1487;4.5
10890;13990;144700;6;3;1;100;0;1598;1658;3.9
10891;14444;11400;6;3;1;88;1;1598;1487;3.9
10892;14700;70000;6;2;1;100;0;1598;1441;4.3
10893;14699;34630;6;2;1;100;1;1598;1571;3.8
10894;14698;93192;6;3;1;100;0;1598;1503;3.8
10895;14600;76978;6;3;1;125;0;1956;1487;5.6
10896;14680;122200;6;3;1;100;0;1598;1664;3.9
10897;14500;57000;6;3;1;100;0;1598;1513;3.9
10898;14500;77000;6;2;1;100;0;1598;1441;4.3
10899;14499;82751;6;2;1;101;0;1598;1503;5.4
10900;14500;76500;6;3;1;100;0;1598;1664;3.9
10901;14490;78225;6;2;1;101;0;1598;1503;5.4
10902;14490;26500;6;3;2;100;0;1598;1571;3.8
10903;14490;32294;6;2;1;101;0;1598;1503;4.3
10904;14490;32294;6;2;1;101;0;1598;1503;4.3
10905;14490;32294;6;2;1;101;0;1598;1503;4.3
10906;14490;96124;6;3;2;100;0;1598;1503;5.4
10907;14490;96124;6;3;2;100;0;1598;1503;5.4
10908;14490;30968;6;2;1;88;0;1598;1513;3.9
10909;14480;59264;6;3;1;100;1;1598;1900;5.6
10910;14940;58624;6;3;1;103;0;1364;1487;5.6
10911;14900;98500;6;3;2;125;0;1956;1733;4.5
10912;14900;48323;6;2;1;88;0;1598;2300;5.4
10913;14900;111872;6;3;2;100;0;1598;1513;4.1
10914;14900;73300;6;3;1;103;1;1364;1487;5.8
10915;14900;48503;6;3;1;100;0;1598;1513;3
10916;14900;19951;6;3;1;89;0;1598;1487;4
10917;14890;90000;6;3;1;125;0;1598;1487;4.7
10918;14900;12100;6;3;1;103;0;1364;1503;5.5
10919;14840;49598;6;3;1;103;0;1364;1487;5.8
10920;14840;49986;6;3;1;103;0;1364;1487;5.6
10921;14800;47000;6;2;1;100;0;1598;1664;4.1
10922;14800;31000;6;3;2;100;0;1598;1701;3.9
10923;14800;33500;6;3;2;103;0;1364;1503;5.6
10924;14800;94800;6;3;1;125;0;1956;1487;4.5
10925;14800;94800;6;3;1;125;0;1956;1487;4.5
10926;14790;83000;6;3;2;125;1;1956;1503;4.3
10927;14770;56328;6;3;2;88;0;1598;1626;4.1
10928;14750;115909;6;3;1;125;0;1956;1733;4.5
10929;14300;76500;6;3;1;88;0;1598;1487;5.6
10930;14740;49739;6;3;1;103;0;1364;1487;5.6
10931;14400;33000;6;3;1;100;0;1598;1664;3.9
10932;14990;78790;6;3;1;100;1;1598;1487;3.9
10933;14990;74893;6;3;1;125;1;1956;1503;4.5
10934;14990;138170;6;3;1;100;0;1598;1564;4.3
10935;14990;35123;6;3;1;100;1;1598;1487;5.1
10936;14990;72200;6;3;1;100;0;1598;1664;3.9
10937;14990;86117;6;2;1;101;0;1598;1487;5.6
10938;14990;68401;6;3;2;125;0;1956;1487;4.5
10939;14980;71577;6;3;1;125;0;1956;1503;4.3
10940;14980;48918;6;2;1;88;1;1598;1733;3.9
10941;14950;128370;6;3;1;125;1;1956;1487;4.5
10942;14950;93140;6;3;1;125;0;1956;1613;5.6
10943;14950;53595;6;3;1;125;1;1956;1733;4.5
10944;14950;84900;6;3;1;125;1;1956;1487;4.5
10945;14950;75629;6;3;1;125;1;1956;1503;4.3
10946;14940;61443;6;3;1;103;0;1364;1487;5.6
10947;14940;59416;6;3;1;103;0;1364;1487;5.6
10948;14290;34780;6;2;1;101;0;1598;1503;4.3
10949;14940;57889;6;3;1;103;0;1364;1487;5.6
10950;14290;72000;6;3;1;100;1;1598;1487;3.9
10951;14290;69980;6;2;1;100;1;1598;1487;4.5
10952;14290;34780;6;2;1;101;0;1598;1503;4.3
10953;14290;100600;6;3;1;125;0;1956;1487;5.6
10954;14290;34780;6;2;1;101;0;1598;1503;4.3
10955;14250;46000;6;2;2;88;0;1598;1664;4.1
10956;14250;49850;6;3;2;100;1;1598;1701;3.9
10957;14200;70000;6;3;2;100;0;1598;1513;3
10958;14200;35123;6;2;2;103;0;1490;1440;5.9
10959;14000;65000;6;3;2;125;0;1956;1843;5.6
10960;14000;53600;6;2;2;100;0;1598;1571;3.8
10961;14000;78597;6;3;2;88;0;1598;1487;4.3
10962;14000;93165;6;2;2;100;0;1598;1487;4.6
10963;13999;33500;6;3;2;103;0;1364;1503;5.6
10964;13990;96448;6;3;2;88;0;1598;1626;4.1
10965;13990;125000;6;3;1;125;0;1598;1487;4.7
10966;13980;72167;6;3;1;103;1;1364;1623;5.6
10967;13980;97300;6;3;2;125;0;1598;1701;6
10968;13990;109000;6;3;1;125;0;1598;1487;4.7
10969;13980;92550;6;3;1;125;1;1956;1487;4.5
10970;13980;72167;6;3;1;103;1;1364;1623;5.6
10971;13950;104915;6;3;1;100;0;1598;1487;5.6
10972;13950;71500;6;3;1;103;0;1364;1613;5.6
10973;13940;79986;6;3;1;103;0;1364;1487;5.6
10974;13950;116146;6;3;1;100;0;1598;1564;4.3
10975;13940;61069;6;3;1;103;0;1364;1487;5.6
10976;13940;69730;6;3;1;103;0;1364;1487;5.6
10977;13900;89824;6;2;1;100;0;1598;1513;3.9
10978;13990;69511;6;3;1;101;0;1598;1503;5.4
10979;13900;68000;6;3;1;100;0;1598;1701;4.1
10980;13900;98539;6;3;1;100;0;1598;1571;3.9
10981;13900;35638;6;2;1;88;0;1598;1503;5.4
10982;13900;97000;6;2;1;100;0;1598;1513;3.8
10983;13900;153000;6;3;1;125;0;1956;1733;5.6
10984;13900;123900;6;3;1;125;1;1956;1733;4.5
10985;13870;74949;6;2;1;100;0;1598;1613;3.9
10986;13800;39068;6;3;1;100;0;1598;1571;3.8
10987;13900;38333;6;2;1;88;0;1598;1487;5.6
10988;13850;124920;6;3;1;100;0;1598;1503;5.2
10989;13800;88641;6;2;1;100;0;1598;1571;3.9
10990;13900;56798;6;3;1;103;0;1364;1623;5.6
10991;13890;39369;6;3;1;100;0;1598;2110;3.8
10992;13880;112456;6;3;1;100;1;1598;1487;3.9
10993;13800;87712;6;2;1;100;0;1598;1571;3.9
10994;13799;94308;6;2;1;101;0;1598;1503;5.4
10995;13690;93726;6;2;1;88;0;1600;1596;3.9
10996;13390;55110;6;3;1;100;0;1598;2280;3.9
10997;13500;82000;6;3;1;100;0;1598;1513;3.9
10998;13500;114000;6;3;1;125;0;1956;1733;4.5
10999;13780;124800;6;3;1;125;1;1956;1487;5.6
11000;13800;83757;6;2;1;100;0;1598;1571;3.9
11001;13500;46897;6;2;1;89;0;1598;1503;3
11002;13500;79678;6;3;1;100;0;1598;1623;3.9
11003;13490;107850;6;3;1;88;0;1598;1487;3.9
11004;13500;94000;6;2;1;100;0;1598;1513;3.9
11005;13500;88607;6;2;1;100;0;1598;1441;4.3
11006;13500;27258;6;2;1;88;0;1600;1596;3.9
11007;13500;83000;6;3;1;100;0;1598;1664;3.9
11008;13499;95000;6;3;1;125;1;1956;1733;4.5
11009;13490;73295;6;3;1;100;0;1598;1503;5.4
11010;13490;73295;6;3;1;100;0;1598;1503;5.4
11011;12980;91500;6;3;1;100;1;1598;1487;5.6
11012;13490;59000;6;3;1;88;0;1598;1513;3
11013;13480;56600;6;3;1;100;1;1598;1487;3.9
11014;13400;100000;6;3;1;100;0;1598;1613;4.3
11015;13400;37983;6;3;1;100;0;1598;2300;3.8
11016;13489;82743;6;3;1;100;0;1598;1487;3.9
11017;12980;105002;6;3;1;125;0;1956;1487;4.5
11018;12980;104058;6;3;1;125;0;1956;1487;5.6
11019;12980;145001;6;3;1;125;0;1956;1487;5.6
11020;12980;146887;6;3;1;125;0;1956;1487;5.6
11021;12980;87250;6;3;1;88;1;1598;1487;5.6
11022;12950;66520;6;3;1;100;0;1598;1613;4.3
11023;12980;112936;6;3;1;125;0;1956;1487;5.6
11024;12979;61227;6;3;1;100;1;1598;1487;3.9
11025;12900;114000;6;3;1;125;0;1956;1733;4.5
11026;12900;94000;6;3;1;88;0;1598;1487;4.1
11027;12900;89000;6;2;1;100;0;1598;1513;3.9
11028;12900;76000;6;3;1;100;0;1598;1664;4.1
11029;12900;17000;6;3;1;88;0;2000;1503;5.4
11030;12890;90200;6;3;1;88;1;1598;1701;4.1
11031;12900;96000;6;2;1;100;0;1598;1513;3.9
11032;12890;69800;6;3;1;88;1;1598;1487;4.1
11033;12876;82008;6;3;2;100;0;1598;1664;3.9
11034;12840;77041;6;3;1;103;0;1364;1487;5.6
11035;13000;134000;6;3;1;125;0;1956;1623;4.3
11036;13390;90800;6;3;2;100;1;1598;1487;4.1
11037;13350;158800;6;3;2;125;0;1956;1733;4.5
11038;13330;66200;6;3;2;100;0;1598;1701;3.9
11039;13290;57146;6;3;1;125;0;1956;2275;4.5
11040;13000;127024;6;3;1;100;0;1598;1513;3.9
11041;12999;99000;6;2;1;100;0;1598;1513;3
11042;12995;65391;6;3;1;88;1;1598;1487;4.3
11043;12990;96000;6;3;1;125;0;1956;1487;4.5
11044;12990;91000;6;3;1;88;0;1598;1664;4.1
11045;12990;92683;6;3;1;101;0;1598;1487;5.6
11046;12990;80000;6;2;1;100;1;1600;1487;4
11047;12990;111991;6;2;1;100;1;1598;1487;3.9
11048;12990;58989;6;3;1;88;0;1598;1487;4.1
11049;12490;85653;6;3;1;100;0;1598;1613;3.9
11050;12990;84227;6;3;1;101;0;1598;1503;3
11051;12990;99000;6;3;1;100;0;1598;1613;4.1
11052;12490;132911;6;3;1;125;1;1956;1487;4.5
11053;12990;136132;6;3;1;125;0;1956;1733;4.5
11054;12980;83112;6;3;1;103;0;1364;1487;5.6
11055;12490;65295;6;3;1;100;0;1598;2280;3.9
11056;12480;112218;6;2;1;100;1;1598;1487;3.9
11057;12450;128980;6;3;2;125;0;1956;1487;4.5
11058;12480;71130;6;3;2;100;1;1598;1487;3.9
11059;12480;136672;6;3;1;125;0;1956;1487;5.6
11060;12750;75709;6;3;1;100;0;1598;1487;5.4
11061;12980;98200;6;3;1;100;1;1598;1487;5.6
11062;12450;78000;6;3;1;100;0;1598;1543;3.6
11063;12450;45000;6;3;1;103;0;1364;1613;5.6
11064;12450;50000;6;3;1;103;0;1364;1503;5.3
11065;12450;50000;6;3;1;103;0;1364;1503;5.3
11066;12450;40000;6;3;1;103;0;1364;1503;5.3
11067;12450;40000;6;3;1;103;0;1364;1503;5.3
11068;12450;45000;6;3;1;103;0;1364;1613;5.6
11069;12450;45000;6;3;1;103;0;1364;1613;5.6
11070;12450;44000;6;3;1;103;0;1364;1503;5.3
11071;12450;40000;6;3;1;103;0;1364;1503;5.3
11072;12450;50000;6;3;1;103;0;1364;1503;5.3
11073;12650;89000;6;3;1;100;0;1598;1701;4.1
11074;12650;89000;6;3;1;100;0;1598;2400;4.1
11075;12595;68116;6;3;1;100;1;1598;1487;3.9
11076;12650;89000;6;3;1;100;0;1598;1701;4.1
11077;12599;66069;6;2;1;100;0;1598;1701;4.1
11078;12450;44000;6;3;1;103;0;1364;1503;5.3
11079;12650;89000;6;3;1;100;0;1598;1701;4.1
11080;12580;89716;6;3;1;88;1;1598;1701;4.1
11081;12500;60250;6;3;1;100;0;1598;1701;3.9
11082;12500;77161;6;3;1;88;0;1598;1664;5.6
11083;12500;84000;6;2;1;100;0;1598;1571;3.8
11084;12500;81822;6;2;1;100;0;1598;1701;3.9
11085;12500;87000;6;3;1;100;0;1598;1543;3.6
11086;12500;144000;6;3;1;100;0;1598;1513;3.9
11087;12500;125447;6;2;1;100;0;1598;1513;3.9
11088;12500;89500;6;3;1;100;1;1598;1664;3.9
11089;12500;79990;6;3;1;88;0;1956;1538;3
11090;12499;134500;6;3;1;125;1;1956;1733;4.5
11091;12499;111000;6;3;1;125;0;1956;1503;4.3
11092;12400;101000;6;3;1;100;0;1598;1487;5.1
11093;12400;119000;6;3;1;100;0;1598;1623;3.9
11094;12400;63800;6;3;1;88;0;1956;1733;3.9
11095;12450;44000;6;3;1;103;0;1364;1503;5.3
11096;12300;165000;6;3;1;88;0;1598;1513;3.9
11097;12490;145000;6;2;1;100;0;1600;1503;5.4
11098;12000;115000;6;3;1;100;0;1598;1623;3.9
11099;12300;120810;6;3;1;125;0;1956;1733;4.7
11100;12000;72000;6;3;1;100;0;1598;1513;3.8
11101;12000;116000;6;3;1;88;0;1598;1596;3.9
11102;11995;92856;6;2;1;100;0;1598;1513;3.8
11103;11999;107000;6;2;1;100;0;1598;1513;3
11104;11999;91176;6;2;1;100;0;1598;1441;4
11105;11995;92960;6;2;1;100;0;1598;1513;3.8
11106;11990;80000;6;3;1;88;0;1598;1513;3.9
11107;11990;60000;6;2;1;88;0;1598;1513;3.9
11108;11999;85000;6;3;1;88;1;1598;1487;4.1
11109;11950;45000;6;3;1;103;0;1364;1503;5.3
11110;11980;165435;6;3;1;125;0;1956;1487;5.6
11111;11980;146645;6;3;1;125;0;1956;1487;5.6
11112;11990;85590;6;3;1;100;0;1598;1503;5.4
11113;11950;91223;6;2;1;100;0;1600;1487;5.6
11114;11980;89982;6;3;1;195;0;1956;1487;4.9
11115;11970;89042;6;3;1;100;1;1598;1503;5.4
11116;11950;45000;6;3;1;103;0;1364;1503;5.3
11117;11950;57000;6;3;1;103;0;1364;1503;5.3
11118;11950;57000;6;3;1;103;0;1364;1503;5.3
11119;11950;57000;6;3;1;103;0;1364;1503;5.3
11120;11950;45000;6;3;1;103;0;1364;1503;5.3
11121;11900;75000;6;3;1;100;0;1598;1664;4.1
11122;11900;149000;6;3;2;100;1;1598;1701;3.9
11123;11900;118000;6;3;1;100;1;1598;1487;3.9
11124;11850;122327;6;3;1;100;0;1598;1487;4.1
11125;11900;105039;6;3;1;100;0;1598;1623;3.9
11126;11899;69435;6;3;1;88;0;1598;1596;3.9
11127;11890;84460;6;3;1;88;1;1598;1733;4.1
11128;11880;108785;6;3;1;100;1;1598;1487;3.9
11129;11800;130000;6;3;2;88;0;1598;1664;4.1
11130;11700;155784;6;3;1;100;1;1598;1487;3.9
11131;11500;180180;6;3;1;88;0;1598;1623;4.1
11132;11499;100000;6;3;1;88;1;1598;1664;4.1
11133;11490;89000;6;2;1;100;0;1598;1513;3.9
11134;11490;136000;6;3;1;125;1;1956;1743;5.5
11135;11480;167255;6;3;1;125;0;1956;1487;5.6
11136;11299;51592;6;3;1;88;0;1598;1596;3.9
11137;11100;78000;6;3;1;100;0;1598;1513;3.8
11138;11000;10500;6;2;2;88;0;1598;1623;4.1
11139;10990;113000;6;3;1;88;0;1600;1487;5.6
11140;10990;80000;6;3;1;100;0;1598;1513;3.8
11141;10990;103100;6;3;1;100;0;1598;1487;5.1
11142;10980;166600;6;3;1;100;1;1598;1487;5.6
11143;10950;76000;6;3;1;100;0;1598;1571;3.8
11144;10950;76000;6;3;1;100;0;1598;1571;3.8
11145;10950;76000;6;3;1;100;0;1598;1571;3.8
11146;10950;88000;6;2;2;100;0;1598;1571;3.8
11147;10950;88000;6;2;2;100;0;1598;1571;3.8
11148;10950;88000;6;2;2;100;0;1598;2300;3.8
11149;10950;88000;6;2;2;100;0;1598;1571;3.8
11150;10950;93000;6;2;2;100;0;1598;2300;3.8
11151;10950;122000;6;3;1;88;0;1598;1664;4.1
11152;10910;85905;6;2;2;100;0;1598;1441;4
11153;10900;126100;6;3;1;88;0;1598;1664;4.1
11154;10900;119000;6;3;1;100;0;1598;1623;3
11155;10740;150000;6;3;2;88;0;1598;1664;4.1
11156;10500;69000;6;3;1;88;0;1598;1623;4.1
11157;10799;153413;6;3;1;100;0;1598;1613;3.8
11158;10899;92870;6;2;1;100;0;1598;1513;3.8
11159;10500;42000;6;3;1;103;0;1364;1503;5.3
11160;10600;107000;6;2;1;125;0;1600;1487;5.6
11161;10500;60000;6;2;1;125;0;1598;1701;6.2
11162;10500;42000;6;3;1;103;0;1364;1503;5.3
11163;10490;187000;6;3;1;100;0;1598;1626;3.9
11164;10450;76000;6;3;1;88;0;1598;1596;3.9
11165;10450;76000;6;3;1;88;0;1598;1596;3.9
11166;10395;124608;6;3;1;100;1;1598;1487;3.9
11167;10480;179000;6;3;1;125;1;1956;1487;4.5
11168;10490;190000;6;3;1;100;0;1598;1664;4.1
11169;10450;76000;6;3;1;88;0;1598;1596;3.9
11170;10350;43000;6;3;1;103;0;1364;1503;5.3
11171;10350;43000;6;3;1;103;0;1364;1503;5.3
11172;10345;134200;6;3;1;88;1;1598;1487;4.1
11173;10000;31500;6;2;1;100;0;1598;1623;4.1
11174;10350;43000;6;3;1;103;0;1364;1503;5.3
11175;9980;157809;6;3;1;100;0;1598;1487;5.6
11176;9900;214999;6;3;1;100;0;1598;1513;3
11177;9900;124000;6;2;1;88;0;1600;1503;5.4
11178;9850;108000;6;3;1;88;0;1598;1596;3.9
11179;9850;108000;6;3;1;88;0;1598;1596;3.9
11180;14990;72728;6;2;1;125;0;1598;1487;5.6
11181;15299;51500;6;3;1;125;0;1956;1843;5.6
11182;15350;82900;6;2;1;125;1;1956;1733;4.5
11183;15290;61400;6;3;1;125;0;1956;1788;4.7
11184;15200;85000;6;3;1;125;0;1956;1613;4.3
11185;15190;79980;6;2;1;100;0;1598;1487;3.9
11186;15250;91000;6;3;2;125;0;1956;1487;4.7
11187;15490;46000;6;3;1;88;0;1598;1664;4.1
11188;15000;62100;6;3;1;125;0;1956;1664;4.5
11189;15790;60000;6;3;1;88;0;1956;1713;3.9
11190;15390;68341;6;3;1;103;1;1364;1487;5.6
11191;15000;73130;6;3;1;100;0;1598;1487;4.1
11192;15845;41028;6;3;2;103;1;1364;1503;5.6
11193;15790;15900;6;3;2;103;0;1400;1618;5.3
11194;15750;118450;6;3;1;125;0;1956;1733;4.5
11195;15750;42000;6;2;1;103;0;1364;1487;5.6
11196;15750;42000;6;2;1;103;0;1364;1487;5.6
11197;15700;40000;6;2;0;103;1;1364;1623;5.6
11198;15690;42000;6;3;2;100;1;1598;1503;4.5
11199;15500;120000;6;3;1;125;0;1956;1788;5.4
11200;15500;45000;6;3;1;100;0;1598;1487;5.6
11201;15500;92000;6;3;1;125;0;1956;1613;4.3
11202;15500;74882;6;3;1;100;0;1598;1589;4.3
11203;15499;55000;6;3;2;100;0;1598;1701;3.9
11204;15499;66210;6;3;2;101;0;1598;1487;5.6
11205;15500;40850;6;3;2;100;1;1598;1664;3.9
11206;15490;10791;6;3;1;88;0;1598;1596;3.9
11207;15490;50505;6;2;1;100;1;1598;1664;5.6
11208;15490;102000;6;3;1;125;1;1956;1487;4.5
11209;15490;39000;6;3;1;88;0;1598;1733;3.9
11210;15490;92700;6;3;1;100;0;1598;1664;4.3
11211;15490;70000;6;3;1;125;0;1956;1843;4.5
11212;15490;70000;6;3;1;125;0;1956;1843;4.5
11213;15480;27679;6;2;1;125;0;1956;1487;5.6
11214;15480;112130;6;3;1;125;1;1956;1733;4.5
11215;15450;146758;6;3;1;100;0;1598;1564;3.9
11216;15450;71069;6;3;1;103;1;1364;1487;7.9
11217;15450;59880;6;3;2;103;1;1364;1613;5.8
11218;15450;71069;6;3;1;103;1;1364;1487;7.9
11219;15450;76450;6;3;1;125;0;1956;1733;4.5
11220;15450;32651;6;2;1;88;0;1598;1664;5.6
11221;15450;96721;6;3;1;125;1;1956;1487;4.5
11222;15440;49992;6;3;1;103;0;1364;1487;5.6
11223;15400;38000;6;3;1;100;0;1598;1701;3.9
11224;15400;56013;6;3;1;100;0;1598;1613;5.1
11225;14999;39950;6;3;1;100;1;1598;1487;3.9
11226;14998;59456;6;3;1;100;0;1598;1701;3.9
11227;14995;153683;6;3;1;100;0;1598;1564;4.1
11228;14995;31900;6;3;1;88;0;1598;1487;5.6
11229;14990;33000;6;3;2;88;0;1598;1487;4.1
11230;14995;31665;6;3;2;88;0;1598;1487;5.6
11231;14990;80000;6;3;2;125;1;2000;1503;5
11232;14990;115450;6;3;1;125;0;1956;1487;4.5
11233;14990;96750;6;3;1;125;0;1956;1487;4.5
11234;14990;72728;6;2;1;125;0;1598;1487;5.6
11235;18479;112895;6;2;1;125;1;1956;1487;5.5
11236;19980;52150;6;2;1;125;0;1956;1901;6.4
11237;19890;25047;6;2;1;100;0;1598;1522;5.5
11238;18950;64000;6;2;1;100;0;1598;1462;5.2
11239;20500;25494;8;2;1;125;0;1956;1487;5.15
11240;19880;45848;6;2;1;121;1;1490;1503;6
11241;20900;23900;6;1;1;100;0;1598;1585;5.2
11242;21450;28850;6;1;1;121;0;1490;1487;5.7
11243;21690;29100;6;1;1;121;0;1490;1487;6.2
11244;21950;24152;6;1;1;121;1;1490;1487;6.2
11245;21690;24390;6;1;1;100;1;1598;1522;5.5
11246;21890;22600;6;2;1;100;1;1598;1503;5.1
11247;21940;24620;8;1;1;125;1;1956;1503;5.5
11248;21950;31206;6;1;1;121;1;1490;1487;6.1
11249;21980;29957;6;2;1;121;1;1490;1503;6.1
11250;21980;27800;6;2;1;125;1;1956;1487;5.6
11251;21990;13990;6;2;1;121;1;1490;1503;6
11252;21990;13990;6;2;1;121;1;1490;1503;6
11253;21990;13860;6;1;1;121;1;1490;1503;6.1
11254;21690;26960;6;1;1;121;1;1500;1487;6.2
11255;21990;27941;6;1;1;121;1;1490;1487;6.2
11256;21850;29300;6;1;1;121;1;1490;1522;6.2
11257;15909;20346;6;2;1;100;0;1598;1701;4.1
11258;15909;20346;6;2;1;100;0;1598;1701;4.1
11259;15909;20346;6;2;1;100;0;1598;1701;4.1
11260;15909;20346;6;2;1;100;0;1598;1701;4.1
11261;15909;20346;6;2;1;100;0;1598;1701;4.1
11262;15900;36852;6;2;1;100;0;1598;1503;4.3
11263;15900;6120;6;2;1;100;0;1598;1701;3.9
11264;16182;14069;6;2;1;100;0;1598;1701;4.1
11265;16182;14069;6;2;1;100;0;1598;1701;4.1
11266;16182;14069;6;2;1;100;0;1598;1701;4.1
11267;16182;14069;6;2;1;100;0;1598;1701;4.1
11268;16182;14069;6;2;1;100;0;1598;1701;4.1
11269;16182;14069;6;2;1;100;0;1598;1701;4.1
11270;16182;14069;6;2;1;100;0;1598;1701;4.1
11271;16182;14069;6;2;1;100;0;1598;1701;4.1
11272;16182;14069;6;2;1;100;0;1598;1701;4.1
11273;16182;14069;6;2;1;100;0;1598;1701;4.1
11274;16182;14069;6;2;1;100;0;1598;1701;4.1
11275;16100;29906;6;1;1;103;0;1490;1503;5.7
11276;15990;50630;6;2;1;100;0;1598;1571;3.9
11277;15990;39525;6;1;1;101;0;1598;1503;4.3
11278;15990;39525;6;1;1;101;0;1598;1503;4.3
11279;15990;39525;6;1;1;101;0;1598;1503;4.3
11280;15970;48000;6;2;2;100;0;1598;1487;3.9
11281;15940;32300;6;2;3;103;1;1364;1513;5.3
11282;15900;37850;6;2;1;100;0;1598;1503;4.3
11283;15880;51999;6;2;1;125;0;1956;1487;4.5
11284;15850;28800;6;2;2;100;1;1598;1487;3.9
11285;21890;22600;6;2;1;100;1;1598;1503;5.1
11286;21890;31000;6;1;1;100;0;1598;1585;5.2
11287;21870;53300;6;2;1;125;1;1956;1743;5.6
11288;21800;28160;6;2;1;125;0;1956;1487;5.7
11289;21800;7500;6;1;1;100;0;1598;1585;5.2
11290;21800;15975;6;1;1;100;0;1598;1585;5.2
11291;21880;24599;6;1;1;125;0;1956;1633;5.6
11292;21780;24423;6;2;1;121;1;1490;1472;6.1
11293;21780;28508;6;1;1;121;0;1598;1487;6.2
11294;21750;15991;6;1;1;100;0;1598;1503;5.4
11295;21740;29610;6;1;1;121;1;1490;1487;5.6
11296;21800;37000;6;1;1;100;0;1598;1585;5.2
11297;21780;24500;6;1;1;121;1;1490;1522;6.2
11298;21770;38749;6;2;1;121;0;1490;1487;6.1
11299;21700;23500;6;1;1;100;0;1598;1585;5.2
11300;21700;25104;6;2;1;125;0;1598;1733;7
11301;21980;20541;8;1;1;125;0;1956;1487;5.7
11302;21980;19212;8;1;1;125;0;1956;1487;5.7
11303;21990;48652;6;2;1;127;0;1956;1487;5.6
11304;21990;20698;6;2;1;100;0;1598;1503;5.4
11305;21989;70670;6;1;1;125;1;1956;1716;5.7
11306;21980;28121;8;1;1;125;0;1956;1487;5.7
11307;21980;19239;6;1;1;125;0;1956;1503;5.6
11308;21980;29950;6;1;1;121;1;1490;1487;6.2
11309;21980;15500;6;2;1;100;1;1598;1522;5.5
11310;21980;29400;6;1;1;121;1;1490;1487;6.2
11311;21980;30900;6;1;1;121;1;1490;1487;6.2
11312;21950;26300;6;1;1;100;1;1598;1503;5.5
11313;21950;26300;6;1;1;100;1;1598;1503;5.5
11314;21000;25494;8;2;1;125;0;1956;1487;5.15
11315;21000;25494;8;2;1;125;0;1956;1487;5.15
11316;21000;25494;8;2;1;125;0;1956;1487;5.15
11317;21950;21622;6;1;1;100;1;1598;1503;5.5
11318;20999;20201;6;1;1;121;0;1490;1522;6.4
11319;20999;9890;6;1;1;100;0;1598;1487;5.6
11320;20999;11288;6;2;1;121;0;1490;1487;6.2
11321;20990;24998;6;2;1;125;0;1998;1503;5.4
11322;20999;34700;6;2;2;125;1;1598;1701;7
11323;20990;25800;6;1;1;100;0;1598;1522;5.5
11324;20990;28881;6;1;1;121;0;1490;1487;5.7
11325;20990;28798;6;1;1;121;0;1490;1487;5.7
11326;20980;18750;8;2;1;125;1;1598;1487;7
11327;20990;29800;6;2;1;125;1;1956;1503;5.4
11328;20950;13481;6;2;1;121;0;1490;1522;6.2
11329;20950;25550;6;2;1;100;1;1598;1673;4.3
11330;20980;27921;6;1;1;125;0;1956;1487;5.7
11331;20950;22800;6;1;1;100;1;1598;1522;5.5
11332;20900;27400;6;1;1;100;0;1598;1510;5.2
11333;21950;25272;6;1;1;100;0;1598;1503;5.1
11334;21950;9950;6;2;1;121;0;1490;1522;6.2
11335;20900;27720;6;1;1;100;0;1598;1447;5.1
11336;20900;19250;6;1;1;100;0;1598;1560;4.6
11337;21900;33000;6;2;1;100;0;1598;1522;5.1
11338;21900;25000;6;2;1;100;0;1598;1522;5.5
11339;21900;13600;6;1;1;100;0;1598;1487;5.6
11340;21900;23177;6;1;1;100;0;1598;1701;5
11341;21900;22000;6;1;1;100;0;1598;1585;5.2
11342;21900;22900;6;1;1;121;1;1490;1487;6.2
11343;21900;28112;6;1;1;100;0;1598;1585;5.2
11344;21900;20394;6;1;1;100;0;1598;1585;5.2
11345;21900;21525;6;1;1;100;0;1598;1510;5.2
11346;21900;29861;6;1;1;121;0;1490;1487;5.8
11347;21900;21500;6;1;1;100;0;1598;1585;5.2
11348;21900;7374;6;1;1;100;0;1598;1487;5.6
11349;21890;30156;6;2;1;121;1;1490;1522;6.2
11350;21890;11000;6;1;1;121;1;1490;1503;6
11351;21690;18568;8;1;1;125;1;1956;1487;5.7
11352;21650;13000;6;1;1;100;0;1598;1585;5.2
11353;21649;28277;6;1;1;121;1;1490;1522;6.4
11354;21631;49590;8;2;2;125;1;1956;1666;5.7
11355;21590;15800;6;2;2;121;0;1490;1487;6.2
11356;21550;26970;6;1;1;121;1;1490;1487;5.6
11357;21500;17711;6;2;2;100;0;1598;1626;5
11358;21500;21276;6;2;2;100;0;1598;1538;5
11359;21480;24800;6;1;1;121;0;1490;1472;6.1
11360;21480;33900;6;2;1;100;0;1598;1503;5.1
11361;21480;24590;6;1;1;100;1;1598;1522;5.5
11362;21480;24600;8;1;1;125;1;1956;1666;5.7
11363;21480;27000;6;1;1;100;0;1598;1440;5.1
11364;21450;31612;6;2;1;125;0;1956;1487;5.7
11365;21450;43788;8;2;1;125;1;1956;1733;5.7
11366;21450;27500;6;1;1;121;1;1490;1487;6.2
11367;21450;12000;6;2;1;121;0;1490;1472;6.1
11368;20900;16250;6;1;1;100;0;1598;1585;5.5
11369;20900;29387;6;1;1;100;0;1598;1510;5.2
11370;20880;36500;6;2;1;125;1;1956;1487;5.5
11371;20850;22000;6;1;1;100;0;1598;1487;5.6
11372;20850;16279;6;1;1;100;0;1598;1510;5.2
11373;20850;21900;6;2;1;121;1;1490;1487;5.6
11374;20850;21041;6;1;1;100;0;1598;1510;5.2
11375;20850;16279;6;1;1;100;0;1598;1510;5.2
11376;20800;31207;8;2;1;125;0;1956;1613;5.6
11377;20790;17615;6;2;1;121;0;1490;1503;6.1
11378;20790;34825;6;2;2;121;0;1490;1487;5.8
11379;20780;45644;6;2;1;125;0;1956;1487;5.6
11380;20750;7189;6;2;1;125;0;1956;1503;5.5
11381;20700;25576;6;2;1;125;0;1956;1503;5.5
11382;20750;25249;6;2;1;125;0;1956;1503;5.5
11383;20670;30460;6;1;1;100;1;1598;1503;5.5
11384;20635;2400;6;1;1;100;0;1598;1503;4.3
11385;20500;25494;8;2;1;125;0;1956;1487;5.15
11386;20630;11600;6;1;1;100;0;1598;1503;4.3
11387;21440;9521;6;2;1;100;1;1598;1503;5
11388;21440;29750;6;1;1;121;1;1490;1487;5.6
11389;21410;1;6;2;1;121;0;1498;1580;6.2
11390;21410;1;6;2;1;121;0;1498;1580;6.2
11391;21400;11558;6;1;1;100;0;1598;1585;5.2
11392;21400;16962;6;1;1;100;0;1598;1585;5.2
11393;21390;12669;6;2;1;121;0;1490;1522;6.2
11394;21390;25368;6;2;1;121;0;1490;1487;6.2
11395;21300;18500;6;2;1;121;0;1490;1522;6.2
11396;21390;22785;6;2;1;121;0;1490;1487;5.8
11397;21300;36750;6;2;1;100;0;1598;1440;5.1
11398;21300;28000;6;1;1;100;0;1598;1585;5.2
11399;21250;30020;6;1;1;121;1;1490;1487;5.8
11400;21222;7520;6;1;1;121;0;1490;1503;6.1
11401;21200;20600;6;1;1;100;0;1598;1487;5.2
11402;21165;48562;8;2;1;125;0;1956;1666;5.7
11403;21165;48562;8;2;1;125;0;1956;1666;5.7
11404;21165;48562;8;2;1;125;0;1956;1666;5.7
11405;21150;21460;6;1;1;121;0;1490;1487;6.2
11406;21000;30000;6;2;1;100;0;1598;1623;4.9
11407;20500;25494;8;2;1;125;0;1956;1487;5.15
11408;20500;25494;8;2;1;125;0;1956;1487;5.15
11409;20500;25494;8;2;1;125;0;1956;1487;5.15
11410;20500;25494;8;2;1;125;0;1956;1487;5.15
11411;20500;25494;8;2;1;125;0;1956;1487;5.15
11412;20500;25494;8;2;1;125;0;1956;1487;5.15
11413;20500;25494;8;2;1;125;0;1956;1487;5.15
11414;20500;25494;8;2;1;125;0;1956;1487;5.15
11415;20500;25494;8;2;1;125;0;1956;1487;5.15
11416;20500;25494;8;2;1;125;0;1956;1487;5.15
11417;20500;25494;8;2;1;125;0;1956;1487;5.15
11418;20500;25494;8;2;1;125;0;1956;1487;5.15
11419;20500;25494;8;2;1;125;0;1956;1487;5.15
11420;20500;25494;8;2;1;125;0;1956;1487;5.15
11421;20490;23935;6;1;1;100;1;1598;1503;4.3
11422;20480;8100;6;1;1;100;1;1598;1522;5.5
11423;20480;22691;6;1;1;100;1;1598;1503;4.3
11424;20450;29549;6;2;1;125;1;1598;1503;6.7
11425;19800;36354;6;2;1;100;0;1598;1701;5
11426;19450;99591;8;2;1;125;1;1956;1487;5.6
11427;20450;24338;6;2;1;125;0;1956;1503;5.5
11428;19440;24152;6;2;1;121;1;1490;1522;6.2
11429;19790;42300;6;2;1;184;0;1998;1503;7.8
11430;19770;16000;6;2;1;100;1;1598;1503;5.5
11431;19770;22422;6;2;1;121;1;1490;1487;6.2
11432;19750;24900;6;2;1;100;1;1598;1503;5.5
11433;19670;19500;6;2;1;100;1;1598;1503;5.4
11434;19770;52446;6;1;1;125;1;1956;1487;5.7
11435;19600;40154;6;2;1;100;0;1598;1613;5.1
11436;19725;24905;6;2;1;100;0;1598;1503;4.2
11437;19500;17600;6;2;1;100;0;1598;1626;5
11438;19500;24803;6;1;1;100;0;1490;1487;5.7
11439;19500;24600;6;1;1;100;0;1598;1585;5.5
11440;19499;37125;6;2;3;125;0;1956;1901;6.4
11441;19480;12979;6;2;1;100;1;1598;1673;5.4
11442;19490;30339;6;2;1;100;1;1598;1503;5.1
11443;19490;29800;6;2;2;125;1;1598;1701;7.2
11444;19490;14800;6;2;1;100;1;1598;1522;5.5
11445;19330;60146;6;2;1;100;1;1598;1487;5.2
11446;19299;25134;6;1;2;100;0;1598;1487;5.5
11447;19299;26939;6;1;1;100;0;1598;1487;5.5
11448;19000;130000;6;2;1;125;0;1956;1733;5.7
11449;19250;27103;6;1;1;100;0;1598;1487;5
11450;18990;15678;6;2;2;100;0;1598;1522;5.5
11451;18990;116000;6;2;1;125;1;1956;1487;6.2
11452;18990;34334;6;2;1;125;0;1598;1503;5.4
11453;18990;17887;6;2;1;125;0;1598;1613;6.7
11454;18990;17200;6;2;1;100;0;1598;1537;5
11455;18980;14990;6;1;1;100;1;1598;1522;5.5
11456;18960;54598;6;2;2;125;1;1956;1487;5.5
11457;18950;56000;6;2;2;100;1;1598;1522;5.1
11458;18980;84102;6;2;1;125;1;1956;1838;5.6
11459;18970;25570;6;2;1;125;1;1956;1733;5.7
11460;18980;150800;6;2;1;125;0;1956;1503;5.4
11461;18950;27850;6;2;1;100;0;1598;2270;5
11462;20440;23530;6;2;2;121;0;1490;1487;6.1
11463;19450;99591;8;2;1;125;1;1956;1487;5.6
11464;18950;28000;6;2;1;125;0;1956;1487;5.5
11465;20380;30125;6;2;1;125;1;1956;1664;4.3
11466;20250;17450;6;2;1;125;0;1598;1487;7
11467;20400;29910;6;2;1;125;0;1956;1487;5.7
11468;20200;32300;6;2;1;121;0;1490;1472;6.1
11469;20000;24500;6;2;2;121;0;1490;1522;6.2
11470;19990;22146;6;2;1;125;1;1956;1743;5.6
11471;19990;53646;6;2;1;125;0;1956;1743;5.6
11472;19990;29854;6;2;1;100;0;1598;1503;5.4
11473;19990;29736;6;1;1;100;0;1598;1447;5.1
11474;19990;9050;6;2;1;100;1;1598;1503;5.5
11475;19990;31830;6;2;1;100;0;1600;1513;5
11476;19990;60481;6;2;1;125;0;1956;1743;5.6
11477;19990;24900;6;1;1;100;0;1598;1503;4.3
11478;19990;22900;6;1;1;100;0;1598;1503;4.3
11479;19990;85000;6;2;1;125;0;1956;1901;6.4
11480;19990;26100;6;1;1;100;0;1598;1503;4.3
11481;19980;26400;8;2;2;125;1;1956;1666;5.7
11482;19990;25200;6;1;1;100;0;1598;1503;4.3
11483;19950;23300;6;2;1;100;1;1598;1503;5.5
11484;19980;24950;6;2;1;100;1;1598;1503;5.4
11485;19980;52150;6;2;1;125;0;1956;1901;6.4
11486;19970;32300;6;2;1;125;1;1956;1743;5.6
11487;19950;24881;6;2;1;100;1;1598;1503;4.3
11488;19920;24680;6;2;1;100;1;1598;1503;5.5
11489;19900;29000;6;2;1;125;0;1956;1658;5.7
11490;19950;47500;6;2;2;125;0;1956;1743;5.6
11491;19900;85211;8;2;2;125;0;1956;1660;5.7
11492;19900;96499;6;2;2;100;0;1598;1437;4.5
11493;19900;13300;6;1;1;100;0;1598;1510;5.2
11494;19900;29853;6;1;1;100;0;1598;1510;5.2
11495;19900;28000;6;1;1;100;0;1598;1485;4.6
11496;19900;24853;5;1;1;100;0;1598;1487;5.6
11497;19900;27384;6;1;1;100;0;1598;1664;4.1
11498;19900;24178;6;1;1;100;0;1598;1487;5.2
11499;19900;27419;5;1;1;100;0;1598;1487;5.5
11500;19895;14980;6;2;1;100;0;1598;1543;3.6
11501;19895;14980;6;2;1;100;0;1598;1543;3.6
11502;18450;30500;6;2;2;125;1;1956;1487;5.6
11503;18450;34300;6;2;2;125;1;1956;1487;5.6
11504;18400;29295;6;2;1;100;0;1598;1503;5
11505;18950;88687;8;2;1;125;0;1956;1487;5.7
11506;18950;35000;6;2;1;125;0;1598;1487;5
11507;18900;91910;6;2;1;125;0;1956;1487;5.6
11508;18900;23584;6;2;1;100;0;1598;1522;5.1
11509;18450;93000;6;2;1;125;1;1956;1743;5.5
11510;18890;42444;6;2;1;125;0;1956;1901;6.4
11511;18450;98473;6;2;1;125;1;1956;1487;5.5
11512;18800;38000;6;2;1;125;0;1956;1743;5.6
11513;18890;27800;6;2;1;100;0;1598;1503;5.4
11514;18890;24800;6;2;1;100;1;1598;1503;5.4
11515;18890;26100;6;2;1;100;1;1598;1503;5.4
11516;18850;29248;6;2;1;100;0;1598;1503;5
11517;18800;22452;6;2;1;100;0;1598;1701;5
11518;18750;78000;6;2;1;121;1;1490;1503;6.1
11519;18700;12621;6;2;1;100;0;1598;1503;5
11520;18660;54000;6;2;1;125;0;1956;1743;5.6
11521;18650;34625;6;2;2;125;0;1956;1843;5.6
11522;18500;24000;6;2;2;100;0;1598;1522;5.1
11523;18490;20017;6;2;2;100;0;1598;1447;5.1
11524;18490;11883;6;1;1;100;0;1598;1503;5.4
11525;16890;65500;6;2;2;101;0;1598;1487;5.6
11526;16900;24614;6;1;1;103;0;1490;1503;5.7
11527;16490;15258;6;1;1;101;0;1598;1503;4.3
11528;16890;8200;6;2;1;100;0;1598;1503;4.3
11529;16890;200;6;1;1;100;0;1598;1503;5.2
11530;16400;36000;6;2;1;88;0;1598;1664;3.9
11531;16490;31715;6;2;1;100;0;1598;1503;4.3
11532;16480;35000;6;2;1;100;1;1598;1487;3.9
11533;16400;20900;6;2;1;100;0;1598;1487;5.6
11534;16440;33800;6;2;1;100;1;1598;1664;3.9
11535;16479;61580;6;2;1;100;1;1598;1664;4.1
11536;16400;24873;6;1;1;103;0;1490;1503;5.7
11537;17990;27121;6;2;1;100;0;1598;1487;3.9
11538;17990;5141;6;2;1;100;0;1598;1503;5
11539;16990;73600;6;2;1;125;0;1956;2240;5.6
11540;17990;28415;6;2;1;125;0;1956;1487;5.3
11541;17450;16650;6;1;1;100;0;1598;1503;4.3
11542;17450;20800;6;2;1;81;0;1598;1440;4
11543;17475;31809;6;2;1;88;0;1598;1664;5.6
11544;17480;7092;6;2;1;103;0;1490;1503;5.9
11545;18800;25909;6;2;1;125;0;1956;1487;5.3
11546;18690;22500;6;2;1;103;0;1490;1503;5.9
11547;18500;49000;6;2;1;125;0;1956;1633;5.3
11548;18800;35674;6;2;2;100;0;1598;1664;4.1
11549;18800;26144;6;1;1;103;0;1490;1487;5.7
11550;18900;34386;6;1;1;125;0;1956;1633;4.4
11551;18900;17200;6;1;1;103;1;1490;1487;6
11552;18900;22880;6;2;1;100;0;1598;1503;4.3
11553;18890;28900;6;2;2;125;0;1956;1582;5.2
11554;18900;19500;6;1;1;103;1;1490;1503;5.9
11555;18890;10650;6;2;1;103;1;1490;1456;5.7
11556;18890;20900;6;2;1;103;0;1490;1440;5.9
11557;18880;73000;6;2;1;125;0;1956;1487;5.3
11558;18880;14775;6;2;1;125;0;1956;1487;5.3
11559;18880;14700;6;1;1;100;0;1598;1503;4.3
11560;18850;24524;6;2;1;125;0;1956;1487;5.3
11561;18850;23672;6;2;1;125;0;1956;1487;5.3
11562;18850;22502;6;2;1;125;0;1956;1487;5.3
11563;18880;9200;6;1;1;81;0;1598;1503;4.2
11564;18850;22561;6;2;1;125;0;1956;1487;5.3
11565;18870;12073;6;2;1;103;0;1490;1487;5.8
11566;18850;23635;6;2;1;125;0;1956;1487;5.3
11567;18790;24243;6;2;1;100;0;1598;1503;4.3
11568;18850;11000;6;2;1;125;1;1956;1487;5.6
11569;18800;24171;6;2;1;125;0;1956;1487;5.3
11570;18800;25221;6;1;1;103;0;1490;1487;5.7
11571;18790;23060;6;1;1;103;1;1490;1487;6
11572;18795;18000;6;1;1;103;0;1490;1440;5.9
11573;18780;12900;6;1;1;100;1;1598;1503;4.2
11574;18790;14400;6;2;1;100;1;1598;1503;5.4
11575;18750;24964;6;1;1;103;0;1490;1487;5.7
11576;18750;21290;6;2;1;125;0;1956;1503;5.5
11577;18750;25883;6;2;1;125;0;1956;1487;5.3
11578;18750;25358;6;2;1;125;0;1956;1487;5.3
11579;18750;25350;6;2;1;125;0;1956;1487;5.3
11580;18750;25070;6;2;1;125;0;1956;1487;5.3
11581;18780;15700;6;1;1;100;1;1598;1503;4.2
11582;18760;27432;6;2;1;100;1;1598;1487;5.6
11583;18600;24724;6;2;1;125;0;1956;1503;4.2
11584;18599;28850;6;2;1;125;0;1956;1633;5.6
11585;18740;8764;6;2;1;103;1;1490;1440;5.9
11586;18700;29765;6;1;1;103;0;1490;1487;5.7
11587;18690;13500;6;2;1;100;1;1598;1503;4.3
11588;18654;13953;6;2;1;100;0;1598;1487;5.6
11589;18627;23167;6;1;1;81;0;1598;1503;4.3
11590;18625;24028;6;1;1;100;0;1598;1503;4.2
11591;18580;12300;6;2;1;121;0;1490;1440;6
11592;18500;23000;6;2;2;103;0;1490;1487;6
11593;18500;9500;6;2;2;100;0;1598;1543;3.6
11594;18500;38100;6;1;1;103;0;1490;1487;6
11595;18499;11600;6;2;1;103;0;1490;1503;5.9
11596;18495;21301;6;2;1;100;0;1600;1503;5.4
11597;18490;27854;6;1;1;103;0;1490;1487;5.7
11598;18500;45000;6;2;1;125;0;1956;1633;5.6
11599;18490;35600;6;2;1;100;1;1598;1503;4.3
11600;18490;12446;6;2;1;100;0;1598;1503;4.3
11601;18480;12890;6;2;1;125;0;1956;1503;5.2
11602;17480;7150;6;1;1;100;1;1598;1503;4.3
11603;17980;10550;6;1;1;100;1;1598;1503;4.3
11604;18480;24391;6;2;1;125;0;1956;1503;5.2
11605;17980;17800;6;2;1;103;0;1490;1503;5.9
11606;17980;10250;6;1;1;100;1;1598;1503;4.2
11607;17400;9500;6;2;1;88;0;1598;1623;4.1
11608;17980;9100;6;2;1;100;0;1598;1503;5.4
11609;17450;16000;6;2;1;103;0;1364;1613;5.8
11610;17300;26000;6;2;1;100;0;1598;1503;5.4
11611;17300;32544;6;2;1;100;0;1598;1503;4.3
11612;17280;8960;6;2;1;100;0;1598;1503;4.3
11613;17300;35000;6;2;1;125;0;1956;1633;5.3
11614;17210;79640;6;2;1;125;0;1956;1733;4.5
11615;17170;7120;6;2;2;103;0;1490;1487;5.6
11616;17000;61000;6;2;1;100;0;1598;1571;3.8
11617;17094;28142;6;2;1;81;0;1598;1487;5.6
11618;17150;14942;6;2;1;103;0;1490;1503;5.7
11619;17000;45000;6;1;1;100;0;1598;1441;4.3
11620;18333;18888;6;2;1;100;0;1598;1503;3.8
11621;16990;36698;6;2;1;100;0;1598;1503;4.3
11622;18300;22158;6;2;1;100;0;1598;1503;4.3
11623;18250;27500;6;2;1;103;1;1490;1456;5.7
11624;18054;24178;6;2;1;100;0;1598;1487;5.6
11625;18290;71700;6;2;1;125;1;1956;1613;4.5
11626;17995;13953;6;2;1;100;0;1600;1487;5.6
11627;18000;30459;6;2;1;100;0;1598;1503;4.3
11628;18000;22000;6;2;2;121;0;1490;1440;5.4
11629;17999;48500;6;2;2;125;0;1956;1582;5.5
11630;17999;34344;6;2;1;125;1;1956;1487;4.5
11631;17995;28142;6;2;1;81;0;1600;1503;5.4
11632;17990;6716;6;2;1;100;0;1598;1733;4.3
11633;17990;15990;6;2;1;100;0;1598;1503;4.3
11634;17990;28337;6;2;1;125;0;1956;1487;5.3
11635;17990;15364;6;2;1;103;0;1490;1440;5.9
11636;17990;28849;6;2;1;100;0;1598;1503;4.3
11637;17990;75010;6;2;1;125;1;1956;1733;4.5
11638;17500;34000;6;2;1;100;0;1598;1441;4.3
11639;17990;19900;6;2;1;100;0;1598;1658;4.1
11640;17500;16300;6;2;1;100;1;1598;1503;4.2
11641;17500;39379;6;2;1;103;0;1598;1503;5.4
11642;17500;39379;6;2;1;103;0;1598;1503;5.4
11643;17500;27760;6;2;1;125;0;1598;1701;6.5
11644;17500;26607;6;2;1;100;0;1598;1503;4.3
11645;17500;16000;6;1;1;103;0;1490;1487;6
11646;17500;14674;6;2;1;103;0;1490;1456;5.7
11647;17490;3158;6;1;1;103;1;1490;1503;5.7
11648;17500;34631;6;2;1;100;0;1598;1441;4
11649;17495;57400;6;2;2;125;0;1956;1487;4.5
11650;17500;22500;6;2;2;125;0;1956;1733;4.5
11651;17490;26000;6;2;1;81;0;1598;1487;4.3
11652;17480;27675;6;2;1;81;0;1598;1522;4.3
11653;17480;26976;6;2;1;103;1;1364;1613;5.8
11654;17950;18000;6;2;1;103;0;1364;1487;5.6
11655;17480;12950;6;1;1;103;1;1490;1440;5.9
11656;17950;35000;6;2;1;125;0;1956;1487;5.3
11657;17950;16000;6;2;1;100;0;1598;1503;4.2
11658;17490;16735;6;2;1;100;0;1598;1503;5
11659;17950;21000;6;2;1;81;0;1598;1487;4.3
11660;17950;15000;6;1;1;100;0;1598;1503;4.3
11661;17950;15000;6;1;1;100;0;1598;1503;4.3
11662;17950;15000;6;1;1;100;0;1598;1503;4.3
11663;17950;15600;6;2;2;103;0;1490;1440;5.9
11664;17950;73077;6;2;1;125;0;1956;1487;5.3
11665;17925;33042;6;2;1;100;0;1598;1503;4.3
11666;17925;27664;6;2;1;100;0;1598;1503;4.3
11667;17900;42713;6;2;1;100;0;1598;1503;5.4
11668;17900;42713;6;2;1;100;0;1598;1503;5.4
11669;17900;33693;6;2;1;100;0;1598;1503;5.4
11670;17900;22457;6;2;1;103;0;1490;1456;5.7
11671;17900;21900;6;2;1;100;0;1598;1503;4.3
11672;17900;7164;6;2;1;88;0;1598;1503;5.4
11673;17900;46560;6;2;2;125;1;1956;1843;4.7
11674;18480;14937;6;1;1;103;1;1500;1518;5.6
11675;18480;11600;6;1;1;100;1;1598;1503;4.2
11676;17480;48653;6;2;2;100;1;1598;1487;3.9
11677;17850;29998;6;2;1;125;0;1956;1487;5.3
11678;17900;65531;6;2;1;100;0;1598;1440;4.5
11679;17880;14980;6;2;1;100;0;1598;1503;4.3
11680;17850;13688;6;2;1;100;0;1598;1503;5
11681;17900;7164;6;2;1;88;0;1598;1503;5.4
11682;17850;9848;6;1;1;103;0;1490;1503;6.2
11683;17825;23990;6;2;1;100;0;1600;1487;5.6
11684;17800;21550;6;2;1;100;0;1598;1571;3.9
11685;17725;12835;6;1;1;100;0;1600;1503;5.4
11686;17690;21517;6;2;1;100;0;1598;1503;4.3
11687;17750;17609;6;2;1;100;0;1490;1503;6.2
11688;17590;88600;6;2;1;125;1;1956;1487;5.6
11689;17590;12100;6;1;1;100;0;1598;1503;4.3
11690;17550;11403;6;2;1;125;1;1598;1503;5.9
11691;17690;9599;6;2;1;103;0;1490;1440;5.9
11692;17550;18120;6;2;1;103;0;1490;1503;5.7
11693;17550;16387;6;2;1;100;0;1598;1503;5
11694;18480;7800;6;1;1;100;1;1598;1503;4.2
11695;18480;14750;6;1;1;100;1;1598;1537;5
11696;18450;31950;6;2;1;125;1;1956;1733;4.5
11697;18450;15300;6;2;1;103;0;1490;1487;6
11698;18480;10950;6;1;1;100;1;1598;1503;4.2
11699;18470;25530;6;2;1;103;1;1364;1487;5.8
11700;18470;31892;6;2;1;103;1;1364;1487;5.6
11701;18450;23624;6;1;1;103;0;1490;1503;5.7
11702;18390;47500;6;2;2;125;0;1956;1503;5.2
11703;18390;14400;6;2;1;103;0;1490;1440;5.9
11704;18390;25291;6;2;1;125;1;1956;1503;5.2
11705;18380;25249;6;2;1;125;0;1956;1582;5.2
11706;18380;11701;6;1;1;103;0;1490;1503;5.7
11707;18388;18700;6;2;1;100;1;1598;1701;3.9
11708;18450;17899;6;2;1;103;0;1490;1487;6
11709;17990;8471;6;2;1;100;0;1598;1503;5.4
11710;18350;24808;6;2;1;100;1;1598;1487;3.9
11711;18350;14000;6;1;1;125;0;1598;1503;5.4
11712;16990;19488;6;1;1;100;0;1598;1503;4.3
11713;16990;29586;6;2;1;100;0;1598;1503;4.3
11714;17990;13488;6;1;1;103;0;1490;1503;5.7
11715;17990;16600;6;2;1;100;0;1598;1503;4.3
11716;17990;9354;6;2;1;100;0;1598;1503;4.3
11717;17990;14600;6;1;1;103;0;1490;1487;6
11718;17990;41000;6;2;1;100;0;1598;1487;5.6
11719;17990;15300;6;2;1;103;0;1490;1487;6
11720;17990;13200;6;2;1;100;0;1598;1503;4.3
11721;17989;15243;6;2;1;103;1;1490;1503;5.7
11722;17989;49004;6;2;1;125;1;1956;1487;5.6
11723;17990;13100;6;1;1;103;0;1490;1440;5.9
11724;17990;16300;6;1;1;100;0;1598;1503;4.3
11725;17980;15565;6;2;1;100;1;1598;1503;5.1
11726;17980;20209;6;1;1;100;0;1598;1503;4.3
11727;16990;31715;6;2;1;100;0;1598;1503;4.3
11728;17989;33363;6;2;1;103;0;1490;1503;5.9
11729;17550;25400;6;2;2;100;1;1598;1487;3.9
11730;18333;10500;6;2;1;100;0;1598;1503;3.8
11731;17980;22321;6;2;1;125;0;1956;1487;4.5
11732;17980;28200;6;2;2;100;1;1598;1487;3.9
11733;16990;9036;6;1;1;100;0;1598;1503;5
11734;16990;7746;6;2;1;103;0;1490;1503;6.2
11735;16990;16145;6;2;1;103;0;1490;1503;6.2
11736;16990;12078;6;2;1;100;0;1598;1487;4.5
11737;16980;16160;6;2;1;100;1;1598;1664;4.5
11738;16980;28950;6;2;1;100;1;1598;1487;3.9
11739;16980;3500;6;1;1;100;1;1598;1503;4.2
11740;16980;28200;6;2;1;100;0;1598;1503;4.3
11741;16950;11642;6;2;1;103;1;1490;1503;5.9
11742;16950;19200;6;2;2;100;1;1598;1487;3.9
11743;16900;47655;6;2;1;100;0;1598;1503;4.3
11744;16900;29927;6;2;1;100;0;1598;1503;4.3
11745;16900;30050;6;2;1;100;0;1598;1503;4.3
11746;16900;29382;6;2;1;100;0;1598;1503;4.3
11747;16900;41415;6;2;1;103;0;1364;2355;5.6
11748;17980;9150;6;1;1;103;0;1490;1487;5.9
11749;16400;24245;6;1;1;103;0;1490;1503;5.7
11750;16400;7000;6;2;1;125;0;1956;1658;4.5
11751;16350;25647;6;1;1;103;0;1490;1503;5.7
11752;16290;21477;6;1;1;101;0;1598;1503;4.3
11753;16290;21477;6;1;1;101;0;1598;1503;4.3
11754;16350;25604;6;1;1;103;0;1490;1503;5.7
11755;16290;21477;6;1;1;101;0;1598;1503;4.3
11756;16250;28547;6;1;1;103;0;1490;1503;5.7
11757;16190;23191;6;1;1;101;0;1598;1503;4.3
11758;16250;27141;6;1;1;103;0;1490;1503;5.7
11759;16190;23191;6;1;1;101;0;1598;1503;4.3
11760;16840;32100;6;2;1;100;1;1598;1664;3.9
11761;16825;26235;6;2;1;100;1;1598;1664;3.9
11762;16800;21959;6;1;1;103;0;1490;1503;5.7
11763;16800;23401;6;1;1;103;0;1490;1503;5.7
11764;16730;34700;6;2;1;100;1;1598;1487;3.9
11765;16690;16510;6;1;1;101;0;1598;1503;4.3
11766;16690;16510;6;1;1;101;0;1598;1503;4.3
11767;16690;16510;6;1;1;101;0;1598;1503;4.3
11768;16650;12315;6;2;1;81;0;1956;1503;4.2
11769;16550;22186;6;1;1;103;0;1490;1503;6.2
11770;16500;20255;6;2;1;100;0;1598;1701;4.1
11771;16490;15258;6;1;1;101;0;1598;1503;4.3
11772;16490;15258;6;1;1;101;0;1598;1503;4.3
11773;16190;23191;6;1;1;101;0;1598;1503;4.3
11774;18900;25341;6;1;1;103;0;1490;1487;5.7
11775;18900;36142;6;2;1;100;0;1598;1503;4.3
11776;18900;1530;6;1;1;100;0;1598;1503;4.3
11777;18900;36142;6;2;1;100;0;1598;1503;4.3
11778;18900;25800;6;2;1;103;0;1490;2000;5.4
11779;18900;20826;6;2;1;125;0;1956;1487;5.3
11780;18900;21903;6;2;1;125;0;1956;1487;5.3
11781;18900;18300;6;2;1;125;0;1956;1487;5.3
11782;18900;25800;6;2;1;103;0;1490;2000;5.4
11783;18900;21054;6;2;1;125;0;1956;1487;5.3
11784;18900;21321;6;2;1;125;0;1956;1487;5.3
11785;18900;9600;6;1;1;103;1;1490;1503;5.7
11786;18900;69800;6;2;1;125;0;1956;1633;5.3
11787;18900;15510;6;2;1;100;0;1598;1503;4.3
11788;18900;21900;6;2;1;100;0;1598;1503;4.3
11789;18900;70000;6;2;2;125;1;1956;1503;5.4
11790;18900;19499;6;2;1;125;0;1956;1487;5.7
11791;18900;22000;6;1;1;103;1;1490;1503;5.7
11792;18900;52050;6;2;1;125;0;1956;1487;5.3
11793;22400;53923;6;1;1;125;0;1598;1487;5.6
11794;22500;25660;6;1;1;100;0;1598;1585;5.2
11795;22880;27300;8;1;1;125;1;1956;1487;5.7
11796;23500;30994;6;1;1;100;0;1598;1510;5.2
11797;23725;19750;8;1;1;125;0;2000;1487;5.6
11798;22980;28900;8;1;1;125;0;1956;1666;5.7
11799;23750;18210;6;1;1;121;1;1500;1584;5.6
11800;23890;28539;6;1;1;121;1;1490;1522;6.2
11801;23716;1647.362609;6;0;1;100;0;1598;1441;5
11802;23124;1647.362609;6;0;1;121;0;1490;1472;5.9
11803;23716;1647.362609;6;0;1;100;0;1598;1441;5
11804;23989;28043;6;1;1;125;1;1956;1487;5.7
11805;23989;24775;8;1;1;125;1;1956;1666;5.7
11806;23990;24999;8;1;1;125;1;1956;1487;5.7
11807;23985;25252;6;1;1;125;0;1956;1487;5.6
11808;23985;25236;8;1;1;125;1;1956;1613;5.5
11809;24444;22900;6;1;1;121;1;1490;1487;6.1
11810;23990;11387;6;1;1;121;1;1500;1584;5.6
11811;24490;19166;6;1;1;121;1;1500;1584;5.6
11812;24700;23904;6;1;1;121;1;1490;1487;6.2
11813;24690;19500;6;1;1;121;1;1490;1522;6.2
11814;24690;12668;6;1;1;121;1;1490;1487;6.1
11815;24680;24950;6;1;1;125;1;1956;1487;5.6
11816;24590;23882;8;1;1;125;1;1956;1666;5.7
11817;24680;21961;6;1;1;125;1;1956;1487;5.6
11818;24640;33451;6;1;1;125;1;1956;1487;5.6
11819;24590;39780;6;1;1;121;1;1490;1472;6.1
11820;24590;24874;8;1;1;125;0;1956;1487;5.6
11821;24590;24600;6;1;1;121;1;1490;1472;6.1
11822;24570;29700;6;1;1;125;1;1956;1487;5.6
11823;24550;6000;6;1;1;121;0;1490;1487;5.8
11824;24525;20300;6;1;1;121;0;1500;1487;5.6
11825;24500;28890;6;1;1;125;0;1956;1666;5.7
11826;24500;24987;6;1;1;121;0;1490;1522;6.4
11827;24500;24035;6;1;1;125;0;1956;1666;5.7
11828;24500;26059;6;1;1;125;0;1956;1666;5.6
11829;24490;29600;6;1;1;125;0;1956;1487;5.7
11830;24500;17869;6;1;1;125;0;1956;1613;5.5
11831;24490;13557;8;1;1;125;1;1956;1958;5.6
11832;24490;28939;6;1;1;121;0;1490;1522;6.2
11833;24490;21600;6;1;1;122;1;1490;1487;6.2
11834;24490;25051;6;1;1;125;1;1956;1958;5.6
11835;24490;13579;6;1;1;121;1;1500;1487;6.1
11836;24490;29984;8;1;1;125;1;1956;1666;5.7
11837;24490;7693;6;1;1;121;1;1490;1487;6.2
11838;24490;13513;6;1;1;121;1;1490;1487;6.2
11839;24490;24000;8;1;1;125;1;1956;1487;5.7
11840;24470;20730;8;1;1;125;1;1956;1666;5.7
11841;24490;28965;6;1;1;121;0;1490;1487;6.2
11842;24490;6500;6;1;1;125;0;1956;1503;5.2
11843;24450;30303;6;1;1;121;0;1490;1487;6.2
11844;24480;19408;6;1;1;121;0;1490;1503;6.1
11845;24450;21085;6;1;1;125;0;1956;1487;5.6
11846;24444;33250;6;1;1;121;1;1490;1487;6.2
11847;24450;23591;6;1;1;125;1;1956;1503;5.6
11848;22998;28470;6;1;1;100;0;1598;1613;5.6
11849;22990;24737;6;1;1;121;1;1490;1487;5.8
11850;24450;31330;8;1;1;125;0;1956;1487;5.7
11851;24450;27765;6;1;1;121;1;1490;1534;5.4
11852;24430;29948;6;1;1;125;1;1956;1487;5.6
11853;24444;22900;6;1;1;121;1;1490;1487;6.1
11854;24360;24872;6;1;1;125;1;1956;1487;5.6
11855;24290;15992;6;1;1;125;1;1956;1487;5.7
11856;24400;26900;8;1;1;125;1;1956;1487;5.5
11857;24380;30800;6;1;1;121;1;1490;1522;6.2
11858;24360;22900;6;1;1;125;1;1956;1487;5.6
11859;24290;15880;8;1;1;125;0;1956;1613;5.6
11860;24290;24650;6;1;1;121;0;1490;1522;6.2
11861;24390;18320;8;1;1;125;1;1956;1666;5.7
11862;24250;20162;8;1;1;125;1;1956;1487;5.7
11863;24250;25200;6;1;1;125;0;1956;1487;5.7
11864;24250;16300;8;1;1;125;1;1956;1666;5.7
11865;24190;25355;6;1;1;121;0;1490;1522;6.2
11866;23990;18035.13007;6;1;1;122;1;1490;1487;6.2
11867;23990;22550;8;1;1;125;1;2000;1958;5.6
11868;23990;10152;6;1;1;121;1;1490;1487;6.1
11869;22990;10421;6;1;1;125;0;1598;1487;5.7
11870;22990;28730;6;1;1;121;1;1499;1487;4.5
11871;23990;15422;6;1;1;121;1;1490;1503;6.1
11872;23990;19500;8;1;1;125;1;1956;1613;5.6
11873;22990;19700;6;1;1;125;0;1956;1503;5.5
11874;22990;24276;6;1;1;121;1;1490;1522;6.2
11875;23989;26280;6;1;1;125;1;1956;1487;5.7
11876;22990;19809;6;1;1;121;1;1490;1522;6.2
11877;22990;22883;6;1;1;121;0;1490;1462;6.2
11878;22989;22833;6;1;1;121;0;1490;1503;6.1
11879;22990;27450;6;1;1;121;1;1490;1503;6.1
11880;22990;22837;6;1;1;121;1;1490;1522;6.2
11881;22989;13889;6;1;1;121;0;1490;1487;6.2
11882;22989;14320;6;1;1;121;0;1490;1487;6.2
11883;22980;28950;6;1;1;125;1;1956;1487;5.6
11884;22980;25273;6;1;1;125;0;1956;1487;5.7
11885;22990;25583;6;1;1;121;0;1490;1487;6.1
11886;22980;29999;6;1;1;125;0;1956;1487;5.7
11887;22980;28813;6;1;1;125;0;1956;1487;5.7
11888;23500;24913;6;1;1;121;0;1490;1472;6.1
11889;23500;29600;6;1;1;122;0;1490;1522;6.2
11890;23990;23568;6;1;2;125;1;1956;1503;5.5
11891;23980;28300;6;1;1;125;1;1956;1487;5.6
11892;23980;25400;6;1;1;125;1;1956;1487;5.6
11893;23980;24600;6;1;1;125;1;1956;1487;5.6
11894;23980;28600;6;1;1;100;0;1598;1522;5.4
11895;23980;22845;6;1;1;121;0;1490;1472;6.1
11896;23980;9544;6;1;1;125;1;1956;1633;5.6
11897;23980;22500;6;1;1;122;1;1490;1487;6.2
11898;23980;15469;8;1;1;125;1;1956;1613;5.5
11899;23980;23782;6;1;1;121;1;1598;1487;6.2
11900;23980;24677;8;1;1;125;1;1956;1503;5.2
11901;23970;29900;6;1;1;125;1;1956;1487;5.6
11902;22980;27807;6;1;1;121;1;1490;1472;6.1
11903;23500;20456;6;1;1;121;0;1490;1522;6.2
11904;23500;24337;6;1;1;125;0;1956;1666;5.7
11905;23490;17100;6;1;1;121;0;1490;1487;6.1
11906;23490;19700;6;1;1;121;0;1490;1487;6.1
11907;23490;16011;6;1;1;121;1;1490;1487;5.8
11908;23490;18400;6;1;1;121;0;1490;1503;6
11909;23490;13550;6;1;1;121;1;1490;1503;6
11910;23490;7000;6;1;1;100;0;1598;1503;5.4
11911;23490;23928;8;1;1;125;0;1956;1666;5.7
11912;23490;28579;6;1;1;121;1;1490;1522;6.2
11913;23490;28927;6;1;1;121;1;1490;1472;6.1
11914;23489;16978;6;1;1;121;0;1490;1487;6.2
11915;23480;23350;8;1;1;125;1;1956;1666;5.7
11916;23488;19999;6;1;1;121;0;1490;1487;6.1
11917;23480;28777;6;1;1;121;1;1490;1522;6.2
11918;23480;26226;6;1;1;121;1;1490;1522;6.2
11919;23480;13613;8;1;1;125;1;1956;1503;5.2
11920;23470;28168;6;1;1;121;1;1490;1487;6.2
11921;23460;24300;8;1;1;125;0;1956;1666;5.7
11922;23460;20300;8;1;1;125;0;1956;1666;5.7
11923;23450;24497;6;1;1;125;1;1956;1503;5.6
11924;23440;28900;6;1;1;121;1;1490;1487;5.6
11925;23433;25000;6;1;1;100;0;1598;1492;5.1
11926;23425;17750;8;1;1;125;0;2000;1487;5.6
11927;23400;10652;6;1;1;100;0;1598;1487;5.6
11928;23390;11800;6;1;1;121;0;1490;1487;6.1
11929;23390;15900;6;1;1;121;0;1490;1487;6.1
11930;23390;12500;6;1;1;121;0;1490;1487;6.1
11931;23380;4900;6;1;1;101;0;1598;1487;5.6
11932;23325;19850;8;1;1;125;0;2000;1503;5.4
11933;23375;22044;8;1;1;125;0;1956;1666;5.7
11934;23300;32430;8;1;1;125;1;1956;1487;5.7
11935;23290;24708;6;1;1;125;0;1956;1487;5.6
11936;23250;29633;6;1;1;121;1;1500;1487;5.6
11937;23300;22770;8;1;1;125;1;1956;1487;5.7
11938;23124;1647.362609;6;0;1;121;0;1490;1472;5.9
11939;23475;25470;6;1;1;121;1;1490;1522;6.2
11940;23950;14402;6;1;1;121;1;1490;1487;6.2
11941;23950;14000;6;1;1;121;1;1490;1503;6.1
11942;23950;24034;6;1;1;121;0;1490;1487;6.2
11943;23950;14000;6;1;1;121;1;1490;1503;6.1
11944;23950;29000;6;1;1;121;1;1490;1487;6.1
11945;23950;16095;6;1;1;100;1;1598;1522;5.5
11946;23950;29643;6;1;1;121;1;1490;1522;6.2
11947;23950;32700;8;1;1;125;1;1956;1666;5.7
11948;23940;16048;6;1;1;121;1;1490;1487;6.1
11949;23950;29076;6;1;1;121;0;1490;1487;6.2
11950;23940;41088;6;1;1;125;1;1956;1633;5.6
11951;23900;7123;6;1;1;125;0;1956;1666;5.4
11952;23900;20716;6;1;1;100;0;1598;1701;5
11953;23900;12450;6;1;1;100;0;1598;1510;5.2
11954;23890;26741;8;1;1;125;1;1956;1666;5.7
11955;23890;24678;8;1;1;125;1;1956;1666;5.7
11956;23900;14288;6;1;1;100;0;1598;1487;5.6
11957;23890;29357;8;1;1;125;1;1956;1666;5.7
11958;23890;23100;6;1;1;125;0;1956;1487;5.6
11959;23890;20955;8;1;1;125;1;1956;1666;5.7
11960;23890;24827;6;1;1;121;1;1490;1522;6.2
11961;23890;11698;6;1;1;121;0;1490;1503;6.1
11962;23890;29900;6;1;1;125;1;1956;1487;5.6
11963;23890;29740;6;1;1;121;1;1490;1522;6.2
11964;23890;25960;6;1;1;125;1;1956;1487;5.6
11965;23890;24700;6;1;1;125;1;1956;1487;5.6
11966;23880;25097;6;1;1;121;1;1490;1598;6.2
11967;23880;29157;6;1;1;121;1;1500;1584;5.6
11968;23880;29440;6;1;1;121;1;1500;1584;5.6
11969;23880;31713;8;1;1;125;1;1956;1487;5.6
11970;23870;8930;6;1;1;121;0;1490;1487;5.8
11971;23850;10000;6;1;1;100;1;1598;1522;5.5
11972;23850;25673;6;1;1;125;1;1956;1487;5.6
11973;23849;24208;6;1;1;100;0;1598;1537;5.6
11974;23825;24999;8;1;1;125;0;2000;1487;5.6
11975;23825;20550;8;1;1;125;0;2000;1503;5.4
11976;23800;17357;6;1;1;100;0;1598;1585;5.2
11977;23825;19705;6;1;1;121;0;1500;1487;5.6
11978;23790;25900;8;1;1;125;0;1956;1487;4.5
11979;23760;29192;6;1;1;121;1;1490;1487;6.1
11980;23750;16174;6;1;1;121;0;1490;1503;6.1
11981;23750;29513;6;1;1;121;0;1490;1522;6.2
11982;23750;29987;6;1;1;121;0;1490;1487;5.8
11983;23690;24870;6;1;1;122;1;1490;1503;6.1
11984;23690;13350;6;1;1;121;1;1490;1487;6.1
11985;23625;18890;8;1;1;125;0;2000;1487;5.6
11986;23600;28766;6;1;1;121;1;1490;1522;6.2
11987;23600;27711;6;1;1;125;0;1956;1487;5.7
11988;23595;20200;6;1;1;121;0;1490;1487;5.8
11989;23590;28827;6;1;1;121;0;1490;1487;6.1
11990;23590;22950;8;1;1;125;0;1956;1613;5.6
11991;23560;29200;6;1;1;121;1;1490;1487;5.6
11992;23550;11600;6;1;1;125;1;1956;1487;5.7
11993;23500;23927;6;1;1;100;0;1598;1487;5.2
11994;23500;35000;6;1;1;100;0;1598;1440;5.1
11995;22980;24703;6;1;1;125;0;1956;1487;5.7
11996;22980;29600;8;1;1;125;1;1956;1666;5.7
11997;22974;20000;6;1;1;121;0;1490;1487;6.1
11998;22970;19400;6;1;1;125;1;1956;1503;5.5
11999;22970;28000;6;1;1;125;1;1956;1503;5.5
12000;22970;22700;6;1;1;125;1;1956;1487;5.7
12001;22950;26995;6;1;1;121;1;1490;1522;6.2
12002;22950;21000;6;1;1;121;1;1490;1503;6.1
12003;22950;28914;6;1;1;121;1;1490;1584;5.6
12004;22950;27112;6;1;1;121;1;1490;1487;6.2
12005;22950;62295;8;1;1;125;1;1956;1487;5.7
12006;22940;29488;6;1;1;125;0;1956;1487;5.6
12007;22900;20450;6;1;1;121;1;1490;1487;6.2
12008;22900;23500;6;1;1;100;0;1598;1560;4.6
12009;22900;14875;6;1;1;100;0;1598;1585;5.2
12010;22900;15402;6;1;1;100;0;1598;1503;5.4
12011;22900;15402;6;1;1;100;0;1598;1503;5.4
12012;22900;29100;6;1;1;121;0;1490;1487;5.8
12013;22900;32027;6;1;1;100;0;1598;1510;5.2
12014;22900;25094;6;1;1;121;0;1490;1472;6.1
12015;22900;19905;6;1;1;100;0;1598;1510;5.2
12016;22900;20606;6;1;1;100;0;1598;1510;5.2
12017;22900;24628;6;1;1;100;0;1598;1487;5.6
12018;22890;30434;6;1;1;121;1;1490;1522;6.2
12019;22890;25647;8;1;1;125;1;1956;1487;5.7
12020;22890;29276;6;1;1;121;0;1490;1487;6.2
12021;22890;24574;8;1;1;125;1;1956;1487;5.7
12022;22890;20260;8;1;1;125;1;1956;1487;5.7
12023;22890;29100;6;1;1;121;0;1490;1522;6.2
12024;22890;20790;6;1;1;100;0;1598;1487;5.3
12025;22890;20855;8;1;1;125;1;1956;1487;5.7
12026;22890;21000;6;1;1;100;0;1598;1567;5.4
12027;22890;21759;8;1;1;125;1;1956;1487;5.7
12028;22890;23600;6;1;1;100;0;1598;1567;5.4
12029;22890;24100;6;1;1;100;0;1598;1567;5.4
12030;22890;29600;6;1;1;121;1;1490;1522;6.2
12031;22880;29500;6;1;1;121;1;1490;1522;6.2
12032;22880;29965;6;1;1;121;1;1490;1522;6.2
12033;22865;22712;6;1;1;100;1;1598;1522;5.5
12034;22850;22560;6;1;1;121;1;1490;1503;5.4
12035;22825;22999;6;1;1;121;0;1500;1487;5.6
12036;22800;29509;6;1;1;121;0;1490;1487;6.2
12037;22825;22650;8;1;1;125;0;1956;1613;5.5
12038;22790;19950;6;1;1;121;0;1490;1487;6.2
12039;22789;29597;6;1;1;121;1;1490;1487;6.2
12040;22789;24572;6;1;1;121;0;1490;1487;6.2
12041;22790;19425;6;1;1;121;0;1490;1487;5.6
12042;22790;31090;6;1;1;121;0;1490;1487;5.6
12043;22789;28854;6;1;1;121;1;1490;1487;6.2
12044;22750;29920;6;1;1;121;1;1490;1487;6.2
12045;22700;29028;6;1;1;121;0;1490;1487;6.2
12046;22680;11006;6;1;1;121;1;1490;1487;5.8
12047;22650;33210;6;1;1;121;1;1490;1503;5.8
12048;22540;25074;6;1;1;125;0;1956;1487;5.6
12049;22600;32207;6;1;1;100;0;1598;1585;5.2
12050;22590;29625;6;1;1;121;0;1490;1487;5.6
12051;22550;28848;6;1;1;125;0;1956;1487;8.7
12052;22500;16913;6;1;1;100;0;1598;1585;5.2
12053;22350;18382;6;1;1;100;1;1598;1503;4.3
12054;22390;25173;6;1;1;100;0;1598;1522;5.5
12055;22250;23580;8;1;1;125;1;1956;1503;5.5
12056;22300;19700;6;1;1;100;0;1598;1585;5.2
12057;22250;17850;8;1;1;125;1;1956;1503;5.5
12058;22389;14500;8;1;1;125;1;1956;1487;5.7
12059;22214;27000;6;1;1;100;0;1598;1440;5.1
12060;22214;27000;6;1;1;100;0;1598;1440;5.1
12061;22190;29329;6;1;1;121;0;1490;1522;6.2
12062;22200;31000;6;1;1;125;0;1956;1487;5.6
12063;22000;26886;6;1;1;100;0;1598;1487;5.6
12064;22180;33660;8;1;2;125;1;1956;1487;5.7
12065;21998;9325;6;1;1;100;0;1598;1543;5.4
12066;22500;28803;6;1;1;121;0;1490;1472;6.1
12067;22499;28518;6;1;1;100;0;1598;1613;5.6
12068;22490;29380;6;1;1;121;1;1490;1522;6.2
12069;22490;31147;6;1;1;121;1;1490;1522;6.2
12070;22490;7880;6;1;1;121;0;1490;1487;6.1
12071;22490;25960;6;1;1;125;1;1956;1503;5.5
12072;22480;24800;6;1;1;121;0;1490;1472;6.1
12073;22490;27411;6;1;1;121;0;1490;1522;6.2
12074;22480;29509;6;1;1;121;0;1490;1487;6.2
12075;22450;30290;6;1;1;125;0;1956;1487;5.6
12076;22450;33970;6;1;1;125;0;1956;1487;5.6
12077;22400;53923;6;1;1;125;0;1598;1487;5.6
12078;22450;29920;6;1;1;121;1;1490;1487;6.2
12079;22450;26900;6;1;1;125;1;1956;1487;5.7
12080;22400;53923;6;1;1;125;0;1598;1487;5.6
12081;22450;31031;6;1;1;125;0;1956;1487;5.6
12082;22400;53923;6;1;1;125;0;1598;1487;5.6
12083;22400;53923;6;1;1;125;0;1598;1487;5.6
12084;18980;10300;6;1;1;100;1;1598;1503;4.2
12085;18950;19043;6;1;1;103;0;1490;1487;5.7
12086;18950;24987;6;1;1;125;1;1956;1487;5.8
12087;19995;20000;6;1;1;100;0;1598;2080;4.5
12088;19999;19900;6;1;1;103;0;1490;1487;6
12089;19749;11850;6;1;1;121;1;1490;1487;6.1
12090;20380;23833;6;1;1;121;1;1490;1503;6
12091;20490;28450;6;1;1;125;0;1956;1487;5.3
12092;20489;21172;6;1;1;100;0;1598;1503;4.3
12093;20550;29150;6;1;1;121;1;1490;1487;5.8
12094;20500;1501;6;1;1;100;0;1598;1537;4.5
12095;19995;21800;6;1;1;103;1;1490;1487;6
12096;20512;1647.362609;6;0;1;81;0;1598;1441;4
12097;20950;9206;6;1;1;103;0;1490;1487;5.8
12098;21480;28707;6;1;1;121;1;1490;1487;6.1
12099;20950;13200;6;1;1;103;0;1490;1487;6
12100;21550;25150;6;1;1;125;0;1956;1487;5.6
12101;21540;29100;6;1;1;121;1;1490;1487;6.1
12102;21520;15300;6;1;1;103;0;1490;1487;5.6
12103;20990;13900;6;1;1;125;0;1956;1503;5.2
12104;20990;23037;6;1;1;121;1;1490;1503;6
12105;20990;23820;6;1;1;125;1;1956;1503;5.2
12106;20989;18026;6;1;1;121;0;1490;1487;5.8
12107;20986;25396;6;1;1;121;1;1490;1487;6.1
12108;20990;18174;6;1;1;103;1;1490;1487;6
12109;20990;24622;6;1;1;121;1;1490;1487;6.4
12110;20980;27895;6;1;1;121;1;1490;1487;6.1
12111;21325;24900;6;1;1;125;0;2000;1503;5.4
12112;21300;1647.362609;6;0;1;103;0;1490;1441;5.5
12113;21300;1647.362609;6;0;1;103;0;1490;1441;5.5
12114;21150;29600;6;1;1;121;1;1490;1487;5.8
12115;21290;24800;6;1;1;121;0;1490;1440;6
12116;21280;21800;6;1;1;121;1;1490;1472;6.1
12117;21500;29350;6;1;1;121;0;1490;1487;6.1
12118;21250;29500;6;1;1;121;0;1490;1487;6.1
12119;21500;24198;6;1;1;121;0;1490;1487;5.8
12120;21495;14000;6;1;1;121;0;1490;1462;5.8
12121;21490;31569;6;1;1;121;1;1490;1487;5.6
12122;21495;10355;6;1;1;121;0;1490;1487;6.1
12123;21490;8201;6;1;1;103;1;1490;1487;6
12124;21490;20400;6;1;1;103;0;1490;1487;5.6
12125;21490;30272;6;1;1;125;1;1956;1633;5.6
12126;21490;5418;6;1;1;121;1;1490;1503;5.7
12127;21490;20500;6;1;1;103;0;1490;1487;5.8
12128;21490;28932;6;1;1;121;1;1490;1503;6
12129;21480;14800;6;1;1;121;0;1490;1487;5.8
12130;21480;28800;6;1;1;121;1;1490;1522;6.2
12131;21480;11298;6;1;1;125;0;1956;1503;5.2
12132;20980;22500;6;1;1;103;0;1490;1487;5.8
12133;20980;23200;6;1;1;125;1;1956;1633;5.6
12134;21489;11120;6;1;1;121;0;1490;1503;5.7
12135;20980;29397;6;1;1;121;1;1490;1487;6.1
12136;20980;21279;6;1;1;125;0;1956;1487;5.3
12137;20980;28990;6;1;1;121;1;1490;1487;6.1
12138;20980;13500;6;1;1;103;0;1490;1503;5.9
12139;20980;23726;6;1;1;121;0;1496;1487;5.6
12140;20980;13890;6;1;1;125;1;1956;1487;5.6
12141;20980;27300;6;1;1;125;1;1956;1582;5.5
12142;20980;28650;6;1;1;125;1;1956;1633;5.6
12143;21001;1647.362609;6;0;1;103;0;1490;1441;5
12144;21001;1647.362609;6;0;1;103;0;1490;1441;5
12145;21000;5;6;1;1;100;0;1598;1487;4.5
12146;20999;22375;6;1;1;103;0;1490;1487;5.6
12147;20999;3030;6;1;1;103;0;1490;1487;5.8
12148;20999;17875;6;1;1;103;0;1490;1503;5.4
12149;20990;29023;6;1;1;125;0;1956;1487;5.3
12150;20999;9920;6;1;1;103;0;1490;1487;6
12151;20990;24279;6;1;1;121;0;1490;1503;6
12152;20990;24980;6;1;1;100;1;1598;1503;5.4
12153;20990;20000;6;1;1;103;0;1490;1487;5.8
12154;20990;24853;6;1;1;121;1;1490;1487;5.8
12155;21480;15400;6;1;1;125;1;1956;1582;5.5
12156;21470;30200;6;1;1;100;0;1598;1487;4.5
12157;21450;18121;6;1;1;103;0;1490;1487;5.8
12158;20960;35304;6;1;1;125;1;1956;1633;5.6
12159;21450;25000;6;1;1;121;1;1490;1503;5.4
12160;21450;29200;6;1;1;121;1;1490;1487;6.1
12161;21450;29143;6;1;1;121;0;1490;1487;6.1
12162;20970;24721;6;1;1;121;1;1490;1441;6
12163;20960;28540;6;1;1;125;1;1956;1503;5.5
12164;21450;12400;6;1;2;125;0;1956;1582;5.5
12165;20960;8900;6;1;1;103;0;1490;1487;6
12166;21450;21664;6;1;1;121;0;1490;1472;5.7
12167;21425;24500;6;1;1;125;0;2000;1487;5.6
12168;20950;19061;6;1;1;121;1;1500;1487;5.8
12169;20979;28827;6;1;1;121;1;1490;1487;6.1
12170;20990;29402;6;1;1;121;1;1500;1487;6.1
12171;20950;9990;6;1;1;103;1;1490;1487;5.8
12172;21440;29970;6;1;1;125;1;1956;1487;5.4
12173;21425;24100;6;1;1;125;0;2000;1503;5.4
12174;21390;24753;6;1;1;121;1;1490;1503;6
12175;21389;22764;6;1;1;121;0;1490;1487;6.1
12176;21425;24600;6;1;1;125;0;2000;1487;5.6
12177;21365;1647.362609;6;0;0;103;0;1598;1503;6.1
12178;21425;25300;6;1;1;125;0;2000;1503;5.4
12179;21380;25420;6;1;1;125;1;1956;1487;5.4
12180;21350;27000;6;1;1;125;1;1956;1487;5.6
12181;21350;29100;6;1;1;121;1;1490;1487;6.1
12182;20950;16700;6;1;1;103;0;1490;1503;5.4
12183;20950;17700;6;1;1;121;0;1490;1487;5.8
12184;20950;15900;6;1;1;103;0;1500;1503;5.4
12185;20950;28100;6;1;1;121;1;1490;1487;6.1
12186;20950;36500;6;1;1;125;1;1956;1633;5.6
12187;20940;17342;6;1;1;103;0;1490;1487;6
12188;20900;4000;6;1;1;100;0;1598;1537;4.5
12189;20950;29304;6;1;1;125;0;1490;1487;5.7
12190;20900;15504;6;1;1;100;0;1598;1503;5.4
12191;20900;15504;6;1;1;100;0;1598;1503;5.4
12192;20900;19900;6;1;1;125;0;1956;1633;5.6
12193;20900;14500;6;1;1;100;0;1598;1503;4.2
12194;20900;1;6;1;1;100;0;1600;1503;5.5
12195;20900;24000;6;1;1;103;1;1490;1503;5.9
12196;20900;17665;6;1;1;100;0;1598;1503;4.3
12197;20900;24000;6;1;1;103;1;1490;1487;6
12198;20350;18106;6;1;1;121;0;1490;1487;6.2
12199;20900;25000;6;1;1;125;1;1956;1503;5.5
12200;20500;35000;6;1;1;100;0;1598;1440;4.3
12201;20350;19460;6;1;1;121;0;1490;1487;5.7
12202;21330;12700;6;1;1;125;0;1956;1503;5.4
12203;20490;24940;6;1;1;100;1;1598;1503;4.3
12204;20490;31661;6;1;1;121;0;1490;1440;6
12205;20350;21300;6;1;1;100;1;1598;1503;4.2
12206;20300;29601;6;1;1;125;0;1956;1487;5.7
12207;20230;22000;6;1;1;103;1;1490;1503;5.9
12208;20300;17724;6;1;1;103;0;1598;1503;5.4
12209;20900;27980;6;1;1;125;1;1956;1487;5.3
12210;20280;23200;6;1;1;125;1;1956;1633;5.6
12211;20890;20;6;1;1;103;0;1490;1487;6
12212;20180;28865;6;1;1;121;0;1490;1487;5.8
12213;20332;28871;6;1;1;121;1;1490;1487;6.1
12214;20890;24750;6;1;1;100;1;1598;1503;4.3
12215;20890;23100;6;1;1;121;0;1490;1503;6
12216;20890;25394;6;1;1;121;1;1490;1487;6.1
12217;20890;23500;6;1;1;121;0;1490;1487;6.1
12218;20890;29010;6;1;1;125;1;1956;1487;5.4
12219;20890;29069;6;1;1;121;1;1490;1487;6.1
12220;20890;24750;6;1;1;100;1;1598;1503;4.3
12221;20890;19000;6;1;1;103;1;1490;1487;5.8
12222;20890;12813;6;1;1;125;1;1956;1487;5.6
12223;20825;25999;6;1;1;125;0;2000;1503;5.4
12224;20480;28800;6;1;1;121;1;1490;1522;6.2
12225;20890;15515;6;1;1;125;1;1956;1487;5.6
12226;20890;16643;6;1;1;125;1;1956;1487;5.6
12227;20480;29817;6;1;1;125;0;1956;1503;5.3
12228;20889;29581;6;1;1;121;1;1490;1487;5.8
12229;20850;28559;6;1;1;121;1;1490;1487;6.1
12230;20480;29340;6;1;1;125;1;1956;1487;5.3
12231;20450;8500;6;1;1;103;1;1490;1503;5.7
12232;20450;28900;6;1;1;121;1;1490;1487;6.1
12233;20450;28500;6;1;1;121;1;1490;1487;6.1
12234;20450;24522;6;1;1;100;0;1598;1503;5.1
12235;20440;20000;6;1;1;121;1;1490;1440;6
12236;20400;4000;6;1;1;100;0;1598;1441;4.3
12237;20400;28746;6;1;1;125;0;1956;1487;5.7
12238;20180;24980;6;1;1;125;0;1956;1503;5.2
12239;20171;1647.362609;6;0;0;103;0;1490;1441;5.5
12240;20171;1647.362609;6;0;0;103;0;1490;1441;5.5
12241;20150;29350;6;1;1;121;1;1490;1487;5.8
12242;20180;24727;6;1;1;125;0;1956;1503;5.2
12243;20390;11000;6;1;1;121;0;1490;1487;6.1
12244;20100;23015;6;1;1;121;0;1490;1487;6.2
12245;20025;28823;6;1;1;121;0;1490;1487;6.1
12246;20878;21999;6;1;1;121;0;1490;1487;6.1
12247;20000;15541;6;1;1;100;0;1598;1503;5.4
12248;20000;15541;6;1;1;100;0;1598;1503;5.4
12249;20800;29104;6;1;1;125;0;1490;1487;6.2
12250;20790;17000;6;1;1;103;0;1490;1487;6
12251;20780;28800;6;1;1;121;1;1490;1522;6.2
12252;20750;29420;6;1;1;121;0;1490;1487;5.7
12253;20750;22646;6;1;1;100;0;1598;1487;5.6
12254;20750;29600;6;1;1;125;1;1956;1487;5.3
12255;20750;26217;6;1;1;121;0;1490;1487;6.1
12256;20750;28600;6;1;1;121;0;1490;1503;5.7
12257;20740;29421;6;1;1;100;1;1598;1537;5
12258;20730;24600;6;1;1;100;1;1598;1503;4.3
12259;20750;24545;6;1;1;100;0;1598;1487;5.6
12260;20750;5450;6;1;1;103;0;1490;1440;5.9
12261;20580;1647.362609;6;0;0;103;0;1490;1503;5.9
12262;19999;29478;6;1;1;125;1;2000;1487;5.3
12263;20650;24700;6;1;1;121;1;1490;1440;5.7
12264;19400;3095;6;1;1;103;0;1490;1456;5.9
12265;20630;4600;6;1;1;100;0;1598;1537;5
12266;20730;30208;6;1;1;121;1;1490;1487;5.8
12267;19400;3095;6;1;1;103;0;1490;1456;5.9
12268;19400;3095;6;1;1;103;0;1490;1456;5.9
12269;19690;28800;6;1;1;121;0;1490;1487;6.1
12270;19600;9450;6;1;1;100;0;1598;1503;4.5
12271;19590;10506;6;1;1;103;1;1490;1503;5.5
12272;20680;14247;6;1;1;125;0;1956;1503;5.2
12273;19650;25200;6;1;1;125;0;1956;1582;5.5
12274;20550;28734;6;1;1;125;0;1956;1487;5.7
12275;19590;14420;6;1;1;103;0;1490;1487;6
12276;19590;30896;6;1;1;100;0;1598;1487;4.5
12277;19525;5500;6;1;1;103;0;1490;1456;5.7
12278;19500;28500;6;1;1;103;0;1490;1440;5.9
12279;19500;28949;6;1;1;121;0;1490;1487;5.7
12280;19490;13817;6;1;1;103;1;1500;1503;5.4
12281;19490;29000;6;1;1;121;1;1490;1487;6.1
12282;19490;17865;6;1;1;100;0;1598;1487;5
12283;19489;17950;6;1;1;103;0;1490;1487;6
12284;19490;18900;6;1;1;100;0;1598;1503;5.4
12285;19480;26127;6;1;1;125;0;1956;1503;5.2
12286;19450;13314;6;1;1;103;0;1490;1503;5.9
12287;19450;29798;6;1;1;122;0;1490;1487;5.7
12288;19480;23707;8;1;1;125;0;1956;1503;5.7
12289;19400;3095;6;1;1;103;0;1490;1456;5.9
12290;19400;3095;6;1;1;103;0;1490;1456;5.9
12291;19400;3095;6;1;1;103;0;1490;1456;5.9
12292;19400;3095;6;1;1;103;0;1490;1456;5.9
12293;19400;3095;6;1;1;103;0;1490;1456;5.9
12294;19397;10600;6;1;1;125;0;1956;1487;5.3
12295;19400;3095;6;1;1;103;0;1490;1456;5.9
12296;19325;29250;6;1;1;100;0;1598;1503;4.5
12297;19400;3095;6;1;1;103;0;1490;1456;5.9
12298;19400;3095;6;1;1;103;0;1490;1456;5.9
12299;19300;33023;6;1;1;100;0;1598;2000;4.3
12300;19290;24950;6;1;1;100;0;1598;1503;5.4
12301;19290;20700;6;1;1;100;1;1598;1503;5.4
12302;19290;24150;6;1;1;100;1;1598;1503;5.4
12303;19290;25100;6;1;1;100;1;1598;1503;5.4
12304;19880;13380;6;1;1;125;0;1956;1503;5.2
12305;19850;23233;6;1;1;121;0;1490;1487;6.2
12306;19850;28669;6;1;1;121;0;1490;1487;5.7
12307;19290;24500;6;1;1;100;1;1598;1503;5.4
12308;19990;27392;6;1;1;125;1;1956;1503;5.2
12309;19980;12020;6;1;1;103;0;1490;1503;5.9
12310;19980;22919;6;1;1;125;0;1956;1503;5.2
12311;19980;24551;6;1;1;125;0;1956;1503;5.2
12312;19980;11690;6;1;1;100;0;1598;1503;4.3
12313;19980;32850;6;1;1;121;1;1490;1487;6.1
12314;19450;29446;6;1;1;121;0;1490;1487;5.7
12315;19980;24992;6;1;1;125;0;1956;1503;5.2
12316;19990;1501;6;1;1;100;0;1598;1537;4.5
12317;19990;14500;6;1;1;100;0;1598;1503;4.3
12318;19800;22500;6;1;1;100;0;1598;1537;4.5
12319;19990;20800;6;1;1;100;0;1598;1503;4.5
12320;19990;20066;6;1;1;103;0;1490;1487;5.8
12321;19990;26083;6;1;1;121;0;1490;1487;5.7
12322;19200;3000;6;1;1;100;0;1598;1487;4.5
12323;19850;29081;6;1;1;121;0;1956;1487;5.7
12324;19800;28332;6;1;1;121;0;1490;1487;6.2
12325;19800;26637;6;1;1;121;0;1490;1487;6.2
12326;19800;7765;6;1;1;100;0;1600;1503;4.3
12327;19800;7765;6;1;1;100;0;1600;1503;4.3
12328;19800;7765;6;1;1;100;0;1600;1503;4.3
12329;19800;7765;6;1;1;100;0;1600;1503;4.3
12330;19800;26424;6;1;1;121;0;1490;1487;6.2
12331;19790;4390;6;1;1;100;0;1598;1503;4.5
12332;19777;5750;6;1;1;103;0;1490;1487;5.8
12333;19774;15000;6;1;1;100;0;1598;1503;4.3
12334;19760;15511;6;1;1;103;0;1490;1440;5.9
12335;19750;28382;6;1;1;121;0;1490;1487;6.2
12336;19750;25681;6;1;1;121;1;1490;1487;5.8
12337;19950;29800;6;1;1;121;1;1490;1487;6.1
12338;19760;15400;6;1;1;100;0;1598;1503;5.4
12339;19950;23700;6;1;1;121;1;1490;1503;6
12340;19950;15018;6;1;1;103;0;1490;1503;5.9
12341;19940;25133;6;1;1;121;0;1490;1503;5.7
12342;19980;25000;6;1;1;103;0;1490;1440;5.9
12343;19980;16389;6;1;1;121;0;1490;1487;5.8
12344;19980;29947;6;1;1;125;0;1956;1503;5.2
12345;19980;13250;6;1;1;125;1;1956;1582;5.5
12346;19980;29750;6;1;1;121;1;1490;1487;5.8
12347;19980;23200;6;1;1;125;1;1956;1633;5.6
12348;19970;24722;6;1;1;100;0;1598;1503;4.3
12349;19970;29815;6;1;1;121;0;1598;1487;5.6
12350;19950;24906;6;1;1;121;1;1490;1503;6
12351;19980;27950;6;1;1;121;1;1490;1487;5.8
12352;19950;24600;6;1;1;100;0;1598;1503;4.3
12353;19990;16749;6;1;1;100;1;1598;1503;4.3
12354;19990;13500;6;1;1;121;0;1490;1440;6
12355;19950;30435;6;1;1;103;1;1500;1487;5.8
12356;19990;13000;6;1;1;100;0;1598;1503;4.3
12357;19990;26803;6;1;1;103;0;1490;1456;5.7
12358;19990;12500;6;1;1;103;0;1490;1487;6
12359;19990;28699;6;1;1;121;0;1490;1487;5.7
12360;19990;24900;6;1;1;121;0;1490;1440;6
12361;19990;9826;6;1;1;103;1;1490;1503;5.7
12362;19990;14970;6;1;1;103;0;1490;1503;5.7
12363;19990;29317;6;1;1;121;0;1490;1487;5.8
12364;19902;1647.362609;6;0;0;103;0;1598;1503;5.5
12365;19900;15500;6;1;1;100;0;1598;1503;4.3
12366;19935;22600;6;1;1;103;0;1490;1487;5.6
12367;19750;27933;6;1;1;122;0;1364;1487;5.9
12368;19900;15500;6;1;1;100;0;1598;1503;4.3
12369;19900;26700;6;1;1;100;1;1598;1487;5
12370;19900;1501;6;1;1;100;0;1598;1537;4.5
12371;19900;14648;6;1;1;100;0;1598;1503;4.3
12372;19900;26000;6;1;1;125;0;1956;1487;5.3
12373;19900;28737;6;1;1;121;0;1490;1487;6.2
12374;19900;22409;6;1;1;121;0;1490;1487;6.2
12375;19900;30000;6;1;1;121;0;1490;1440;6
12376;19900;29500;6;1;1;121;1;1490;1487;6.1
12377;19900;26500;6;1;1;103;1;1490;1487;6
12378;19900;37500;6;0;0;100;0;1598;1560;5
12379;19950;27900;6;1;1;121;1;1490;1487;6.1
12380;19990;16643;6;1;1;121;0;1490;1440;5.7
12381;18999;24914;6;1;1;103;1;1490;1456;5.7
12382;18999;15500;6;1;1;81;0;1598;1503;4.2
12383;18990;13093;6;1;1;121;0;1490;1503;6
12384;18990;15100;6;1;1;103;1;1490;1503;5.7
12385;18990;16185;6;1;1;103;0;1490;1503;5.9
12386;18990;16000;6;1;1;100;0;1598;1503;4.3
12387;18990;21767;6;1;1;100;0;1598;1537;4.5
12388;18990;21767;6;1;1;100;0;1598;1537;4.5
12389;18945;15974;6;1;1;103;1;1490;1487;5.8
12390;18925;14648;6;1;1;100;1;1598;1503;4.3
12391;18990;23910;6;1;1;103;1;1533;1503;5.4
12392;19900;28843;6;1;1;121;1;1490;1487;5.8
12393;27990;10;6;0;0;100;0;1598;1585;5.5
12394;27990;4086;6;0;0;100;0;1598;1567;5.4
12395;25500;12;6;0;1;100;0;1598;1441;5.1
12396;25525;1647.362609;8;0;1;125;1;1956;1666;5.6
12397;29430;1647.362609;6;0;1;121;0;1500;1503;5.4
12398;28001;1647.362609;6;0;1;147;0;1598;1441;6
12399;29350;10;6;0;1;147;0;1600;1487;6.4
12400;29315;1647.362609;8;0;1;125;1;1598;1666;5.8
12401;32990;5000;6;0;1;100;0;1598;1503;5.4
12402;33450;10;6;0;1;147;0;1600;1487;6.4
12403;33450;10;6;0;1;125;0;1956;1503;5.2
12404;33450;12500;6;0;1;147;1;1598;1487;6.4
12405;35490;999;6;0;1;147;0;1600;1503;5.5
12406;33980;3500;6;0;1;121;0;1490;1522;6.1
12407;33980;8000;8;0;1;125;1;1956;1613;5.5
12408;37450;10;8;0;1;154;0;2000;1487;7.1
12409;37450;10;8;0;1;154;0;2000;1487;7.1
12410;34600;1647.362609;8;0;1;125;0;1956;1660;5.7
12411;37950;10;8;0;1;154;0;2000;1487;7.1
12412;37899;7965;6;0;1;147;0;1598;1422;6.7
12413;37890;1647.362609;8;0;1;125;1;1956;1613;5.5
12414;37875;27120;8;0;1;191;0;1998;1649;5.4
12415;37790;10;6;0;1;100;0;1598;1522;5.4
12416;37750;1647.362609;6;0;1;100;0;1598;1487;5.6
12417;37690;1500;8;0;1;125;0;1956;1613;5.5
12418;37690;5;6;0;1;154;1;1998;1503;7.1
12419;37599;20000;8;0;1;191;0;1998;1440;8.6
12420;38450;10;6;0;1;147;0;1600;1503;6.3
12421;37500;1647.362609;8;0;1;125;0;1956;1716;5.7
12422;38229;2500;6;0;1;147;0;1598;1487;6.7
12423;37992;1000;8;0;1;154;0;1956;1807;7.2
12424;37999;10;6;0;1;147;0;1598;1487;5.6
12425;38350;7500;6;0;1;125;0;1956;1487;5.6
12426;38350;10;6;0;1;121;0;1490;1522;6.4
12427;38290;1500;6;0;1;147;0;1598;1487;6.7
12428;38380;1647.362609;6;0;1;147;0;1598;1487;6.6
12429;39450;4950;6;0;1;147;0;1598;1552;6.7
12430;38995;1000;6;0;1;121;0;1490;1372;5.9
12431;38990;6500;6;0;1;125;0;1956;1487;5.6
12432;38990;100;8;0;1;125;1;1956;1613;5.5
12433;38990;11;6;0;1;147;1;1598;1552;6.6
12434;38950;15000;8;0;1;154;0;1956;1503;6.9
12435;37990;10;6;0;1;147;0;1598;1522;5.4
12436;38989;7000;6;0;1;125;0;1956;1487;5.4
12437;37990;3970;6;0;1;147;1;1598;1487;6.6
12438;37990;8700;6;0;1;100;1;1598;1673;5.1
12439;37990;1647.362609;8;0;1;125;0;1956;1666;5.7
12440;37990;50;6;0;1;147;0;1598;1503;6.6
12441;37990;305;6;0;1;125;1;1956;1487;5.6
12442;37989;7900;6;0;1;125;1;1956;1487;5.7
12443;37989;7900;6;0;1;125;1;1956;1503;5.7
12444;37989;10;6;0;1;121;0;1490;1503;5.7
12445;37980;6;6;0;1;121;1;1490;1472;6.1
12446;37950;1000;6;0;1;147;1;1598;1487;6.7
12447;38900;11000;6;1;1;100;0;1598;1503;5.4
12448;38900;2000;6;0;1;147;0;1598;1552;6.7
12449;38855;1647.362609;6;0;1;121;0;1490;1472;6.1
12450;38690;4500;8;0;1;125;1;1956;1503;5.6
12451;38679;5;6;0;1;121;0;1490;1372;5.9
12452;38590;200;8;0;1;125;0;1956;1666;5.7
12453;38500;3000;8;0;1;125;0;1956;1666;5.6
12454;38490;10;6;0;1;147;0;1598;1552;6.7
12455;38490;9999;8;0;1;147;1;1598;1487;6.6
12456;38480;3500;6;0;1;147;0;1598;1503;6
12457;38450;10;6;0;1;147;0;1600;1503;6.3
12458;38450;10;6;0;1;147;0;1600;1503;6.3
12459;37490;10;8;0;1;125;0;2000;1503;5.4
12460;37490;50;8;0;1;125;0;1956;1487;6.3
12461;37490;10;8;0;1;154;0;2000;1487;7.1
12462;37490;500;6;0;1;147;0;1598;1503;6.4
12463;37490;5000;6;0;1;147;0;1598;1503;6.4
12464;37490;1647.362609;6;0;1;100;0;1598;1487;5.6
12465;37450;10;6;0;1;147;0;1600;1487;6.4
12466;37450;10;8;0;1;154;1;2000;1487;7.1
12467;37450;10;8;0;1;154;1;2000;1487;7.1
12468;34580;1647.362609;6;0;1;100;1;1600;1582;5.4
12469;34490;10;8;0;1;154;1;2000;1503;7.1
12470;34490;1647.362609;6;0;1;100;0;1598;1487;5.6
12471;34550;10000;8;0;1;125;1;1956;1487;7.2
12472;34450;10;6;0;1;147;0;1600;1487;6.4
12473;34450;10;6;0;1;147;0;1600;1487;6.9
12474;34450;10;6;0;1;147;0;1600;1487;6.9
12475;34390;5000;6;0;1;121;1;1490;1503;6.1
12476;34315;1647.362609;6;0;1;147;1;1598;1552;6.4
12477;33992;3000;8;0;1;125;0;1956;1618;5.6
12478;33992;1000;8;0;1;125;0;1956;1618;5.6
12479;33990;3;6;0;1;147;0;1598;1552;6.7
12480;33990;1500;6;0;1;147;1;1598;1552;6.7
12481;33990;10;6;0;1;100;0;1598;1503;5.4
12482;33990;1647.362609;6;0;1;147;1;1598;1487;6.6
12483;33990;7851;6;0;1;147;0;1598;1522;6.6
12484;33990;6000;6;0;1;121;1;1498;1472;6.1
12485;37450;4900;8;0;1;125;1;1998;1487;5.6
12486;37430;10;6;0;1;121;0;1490;1472;6.1
12487;37285;1647.362609;8;0;1;154;1;1956;1733;7
12488;37235;1647.362609;8;0;1;154;1;1956;1772;7.1
12489;37380;3720;8;0;1;154;0;1956;1733;7.1
12490;36990;10;6;0;1;147;0;1600;1487;6.4
12491;36990;10;8;0;1;154;0;2000;1487;7.1
12492;36990;4000;8;0;1;125;0;1956;1487;5.6
12493;36990;3000;6;0;1;125;0;1998;1487;5.6
12494;36990;5555;6;0;1;121;0;1490;1503;6
12495;36990;10000;6;0;1;125;0;1956;1487;5.6
12496;36990;1647.362609;6;0;1;100;0;1598;1487;5.6
12497;36990;5;8;0;1;125;0;1956;1487;4.5
12498;36990;70;6;0;1;100;0;1598;1487;5.6
12499;36990;4390;6;0;1;147;1;1598;1487;6.6
12500;36950;10;8;0;1;154;0;2000;1487;7.1
12501;36950;850;6;0;1;121;0;1500;1472;5.9
12502;36945;5000;8;0;1;125;1;1956;1487;5.6
12503;36900;1;8;0;1;125;0;1956;1660;5.7
12504;36790;1363;8;0;1;125;0;1956;1666;5.6
12505;33989;9999;6;0;1;147;0;1598;1487;6.7
12506;36771;1647.362609;8;0;1;154;0;1956;1772;7.1
12507;36750;450;8;0;1;125;0;1956;1613;5.5
12508;36680;4000;8;0;1;121;0;1490;1487;6.5
12509;36591;0;6;0;0;125;0;1956;1487;5.6
12510;36590;4262;6;0;0;147;0;1598;1487;6.7
12511;36590;500;6;0;1;147;0;1598;1487;6.6
12512;36500;1647.362609;6;0;1;100;0;1598;1447;5.1
12513;36590;500;6;0;1;147;0;1598;1487;6.6
12514;36491;301;6;0;1;147;0;1598;1487;6.6
12515;36490;10;8;0;1;154;0;2000;1487;7.1
12516;36490;10;8;0;1;154;0;2000;1487;7.1
12517;36450;10;8;0;1;154;1;2000;1487;7.1
12518;36450;10;8;0;1;154;0;2000;1487;7.1
12519;36391;301;6;0;1;147;1;1600;1552;6.6
12520;36365;1647.362609;8;0;1;154;1;1956;1772;7.1
12521;36290;4894;6;0;1;121;0;1490;1503;6
12522;35490;4;6;0;1;122;0;1490;1522;6.1
12523;35450;10;8;0;1;154;1;2000;1487;7.1
12524;35450;10;8;0;1;154;1;2000;1503;7.1
12525;35490;10;6;0;1;100;0;1598;1522;5.4
12526;36180;1647.362609;6;0;1;191;0;1998;1487;8.7
12527;35380;1647.362609;6;0;1;191;0;1598;1487;8.6
12528;34991;1647.362609;8;0;1;155;0;1956;1441;5
12529;35189;1647.362609;8;0;1;155;0;1956;1487;5
12530;35291;1647.362609;6;0;1;147;0;1598;1487;6
12531;35085;1647.362609;8;0;1;154;1;1956;1733;7.1
12532;35450;10;6;0;1;147;0;1600;1487;6.9
12533;34991;1647.362609;8;0;1;155;0;1956;1441;5
12534;34990;500;6;0;1;147;1;1598;1487;6.4
12535;34990;1647.362609;8;0;1;125;0;1956;1487;5.6
12536;34950;1647.362609;6;0;1;122;0;1490;1522;6.1
12537;34990;5000;6;0;1;147;1;1598;1487;6.7
12538;36176;1647.362609;8;0;1;155;0;1956;1487;5
12539;34815;1647.362609;8;0;1;154;1;1956;1772;7.1
12540;34890;2987;6;0;1;147;0;1598;1487;6.7
12541;33900;15;8;0;1;125;0;1956;1716;6
12542;34776;1647.362609;8;0;1;155;0;1956;1487;6
12543;33899;3211;6;0;1;101;0;1598;1487;5.6
12544;33950;10;6;0;1;147;0;1600;1503;6.3
12545;33895;1647.362609;6;0;1;121;1;1490;1522;6.1
12546;33900;5000;8;0;1;125;0;1956;1660;5.7
12547;33800;1647.362609;6;0;1;100;0;1598;1522;5.4
12548;33890;1232;8;0;1;125;1;1956;1613;4.5
12549;33599;1647.362609;8;0;0;154;0;1956;1772;7.1
12550;33590;4999;8;0;1;191;1;1998;1503;8.6
12551;33590;1574;6;0;1;121;0;1598;1487;5.6
12552;33575;5000;8;0;1;125;1;1956;1487;5.7
12553;33573;1647.362609;8;0;1;125;0;1956;1487;5
12554;33500;1647.362609;6;0;1;100;0;1598;1510;5.2
12555;33500;1647.362609;8;0;1;125;0;1956;1660;5.7
12556;33700;10;8;0;0;125;0;1956;1633;5.3
12557;33450;250;8;0;1;154;1;2000;1487;7.1
12558;36176;1647.362609;8;0;1;155;0;1956;1487;5
12559;35990;10;6;0;1;147;0;1600;1487;6.4
12560;35990;2000;6;0;1;125;1;1956;1487;5.7
12561;35990;10;6;0;1;147;0;1600;1487;6.9
12562;33450;10;6;0;1;147;0;1600;1487;6.4
12563;35990;10;6;0;1;147;0;1600;1487;6.9
12564;36170;2222;8;0;1;125;0;1956;1487;5.6
12565;35935;1647.362609;8;0;1;154;1;1956;1772;7.1
12566;35990;1000;8;0;1;125;0;1956;1666;5.6
12567;35989;2900;8;0;1;125;1;1956;1613;5.5
12568;35900;5000;6;0;1;147;0;1598;1341;5.4
12569;35980;1647.362609;6;0;1;121;0;1490;1487;6.3
12570;35979;3900;8;0;1;125;1;1956;1487;5.6
12571;35970;356;6;0;1;125;0;1956;1633;5.5
12572;35790;1000;8;0;1;125;1;1998;1487;5.6
12573;35590;7500;6;0;1;147;0;1598;1552;6.7
12574;35590;2000;6;0;1;127;0;1956;1503;5.4
12575;35585;1647.362609;8;0;1;154;1;1956;1807;7.1
12576;35555;10;6;0;1;121;0;1490;1522;6.4
12577;35515;1647.362609;8;0;1;154;1;1956;1733;7.1
12578;33450;10;6;0;1;147;0;1600;1487;6.4
12579;33235;1647.362609;6;0;1;121;1;1490;1472;5.9
12580;33222;5990;6;0;1;147;0;1598;1487;6.7
12581;32995;1;6;0;1;147;0;1598;1552;6.4
12582;33215;1647.362609;6;0;1;147;1;1598;1522;6.4
12583;33138;1647.362609;6;0;1;121;0;1500;1487;5.6
12584;33061;1647.362609;6;0;1;121;0;1500;1487;5.6
12585;32995;1;6;0;1;147;0;1598;1552;6.5
12586;32995;1;6;0;1;147;0;1598;1552;6.5
12587;32995;1;6;0;1;147;0;1598;1552;6.5
12588;32995;1;6;0;1;147;0;1598;1552;6.5
12589;32995;1;6;0;1;147;0;1598;1552;6.5
12590;32995;1;6;0;1;147;0;1598;1552;6.5
12591;32995;1;6;0;1;147;0;1598;1552;6.5
12592;29290;10;6;0;1;121;0;1500;1487;6.1
12593;32995;1;6;0;1;147;0;1598;1552;6.5
12594;32995;1;6;0;1;147;0;1598;1552;6.5
12595;32995;1;6;0;1;147;0;1598;1552;6.5
12596;29015;1647.362609;6;0;1;121;1;1490;1472;5.9
12597;29005;1647.362609;6;0;1;100;1;1598;1567;5.3
12598;28995;1647.362609;6;0;1;147;1;1598;1522;6.4
12599;28990;15;6;0;1;121;0;1490;1487;6.2
12600;28950;10;6;0;1;121;0;1500;1487;6.1
12601;28990;2254;6;0;1;100;0;1598;1487;5.6
12602;28989;8500;8;0;1;125;0;1956;1503;5.4
12603;28989;8000;8;0;1;125;0;1956;1503;5.4
12604;28490;10;6;0;1;121;0;1500;1487;6.1
12605;28950;10;6;0;1;121;0;1500;1487;6.1
12606;28900;30;6;0;1;100;0;1598;1585;5.5
12607;28850;10;8;0;1;125;0;1956;1660;5.7
12608;28900;9999;6;0;1;100;0;1598;1440;5.4
12609;28001;1647.362609;6;0;1;147;0;1598;1441;6
12610;28085;1647.362609;6;0;1;100;1;1598;1522;5.2
12611;32990;5000;6;0;1;121;0;1490;1503;6.1
12612;32990;2002;8;0;1;125;1;1956;1764;5.6
12613;32950;15;8;0;1;125;1;1956;1613;5.5
12614;32990;10;6;0;1;147;0;1600;1487;6.4
12615;32990;3990;6;0;1;100;0;1598;1582;5.3
12616;32975;15000;6;0;1;100;0;1598;1440;5.4
12617;32970;550;6;0;1;147;1;1598;1522;7.9
12618;32850;10000;8;0;1;125;0;1956;1666;5.7
12619;32700;1;8;0;0;125;0;1956;1440;5.5
12620;32690;10;6;0;0;121;0;1490;1503;5.9
12621;32500;1;8;0;1;125;0;1956;1660;5.7
12622;32490;9000;6;0;1;121;0;1490;1503;5.7
12623;32505;1647.362609;8;0;1;125;1;1956;1666;5.6
12624;32500;2500;8;0;1;125;0;1956;1716;6
12625;32350;10;6;0;1;147;0;1600;1503;6.3
12626;32345;1647.362609;6;0;1;147;0;1598;1487;6
12627;32313;1647.362609;6;0;1;147;0;1598;1441;6
12628;32313;1647.362609;6;0;1;147;0;1598;1441;6
12629;32115;1647.362609;8;0;1;125;0;1956;1441;5
12630;32115;1647.362609;8;0;1;125;0;1956;1441;5
12631;32054;1647.362609;6;0;1;122;0;1490;1487;6
12632;31999;3000;6;0;1;101;0;1598;1503;5.4
12633;31995;1647.362609;8;0;1;125;1;1956;1613;5.5
12634;31990;1230;8;0;1;125;0;1956;1666;5.6
12635;31990;2500;6;0;1;122;1;1490;1487;6.2
12636;31900;9999;8;0;1;125;0;1956;1462;5.6
12637;31890;3500;6;0;1;121;1;1500;1487;6.2
12638;31700;1647.362609;6;0;1;100;0;1598;1485;4.6
12639;31690;300;6;0;1;121;0;1490;1472;6.1
12640;31990;10;6;0;1;147;0;1600;1487;6.4
12641;31990;15000;6;0;1;100;1;1598;1487;5.4
12642;31690;8000;6;0;1;121;1;1490;1472;6.1
12643;31400;5000;6;0;1;100;0;1598;1585;5.5
12644;31505;1647.362609;8;0;1;125;0;1956;1487;6
12645;31500;10;6;0;0;100;0;1598;1522;5.4
12646;31500;6100;6;0;1;100;0;1598;2115;5.5
12647;31490;8000;6;0;1;100;1;1598;1582;5.4
12648;31500;10;6;0;1;125;0;1956;1507;5.2
12649;30990;10;6;0;1;147;0;1600;1487;6.4
12650;30900;41;8;0;1;125;0;1956;1660;5.7
12651;30800;11300;8;0;1;191;0;1998;1487;8
12652;30450;10;6;0;1;147;0;1600;1503;6.4
12653;30299;1647.362609;6;0;1;147;0;1598;1487;6
12654;30299;1647.362609;6;0;1;147;0;1598;1487;6
12655;30155;1647.362609;6;0;1;147;1;1598;1582;6.8
12656;30105;1647.362609;6;0;1;147;1;1598;1552;6.4
12657;30000;1104;6;0;1;100;0;1598;1487;5.2
12658;29995;1;6;0;1;147;0;1598;1552;6.5
12659;29995;1;6;0;1;147;0;1598;1552;6.5
12660;29995;1;6;0;1;147;0;1598;1552;6.5
12661;29995;1;6;0;1;147;0;1598;1552;6.5
12662;29995;1;6;0;1;147;0;1598;1552;6.5
12663;29995;1;6;0;1;147;0;1598;1552;6.5
12664;29995;1;6;0;1;147;0;1598;1552;6.5
12665;29995;1;6;0;1;147;0;1598;1552;6.5
12666;29995;1;6;0;1;147;0;1598;1552;6.5
12667;29990;1647.362609;6;0;1;100;0;1598;1487;5.6
12668;29995;1;6;0;1;147;0;1598;1552;6.5
12669;29990;7;6;0;1;121;0;1490;1522;6.5
12670;29990;5;6;0;1;121;0;1490;1503;5.7
12671;29950;10;6;0;1;121;0;1500;1487;6.1
12672;29950;10;6;0;1;121;0;1500;1487;6.1
12673;29900;1;6;0;1;100;0;1598;1522;5.1
12674;29950;10;6;0;1;121;0;1500;1487;6.1
12675;29900;1647.362609;8;0;1;125;0;1956;1660;5.7
12676;29900;66;6;0;1;122;0;1490;1440;6
12677;29900;1647.362609;6;0;1;122;0;1490;1441;6
12678;29797;1647.362609;8;0;1;125;0;1956;1487;5
12679;29900;1647.362609;6;0;1;100;0;1598;1522;5.4
12680;29900;100;6;0;1;100;0;1598;1585;5.5
12681;29900;1647.362609;6;0;1;122;0;1490;1441;6
12682;29800;1647.362609;6;0;1;100;0;1598;1522;5.4
12683;29702;15;6;0;1;100;0;1598;1503;5.4
12684;29675;1647.362609;6;0;1;121;1;1490;1522;6.1
12685;26500;1501;6;0;1;121;0;1490;1472;5.6
12686;26390;1647.362609;6;0;1;100;0;1598;1487;4
12687;26590;1647.362609;6;0;1;100;0;1598;1567;5.2
12688;29797;1647.362609;8;0;1;125;0;1956;1487;5
12689;26565;1647.362609;6;0;1;121;1;1490;1522;6.1
12690;29790;10;6;0;1;121;0;1500;1487;6.1
12691;26390;1647.362609;6;0;1;100;0;1598;1487;4
12692;26100;1;8;0;1;100;0;1598;1525;5.5
12693;26095;1647.362609;6;0;1;147;1;1598;1522;6.4
12694;26125;1647.362609;6;0;1;121;1;1490;1472;5.9
12695;25995;1;6;0;1;121;0;1490;1472;6.2
12696;25900;1;8;0;1;125;0;1956;1613;5.5
12697;25885;1647.362609;6;0;1;100;1;1598;1567;5.3
12698;25864;1647.362609;6;0;0;120;0;1598;1503;6.1
12699;25588;1647.362609;6;0;0;122;0;1490;1441;6
12700;25862;1;6;0;0;122;0;1490;1487;6.2
12701;25692;1;6;0;0;122;0;1490;1487;6.2
12702;25588;1647.362609;6;0;0;122;0;1490;1441;6
12703;25297;1647.362609;6;0;0;100;0;1598;1487;4
12704;25268;1647.362609;6;0;0;121;0;1490;1472;5.9
12705;25862;1;6;0;0;122;0;1490;1487;6.2
12706;25693;1;6;0;0;122;0;1490;1487;6.2
12707;24779;1647.362609;6;0;0;100;0;1598;1441;5
12708;25195;1647.362609;6;0;0;100;1;1598;1522;5.2
12709;25268;1647.362609;6;0;0;121;0;1490;1472;5.9
12710;25225;1647.362609;8;0;0;125;1;1956;1613;5.5
12711;24779;1647.362609;6;0;0;100;0;1598;1441;5
12712;27157;1;6;0;0;122;0;1490;1487;6.2
12713;27990;2207;6;0;0;100;0;1598;1567;5.4
12714;27950;10;6;0;0;121;0;1500;1487;6.1
12715;27804;1647.362609;8;0;0;125;0;1956;1441;5
12716;27599;7500;6;0;0;121;0;1500;1503;5.4
12717;27550;10;6;0;0;100;0;1598;1487;5.4
12718;27804;1647.362609;8;0;0;125;0;1956;1441;5
12719;27228;1;6;0;0;122;0;1490;1487;6.2
12720;26995;1;6;0;1;121;0;1490;1441;6.2
12721;26990;1501;6;0;1;121;0;1490;1472;5.8
12722;26890;1565;6;0;1;121;1;1500;1534;6
12723;26990;1501;6;0;1;121;0;1490;1472;5.8
12724;26985;1647.362609;6;0;1;147;1;1598;1552;6.4
12725;26974;1647.362609;6;0;1;122;0;1490;1487;6
12726;26974;1647.362609;6;0;1;122;0;1490;1487;6
12727;26668;1647.362609;6;0;0;120;0;1598;1503;6.1
12728;23776;1647.362609;6;0;0;100;0;1598;1441;4
12729;23025;1647.362609;6;0;0;103;0;1490;1487;5.6
12730;21617;1647.362609;6;0;0;100;0;1598;1441;4
12731;39990;6866;6;0;1;147;1;1598;1487;6.4
12732;27980;1108;5;0;1;121;0;1490;1487;5.6
12733;39989;5000;6;0;1;147;0;1598;1503;6.2
12734;27950;25;6;0;1;147;0;1598;1487;6.6
12735;39980;5555;8;0;1;125;0;1956;1613;5.5
12736;26511;1647.362609;6;0;1;147;0;1598;1503;6.1
12737;28055;1647.362609;6;0;1;121;1;1490;1441;5.5
12738;39980;10;6;0;1;147;1;1600;1552;6.6
12739;29070;1647.362609;6;0;1;125;0;1956;1441;5
12740;28990;3;6;0;1;100;0;1598;1483;5.4
12741;28955;1647.362609;6;0;1;81;1;1598;1522;4.6
12742;29065;1647.362609;6;0;1;100;1;1598;1537;4.8
12743;28990;5;6;0;1;121;0;1490;1487;6.4
12744;32900;8666;6;0;1;121;0;1490;1487;5.6
12745;28990;15;6;0;1;103;0;1500;1503;5.4
12746;28950;7;6;0;1;121;0;1490;1487;5.8
12747;41490;10;6;0;1;147;0;1598;1503;5.4
12748;49884;5;6;0;1;147;0;1599;1503;5.5
12749;49350;1647.362609;6;0;1;125;0;1956;1503;5.4
12750;52120;8;6;0;0;147;1;1598;1537;6.6
12751;40990;15;6;0;0;147;0;1599;1503;6.3
12752;40909;1;6;0;0;121;0;1598;1372;6
12753;48950;100;6;0;0;125;0;1956;1503;5.4
12754;41450;1647.362609;6;0;0;147;0;1598;1552;6.6
12755;40900;25;6;0;0;121;0;1490;1422;6.5
12756;44970;1698;6;0;0;121;0;1490;1422;6.5
12757;42995;10;6;0;0;147;0;1598;1459;6.3
12758;42475;10;6;0;0;125;0;2000;1487;5.9
12759;40745;40;6;0;0;121;0;1490;1487;6.1
12760;44397;5;6;0;0;147;0;1598;1459;6.3
12761;40533;1;6;0;0;104;0;1498;1441;5.5
12762;39746;15;6;0;0;147;0;1598;1459;6.3
12763;39995;5000;6;0;0;121;0;1490;1403;5.8
12764;39450;10;6;0;0;100;0;1598;1503;5.4
12765;39190;1647.362609;6;0;0;100;0;1598;1487;5.6
12766;38990;1852;6;0;1;147;0;1598;1503;5.5
12767;39990;500;6;0;1;147;1;1598;1487;6.6
12768;39977;100;6;0;1;125;0;1956;1591;5.3
12769;37990;10;6;0;1;100;0;1598;1503;4.8
12770;37985;1647.362609;6;0;1;125;0;1995;1487;5.5
12771;37490;10;6;0;1;100;0;1598;1540;4.9
12772;38879;500;6;0;1;147;1;1598;1503;6.3
12773;38500;1647.362609;6;0;1;121;0;1490;1522;6.5
12774;38240;10;6;0;1;125;0;1956;1633;5.6
12775;37950;10;6;0;1;147;0;1600;1503;6
12776;39299;10;6;0;1;121;0;1500;1487;5.6
12777;36995;15;6;0;1;121;0;1490;1387;6.1
12778;36500;1647.362609;6;0;1;147;0;1598;1487;5.6
12779;36990;5;6;0;1;147;1;1598;1487;6.3
12780;36490;3291;6;0;1;147;0;1598;1503;5.5
12781;36200;3768;6;0;1;147;0;1598;1503;5.5
12782;36032;10;6;0;1;121;0;1490;1372;5.7
12783;36780;70;6;0;1;100;0;1598;1487;5.6
12784;35999;100;6;0;1;149;0;1599;1503;5.4
12785;35990;4900;6;0;1;121;1;1490;1487;6.1
12786;35990;10;6;0;1;100;0;1598;1560;5.6
12787;35990;2348;6;0;1;100;0;1598;1487;5.6
12788;35990;5990;6;0;1;147;0;1598;1487;6.3
12789;35990;1647.362609;6;0;1;81;1;1598;1487;4.2
12790;35980;301;6;0;1;121;1;1490;1522;6.4
12791;35950;10;6;0;1;147;0;1600;1487;6.3
12792;35490;10;6;0;1;100;0;1598;1487;5.6
12793;35990;136;6;0;1;147;0;1598;1503;5.4
12794;35290;10;6;0;0;121;0;1490;1441;5.6
12795;33990;3582;6;0;1;100;0;1598;1487;5.6
12796;33940;650;6;0;1;125;0;1956;1582;5.5
12797;33790;6446;6;0;1;125;0;1598;1487;5.6
12798;33900;5;6;0;0;121;0;1490;1440;6
12799;33990;1390;6;0;1;121;1;1490;1503;5.5
12800;33899;4899;6;0;1;147;0;1598;1487;6.6
12801;33890;11;6;0;1;121;0;1490;1487;6.1
12802;33775;1647.362609;6;0;1;125;1;1956;1683;5.9
12803;33490;10;6;0;1;147;0;1600;1487;6.3
12804;33335;1647.362609;6;0;1;121;1;1490;1487;5.6
12805;33250;10;6;0;1;147;0;1600;1503;6
12806;33490;8;6;0;1;122;0;1490;1487;5.7
12807;33475;350;6;0;1;121;1;1490;1487;6.4
12808;33450;5;6;0;1;100;0;1598;1540;4.9
12809;32995;20000;6;0;1;121;0;1490;1372;5.7
12810;32990;8;6;0;1;100;0;1598;1487;5.6
12811;32990;5555;6;0;1;103;0;1490;1503;5.6
12812;32990;6;6;0;1;100;0;1598;1487;5.6
12813;32940;12721;6;0;1;147;0;1598;1437;6.6
12814;35150;1450;6;0;1;147;0;1598;1487;5.6
12815;28899;10499;6;0;1;125;0;1956;1865;5.6
12816;28775;10;6;0;1;147;0;1600;1487;6.3
12817;28615;1647.362609;6;0;1;81;1;1598;1503;4.4
12818;28525;1647.362609;6;0;1;100;1;1598;1503;4.6
12819;28500;93;6;0;1;125;0;1956;1487;6.5
12820;28500;1647.362609;6;0;1;121;0;1598;1487;5.6
12821;28315;1647.362609;6;0;1;147;1;1598;1503;6.1
12822;28176;1647.362609;6;0;1;125;0;1956;1487;5
12823;28495;1647.362609;6;0;1;147;1;1598;1537;6.3
12824;28176;1647.362609;6;0;1;125;0;1956;1487;5
12825;28390;372;6;0;1;121;0;1490;1772;5.6
12826;28118;1647.362609;6;0;1;103;0;1490;1341;5.7
12827;34995;10;6;0;1;121;0;1498;1441;5.5
12828;34990;5990;6;0;1;100;0;1598;1487;5
12829;34990;4067;6;0;1;147;1;1598;1487;6.5
12830;34805;1647.362609;6;0;1;125;1;1956;1716;5.9
12831;34950;10;6;0;1;147;0;1600;1487;6.3
12832;34925;4631;6;0;1;147;0;1598;1503;5.4
12833;34950;5;6;0;1;121;0;1490;1403;5.8
12834;34490;1500;6;0;1;100;0;1598;1567;4.9
12835;34200;1647.362609;6;0;1;100;0;1598;1560;5.6
12836;34190;1647.362609;6;0;1;103;0;1598;1487;5.6
12837;34750;1647.362609;8;0;1;125;0;1956;1658;5.7
12838;34585;1647.362609;6;0;1;147;0;1598;1503;6.3
12839;34290;11325;6;0;1;147;0;1598;1503;6.3
12840;33990;3500;6;0;1;100;0;1598;1560;5.6
12841;33990;20;6;0;1;121;0;1598;1503;6.1
12842;33990;8734;6;0;1;100;0;1598;1487;5.6
12843;29990;1647.362609;6;0;1;100;0;1598;1503;4.8
12844;30000;1647.362609;8;0;1;100;0;1598;1485;4.6
12845;33990;1798;6;0;1;100;0;1598;1487;5.6
12846;33990;8;6;0;1;100;0;1598;1487;5.6
12847;29990;9980;6;0;1;121;1;1498;1503;5.7
12848;33990;7326;6;0;1;100;0;1598;1487;5.6
12849;29990;3155;6;0;1;125;0;1956;1760;6.2
12850;29980;2001;6;0;1;103;1;1490;1536;5.6
12851;29990;8;6;0;1;103;0;1490;1441;5.6
12852;29990;77;6;0;1;100;0;1598;1540;4.9
12853;29990;1647.362609;6;0;1;103;0;1490;1441;5.6
12854;29990;5652;6;0;1;104;0;1500;1387;6
12855;29990;6125;6;0;1;125;0;1956;1582;5.2
12856;29990;7;6;0;1;147;0;1598;1580;6.6
12857;29950;10;6;0;1;147;0;1600;1503;6
12858;29561;1647.362609;6;0;1;121;0;1500;1503;5.4
12859;29888;1647.362609;6;0;1;125;1;1956;1582;5.2
12860;29590;607;6;0;1;100;0;1598;1483;5.4
12861;29400;70;6;0;1;100;0;1598;1503;4.8
12862;29490;10;6;0;1;147;0;1600;1487;6.3
12863;29125;1647.362609;6;0;1;121;1;1490;1487;5.6
12864;29070;1647.362609;6;0;1;125;0;1956;1441;5
12865;33990;10555;6;0;1;100;0;1598;1487;5.6
12866;31990;111;6;0;1;100;0;1598;1503;4.8
12867;31990;1000;6;0;1;81;0;1598;1522;4.6
12868;31990;2000;6;0;1;103;0;1490;1456;5.7
12869;31989;5000;6;0;1;147;0;1598;1487;6.6
12870;31950;10;6;0;1;147;0;1600;1503;6
12871;31980;1370;6;0;1;125;1;1956;1487;5.5
12872;31950;10;6;0;1;147;0;1600;1487;6.3
12873;31904;1647.362609;6;0;1;125;0;1956;1441;5
12874;29200;1;6;0;0;100;0;1598;1538;3.9
12875;31880;450;6;0;1;147;0;1598;1503;7.1
12876;31835;1647.362609;6;0;1;125;1;1956;1633;5.4
12877;31515;1647.362609;6;0;1;125;1;1956;1582;5.3
12878;31459;100;6;0;1;123;0;1490;1487;5.6
12879;31318;1647.362609;6;0;1;100;0;1598;1500;4.3
12880;31000;7;6;0;0;100;0;1598;1567;4.9
12881;30999;10;6;0;0;103;0;1490;1441;5.6
12882;30990;1647.362609;6;0;1;103;0;1490;1440;5.9
12883;26490;7202;6;0;1;100;0;1598;1540;4.9
12884;26445;1647.362609;6;0;1;100;0;1598;1487;5.6
12885;30900;1647.362609;6;0;1;100;0;1598;1560;5
12886;30790;3300;6;0;1;100;0;1598;1503;5.4
12887;31904;1647.362609;6;0;1;125;0;1956;1441;5
12888;26379;5900;6;0;1;100;1;1598;1487;4.8
12889;26109;1;6;0;1;122;0;1490;1487;6.1
12890;25990;8;6;0;1;121;0;1490;1487;6.1
12891;26005;1647.362609;6;0;1;121;1;1490;1487;5.6
12892;25990;10;6;0;1;121;0;1490;1487;6
12893;26108;1;6;0;1;122;0;1490;1487;6.1
12894;26500;5;6;0;1;100;0;1600;1503;5.4
12895;25990;60;6;0;1;100;0;1598;1441;4.3
12896;25955;1647.362609;6;0;1;100;1;1598;1537;4.8
12897;25745;1647.362609;6;0;1;81;1;1598;1522;4.6
12898;25845;1647.362609;6;0;1;81;1;1598;1522;4.6
12899;25692;1647.362609;6;0;1;122;0;1490;1487;6
12900;25715;1647.362609;6;0;1;81;1;1598;1503;4.4
12901;25692;1647.362609;6;0;1;122;0;1490;1487;6
12902;30490;4569;6;0;1;81;0;1598;1487;4.6
12903;32799;1647.362609;6;0;1;121;0;1500;1487;5.6
12904;25980;1647.362609;6;0;1;125;0;1598;1503;5.2
12905;32793;1647.362609;6;0;1;125;0;1956;1487;6
12906;32500;300;6;0;1;125;0;1956;1582;5.5
12907;32525;1647.362609;6;0;1;147;1;1598;1503;6.1
12908;32705;1647.362609;6;0;1;147;1;1598;1537;6.3
12909;32490;10;6;0;1;147;0;1600;1487;6.3
12910;32490;10;6;0;1;100;0;1598;1503;4.8
12911;32490;10;6;0;1;147;0;1600;1487;6.3
12912;32490;10;6;0;1;147;0;1600;1487;6.3
12913;32489;8650;6;0;1;121;0;1490;1503;6
12914;32275;1647.362609;6;0;1;121;1;1490;1441;5.5
12915;32250;10;6;0;1;147;0;1600;1503;6
12916;31990;1000;6;0;1;100;0;1598;1503;4.8
12917;31990;8900;6;0;1;121;1;1500;1503;5.6
12918;31990;100;6;0;1;81;0;1598;1503;4.4
12919;31990;4832;6;0;1;100;0;1598;1487;5.6
12920;31990;8000;6;0;1;147;1;1598;1503;6.1
12921;31990;1402;6;0;1;100;0;1598;1503;5.4
12922;27999;9085;6;0;1;100;0;1598;1487;5.6
12923;27950;10;6;0;1;147;0;1600;1487;6.3
12924;27950;25;6;0;1;147;0;1598;1487;6.6
12925;27900;9999;6;0;1;103;0;1490;1341;5.7
12926;27900;6800;6;0;1;125;0;1598;1503;5.4
12927;27900;6800;6;0;1;125;0;1598;1503;5.4
12928;31999;5000;6;0;1;121;0;1490;1487;6.4
12929;27690;5555;6;0;1;81;0;1598;1522;4.6
12930;27594;1647.362609;6;0;1;125;1;1598;1666;5.7
12931;26990;10;6;0;1;103;1;1490;1441;5.7
12932;27490;1500;6;0;1;100;0;1598;1503;4.5
12933;27200;5;6;0;1;100;0;1600;1503;5.4
12934;27450;1647.362609;6;0;1;100;0;1598;1503;4.5
12935;26900;1;6;0;1;125;0;2000;1487;5.6
12936;26990;20;6;0;1;103;0;1490;1487;6
12937;39950;350;6;0;1;147;0;1598;1552;6.7
12938;26538;1647.362609;6;0;1;125;0;1956;1441;5
12939;39949;9500;6;0;1;154;1;1956;1733;7.1
12940;26538;1647.362609;6;0;1;125;0;1956;1441;5
12941;26511;1647.362609;6;0;1;147;0;1598;1503;6.1
12942;39950;10;8;0;1;154;0;2000;1487;7.1
12943;39960;11;8;0;1;154;0;1956;1733;7.1
12944;39950;1647.362609;8;0;1;125;0;1956;1613;5.5
12945;39850;1586;6;0;1;147;1;1598;1487;6.7
12946;39890;500;8;0;1;125;0;1956;1666;5.7
12947;39690;111;6;0;1;121;0;1490;1441;6
12948;39490;12500;6;0;1;146;0;1598;1452;6.4
12949;39850;8;8;0;1;125;0;1956;1487;5.7
12950;39945;19000;6;0;1;147;0;1598;1452;6.4
12951;39780;5700;8;0;1;125;0;1956;1503;6.6
12952;39590;1647.362609;6;0;1;121;0;1490;1472;6.1
12953;39490;1647.362609;6;0;1;121;0;1490;1472;5.9
12954;23007;1647.362609;6;0;1;81;0;1598;1487;4
12955;23000;1647.362609;6;0;1;103;0;1490;1441;5
12956;39450;10;8;0;1;154;1;2000;1487;7.1
12957;22999;7500;6;0;1;81;0;1600;1487;5.6
12958;23007;1647.362609;6;0;1;81;0;1598;1487;4
12959;23000;1647.362609;6;0;1;103;0;1490;1441;5
12960;39490;1647.362609;6;0;1;121;0;1490;1522;6.1
12961;22990;8;6;0;1;81;0;1598;2000;4
12962;22620;1647.362609;6;0;1;100;0;1598;1441;4
12963;22315;1647.362609;6;0;1;103;0;1490;1441;5.5
12964;22800;5000;6;0;1;81;0;1598;2000;4
12965;22328;1647.362609;6;0;1;103;0;1490;1487;5
12966;22328;1647.362609;6;0;1;103;0;1490;1487;5
12967;22315;1647.362609;6;0;1;103;0;1490;1441;5.5
12968;22280;1647.362609;6;0;1;81;0;1598;1503;4.3
12969;21992;1647.362609;6;0;1;81;0;1598;1487;4
12970;22120;1;6;0;1;103;0;1490;1441;5.5
12971;21704;1647.362609;6;0;1;121;0;1490;1441;5.7
12972;21900;1;6;0;1;100;0;1598;1503;4.3
12973;22167;1647.362609;6;0;0;103;0;1598;1487;6.1
12974;25625;1647.362609;6;0;0;100;1;1598;1503;4.6
12975;25615;1647.362609;6;0;0;81;1;1598;1503;4.4
12976;25568;1647.362609;6;0;0;103;0;1490;1441;5.5
12977;25500;9300;6;0;0;100;0;1598;1503;5.4
12978;25500;9300;6;0;0;100;0;1598;1503;5.4
12979;25475;1647.362609;6;0;0;103;1;1490;1487;5.6
12980;25464;1647.362609;6;0;0;147;0;1598;1503;6.1
12981;25568;1647.362609;6;0;0;103;0;1490;1441;5.5
12982;25436;1;6;0;0;104;0;1490;1487;6
12983;25464;1647.362609;6;0;0;147;0;1598;1503;6.1
12984;25435;1647.362609;6;0;0;81;1;1598;1522;4.6
12985;25415;1647.362609;6;0;0;147;1;1598;1503;6.1
12986;25375;1647.362609;6;0;0;100;0;1598;1487;4
12987;25382;1647.362609;6;0;0;120;0;1598;1487;6.1
12988;25375;1647.362609;6;0;0;147;1;1598;1537;6.3
12989;25375;1647.362609;6;0;0;100;0;1598;1487;4
12990;25295;1647.362609;6;0;0;81;1;1598;1503;4.4
12991;24999;5000;6;0;0;81;0;1600;1487;5.6
12992;24995;1;6;0;0;100;0;1598;1503;4.8
12993;24990;1501;6;0;1;100;0;1598;1503;4.3
12994;25165;1647.362609;6;0;1;103;1;1490;1487;5.6
12995;21704;1647.362609;6;0;1;121;0;1490;1441;5.7
12996;25155;1647.362609;6;0;1;121;1;1490;1441;5.5
12997;24950;125;6;0;1;121;0;1490;1441;6
12998;24900;1647.362609;6;0;1;103;1;1490;1487;5.6
12999;24890;3000;6;0;1;125;0;1956;1582;5.6
13000;24797;1647.362609;6;0;1;100;0;1598;1487;4
13001;24745;1647.362609;6;0;1;125;1;1956;1582;5.3
13002;24742;1;6;0;1;122;0;1490;1487;6.1
13003;24845;1647.362609;6;0;1;125;1;1956;1633;5.4
13004;24743;1;6;0;1;122;0;1490;1487;6.1
13005;24700;9800;6;0;1;100;0;1598;1503;4.2
13006;24323;1647.362609;6;0;1;122;0;1490;1441;6
13007;24315;1647.362609;6;0;1;103;1;1490;1441;5.5
13008;24625;1647.362609;6;0;1;103;1;1490;1441;5.5
13009;24203;1647.362609;6;0;1;100;0;1598;1487;4
13010;40990;15;8;0;1;147;0;1598;1487;6.6
13011;24257;1647.362609;6;0;0;120;0;1598;1503;6.1
13012;40990;1647.362609;6;0;0;147;0;1598;1552;6.7
13013;40990;1000;6;0;1;125;0;1956;1487;5.7
13014;40990;1647.362609;6;0;1;121;0;1490;1522;6.2
13015;40989;9999;8;0;1;154;1;1956;1503;6.9
13016;40980;7;8;0;1;125;0;1956;1613;5.5
13017;40670;1647.362609;6;0;1;121;0;1490;1503;6.1
13018;40990;5555;8;0;1;125;0;1956;1613;5.5
13019;40490;15;6;0;1;122;0;1490;1487;6.2
13020;24323;1647.362609;6;0;1;122;0;1490;1441;6
13021;39990;5555;8;0;1;125;0;1956;1613;5.5
13022;39990;1900;8;0;1;147;1;1598;1503;6.3
13023;39990;100;6;0;1;121;1;1490;1522;6.2
13024;40450;10;8;0;1;154;1;2000;1487;7.1
13025;39990;4000;8;0;1;154;0;1956;1772;7.1
13026;40450;10;8;0;1;154;1;2000;1487;7.1
13027;39990;14721;6;0;1;147;0;1600;1422;6.3
13028;24203;1647.362609;6;0;1;100;0;1598;1487;4
13029;24080;1647.362609;6;0;1;81;0;1598;1487;4
13030;39990;10788;6;0;1;121;0;1490;1452;6.2
13031;24070;1;6;0;1;104;0;1490;1487;6
13032;39990;5555;8;0;1;125;0;1956;1503;5.5
13033;39990;1647.362609;8;0;1;125;0;1956;1666;5.6
13034;23848;1647.362609;6;0;1;121;0;1490;1441;5.7
13035;23776;1647.362609;6;0;1;100;0;1598;1441;4
13036;23561;1647.362609;6;0;1;100;0;1598;1441;4
13037;23600;1;6;0;0;122;0;1490;1441;6
13038;23561;1647.362609;6;0;0;100;0;1598;1441;4
13039;23848;1647.362609;6;0;0;121;0;1490;1441;5.7
13040;23690;1647.362609;6;0;0;103;0;1490;1487;5
13041;23362;1647.362609;6;0;0;103;0;1490;1441;5.5
13042;23362;1647.362609;6;0;0;103;0;1490;1441;5.5
13043;23355;1;6;0;0;104;0;1490;1487;6
13044;23351;1;6;0;0;104;0;1490;1487;6
13045;23350;1;6;0;0;104;0;1490;1487;6
13046;23349;1;6;0;0;104;0;1490;1487;6
13047;39990;2500;8;0;1;125;1;2000;1487;5.7
13048;23187;1647.362609;6;0;1;100;0;1598;1487;4
13049;23187;1647.362609;6;0;1;100;0;1598;1487;4
13050;23025;1647.362609;6;0;1;103;0;1490;1487;5.6
13051;37950;10;8;0;1;154;0;2000;1487;7.1
13052;7650;161556;6;3;1;66;0;1461;1087;3.5
13053;13100;22000;6;3;1;66;0;1461;1276;3.5
13054;13000;33000;6;3;1;66;0;1461;1153;3.5
13055;12790;29830;6;2;1;66;0;1461;1265;3.5
13056;11490;66222;6;3;1;67;0;1461;1165;5
13057;13000;39200;6;3;1;87;0;1197;1239;5.4
13058;13990;10272;6;2;1;87;0;1197;1154;5.4
13059;12700;20000;6;3;1;88;0;1197;1079;5.4
13060;14280;16381;6;2;1;66;0;1461;1651;3.5
13061;14200;8500;6;2;1;66;0;1461;1228;5
13062;13950;19056;6;2;1;90;0;1461;1155;5
13063;13500;24000;5;1;1;66;0;1461;1235;4.2
13064;13900;20764;6;1;1;66;0;1461;1255;3.5
13065;14940;22300;6;1;1;87;1;1197;1165;5.4
13066;15485;28337;6;1;1;87;1;1197;1154;5.4
13067;13950;11100;6;1;1;87;0;1197;1165;5.4
13068;15599;18035.13007;6;1;1;88;0;1197;1087;5.3
13069;15485;28337;6;1;1;87;1;1197;1154;5.4
13070;15590;21210;6;1;1;87;0;1197;1165;5.4
13071;15600;10;6;0;1;66;0;1461;1280;4.1
13072;15590;17229;6;1;1;87;0;1197;1277;5.5
13073;15790;25899;6;1;1;87;1;1197;1300;5.3
13074;15790;25917;6;1;1;88;1;1197;1300;5.3
13075;15790;12671;6;1;1;87;1;1197;1165;5.3
13076;15928;100;6;1;1;88;1;1197;1087;5.4
13077;15928;100;6;1;1;88;1;1197;1087;5.4
13078;15928;100;6;1;1;88;1;1197;1087;5.4
13079;15928;100;6;1;1;88;1;1197;1087;5.4
13080;15990;9800;6;1;1;67;0;1461;1165;5
13081;15990;3356;6;1;1;88;0;1197;1165;5
13082;15990;13905;6;1;1;87;1;1197;1300;5.3
13083;15990;5509;6;1;1;88;0;1197;1119;5
13084;15990;22869;6;1;1;67;0;1461;1165;5
13085;15990;21085;6;1;1;67;0;1461;1119;5
13086;15990;5264;6;1;1;88;0;1197;1165;5
13087;15990;5711;6;1;1;87;1;1197;1165;5.4
13088;15990;19428;6;1;1;87;1;1197;1300;5.3
13089;15950;9000;6;1;1;87;1;1197;1087;5.4
13090;15950;13956;6;3;1;87;0;1197;1170;5.4
13091;15950;3744;6;2;1;88;0;1197;1065;5
13092;15990;6305;6;1;1;87;1;1197;1165;5.4
13093;15950;6000;6;1;1;66;0;1461;1228;3.5
13094;15950;7500;6;1;1;87;1;1197;1087;5.4
13095;15928;100;6;1;1;88;1;1197;1090;5.4
13096;15928;100;6;1;1;88;1;1197;1087;5.4
13097;15905;16800;6;1;1;88;0;1197;1165;5.4
13098;15928;100;6;1;1;88;1;1197;1087;5.4
13099;15945;63711;6;2;1;87;0;1197;1170;5.4
13100;15920;1647.362609;6;0;1;88;0;1197;1087;5.4
13101;15905;19000;6;1;1;88;1;1197;1165;5.4
13102;15905;16200;6;1;1;88;1;1197;1165;5.4
13103;15900;14280;6;1;1;87;0;1197;1165;5.4
13104;15900;7954;6;1;1;88;0;1197;1165;5
13105;15890;14629;6;1;1;87;1;1197;1165;5.4
13106;15890;13995;6;1;1;87;1;1197;1300;5.3
13107;15900;12508;6;1;1;66;0;1461;1717;3.5
13108;15900;31563;6;2;1;87;0;1197;1065;5.4
13109;15900;65550;6;3;1;88;0;1197;1139;5.2
13110;15798;1647.362609;6;0;1;66;0;1461;1235;4
13111;15875;19100;6;1;1;87;1;1197;1165;5.3
13112;15850;19900;6;1;1;87;0;1197;1154;5.5
13113;15875;19250;6;1;1;87;1;1197;1165;5.3
13114;15780;16700;6;1;1;87;0;1197;1165;5.4
13115;15750;12956;6;1;1;87;0;1197;1165;5.3
13116;15750;12956;6;1;1;87;1;1197;1300;5.3
13117;15690;100;6;1;1;88;1;1197;1087;5.4
13118;15750;49495;6;3;1;88;0;1197;1054;5.2
13119;15690;100;6;1;1;88;0;1197;1087;5
13120;15690;16040;6;1;1;87;1;1197;1300;5.3
13121;15652;100;6;1;1;88;1;1197;1087;5.4
13122;15650;10;6;1;1;88;0;1197;1087;5.4
13123;15790;23650;6;1;1;87;0;1197;1165;5.3
13124;15500;11000;6;2;1;87;0;1197;1154;5.4
13125;15600;10;6;0;1;66;0;1461;1280;4.1
13126;15650;20200;6;1;1;87;0;1197;1087;5.4
13127;15490;24957;6;2;1;87;0;1197;1154;5.4
13128;15500;11300;6;1;1;87;0;1197;1087;5.4
13129;15490;23017;6;1;1;87;1;1197;1165;5.4
13130;15500;19847;6;1;1;87;0;1197;1087;5.4
13131;15490;9424;6;2;1;87;1;1197;1165;5.3
13132;15490;10;6;1;1;67;0;1461;1119;5
13133;15490;19014;6;1;1;87;1;1197;1154;5.4
13134;15490;19308;6;1;1;87;1;1197;1165;5.4
13135;15485;28337;6;1;1;87;1;1197;1154;5.4
13136;15485;22439;6;1;1;87;1;1197;1154;5.4
13137;15485;22439;6;1;1;87;1;1197;1154;5.4
13138;15485;28337;6;1;1;87;1;1197;1154;5.4
13139;14990;14980;6;1;2;87;1;1197;1087;5.4
13140;14990;13900;6;2;1;87;1;1197;1270;5.4
13141;14990;20261;6;3;1;56;0;1197;1087;5
13142;14990;14424;6;1;2;87;1;1197;1165;5.4
13143;14990;28059;6;1;2;66;0;1461;1717;3.9
13144;14987;1647.362609;6;0;1;66;0;1461;1185;3
13145;15200;3500;6;0;1;66;0;1461;1152;3.5
13146;15490;10;6;1;2;66;0;1461;1717;3.5
13147;15000;58000;6;3;1;162;0;1618;1279;5.9
13148;14990;17081;6;2;1;87;0;1197;1087;5.4
13149;14990;8900;6;3;1;88;0;1197;1079;5.4
13150;14985;26077;6;1;1;87;1;1197;1154;5.4
13151;14987;1647.362609;6;0;1;66;0;1461;1185;3
13152;14985;26077;6;1;1;87;1;1197;1154;5.4
13153;14980;22494;6;3;2;87;0;1197;1119;5
13154;14990;14500;6;1;1;87;1;1197;1154;5.4
13155;14950;42999;6;3;2;56;0;1197;1128;3.7
13156;14950;1386;6;2;1;87;0;1197;1165;5.4
13157;14950;53332;6;3;1;88;0;1197;1170;5.4
13158;14950;15912;6;1;1;87;0;1197;1154;5.4
13159;14950;22013;6;2;1;90;0;1461;1155;5
13160;14950;6649;6;1;1;87;0;1197;1154;5.4
13161;14950;15689;6;2;1;90;0;1461;1155;5
13162;14950;12000;6;2;1;87;0;1197;1165;5.4
13163;14940;22638;6;1;1;87;0;1197;1165;5.4
13164;14990;53800;6;2;1;88;0;1197;1164;5.4
13165;14990;16130;6;1;1;88;1;1197;1165;5.4
13166;14990;22607;6;2;1;67;0;1461;1119;5
13167;14990;11687;6;1;1;88;0;1197;1119;5.4
13168;14990;34334;5;1;1;66;0;1461;1235;4
13169;14990;35912;6;2;1;66;0;1461;1119;3.9
13170;14990;23000;6;1;1;87;0;1197;1087;5.4
13171;14990;27900;6;3;1;87;1;1197;1165;5.4
13172;14990;14400;6;1;1;87;0;1197;1087;5.4
13173;14990;28517;6;3;1;87;0;1197;1090;5.4
13174;14990;24400;6;1;1;87;1;1197;1087;5.4
13175;14990;25600;6;1;1;87;1;1197;1087;5.4
13176;14990;19528;6;2;1;88;0;1197;1664;5
13177;14990;16600;6;1;1;87;0;1197;1087;5.4
13178;15485;28337;6;1;1;87;1;1197;1154;5.4
13179;15485;22735;6;1;1;87;1;1197;1154;5.4
13180;15485;27188;6;1;1;87;1;1197;1154;5.4
13181;15485;27188;6;1;1;87;1;1197;1154;5.4
13182;15485;21939;6;1;1;87;1;1197;1154;5.4
13183;15485;27188;6;1;1;87;1;1197;1154;5.4
13184;15485;27188;6;1;1;87;1;1197;1154;5.4
13185;15485;19377;6;1;1;87;1;1197;1154;5.4
13186;15485;19377;6;1;1;87;1;1197;1154;5.4
13187;15485;27188;6;1;1;87;1;1197;1154;5.4
13188;15480;16100;6;1;1;87;0;1197;1190;5.3
13189;15480;21900;6;1;1;87;1;1197;1165;5.3
13190;15480;6586;6;1;1;88;0;1197;1165;5
13191;15470;17456;6;1;1;87;1;1197;1087;5.4
13192;15450;52972;6;3;1;88;0;1197;1065;5.2
13193;15450;17790;6;1;1;87;1;1197;1087;5.3
13194;15400;36780;6;2;1;66;0;1461;1153;3.5
13195;15290;13520;6;2;1;56;0;1197;1087;5
13196;13900;31011;6;2;1;88;0;1197;1165;5
13197;13900;42504;6;3;1;88;0;1197;1165;5.4
13198;13850;6800;6;2;1;87;0;1197;1154;5.4
13199;13800;12000;6;2;1;87;0;1197;1154;5.4
13200;13800;13500;6;2;1;66;0;1461;1651;3.5
13201;13800;35000;6;3;1;87;0;1197;1239;5.4
13202;13800;20110;6;1;1;66;1;1461;1165;3.5
13203;13800;11000;6;2;1;66;0;1461;1165;3.5
13204;13690;28300;6;1;1;87;1;1197;1154;5.4
13205;13690;37083;6;2;1;88;0;1197;1119;5
13206;13670;17087;6;2;1;88;0;1197;1090;5.3
13207;13600;1647.362609;6;0;0;66;0;1461;1280;4.1
13208;13600;1;6;0;1;66;0;1461;1280;4.1
13209;13550;9500;6;1;1;66;0;1461;1276;3.5
13210;13500;70760;6;3;1;87;0;1197;1054;5.4
13211;13500;34500;6;2;1;66;0;1461;1165;3.5
13212;14925;50253;6;2;1;88;0;1197;1065;5.4
13213;14900;36500;6;2;1;88;0;1197;1090;5.4
13214;14900;4523;6;2;1;66;0;1461;1717;5
13215;14900;75161;6;2;1;87;0;1197;1170;5.4
13216;14890;17286;6;1;1;87;0;1197;1165;5.4
13217;14890;19500;6;2;1;87;1;1197;1270;5.4
13218;14870;24473;6;1;1;87;0;1197;1270;5.4
13219;14899;990;6;1;1;87;0;1197;1165;5.4
13220;14900;2347;6;1;1;87;1;1197;1154;5.4
13221;14870;24473;6;1;1;87;0;1197;1119;5.4
13222;14870;24473;6;1;1;87;0;1197;1270;5.4
13223;14870;24473;6;1;1;87;0;1197;1270;5.4
13224;14870;24473;6;1;1;87;0;1197;1270;5.4
13225;14870;24473;6;1;1;87;0;1197;1119;5.4
13226;14870;24473;6;1;1;87;0;1197;1270;5.4
13227;14870;24473;6;1;1;87;0;1197;1270;5.4
13228;14870;24473;6;1;1;87;0;1197;1270;5.4
13229;14790;18051;6;2;1;67;0;1461;1165;5
13230;14870;24473;6;1;1;87;0;1197;1270;5.4
13231;14150;6800;6;2;1;87;0;1197;1154;5.4
13232;14790;48601;6;3;1;88;0;1200;1054;5.2
13233;14000;19000;6;1;1;88;0;1197;1090;5.4
13234;13999;22071;6;1;1;87;1;1197;1165;5.3
13235;13995;35661;6;3;1;88;1;1197;1119;5.2
13236;13990;9913;6;3;1;66;0;1461;1228;3.5
13237;13990;71390;6;3;1;162;1;1618;1087;5.9
13238;13990;68325;6;3;1;66;0;1461;1717;3.5
13239;13990;33875;6;3;1;88;1;1197;1165;5.4
13240;13990;14941;6;1;1;67;0;1461;1165;5
13241;13990;43384;6;3;1;67;0;1461;1165;5
13242;13990;41800;6;3;1;88;0;1197;1119;5.9
13243;13990;23800;6;3;1;87;1;1197;1087;5.4
13244;13990;28185;6;2;1;88;0;1197;1165;5
13245;13950;10;6;3;1;66;0;1461;1228;3.5
13246;14750;17000;6;2;1;87;0;1197;1165;5
13247;14699;16000;6;1;1;66;0;1461;1280;3.5
13248;14650;1034;6;2;1;66;0;1461;1165;3
13249;13980;23850;6;2;2;87;0;1197;1087;5.4
13250;14740;37828;6;3;1;88;0;1197;1054;5
13251;13950;20900;6;1;1;88;0;1149;1087;5.2
13252;14590;19863;6;3;1;88;0;1197;1165;5
13253;14506;1647.362609;6;0;1;66;0;1461;1071;3
13254;14506;1647.362609;6;0;1;66;0;1461;1071;3
13255;14500;15000;6;3;1;88;0;1199;1090;5.2
13256;14500;12150;6;2;2;66;0;1461;1228;3.5
13257;14495;3000;5;0;1;66;0;898;1087;4.7
13258;14490;17188;6;1;1;87;0;1197;1087;5.4
13259;14480;30543;6;1;1;67;0;1461;1165;5
13260;14460;7327;6;2;2;87;1;1197;1165;5
13261;14490;9145;6;1;1;67;0;1461;1119;5
13262;14440;26500;6;2;2;87;1;1461;1119;5
13263;14400;26879;6;1;1;87;1;1197;1087;5
13264;14450;8750;6;3;1;87;1;1197;1165;5.4
13265;12650;46000;6;3;1;66;0;1461;1228;3.5
13266;14400;21012;6;1;1;87;1;1197;1087;5
13267;12600;31214;6;2;1;88;0;1197;1090;5.2
13268;14290;37065;6;3;1;56;0;1197;1087;5
13269;12550;46668;6;3;1;87;1;1197;1165;5
13270;12545;23491;6;3;1;88;0;1197;1079;5.4
13271;12590;40676;6;2;1;87;0;1197;1119;5.4
13272;12545;23491;6;3;1;88;0;1197;1079;5.4
13273;12545;23491;6;3;1;88;0;1197;1079;5.4
13274;12545;23491;6;3;1;88;0;1197;1079;5.4
13275;12545;23491;6;3;1;88;0;1197;1079;5.4
13276;12545;23491;6;3;1;88;0;1197;1079;5.4
13277;12545;23491;6;3;1;88;0;1197;1079;5.4
13278;12545;23491;6;3;1;88;0;1197;1079;5.4
13279;12545;23491;6;3;1;88;0;1197;1079;5.4
13280;12545;23491;6;3;1;88;0;1197;1079;5.4
13281;12500;55000;6;3;1;88;0;1197;1090;5.2
13282;12490;28500;6;3;2;88;0;1197;1119;5.4
13283;13390;31356;6;2;1;87;0;1197;1087;5.4
13284;13390;31356;6;2;1;87;0;1197;1087;5.4
13285;12545;23491;6;3;2;88;0;1197;1079;5.4
13286;13390;31356;6;2;1;87;0;1197;1087;5.4
13287;13390;31356;6;2;1;87;0;1197;1087;5.4
13288;13390;31356;6;2;1;87;0;1197;1087;5.4
13289;13390;31356;6;2;1;87;0;1197;1087;5.4
13290;13390;31356;6;2;1;87;0;1197;1087;5.4
13291;13390;31356;6;2;1;87;0;1197;1087;5.4
13292;13390;31356;6;2;1;87;0;1197;1087;5.4
13293;13390;31356;6;2;1;87;0;1197;1087;5.4
13294;13390;31356;6;2;1;87;0;1197;1087;5.4
13295;13390;31356;6;2;1;87;0;1197;1087;5.4
13296;13390;31356;6;2;1;87;0;1197;1087;5.4
13297;13300;59897;6;3;1;66;0;1461;1071;3.5
13298;13250;20500;6;3;2;88;1;1197;1119;5.2
13299;13200;24700;6;1;1;87;0;1197;1090;5
13300;13390;31356;6;2;1;87;0;1197;1087;5.4
13301;13200;14610;6;3;2;88;0;1197;1165;5
13302;13390;31356;6;2;1;87;0;1197;1087;5.4
13303;13280;14000;6;2;1;66;0;1461;1165;3.5
13304;12000;32713;6;2;1;66;0;1461;1276;3.4
13305;12400;41748.57692;6;2;1;66;0;1461;1165;5
13306;12000;32713;6;2;1;66;0;1461;1276;3.4
13307;12000;10100;6;2;1;66;0;1461;1228;3.5
13308;12000;55000;6;3;1;87;0;1197;1154;5.4
13309;12000;32713;6;2;1;66;0;1461;1276;3.4
13310;12000;37000;6;3;1;66;0;1461;1260;3.3
13311;11999;27840;6;3;1;87;0;1197;1154;5.4
13312;11990;19100;6;3;1;87;0;1197;1686;5.4
13313;11990;17890;6;3;1;88;0;1197;1165;5.4
13314;11950;93473;6;3;1;66;0;1461;1128;3.5
13315;11900;25500;6;3;1;66;0;1461;1180;3.5
13316;11900;120964;6;3;1;87;0;1197;1139;5.4
13317;11900;29000;6;2;1;87;0;1197;1165;5.4
13318;11990;73300;6;3;1;66;0;1461;1165;5
13319;11900;75022;6;2;1;66;0;1461;1228;5
13320;11800;35000;5;3;1;81;0;1461;1146;3.5
13321;11750;23300;6;3;1;87;0;1197;1154;5.4
13322;11890;46000;6;2;1;87;0;1197;1165;5
13323;13490;19296;6;1;1;66;0;1461;1071;3.5
13324;13495;37600;6;3;1;87;1;1197;1087;5.3
13325;13470;22914;6;3;1;66;0;1461;1165;5
13326;13490;36200;6;3;1;66;0;1461;1228;3.5
13327;13400;7;6;1;1;66;0;1461;1228;3.5
13328;13390;31356;6;2;1;87;0;1197;1087;5.4
13329;13450;12176;6;2;1;87;1;1197;1165;5.4
13330;13390;31356;6;2;1;87;0;1197;1087;5.4
13331;13400;17547;6;3;1;87;0;1197;1239;5.4
13332;13445;45000;6;3;1;88;1;1197;1239;5.4
13333;13390;31356;6;2;1;87;0;1197;1087;5.4
13334;13390;31356;6;2;1;87;0;1197;1087;5.4
13335;13390;31356;6;2;1;87;0;1197;1087;5.4
13336;13390;31356;6;2;1;87;0;1197;1087;5.4
13337;13390;31356;6;2;1;87;0;1197;1087;5.4
13338;13390;31356;6;2;1;87;0;1197;1087;5.4
13339;13390;31356;6;2;1;87;0;1197;1087;5.4
13340;13390;31356;6;2;1;87;0;1197;1087;5.4
13341;13390;31356;6;2;1;87;0;1197;1087;5.4
13342;13390;31356;6;2;1;87;0;1197;1087;5.4
13343;11600;20000;6;1;1;66;0;1461;1228;3.5
13344;11500;17000;6;3;1;66;0;1461;1119;5
13345;11500;32713;6;2;1;66;0;1461;1276;3.4
13346;11500;32713;6;2;1;66;0;1461;1276;3.4
13347;11600;47000;6;2;1;88;0;1197;1164;5.4
13348;11500;32713;6;2;1;66;0;1461;1276;3.4
13349;11500;32713;6;2;1;66;0;1461;1276;3.4
13350;11500;32713;6;2;1;66;0;1461;1276;3.4
13351;11500;32713;6;2;1;66;0;1461;1276;3.4
13352;11500;32713;6;2;1;66;0;1461;1276;3.4
13353;11500;32713;6;2;1;66;0;1461;1276;3.4
13354;11500;32713;6;2;1;66;0;1461;1276;3.4
13355;11500;32713;6;2;1;66;0;1461;1276;3.4
13356;11500;32713;6;2;1;66;0;1461;1276;3.4
13357;11500;32713;6;2;1;66;0;1461;1276;3.4
13358;11500;32713;6;2;1;66;0;1461;1276;3.4
13359;11500;32713;6;2;1;66;0;1461;1276;3.4
13360;12999;20000;6;3;1;87;0;1197;1154;5.4
13361;12990;24043;6;1;1;87;1;1197;1165;5.4
13362;12990;17557;6;1;1;66;0;1461;1717;3.5
13363;11500;32713;6;2;1;66;0;1461;1276;3.4
13364;12990;20842;6;1;2;66;1;1461;1087;3.3
13365;12980;19000;6;2;1;66;0;1461;1165;3.5
13366;11500;32713;6;2;1;66;0;1461;1276;3.4
13367;12960;4529;6;2;1;66;0;1461;1180;3.5
13368;12950;4529;6;2;1;66;0;1461;1180;3.5
13369;12950;29790;6;2;1;66;0;1461;1165;3.5
13370;12900;35000;6;3;1;87;0;1197;1154;5.4
13371;12900;19000;6;2;1;87;0;1197;1563;5.4
13372;12900;40327;6;2;1;66;0;1461;1717;3.5
13373;12900;21904;6;2;1;87;0;1197;1563;5.4
13374;12860;21788;6;2;1;87;0;1197;1090;5.4
13375;10500;26000;6;1;2;87;0;1197;1154;5.4
13376;12860;28916;6;2;1;88;0;1197;1090;5.4
13377;12850;60000;6;3;1;66;0;1461;1228;3.5
13378;12800;34732;6;2;1;66;0;1461;1228;3.5
13379;10000;70000;6;3;1;66;0;1500;1165;5
13380;10490;50601;5;3;1;66;0;1461;1209;3.3
13381;10000;80000;6;3;1;66;0;1461;1119;5
13382;9990;12000;5;2;1;66;0;1461;1260;3.3
13383;9999;42000;6;2;1;66;0;1461;1276;3.5
13384;9900;51000;6;2;1;66;0;1461;1214;3.3
13385;9900;14230;6;3;1;66;0;1197;1087;5
13386;9790;93968;6;3;1;66;0;1461;1717;3.5
13387;9690;91000;6;3;1;66;0;1461;1165;3.5
13388;9500;90000;6;3;1;66;0;1461;1071;3.7
13389;9500;58000;6;3;1;66;0;1461;1228;3.5
13390;9500;93000;6;3;2;66;0;1461;1255;3.5
13391;8900;89910;6;2;1;66;0;1461;1165;3.5
13392;8699;125333;5;3;2;66;0;1461;1146;3.3
13393;8350;133523;6;3;1;66;0;1461;1165;5
13394;8490;23863;6;3;1;55;0;1461;1165;5
13395;8350;133523;6;3;1;66;0;1461;1165;5
13396;8350;133523;6;3;1;66;0;1461;1165;5
13397;11400;63000;6;3;2;87;1;1197;1087;5.2
13398;11400;63000;6;3;2;87;1;1197;1165;5.2
13399;11300;28000;6;2;1;87;0;1197;1154;5.4
13400;11206;67930;6;3;1;66;0;1461;1165;5
13401;11000;48000;6;3;1;66;0;1461;1165;5
13402;11000;38000;6;2;1;66;0;1461;1228;3.5
13403;11390;60892;6;3;1;66;0;1461;1228;3.5
13404;10990;50000;6;2;1;66;0;1461;1228;3.5
13405;10990;15559;6;2;1;66;0;1461;1717;3.5
13406;10945;92000;6;3;1;66;1;1461;1119;5
13407;10950;36600;6;3;1;88;0;1197;1165;5.2
13408;10900;47000;6;2;1;66;0;1461;1153;3.5
13409;10900;64103;6;3;1;66;0;1461;1152;3.5
13410;10800;51985;6;3;1;87;1;1197;1087;5.4
13411;10900;43000;6;3;1;66;0;1461;1119;3.5
13412;10800;18035.13007;6;1;2;66;0;1461;1228;3.5
13413;10590;34000;6;3;1;66;1;1461;1228;3.5
13414;10700;34000;5;3;1;66;0;1461;1146;3.2
13415;10500;78851;6;3;1;66;0;1461;1165;3.5
13416;10500;23000;6;2;1;66;0;1461;1121;3.6
13417;15990;18199;6;1;2;87;0;1197;1154;5.4
13418;6490;55800;5;3;1;55;0;1461;1071;3.6
13419;7490;56485;5;2;1;55;0;1461;1165;3.3
13420;6490;112000;5;3;1;55;0;1461;1087;3.3
13421;7900;26255;5;2;1;55;0;1461;1209;3.3
13422;7500;140000;5;3;1;55;0;1461;1162;4
13423;7900;19282;5;2;1;55;0;1461;1209;3.3
13424;7900;26255;5;2;1;55;0;1461;1209;3.3
13425;7900;20971;5;2;1;55;0;1461;1209;3.3
13426;7900;20971;5;2;1;55;0;1461;1209;3.3
13427;7990;76021;5;3;1;67;0;1461;1165;5
13428;7990;2880;5;2;1;53;0;1461;1165;5
13429;7990;87030;5;3;1;55;0;1461;1071;3.6
13430;8290;23724;5;2;1;54;0;1149;1165;5
13431;8290;104171;5;3;1;55;0;1461;1165;3.3
13432;8300;80000;5;3;1;55;0;1461;1146;3.3
13433;8200;95000;5;3;1;66;0;898;1092;4.7
13434;8299;120000;5;3;1;55;0;1461;1260;3.3
13435;8290;39748;5;3;1;56;0;1461;1209;3.45
13436;8300;29000;5;3;1;55;0;1461;1260;3.3
13437;8290;50207;5;3;1;66;0;1461;1260;3.3
13438;8490;19700;5;3;1;54;0;1149;1059;5.6
13439;8500;30000;5;2;1;66;0;1461;1087;3.2
13440;8500;77000;5;2;1;66;0;898;1115;5
13441;8490;49178;5;3;2;54;0;1149;1119;5.4
13442;8490;49178;5;3;2;54;0;1149;1119;5.4
13443;8490;49178;5;3;2;54;0;1149;1119;5.4
13444;8490;49178;5;3;2;54;0;1149;1119;5.4
13445;8500;56111;5;3;1;54;0;1149;1119;5
13446;8490;49178;5;3;2;54;0;1149;1119;5.4
13447;8490;49178;5;3;2;54;0;1149;1119;5.4
13448;8490;49178;5;3;2;54;0;1149;1119;5.4
13449;8490;49178;5;3;2;54;0;1149;1119;5.4
13450;8490;49178;5;3;2;54;0;1149;1119;5.4
13451;8490;49178;5;3;2;54;0;1149;1119;5.4
13452;8490;49178;5;3;2;54;0;1149;1119;5.4
13453;8490;49178;5;3;2;54;0;1149;1119;5.4
13454;8490;49178;5;3;2;54;0;1149;1119;5.4
13455;8490;49178;5;3;2;54;0;1149;1119;5.4
13456;8490;49178;5;3;2;54;0;1149;1119;5.4
13457;8490;49178;5;3;2;54;0;1149;1119;5.4
13458;8490;49178;5;3;2;54;0;1149;1119;5.4
13459;8490;49178;5;3;2;54;0;1149;1119;5.4
13460;8490;49178;5;3;2;54;0;1149;1119;5.4
13461;8490;49178;5;3;2;54;0;1149;1119;5.4
13462;8490;49178;5;3;2;54;0;1149;1119;5.4
13463;8490;49178;5;3;2;54;0;1149;1119;5.4
13464;8490;49178;5;3;2;54;0;1149;1119;5.4
13465;8490;49178;5;3;2;54;0;1149;1119;5.4
13466;8490;49178;5;3;2;54;0;1149;1119;5.4
13467;8490;39990;5;1;2;55;0;1461;1165;5
13468;8490;41820;5;2;1;55;0;1461;1165;3.3
13469;8490;49178;5;3;2;54;0;1149;1119;5.4
13470;8490;49178;5;3;2;54;0;1149;1119;5.4
13471;8490;38733;5;2;1;55;0;1461;1165;3.3
13472;8490;43709;5;2;1;55;0;1149;1059;5
13473;8490;23110;5;2;1;55;0;1461;1165;3.3
13474;8490;32481;5;2;1;55;0;1149;1059;5
13475;8490;38046;5;2;1;55;0;1149;1059;5
13476;8490;48597;5;3;2;55;0;1149;1059;5
13477;8490;39170;5;3;1;54;0;1149;1141;5.6
13478;8490;69315;5;2;1;55;0;1461;1165;3.3
13479;8490;49600;5;3;1;66;0;1461;1071;3
13480;8490;39148;5;3;2;54;1;1149;1165;5.6
13481;8500;48648;5;2;1;54;0;1149;1087;5.6
13482;8490;51490;5;3;2;54;0;1149;1087;5.6
13483;8490;50100;5;3;2;54;1;1149;1087;5.6
13484;8490;42210;5;2;1;54;0;1149;1119;5
13485;8490;56118;5;2;1;55;0;1461;1165;3.2
13486;8500;52000;5;2;1;55;0;1461;1071;3.6
13487;8499;77000;5;3;1;55;0;1149;1052;5.5
13488;8499;76019;5;3;1;55;0;1461;1209;3.6
13489;8499;93000;5;3;1;55;0;1461;1194;3.6
13490;8499;37801;5;3;1;66;0;1461;1071;3
13491;8499;45000;5;3;1;66;0;1461;1071;3
13492;8490;86213;5;3;1;56;0;1461;1209;3.45
13493;8490;95000;5;3;1;55;0;1461;1260;3.3
13494;8490;33445;5;3;1;54;1;1149;1058;5.6
13495;8490;78680;5;3;1;55;0;1149;1118;5.5
13496;8490;25150;5;3;1;54;1;1149;1055;5.5
13497;8490;143258;5;3;1;67;0;1461;1165;5
13498;8490;83464;5;3;1;55;0;1461;1165;3.5
13499;8490;11658;5;2;1;54;1;1149;1165;5.6
13500;8490;99495;5;3;1;56;0;1461;1165;5
13501;8490;42208;5;3;1;54;1;1149;1165;5.6
13502;8480;81630;5;3;1;66;1;1461;1119;3.3
13503;8480;49;5;1;1;55;0;1461;1162;4
13504;8480;33000;5;1;1;54;0;1149;1141;5.6
13505;8480;122617;5;3;1;55;0;1461;1165;3.3
13506;8470;87860;5;3;1;66;0;1461;1119;5
13507;8450;84000;5;3;1;55;0;1461;1087;3.3
13508;8470;84500;5;3;1;55;0;1461;1071;3
13509;8450;84000;5;3;1;55;0;1461;1087;3.3
13510;8450;60000;5;3;1;55;0;1149;977;5.6
13511;8450;84000;5;3;1;55;0;1461;1651;3.6
13512;8450;112372;5;3;1;66;0;898;1084;4.7
13513;8450;54000;5;2;1;54;1;1149;1119;5.7
13514;8450;84000;5;3;1;55;0;1461;1087;3.3
13515;8490;65372;5;2;1;66;0;1461;1165;3.2
13516;8450;72049;5;3;1;54;1;1149;1087;5.6
13517;8200;84000;5;3;1;55;0;1461;1071;3.6
13518;8200;25290;5;2;1;54;1;1200;1087;5
13519;8199;23300;5;3;1;54;0;1149;1052;5.6
13520;8190;115000;5;2;1;55;0;1500;1165;5
13521;8150;51304;5;2;1;55;0;1461;1165;3.3
13522;8190;44023;5;3;1;56;0;1461;1209;3.45
13523;8150;35774;5;2;1;55;0;1461;1165;3.3
13524;8190;48260;5;3;1;66;0;1461;1196;3.3
13525;8150;33285;5;2;1;55;0;1461;1165;3.3
13526;8150;30012;5;2;1;55;0;1461;1165;3.3
13527;8150;29766;5;2;1;55;0;1461;1165;3.3
13528;8150;121226;5;3;1;55;0;1461;1165;5
13529;8150;121226;5;3;1;55;0;1461;1165;5
13530;8150;121226;5;3;1;55;0;1461;1165;5
13531;8150;121226;5;3;1;55;0;1461;1165;5
13532;8100;50052;5;2;1;55;0;1461;1165;3.3
13533;8100;48072;5;2;1;55;0;1461;1165;3.3
13534;8100;61000;5;3;1;55;0;1461;1087;3.3
13535;8080;59679;5;2;1;55;0;1461;1165;3.3
13536;8000;84000;5;3;1;54;0;1149;1055;5.6
13537;8000;120500;5;3;1;66;0;1461;1209;3.3
13538;7999;84108;5;3;1;66;0;898;1009;4.5
13539;7999;111645;5;3;1;55;0;1461;1146;3.6
13540;7999;42780;5;3;1;54;1;1149;1105;5.5
13541;7999;32000;5;2;1;54;0;1149;1134;5.6
13542;7999;88000;5;3;1;55;0;1461;1071;3
13543;7999;110003;5;3;1;66;0;1461;1260;3.3
13544;7990;72945;5;3;1;66;1;1461;1119;5
13545;8400;72573;5;3;1;55;0;1461;1146;3.3
13546;7990;85800;5;3;1;66;0;1500;1165;5
13547;8400;35305;5;3;1;54;0;1149;1165;5
13548;8400;54000;5;3;1;66;0;1461;1146;3.3
13549;8400;23000;5;2;1;55;0;1461;1209;3.3
13550;8400;35000;5;3;1;66;0;898;1084;4.7
13551;8400;23000;5;2;1;55;0;1461;1209;3.3
13552;8400;50000;5;3;1;55;0;1149;977;5.6
13553;8400;39414;5;3;1;55;0;1461;1260;3.3
13554;8400;32536;5;3;1;55;0;1461;1260;3.3
13555;8400;95000;5;3;1;55;0;1461;1071;3
13556;8400;23000;5;2;1;55;0;1461;1209;3.3
13557;8399;66000;5;2;3;55;0;1461;1162;3.3
13558;8399;26743;5;3;1;54;1;1149;1087;5.6
13559;8380;74000;5;3;2;54;0;1149;1052;5.6
13560;7990;106000;5;3;2;55;0;1461;1165;5
13561;8390;93921;5;3;2;55;0;1461;1165;5
13562;8350;45000;5;3;2;55;0;1461;1651;3.6
13563;7990;58356;5;3;2;55;0;1461;1165;3.2
13564;7990;53000;5;2;1;55;0;1461;1087;3.3
13565;8350;59000;5;3;3;66;0;898;1087;4.3
13566;7990;52000;5;3;1;55;0;1461;1071;3.6
13567;7990;38329;5;3;1;55;0;1461;1165;3.3
13568;7990;59171;5;2;1;56;0;1461;1209;3.45
13569;7990;60632;5;2;1;55;0;1461;1165;3.3
13570;8000;45000;5;3;1;54;0;1149;1055;5.6
13571;8000;89000;5;3;1;55;0;1461;1146;3.3
13572;7970;34264;5;2;1;55;0;1461;1209;3.3
13573;7980;79980;5;3;1;56;0;1461;1165;5
13574;7970;141600;5;3;1;55;0;1461;1071;3
13575;7980;47870;5;2;1;55;0;1461;1209;3.3
13576;7950;51064;5;1;1;66;0;1461;1157;3.2
13577;7950;81000;5;3;1;55;0;1461;1087;3.3
13578;7950;37800;5;3;1;55;0;1149;1059;5.6
13579;7950;93000;5;3;1;55;0;1461;1087;3.3
13580;7950;81000;5;3;1;55;0;1461;1087;3.3
13581;7950;93000;5;3;1;55;0;1461;1087;3.3
13582;7950;48000;5;3;1;55;0;1461;1087;3.3
13583;7950;48000;5;3;1;55;0;1461;1087;3.3
13584;7950;86000;5;2;0;55;0;1461;1165;3.3
13585;7950;48000;5;3;1;55;0;1461;1087;3.3
13586;7950;68900;5;3;1;56;0;1500;1165;5
13587;7950;68900;5;3;1;56;1;1500;1165;5
13588;7950;93000;5;3;1;55;0;1461;1651;3.6
13589;7950;81000;5;3;1;55;0;1461;1651;3.6
13590;7950;48000;5;3;1;55;0;1461;1162;3.3
13591;7950;81000;5;3;1;55;0;1461;1087;3.3
13592;7950;76000;5;2;1;55;0;1461;1071;3.6
13593;7950;93000;5;3;1;55;0;1461;1087;3.3
13594;7950;107291;5;3;1;55;0;1461;1146;3.3
13595;7950;66000;5;3;1;55;0;1461;1087;3.3
13596;7950;66000;5;3;1;55;0;1461;1087;3.3
13597;7950;66000;5;3;1;55;0;1461;1087;3.3
13598;7900;126000;5;3;1;66;0;1461;1121;5
13599;7900;45206;5;2;1;55;0;1461;1209;3.3
13600;7900;89000;5;3;1;55;0;1461;1146;3.6
13601;7900;45206;5;2;1;55;0;1461;1209;3.3
13602;7900;45206;5;2;1;55;0;1461;1209;3.3
13603;7900;59000;5;3;1;66;0;1461;1209;3.3
13604;7900;45206;5;2;1;55;0;1461;1209;3.3
13605;7900;45206;5;2;1;55;0;1461;1209;3.3
13606;7900;91000;5;3;1;54;0;1149;980;5.6
13607;7900;85300;5;3;1;54;0;1149;1165;5
13608;7900;45206;5;2;1;55;0;1461;1209;3.3
13609;7900;41000;5;2;1;54;0;1149;1055;5.6
13610;7900;82000;5;2;1;55;0;1461;1071;3.6
13611;7900;98000;5;3;1;55;0;1461;1071;3.6
13612;7900;45000;5;3;1;55;0;1461;1162;3.3
13613;7900;26255;5;2;1;55;0;1461;1209;3.3
13614;7900;20971;5;2;1;55;0;1461;1209;3.3
13615;7900;19282;5;2;1;55;0;1461;1209;3.3
13616;7900;20971;5;2;1;55;0;1461;1209;3.3
13617;7900;26255;5;2;1;55;0;1461;1209;3.3
13618;7900;19282;5;2;1;55;0;1461;1209;3.3
13619;7900;19282;5;2;1;55;0;1461;1209;3.3
13620;7900;19282;5;2;1;55;0;1461;1209;3.3
13621;7900;20971;5;2;1;55;0;1461;1209;3.3
13622;7900;26255;5;2;1;55;0;1461;1209;3.3
13623;7900;70000;5;3;1;55;0;1461;1087;3.3
13624;7900;20971;5;2;1;55;0;1461;1209;3.3
13625;7900;19282;5;2;1;55;0;1461;1209;3.3
13626;7900;26255;5;2;1;55;0;1461;1209;3.3
13627;7900;70000;5;3;1;55;0;1461;1087;3.3
13628;7900;70000;5;3;1;55;0;1461;1087;3.3
13629;7900;135050;5;3;1;63;0;1461;1119;5
13630;7900;29671;5;3;1;55;0;1461;1165;5
13631;7900;37000;5;3;1;54;0;1149;1055;5.6
13632;7880;98694;5;3;1;55;0;1461;1165;3.3
13633;7880;98694;5;3;1;55;0;1461;1165;3.3
13634;7880;98694;5;3;1;55;0;1461;1165;3.3
13635;7200;100000;5;3;1;55;0;1461;1087;3.3
13636;7200;100000;5;3;1;55;0;1461;1087;3.3
13637;7200;160000;5;3;1;55;0;1461;1194;3.6
13638;7000;125210;5;3;1;55;0;1461;1209;3.6
13639;7200;148000;5;3;1;55;0;1461;1260;3.3
13640;7000;121328;5;3;1;55;0;1461;1209;3.3
13641;6990;62147;5;2;1;55;0;1461;1209;3.6
13642;6999;61000;5;3;1;66;0;1461;1227;3.7
13643;6990;89263;5;3;1;55;0;1461;1165;3.3
13644;6990;87816;5;3;1;55;0;1461;1165;3.3
13645;6990;75954;5;3;1;55;0;1461;1165;3.3
13646;6990;92130;5;3;1;55;0;1461;1165;3.3
13647;6950;1647.362609;5;0;1;66;0;898;1224;6.1
13648;6950;24861;5;2;1;66;0;898;1057;4.2
13649;6950;1647.362609;5;0;1;66;0;898;1224;6.1
13650;6950;1647.362609;5;0;1;66;0;890;1165;5
13651;7879;98694;5;3;1;55;0;1461;1165;3.3
13652;7850;77000;5;3;1;55;0;1461;1087;3.3
13653;7850;77000;5;3;1;55;0;1461;1087;3.3
13654;7850;77000;5;3;1;55;0;1461;1087;3.3
13655;7800;68000;5;3;1;55;0;1461;1146;3.6
13656;7800;25100;5;2;1;55;0;1500;1209;3.3
13657;7800;83000;5;3;1;55;0;1461;1146;3.3
13658;7800;93500;5;3;1;55;0;1461;1119;3.3
13659;7800;26000;5;2;1;55;0;1149;1059;5.6
13660;7800;139500;5;3;1;66;0;1461;1071;3.3
13661;7800;42049;5;3;1;54;0;1149;1059;5.6
13662;7800;139500;5;3;1;66;0;1461;1071;3.3
13663;7800;32756;5;2;1;55;0;1461;1214;3.3
13664;7800;93500;5;3;1;55;0;1461;1119;3.3
13665;7795;162960;5;3;1;65;0;1461;1160;3.2
13666;7790;69233;5;3;1;56;0;1461;1209;3.45
13667;7790;39836;5;3;2;55;0;1461;1087;3.3
13668;7750;125988;5;3;1;55;0;1461;1165;5
13669;7750;51000;5;3;1;66;0;898;1087;4.9
13670;6950;1647.362609;5;0;1;66;0;898;1224;6.1
13671;7750;125988;5;3;1;55;0;1461;1165;5
13672;7480;94000;5;3;1;66;0;1461;1260;3.3
13673;7450;97000;5;3;1;55;0;1461;1087;3.3
13674;7450;97000;5;3;1;55;0;1461;1087;3.3
13675;7700;95000;5;3;1;55;0;1461;1162;5.5
13676;7450;44000;5;3;1;55;0;1461;1165;3.1
13677;7750;125988;5;3;1;55;0;1461;1165;5
13678;7450;97000;5;3;1;55;0;1461;1087;3.3
13679;7300;120000;6;3;1;66;0;1461;1276;3.5
13680;7400;16600;5;2;1;55;0;1461;1214;3.3
13681;7390;60002;5;3;1;56;0;1461;1209;3.45
13682;7299;149276;5;3;1;55;0;1461;1071;3.6
13683;7280;89692;5;3;1;55;0;1461;1165;3.3
13684;7300;80000;5;3;1;66;0;1461;1146;3.3
13685;7300;104200;5;3;1;66;1;1461;1165;5
13686;7250;148488;5;3;1;55;0;1461;1119;5
13687;7250;148488;5;3;1;55;0;1461;1119;5
13688;7250;148488;5;3;1;55;0;1461;1119;5
13689;7700;72000;5;3;1;55;0;1461;1087;3.3
13690;7250;25668;5;3;1;54;0;1149;1052;5.6
13691;7250;148488;5;3;1;55;0;1461;1119;5
13692;7200;37402;5;2;1;55;0;1461;1216;4.2
13693;7250;148488;5;3;1;55;0;1461;1119;5
13694;7700;72000;5;3;1;55;0;1461;1087;3.3
13695;7700;72000;5;3;1;55;0;1461;1087;3.3
13696;7600;91000;5;3;1;55;0;1461;1146;3.3
13697;7600;59000;5;3;1;54;0;1149;1052;5.6
13698;7600;65000;5;3;1;55;0;1461;1071;3.6
13699;7699;72500;5;3;1;66;0;898;1092;4.6
13700;7690;63372;5;2;1;56;0;1461;1165;5
13701;7600;60000;5;3;1;55;0;1461;1071;3.6
13702;7500;35000;5;3;1;54;0;1149;1052;5.6
13703;7590;71603;5;3;1;66;0;1461;1165;3.2
13704;7500;34000;5;3;1;54;0;1149;1052;5.6
13705;7500;120000;5;3;1;55;0;1461;1146;3.6
13706;7500;20000;5;3;1;54;0;1461;1165;5
13707;7500;71000;5;3;1;66;0;1461;1209;3.3
13708;7500;29000;5;2;1;55;0;1461;1214;3.3
13709;7500;41000;5;3;1;54;0;1149;1141;5.6
13710;7200;100000;5;3;1;55;0;1461;1087;3.3
13711;7500;75000;5;3;1;55;0;1461;1209;3.6
13712;7500;86800;5;3;1;56;0;1500;1165;5
13713;7500;66000;5;3;1;66;0;1461;1087;3.2
13714;7500;86800;5;3;1;56;1;1500;1165;5
13715;7500;62000;5;3;1;55;0;1461;1071;3.6
13716;7500;47000;5;3;1;54;0;1149;1052;5.6
13717;7500;98000;5;3;1;55;0;1461;1071;3.6
13718;7500;88000;5;3;1;66;0;1461;1260;3.2
13719;7500;98000;5;3;1;55;0;1461;1071;3.6
13720;7500;44000;5;3;1;66;0;898;1055;4.5
13721;7495;105000;5;3;1;55;0;1461;1162;3.3
13722;7490;69031;5;2;1;56;0;1461;1165;5
13723;7490;59535;5;3;1;55;0;1461;1165;3.3
13724;7490;79900;5;3;1;55;0;1461;1194;3.6
13725;7490;87000;5;3;1;55;0;1461;1071;3.6
13726;7490;46398;5;3;1;55;0;1461;1165;5
13727;6900;36818;5;2;1;55;0;1461;1209;3.45
13728;6900;124000;5;3;1;55;0;1461;1087;3.3
13729;6900;105000;5;0;1;54;0;1149;980;5.5
13730;7490;48404;5;3;1;55;0;1461;1165;5
13731;6900;124000;5;3;1;55;0;1461;1087;3.3
13732;6900;124000;5;3;1;55;0;1461;1087;3.3
13733;6900;85000;5;3;1;55;0;1461;1071;3.6
13734;6900;87000;5;3;1;55;0;1461;1162;3.3
13735;6900;28500;5;3;2;54;0;1149;1052;5.6
13736;6900;96000;5;3;1;55;0;1461;1071;3.6
13737;6890;102264;5;3;1;66;0;1461;1165;3.2
13738;6800;34000;5;3;1;54;0;1149;1087;5.6
13739;6900;82494;5;3;1;55;0;1461;1165;5
13740;6790;104656;5;3;1;66;0;1461;1165;3.2
13741;6600;74000;5;3;1;54;0;1149;1055;5.6
13742;6500;138700;5;3;1;55;0;1461;1162;3.3
13743;6500;160000;5;3;1;55;0;1461;1194;3.3
13744;6500;100000;5;3;1;54;0;1149;1055;5.5
13745;6499;149000;5;3;1;55;0;1461;1146;3.3
13746;6290;106236;5;3;1;55;0;1461;1165;3.3
13747;6400;69637;5;3;1;55;0;1461;1216;4.2
13748;6250;67250;5;3;1;66;0;898;1092;4.7
13749;6200;99000;5;3;1;66;0;1197;1087;5
13750;6200;99000;5;3;1;66;0;1461;1209;3.45
13751;6000;93000;5;3;1;55;0;1461;1165;5
13752;6000;35000;5;2;1;55;0;1461;1182;3.3
13753;5938;156692;5;3;1;55;0;1461;1087;3.3
13754;5900;163500;5;3;1;66;0;1461;1196;3.3
13755;5900;78000;5;3;1;66;0;1500;1209;3.45
13756;5890;134500;5;3;1;40;0;1461;1087;3.3
13757;5850;97000;5;3;1;55;0;1461;1087;3.3
13758;5900;163500;5;3;1;66;0;1461;1196;3.3
13759;5800;74000;5;3;1;55;0;1197;1087;5
13760;5700;140000;5;3;1;55;0;1461;1146;3.6
13761;15998;20588;6;1;1;87;0;1197;1165;5.3
13762;15995;33486;6;3;1;88;0;1197;1139;5.2
13763;15990;17900;6;2;1;87;0;1197;1164;5.4
13764;15990;15162;6;1;1;67;0;1461;1165;5
13765;15990;10488;6;3;1;87;1;1197;1239;5.4
13766;15990;36980;6;3;2;147;1;1618;1087;5.9
13767;5445;123000;5;3;1;55;0;1461;1146;3.6
13768;15990;17603;6;1;1;87;1;1197;1087;5
13769;15990;2476;6;1;1;67;0;1461;1165;5
13770;15990;16942;6;1;1;87;1;1197;1165;5.4
13771;15990;9407;6;1;1;87;1;1197;1165;5.4
13772;15990;15250;6;1;1;87;1;1197;1154;5.4
13773;15990;13795;6;1;1;87;0;1197;1154;5.4
13774;15990;19799;6;1;1;87;1;1197;1087;5
13775;15990;21352;6;1;1;87;1;1197;1300;5.3
13776;15990;13377;6;1;2;87;0;1197;1154;5.4
13777;15990;17134;6;1;1;87;0;1197;1165;5.3
13778;15990;26630;6;1;1;87;1;1197;1300;5.3
13779;8500;41493;5;3;1;55;0;1461;1087;5
13780;8500;65000;5;3;1;54;0;1149;1052;5.6
13781;8500;59073;5;3;1;55;0;1461;1071;3.6
13782;8500;120620;5;3;1;66;0;1197;1087;5
13783;8580;37985;5;3;1;54;1;1149;1087;5.6
13784;8700;33500;5;3;1;66;0;898;1092;4.7
13785;26000;2900;6;0;1;162;0;1618;1279;5.9
13786;29000;7000;6;1;1;162;0;1618;1279;5.9
13787;8700;24900;5;3;1;54;0;1149;1052;5.6
13788;29000;23000;6;1;1;162;0;1618;1279;5.9
13789;27900;10500;6;2;1;162;0;1618;1087;5.9
13790;22000;20000;6;2;1;162;0;1618;1279;5.9
13791;22000;18500;6;1;1;162;0;1618;1279;5.9
13792;22000;26000;6;1;1;162;0;1618;1279;5.9
13793;27000;5000;6;1;1;162;0;1618;1279;5.9
13794;21800;22031;6;1;1;162;0;1618;1279;5.9
13795;21500;14000;6;2;1;162;0;1618;1279;5.9
13796;19900;54413;6;2;2;162;0;1618;1165;5.9
13797;21000;5900;6;1;1;162;0;1618;1279;5.9
13798;18300;32000;6;3;1;162;0;1618;1279;5.9
13799;17500;41000;6;3;1;162;0;1618;1279;5.9
13800;19499;40000;6;3;1;162;0;1618;1279;5.9
13801;18500;49000;6;3;1;162;0;1618;1279;5.9
13802;18500;9000;6;1;1;147;0;1618;1279;5.9
13803;17500;41000;6;3;1;162;0;1618;1279;5.9
13804;16900;44700;6;3;1;162;0;1618;1279;5.9
13805;16500;45000;6;3;1;162;0;1618;1279;5.9
13806;16000;10287;6;1;1;66;0;1461;1228;3.5
13807;15800;132;6;1;1;66;0;1461;1228;3.5
13808;15000;35000;6;3;1;66;0;1461;1228;3.5
13809;16500;45000;6;3;1;162;0;1618;1279;5.9
13810;8700;4500;5;3;1;54;0;1149;1055;5.6
13811;14900;19900;6;3;1;66;0;1461;1228;3.5
13812;8700;30;5;1;1;55;0;1461;1216;4
13813;8690;1647.362609;5;0;1;56;0;900;1165;5
13814;8690;26740;5;3;1;54;1;1149;1105;5.6
13815;8690;44000;5;3;2;54;1;1149;1052;5.6
13816;8650;36750;5;3;0;54;0;1149;1052;5.6
13817;8660;63404;5;3;1;66;1;1461;1260;5
13818;8600;89850;5;3;1;55;0;1461;1162;3.3
13819;8650;103155;5;3;1;66;0;1461;1165;3.6
13820;8600;75000;5;3;1;55;0;1461;1165;5
13821;8600;42000;5;2;2;66;0;1461;1260;3.3
13822;8600;86000;5;3;1;55;0;1461;1146;3.6
13823;8600;81400;5;3;1;66;0;1461;1071;3.6
13824;8600;6900;5;3;1;55;0;1461;1165;3.3
13825;8600;29117;5;3;1;54;0;1149;1165;5.6
13826;14900;4866;6;1;1;66;0;1461;1228;3.5
13827;14000;22000;6;1;1;66;0;1461;1228;3.5
13828;8590;27202;5;2;1;54;0;1149;1052;5.6
13829;14000;18000;6;2;1;87;0;1197;1154;5.4
13830;14000;22000;6;2;1;66;0;1461;1228;3.5
13831;14000;7000;6;1;1;66;0;1461;1280;4.1
13832;13300;61000;6;3;1;66;0;1461;1227;3.5
13833;13200;89000;6;3;1;66;0;1461;1255;3.5
13834;11500;49000;6;3;1;66;0;1461;1276;3.5
13835;12850;4000;6;1;1;66;0;1461;1228;3.9
13836;12500;28000;6;3;1;88;0;1197;1199;5.2
13837;11200;45123;6;3;1;66;0;1461;1228;3.5
13838;10000;40500;6;3;1;66;0;1461;1227;3.5
13839;9900;79000;6;3;1;66;0;1461;1227;3.5
13840;10900;69800;6;3;1;66;0;1461;1255;3.7
13841;10500;3500;6;1;1;66;0;1461;1228;3.5
13842;10000;70000;6;3;1;66;0;1461;1227;3.7
13843;9900;60000;6;3;1;66;0;1461;1228;3.5
13844;11000;78000;6;3;1;66;0;1461;1227;3.5
13845;8500;62000;5;3;1;55;0;1461;1146;3.3
13846;8500;62000;5;3;1;55;0;1461;1071;3.6
13847;8500;55000;5;3;1;55;0;1461;1146;3.6
13848;7500;100000;6;3;1;66;0;1461;1255;3.7
13849;8500;34564;5;2;1;55;0;1461;1165;5
13850;8500;109501;5;3;1;55;0;1461;1260;3.3
13851;8500;72500;5;3;1;55;0;1461;1146;3.6
13852;8500;82700;5;3;1;55;0;1461;1071;3.6
13853;8500;90000;5;3;1;55;0;1461;1146;3.3
13854;8500;80000;5;3;1;66;0;1461;1260;3.3
13855;8500;50;5;3;1;66;0;1461;1146;3.4
13856;8500;36000;5;2;1;55;0;1461;1260;3.3
13857;8500;55000;5;3;1;55;0;1461;1071;3.3
13858;8500;120985;5;3;1;66;0;1461;1157;3.2
13859;7200;130000;6;3;1;66;0;1461;1276;3.5
13860;8590;24238;5;2;1;56;0;1461;1209;3.45
13861;16990;10;6;0;1;56;0;1197;1087;5
13862;17500;48752;6;2;1;87;0;1197;1170;5.4
13863;17480;6087;6;1;1;87;0;1197;1087;5.4
13864;17300;10;6;0;1;66;0;1461;1280;4.1
13865;17390;6490;6;1;1;87;0;1197;1087;5.4
13866;17250;2000;6;0;1;88;0;1197;1165;5.4
13867;18490;10564;6;1;1;164;0;1618;1165;5.9
13868;17450;5000;6;0;1;88;0;1197;1087;5.2
13869;18490;10564;6;1;1;164;0;1618;1165;5.9
13870;18490;10564;6;1;1;164;0;1618;1165;5.9
13871;18490;10564;6;1;1;164;0;1618;1165;5.9
13872;8800;110733;5;2;1;55;0;1461;1165;5
13873;18490;10564;6;1;1;164;0;1618;1165;5.9
13874;18490;100;6;0;1;87;1;1197;1154;5.4
13875;8800;110733;5;2;1;55;0;1461;1165;5
13876;8800;110733;5;2;1;55;0;1461;1165;5
13877;8790;45369;5;2;1;66;0;1461;1165;5
13878;8999;57000;5;2;1;54;1;1149;1119;4.7
13879;8990;42253;5;2;1;56;0;1461;1209;3.45
13880;9389;29669;5;2;1;54;1;1149;1119;5.7
13881;8990;12122;5;2;2;54;0;1149;1052;5.6
13882;8990;9751;5;2;2;56;0;1197;1087;5
13883;9400;36000;5;2;2;55;0;1461;1165;5
13884;9400;45000;5;2;1;54;1;1149;1119;5.7
13885;9450;7;5;1;1;54;0;1149;1052;5.6
13886;9490;31370;5;2;1;54;0;1149;1141;5.7
13887;9500;4991;5;1;1;54;0;1149;1134;5.6
13888;9499;25500;5;2;2;54;0;1149;1052;5.6
13889;9499;65203;5;2;2;55;0;1461;1090;3.3
13890;9490;37176;5;2;2;54;0;1149;1066;5.6
13891;9490;26000;5;2;1;54;0;1149;1052;5
13892;9490;28400;5;1;1;54;0;1149;1165;5.6
13893;9490;39250;5;1;1;54;0;1149;1165;5.6
13894;9490;40691;5;2;1;54;0;1149;1030;5.7
13895;9490;27572;5;2;1;55;0;1461;1209;3.3
13896;9490;22000;5;2;1;54;0;1149;1165;5
13897;9490;84496;5;2;1;56;0;1461;1165;5
13898;9490;50200;5;2;1;54;1;1149;1087;5.7
13899;9490;51100;5;2;1;54;1;1149;1087;5.7
13900;9490;11000;5;2;1;55;0;1461;1165;3.3
13901;9490;26000;5;2;1;54;0;1461;1165;5
13902;9450;63000;5;2;1;54;1;1149;1141;5.6
13903;9490;12300;5;2;1;54;0;1149;1052;5.6
13904;9450;38500;5;2;1;55;0;1461;1162;3.3
13905;9450;60217;5;2;1;53;0;1149;1119;5
13906;9450;45572;5;1;1;54;0;1149;1059;5.6
13907;9450;18000;5;2;1;54;0;1149;1134;5.6
13908;9490;35132;5;2;1;56;0;1149;1165;5
13909;9400;17000;5;2;1;54;0;1461;1165;5
13910;9400;42598;5;2;1;55;0;1461;1711;3.3
13911;9400;73652;5;2;1;66;0;1461;1119;3.3
13912;9400;54000;5;2;1;55;0;1461;1162;4
13913;9400;30000;6;2;1;55;0;1461;1121;3.5
13914;9400;58200;5;2;1;55;0;1461;1162;3.3
13915;9390;10;5;1;1;56;0;1461;1209;3.45
13916;9390;43577;5;2;1;67;0;1461;1209;3.45
13917;9389;52074;5;2;1;54;1;1149;1119;5.7
13918;9389;36591;5;2;1;54;1;1149;1119;5.7
13919;9389;47948;5;2;1;54;1;1149;1119;5.7
13920;9300;30375;5;2;1;66;0;898;1082;4.7
13921;9300;31500;5;1;1;54;0;1149;1134;5.6
13922;9300;57000;6;2;1;81;0;1461;1204;3.5
13923;9290;85000;5;2;1;55;0;1461;1162;3.3
13924;9290;15000;5;2;1;55;0;1461;1165;3.3
13925;9300;42000;5;2;1;55;0;1461;1071;3
13926;9290;14936;5;2;1;56;0;1461;1209;3.45
13927;9289;46610;5;2;1;54;1;1149;1119;5.7
13928;9262;10;5;0;1;56;0;898;1154;5.2
13929;9262;10;5;0;1;56;0;898;1154;5.2
13930;9250;40000;5;2;1;66;0;898;1092;4.7
13931;9250;33000;5;2;1;54;0;1149;1059;5.6
13932;9200;12300;5;2;1;54;0;1149;980;5.6
13933;9200;14000;5;2;1;54;0;1149;1141;5.6
13934;9200;3500;5;1;1;54;0;1149;980;5.6
13935;8990;9200;5;1;1;54;0;1149;1087;5.6
13936;9199;43800;5;2;1;55;0;1461;1146;3.3
13937;9190;36305;5;2;1;54;0;1149;1141;5.7
13938;8990;33431;5;2;1;55;0;1461;1134;3.3
13939;8990;51900;5;2;1;54;1;1149;1119;5.7
13940;9190;46424;5;2;1;54;0;1149;1119;5.7
13941;8990;30000;5;2;1;55;0;1149;1059;5.6
13942;8990;30000;5;2;1;55;0;1149;1059;5.6
13943;8990;6415;5;1;1;54;0;1149;1165;5.6
13944;8990;40328;5;2;1;55;0;1461;1071;3
13945;8990;40681;5;2;1;55;0;1149;1059;5
13946;8990;47032;5;2;1;55;0;1149;1059;5
13947;8990;49170;5;2;1;55;0;1149;1059;5
13948;8990;28101;5;2;1;55;0;1461;1165;3.3
13949;8990;39560;5;2;1;55;0;1149;1059;5
13950;8990;40500;5;2;1;55;0;1149;1059;5
13951;8990;36281;5;2;1;55;0;1461;1071;3
13952;9170;10;5;0;1;56;0;898;1198;5
13953;8990;46519;5;2;1;55;0;1461;1071;3
13954;9150;29000;5;2;1;55;0;1461;1119;3.6
13955;9075;35779;5;1;1;55;0;1149;1052;5.6
13956;8990;35348;5;2;1;55;0;1149;1059;5
13957;9170;10;5;0;1;56;0;898;1198;5
13958;9000;31000;5;2;1;54;1;1149;1119;5.7
13959;9000;26000;5;2;2;54;1;1149;1119;5.6
13960;9000;40000;5;2;2;66;0;1461;1196;3.2
13961;9000;28500;5;2;2;55;0;1149;1059;5.6
13962;9000;20500;5;2;2;54;0;1149;1052;5.6
13963;9100;20057;5;2;2;55;0;1461;1165;3.3
13964;9000;30000;5;2;2;54;1;1149;1119;5.6
13965;9000;1500;5;2;2;55;0;1461;1214;3.3
13966;9000;50000;5;2;1;55;0;1461;1162;3.3
13967;9000;40000;5;2;2;54;0;1149;1134;6
13968;9000;41000;5;2;2;54;0;1149;1134;6
13969;9000;16900;5;1;1;55;0;1461;1260;3.3
13970;8999;10600;5;1;2;54;0;1149;1052;5.6
13971;9000;44000;5;2;1;55;0;1461;1162;3.3
13972;8999;26000;5;1;1;66;0;1461;1260;3.3
13973;9000;63000;5;2;1;55;0;1461;1162;3.3
13974;8990;38597;5;2;1;55;0;1149;1059;5
13975;8990;30449;5;2;1;55;0;1149;1059;5
13976;8990;23806;5;2;1;56;0;1461;1209;3.45
13977;8990;28124;5;1;1;56;0;1461;1209;3.45
13978;8990;7000;5;1;2;54;1;1149;1165;5.6
13979;8980;27935;5;2;1;54;1;1149;1119;5.7
13980;8900;47000;5;2;1;54;0;1149;1141;5.6
13981;8900;45941;5;2;1;55;0;1461;1209;3.3
13982;8900;27094;5;2;1;54;0;1149;1134;5.6
13983;8900;23234;5;2;1;55;0;1461;1119;3.3
13984;8900;67000;5;2;1;55;0;1461;1260;3.3
13985;8900;42962;5;2;1;55;0;1461;1260;3.3
13986;8900;8000;5;2;1;54;0;1149;1052;5
13987;8899;45031;5;2;1;55;0;1461;1090;3.3
13988;8900;35000;5;2;1;54;0;1149;1052;5.6
13989;8890;49000;5;2;1;55;0;1461;1162;3.3
13990;8800;110733;5;2;1;55;0;1461;1165;5
13991;8899;49772;5;2;1;55;0;1461;1090;3.3
13992;8775;29741;5;1;2;55;0;1149;1052;5.6
13993;8750;1647.362609;5;0;0;55;0;997;980;5.5
13994;8750;47000;5;2;1;55;0;1461;1090;3.3
13995;8800;36000;5;2;1;54;0;1200;1165;5
13996;8750;1;5;0;1;55;0;997;980;5.5
13997;8750;47000;5;2;1;55;0;1461;1090;3.3
13998;8700;131494;5;2;1;55;0;1461;1165;5
13999;8750;47000;5;2;1;55;0;1461;1090;3.3
14000;8700;31000;5;2;1;54;0;1149;1134;5.6
14001;8700;131494;5;2;1;55;0;1461;1165;5
14002;8700;131494;5;2;1;55;0;1461;1165;5
14003;8700;131494;5;2;1;55;0;1461;1165;5
14004;18490;10564;6;1;1;164;0;1618;1165;5.9
14005;18490;10564;6;1;1;164;0;1618;1165;5.9
14006;18490;10564;6;1;1;164;0;1618;1165;5.9
14007;18440;150;6;0;1;87;0;1197;1087;5.4
14008;18350;1;6;0;1;88;0;1199;1090;5.2
14009;18400;29935;6;1;1;87;0;1197;1170;5.4
14010;18400;28995;6;1;1;87;0;1197;1170;5.4
14011;18490;10564;6;1;1;164;0;1618;1165;5.9
14012;18340;150;6;0;1;87;0;1197;1165;5.4
14013;18200;10;6;0;1;66;0;1461;1280;4.1
14014;17980;86349;6;2;1;87;1;1197;1087;5.4
14015;17999;11112;6;1;1;87;0;1197;1170;5.4
14016;18087;1647.362609;6;0;1;66;1;1461;1308;4.1
14017;17990;24500;6;2;1;147;1;1618;1165;5.9
14018;17980;10780;6;1;1;147;0;1618;1087;5.9
14019;17950;20658;6;1;1;87;0;1197;1170;5.4
14020;17950;10;6;1;1;87;0;1197;1165;5.4
14021;17910;10;6;0;1;67;0;1461;1165;5
14022;17890;21800;6;2;2;147;1;1618;1279;5.9
14023;17900;18035.13007;6;1;1;66;0;1461;1119;5
14024;17900;15293;6;2;2;87;0;1197;1065;5.4
14025;17950;10;6;1;1;88;0;1197;1165;5.4
14026;17950;3704;6;2;2;87;0;1197;1065;5.4
14027;17800;12;6;0;0;66;0;1461;1071;3.5
14028;17800;10600;6;2;1;162;0;1618;1279;5.9
14029;17590;12474;6;2;1;147;0;1618;1087;5.9
14030;17750;50021;6;2;1;88;0;1197;1170;5.4
14031;17690;2500;6;0;0;87;0;1197;1165;5.4
14032;17690;10;6;1;1;67;0;1461;1165;5
14033;17590;3078;6;0;0;87;0;1197;1165;5.4
14034;17695;50021;6;2;1;88;0;1197;1170;5.4
14035;16500;20000;6;2;1;87;0;1197;1239;5.4
14036;16500;5677;6;1;1;88;0;1197;1664;5.4
14037;16495;15000;6;1;1;87;0;1197;1154;5.4
14038;16495;22500;6;1;1;87;0;1197;1154;5.5
14039;16490;10;6;1;1;66;0;1461;1087;3.9
14040;16490;12210;6;1;1;87;0;1197;1154;5.4
14041;16490;14235;6;1;1;88;1;1197;1165;5.3
14042;16490;7770;6;2;1;87;0;1197;1087;5.4
14043;16450;121;6;2;1;66;0;1461;1228;3.5
14044;16487;120;6;1;1;87;0;1197;1154;5.4
14045;16390;10;6;0;0;56;0;1197;1087;5
14046;16390;7977;6;1;1;87;1;1197;1165;5.3
14047;16490;10;6;0;0;56;0;1197;1087;5
14048;16389;16750;6;1;1;88;1;1197;1087;5.4
14049;16295;100;6;1;1;88;0;1197;1087;5.4
14050;16290;2001;6;1;1;87;1;1197;1165;5.4
14051;16166;100;6;1;1;88;1;1197;1087;5.4
14052;16290;2001;6;1;1;87;1;1197;1165;5.4
14053;17990;500;6;0;1;87;0;1197;1165;5.5
14054;16990;22750;6;2;1;56;0;1197;1087;5
14055;17590;10500;6;1;1;66;0;1461;1119;5
14056;16990;10;6;0;1;66;0;1461;1119;5
14057;16950;33993;6;2;1;88;0;1197;1170;5.4
14058;16950;14967;5;2;1;88;0;1197;1065;5.4
14059;16945;22614;6;2;1;88;0;1197;1065;5.4
14060;16945;10;6;0;1;88;0;1197;1165;5.4
14061;16900;8524;6;2;1;88;0;1197;1065;5.2
14062;16890;14100;6;1;1;87;1;1197;1087;5.4
14063;16880;18900;6;1;1;87;0;1197;1087;5.3
14064;16800;10;6;0;1;66;0;1461;1280;4.1
14065;16790;8;6;0;1;66;0;1461;1119;3.9
14066;16790;10;6;1;1;67;0;1461;1165;5
14067;16750;54329;6;2;1;88;0;1197;1170;5.4
14068;16700;35500;6;2;1;87;0;1197;1170;5.4
14069;16620;784;6;0;1;66;0;1461;1119;3.5
14070;16590;5400;6;1;1;87;0;1197;1154;5.3
14071;16690;8750;6;1;1;87;0;1197;1087;5.4
14072;16523;100;6;1;1;88;1;1197;1087;5.4
14073;16590;13510;6;1;1;87;1;1197;1300;5.3
14074;17200;1647.362609;6;0;1;66;0;1461;1308;4.1
14075;17157;100;6;1;1;88;0;1197;1165;5
14076;17099;1647.362609;6;0;1;88;1;1197;1090;5.4
14077;17000;14;6;1;1;88;0;1197;1119;5.4
14078;16999;20;6;2;1;66;0;1461;1201;3.5
14079;16999;9;6;1;1;87;0;1197;1165;5.4
14080;16998;16500;6;2;1;147;0;1618;1165;5.9
14081;16995;37937;7;2;1;88;0;1197;1143;5.3
14082;16990;12853;6;2;1;87;0;1197;1065;5.4
14083;16990;10;6;1;1;67;0;1461;1165;5
14084;16990;10;6;1;1;66;0;1461;1717;3.5
14085;16100;12481;6;1;1;66;0;1461;1717;3.5
14086;16990;13534;6;2;1;67;0;1461;1119;5
14087;16090;10;6;1;1;67;0;1461;1165;5
14088;16000;52000;6;2;1;66;0;1461;1165;5
14089;15998;13274;6;1;1;87;0;1197;1165;5.3
14090;16500;80009;6;1;1;88;0;1197;1090;5.4
14091;9500;23000;5;2;1;55;0;1461;1214;3.3
14092;9500;44000;5;2;1;54;0;1149;1066;5.6
14093;9680;50000;5;2;1;54;0;1149;1059;5.6
14094;9824;23000;5;2;1;55;0;1149;1059;5.6
14095;9900;5307;5;1;1;54;0;1149;1087;5.6
14096;9970;28750;5;2;1;54;1;1149;1141;5.6
14097;9750;55400;5;2;1;54;1;1149;1119;5.7
14098;9900;46000;5;2;1;55;0;1461;1214;3.3
14099;9824;23000;5;2;1;55;0;1149;1059;5.6
14100;9900;28000;5;1;1;54;0;1149;1119;5.7
14101;9900;50998;5;2;1;66;0;898;1082;4.7
14102;9950;3750;5;1;1;54;0;1149;980;5.6
14103;9950;100;5;1;1;54;0;1149;1123;5.5
14104;9990;39000;5;2;1;55;0;1461;1165;3.3
14105;9950;15900;5;1;1;55;0;1461;1260;3.3
14106;9930;1647.362609;5;0;1;56;1;898;1165;5
14107;9950;19330;5;2;1;54;0;1149;1134;5.6
14108;9950;44431;5;2;1;54;0;1149;1141;5.6
14109;9900;19900;5;2;1;55;0;1461;1146;3.3
14110;9900;5412;5;1;1;56;0;898;1090;5
14111;9900;28000;5;1;1;55;0;1461;1162;4
14112;9900;27530;5;1;1;54;0;1149;1052;5.6
14113;9900;35000;5;1;1;66;0;898;1017;5
14114;9900;39000;5;2;1;66;0;1461;1214;3.3
14115;9900;150;5;0;1;56;0;898;1087;5
14116;9900;22613;5;1;1;55;0;1461;1165;5
14117;9900;150;5;0;1;56;0;898;1087;5
14118;9900;150;5;0;1;56;0;898;1087;5
14119;9900;150;5;0;1;56;0;898;1087;5
14120;9900;150;5;0;1;56;0;898;1087;5
14121;9990;15;5;1;1;56;0;1461;1165;5
14122;9900;150;5;0;1;56;0;898;1087;5
14123;9990;46000;5;2;1;54;1;1149;1141;5.6
14124;9990;15;5;1;1;56;0;1461;1165;5
14125;9990;24360;5;2;1;54;1;1149;1119;5.7
14126;9990;43900;5;2;1;66;0;1461;1153;3.5
14127;9990;43675;5;1;1;66;0;1461;1119;3.3
14128;9990;68652;5;2;1;66;0;1461;1670;5
14129;9990;1380;5;0;1;56;0;898;1165;5
14130;9980;3851;5;1;1;54;0;1149;1087;5.6
14131;9980;10;5;1;1;56;0;1461;1165;5
14132;9980;10;5;1;1;56;0;1461;1165;5
14133;9980;51837;5;2;1;56;0;1461;1165;5
14134;9970;42500;5;2;1;54;1;1149;1105;5.5
14135;9980;33943;5;2;1;54;1;1149;1119;5.7
14136;9972;1;5;0;1;54;0;1149;1165;5.6
14137;9971;1;5;0;1;54;0;1149;1165;5.6
14138;9980;59943;5;2;1;56;0;1461;1165;5
14139;9980;10832;5;2;1;54;0;1149;1165;5
14140;9900;9000;6;1;1;81;0;1461;1205;3.3
14141;9900;1647.362609;5;0;1;66;0;898;1224;6.1
14142;9899;42289;5;2;1;54;0;1149;1141;5.6
14143;9890;1647.362609;5;0;1;56;0;900;1165;5
14144;9899;8557;5;1;1;55;1;1199;1165;5
14145;9890;1;5;0;1;56;0;898;1165;5
14146;9900;86000;5;2;1;66;0;1461;1162;3.2
14147;9890;62858;5;2;1;66;0;1461;1670;3.2
14148;9890;62024;5;2;1;66;0;1461;1670;3.2
14149;9885;1913;5;1;1;54;0;1149;1123;5.6
14150;9880;26230;5;1;1;54;0;1149;1165;5.6
14151;9880;26230;5;1;1;54;0;1149;1087;5.6
14152;9875;49536;6;2;1;54;0;1197;1165;5.4
14153;9870;10;5;0;1;54;1;1149;1052;5.6
14154;9870;10;5;0;1;54;1;1149;1052;5.6
14155;9850;1647.362609;5;0;1;55;0;900;980;5.5
14156;9850;71426;5;2;1;55;0;1461;1162;3.3
14157;9850;31000;5;2;1;54;0;1149;1134;5.6
14158;9850;16000;5;2;1;54;0;1149;1052;6
14159;9840;11542;5;1;1;54;0;1149;1052;5.6
14160;9900;44451;5;2;1;66;0;1461;1146;5
14161;9900;6523;5;1;1;54;0;1149;1087;5.6
14162;9900;84375;5;2;1;55;0;1461;1162;3.3
14163;9900;2500;5;1;1;54;0;1149;1052;5.6
14164;9900;52086;5;2;1;66;0;1461;1146;5
14165;9900;55178;5;1;1;66;0;1461;1119;3.3
14166;9900;5307;5;1;1;54;0;1149;1087;5.6
14167;9900;68874;5;2;1;55;0;1461;1162;3.3
14168;9900;1;5;0;1;55;0;1461;1234;4.2
14169;9900;44451;5;2;1;66;0;1461;1146;5
14170;9900;52086;5;2;1;66;0;1461;1146;5
14171;9900;52086;5;2;1;66;0;1461;1146;5
14172;9900;180;5;1;1;54;0;1149;1165;5.6
14173;9900;30943;5;1;1;55;0;1461;1071;3.3
14174;9900;44451;5;2;1;66;0;1461;1146;5
14175;9800;52000;5;2;1;55;0;1500;1260;3.3
14176;9800;24000;5;2;1;54;0;1149;1052;5.6
14177;9800;17200;5;1;1;54;0;1149;1087;5.6
14178;9900;24100;5;2;2;55;0;1461;1162;3.3
14179;9800;52000;5;1;1;54;0;1149;1141;5.7
14180;9900;32000;5;1;1;66;0;898;1092;5
14181;9800;55000;5;2;1;55;0;1461;1260;3.3
14182;9800;51000;5;1;1;54;0;1149;1141;5.6
14183;9800;41000;5;1;1;54;0;1149;1141;5.6
14184;9800;46500;5;2;1;66;0;1461;1071;3.3
14185;9800;40000;5;2;1;66;0;1461;1260;3.3
14186;9800;74900;5;2;1;66;0;1461;1071;3.3
14187;9800;74900;5;2;1;66;0;1461;1071;3.3
14188;9800;42374;5;2;1;66;0;898;1157;4.7
14189;9800;46500;5;2;1;66;0;1461;1071;3.3
14190;9800;27000;5;2;1;54;0;1149;1141;5.6
14191;9750;59000;5;2;1;55;0;1461;1214;3.3
14192;9800;74900;5;2;1;66;0;1461;1071;3.3
14193;9680;44235;5;2;1;66;0;1461;1165;3.2
14194;9680;44235;6;2;1;66;0;1461;1087;3.2
14195;9680;44235;6;2;1;66;0;1461;1165;5
14196;9679;44235;5;2;1;66;0;1461;1165;3.2
14197;9650;3000;5;2;1;54;0;1149;1134;5.6
14198;9650;31000;5;2;2;54;0;1149;1141;5.6
14199;9600;42000;5;2;1;54;1;1149;1119;5.7
14200;9600;52700;5;2;1;54;1;1149;1119;5.7
14201;9600;7000;5;2;1;54;0;1149;1055;5.6
14202;9600;37000;5;2;1;55;0;1461;1162;3.3
14203;9600;19000;5;2;1;66;0;1461;1071;3.3
14204;9600;51000;6;2;1;66;0;1461;1165;3.3
14205;9600;22000;5;1;1;56;0;1200;1154;5
14206;9590;11000;5;1;1;54;0;1149;1087;5.6
14207;9580;19500;5;2;1;54;1;1149;1087;5.6
14208;9545;10;5;0;1;56;0;898;1126;5
14209;9590;30120;5;2;1;54;0;1149;1141;5.7
14210;9500;22950;5;2;1;54;0;1149;1087;5.6
14211;9500;23000;5;2;1;55;0;1149;1059;5.6
14212;9550;47200;5;1;1;54;0;1149;1119;5.7
14213;9500;71500;5;2;1;66;0;898;1115;5
14214;9500;5500;5;1;1;54;0;1149;1134;5.6
14215;9500;70000;5;2;1;55;0;1461;1071;3.6
14216;9500;55000;5;2;1;54;0;1149;1141;5.6
14217;9500;21700;5;1;1;55;0;1461;1162;3.3
14218;9500;27000;5;2;1;54;0;1100;1052;5.6
14219;9500;26370;5;1;1;55;0;1461;1162;4
14220;9500;33094;5;2;1;55;0;1461;1670;4
14221;9500;16750;5;2;2;54;0;1149;1052;5.6
14222;9500;8945;5;1;1;54;0;1149;1134;5.6
14223;9500;38000;5;2;2;55;0;1461;1165;3.3
14224;9500;10419;5;1;1;54;0;1149;1134;5.6
14225;9500;17866;5;1;1;54;0;1149;1134;5.6
14226;9750;18018;5;1;1;54;0;1149;1134;5.6
14227;9500;14688;5;1;1;54;0;1149;1134;5.6
14228;9500;18500;5;2;1;55;0;1461;1162;3.3
14229;9500;27000;5;2;1;55;0;1461;1162;3.3
14230;9700;18035.13007;5;1;1;55;0;900;980;5.5
14231;9750;26016;5;2;1;66;0;898;1082;4.7
14232;9700;43000;5;2;1;55;0;1461;1071;3.3
14233;9700;43000;5;2;1;55;0;1461;1071;3.3
14234;9700;43000;5;2;1;55;0;1461;1071;3.3
14235;9700;43000;5;2;1;55;0;1461;1071;3.3
14236;9700;43000;5;2;1;55;0;1461;1071;3.3
14237;9700;45000;5;2;1;54;0;1149;1052;5.6
14238;9700;30000;5;2;1;55;0;1461;1071;3.3
14239;9700;43000;5;2;1;55;0;1461;1071;3.3
14240;9700;30000;5;2;1;55;0;1461;1071;3.3
14241;9700;30000;5;2;1;55;0;1461;1071;3.3
14242;9700;30000;5;2;1;55;0;1461;1071;3.3
14243;9700;30000;5;2;1;55;0;1461;1071;3.3
14244;9700;30000;5;2;1;55;0;1461;1071;3.3
14245;9690;15932;5;2;1;54;0;1149;1105;5.6
14246;9690;9000;5;2;2;54;0;1149;1052;5.6
14247;9690;43500;5;1;1;54;1;1149;1119;5.7
14248;9690;1647.362609;5;0;0;56;0;898;1092;5
14249;20450;30000;6;1;1;162;0;1618;1279;5.9
14250;18990;8101;6;1;1;88;0;1197;1170;5.4
14251;20490;150;6;1;1;147;0;1618;1087;5.9
14252;22500;17000;6;1;1;162;0;1618;1279;5.9
14253;23021;10;6;1;1;162;0;1618;1165;5.9
14254;18490;10564;6;1;1;164;0;1618;1165;5.9
14255;18970;10;6;1;1;66;0;1461;1087;3.5
14256;18980;497;6;0;0;66;0;1461;1119;3.5
14257;18950;8022;6;1;1;88;0;1197;1170;5.4
14258;26970;10;6;0;0;162;0;1618;1279;5.9
14259;26900;9000;6;1;1;162;0;1618;1279;5.9
14260;26890;50;6;1;1;162;0;1618;1279;5.9
14261;27490;2700;6;1;1;162;0;1618;1204;5.9
14262;26800;19350;6;1;1;162;0;1618;1279;5.9
14263;9990;26000;5;1;1;54;0;1149;1052;5.6
14264;31500;10000;6;1;1;162;0;1618;1204;5.9
14265;29850;8990;6;1;1;162;1;1618;1279;5.9
14266;9990;24000;5;1;1;54;0;1149;1052;5.6
14267;9990;5;5;0;0;56;1;898;1165;5
14268;9999;21698;5;1;1;54;0;1149;1119;5
14269;9998;18035.13007;5;1;1;55;0;1149;1087;5.6
14270;9999;18000;5;1;1;54;0;1149;1087;5.5
14271;9999;10;5;0;1;56;0;898;1165;5
14272;9999;100;5;1;1;55;0;1461;1280;3.3
14273;9999;100;5;1;1;55;0;1461;1280;3.3
14274;9999;10;5;0;1;56;0;898;1165;5
14275;9999;100;5;1;1;55;0;1461;1280;3.3
14276;9999;5000;5;1;1;54;0;1149;1134;5.6
14277;9999;10;5;0;1;56;0;898;1165;5.2
14278;9999;3000;5;1;1;54;0;1149;1134;5.6
14279;9999;20;5;0;1;56;0;898;1165;5.1
14280;9999;1647.362609;5;0;1;56;0;898;1165;5.1
14281;9999;18008;5;1;1;54;0;1461;1165;5
14282;9999;10;5;0;1;56;0;898;1165;5.2
14283;9999;10;5;0;1;56;0;898;1165;5.2
14284;9999;10;5;0;1;56;0;898;1165;5.2
14285;9999;10;5;0;1;56;0;898;1165;5
14286;9999;10;5;0;1;56;0;898;1165;5.2
14287;9999;10;5;0;1;56;0;898;1165;5.2
14288;9999;10;5;0;1;56;0;898;1165;5
14289;9999;10;5;0;1;56;0;898;1165;5.2
14290;9999;10;5;1;1;55;0;1461;1280;3.3
14291;9999;7637;5;1;1;54;0;1149;1165;5
14292;9999;16000;5;1;1;66;0;898;1092;4.7
14293;9999;9900;5;1;1;56;0;898;1165;5
14294;9999;10;5;0;1;56;0;898;1165;5
14295;9999;14877;5;1;1;54;0;1149;1165;5
14296;9999;8007;5;1;1;54;0;1149;1134;5.6
14297;9999;6510;5;1;1;54;0;1149;1134;5.6
14298;9999;9;5;0;1;56;0;898;1200;5.2
14299;9999;10322;5;1;1;54;0;1149;1165;5
14300;9999;10;5;0;1;56;0;898;1165;5.2
14301;9999;13333;5;1;1;54;0;1149;1165;5.6
14302;9999;18035.13007;5;1;1;55;0;1461;1280;3.3
14303;9999;12834;5;1;1;54;0;1149;1165;5
14304;9999;9156;5;1;1;54;0;1149;1141;5.7
14305;9999;1647.362609;5;0;1;56;0;898;1165;5.2
14306;9999;12312;5;1;1;54;0;1149;1119;5
14307;9999;6332;5;0;1;56;0;898;1119;5
14308;9999;1647.362609;5;0;1;56;0;898;1165;5.2
14309;9999;15;5;0;1;55;0;898;1100;5
14310;9999;1647.362609;5;0;1;56;0;898;900;5.2
14311;9999;11314;5;1;1;54;0;1461;1165;5
14312;9999;8031;5;1;1;54;0;1461;1165;5
14313;9999;10;5;0;1;56;0;898;1165;5.2
14314;9999;5000;5;1;1;56;0;898;1165;5
14315;9999;1000;5;1;1;56;0;898;1165;4.9
14316;9999;11004;5;1;1;54;0;1461;1165;5
14317;9999;15674;5;1;1;54;0;1461;1165;5
14318;9999;14039;5;1;1;54;0;1461;1165;5
14319;9999;15678;5;1;1;54;0;1461;1165;5
14320;9999;9733;5;1;1;54;1;1149;1165;5.6
14321;9999;30000;5;1;1;54;0;1461;1165;5
14322;9999;14532;5;1;1;54;0;1461;1165;5
14323;9999;14066;5;1;1;54;0;1461;1165;5
14324;9999;21543;5;1;1;54;0;1461;1165;5
14325;9999;17364;5;1;1;54;0;1461;1165;5
14326;9999;21654;5;1;1;54;0;1149;1119;5
14327;9999;10;5;0;1;56;0;898;1165;5.2
14328;9990;10604;5;1;1;54;0;1149;1134;5.6
14329;9990;1647.362609;5;0;1;55;0;898;1087;5
14330;9990;1;5;0;1;56;0;898;1090;5
14331;9990;21175;5;1;1;54;0;1149;1141;5.6
14332;9990;6017;5;1;2;54;0;1149;1165;5
14333;9990;15663;5;1;1;66;0;898;1082;4.2
14334;9990;9000;5;1;1;54;0;1149;1216;5.6
14335;9990;9500;5;1;1;54;1;1149;1141;5.6
14336;9990;32000;5;1;1;54;0;1149;1134;5.6
14337;9990;1647.362609;5;0;1;56;1;898;1165;5
14338;9990;1647.362609;5;0;1;56;1;898;1165;5
14339;9990;1647.362609;5;0;1;56;1;898;1165;5
14340;9990;40433;5;1;1;66;0;1461;1260;3.3
14341;9990;47400;5;1;1;54;0;1149;1141;5.6
14342;9990;8900;5;1;1;55;0;1461;1165;5
14343;9990;10;5;0;1;56;0;898;1165;5
14344;9990;10;5;0;1;56;0;898;1165;5
14345;9990;12600;5;1;1;54;1;1149;1052;5.6
14346;9990;99;5;0;1;56;0;898;1165;5
14347;9990;5;5;0;1;56;0;898;1090;5
14348;9990;5;5;0;1;56;0;898;1090;5
14349;9990;5;5;0;1;56;0;898;1090;5
14350;9990;5;5;0;1;56;0;898;1090;5
14351;29740;21197;7;1;1;163;0;1618;1179;5.9
14352;28949;9336;6;1;1;162;0;1618;1179;5.9
14353;28880;150;6;1;1;162;0;1618;1165;5.9
14354;28689;4000;6;1;1;162;1;1618;1279;5.9
14355;27777;1600;6;1;1;162;1;1618;1279;5.9
14356;27777;50;6;1;1;162;1;1618;1279;5.9
14357;27777;1999;6;1;1;162;1;1618;1279;5.9
14358;26770;10;7;0;1;90;0;1333;1233;5
14359;26666;1600;6;1;1;162;1;1618;1279;5.9
14360;26666;550;6;1;1;162;1;1618;1279;5.9
14361;25555;1647.362609;6;0;1;162;1;1618;1279;5.9
14362;25000;39000;6;1;1;162;0;1618;1279;5.9
14363;24940;3500;6;1;1;162;0;1618;1279;5.9
14364;24900;17000;6;1;1;162;0;1618;1087;5.9
14365;25990;7900;6;1;1;162;0;1618;1204;5.9
14366;24888;1647.362609;6;0;1;162;1;1618;1279;5.9
14367;24300;500;6;1;1;162;0;1618;1279;5.9
14368;24170;10;6;1;1;162;1;1618;1279;5.9
14369;24170;10;6;1;1;162;1;1618;1279;5.9
14370;24000;9000;6;1;1;162;0;1618;1279;5.9
14371;23999;40000;6;1;1;162;0;1618;1279;5.9
14372;23990;10;6;1;1;147;0;1618;1288;5
14373;18889;10;6;1;1;87;0;1197;1087;5.4
14374;18800;23194;6;1;1;87;0;1197;1170;5.4
14375;18800;10;6;0;1;66;0;1461;1280;4.1
14376;18790;15000;6;1;1;87;0;1197;1090;5.4
14377;18680;2569;6;0;1;87;1;1197;1265;5.4
14378;18745;18821;6;1;1;88;0;1197;1065;5.4
14379;18700;10;6;0;1;66;0;1461;1280;4.1
14380;18500;44000;6;1;1;162;0;1618;1279;5.9
14381;18690;1;6;1;1;87;1;1197;1165;5.4
14382;18490;10564;6;1;1;164;0;1618;1165;5.9
14383;18490;10564;6;1;1;164;0;1618;1165;5.9
14384;18490;10564;6;1;1;164;0;1618;1165;5.9
14385;18490;10564;6;1;1;164;0;1618;1165;5.9
14386;18490;10564;6;1;1;164;0;1618;1165;5.9
14387;18490;10564;6;1;1;164;0;1618;1165;5.9
14388;18490;10564;6;1;1;164;0;1618;1165;5.9
14389;23990;5400;6;1;1;162;0;1618;1279;5.9
14390;23990;16771;6;1;1;162;0;1618;1279;5.9
14391;23920;5210;6;1;2;162;0;1618;1087;5.9
14392;23500;11000;6;1;2;162;0;1618;1279;5.9
14393;23021;10;6;1;1;162;0;1618;1279;5.9
14394;23021;10;6;1;1;162;0;1618;1279;5.9
14395;23021;50;6;1;1;162;0;1618;1279;5.9
14396;23021;5;6;1;1;162;0;1618;1279;5.9
14397;23021;4;6;1;1;162;0;1618;1279;5.9
14398;23021;4;6;1;1;162;0;1618;1279;5.9
14399;23021;18035.13007;6;1;1;162;0;1618;1279;5.9
14400;23021;18035.13007;6;1;1;162;0;1618;1279;5.9
14401;23021;5;6;1;1;162;0;1618;1279;5.9
14402;23021;10;6;1;1;162;0;1618;1279;5.9
14403;23021;10;6;1;1;162;0;1618;1165;5.9
14404;23021;10;6;1;1;162;0;1618;1165;5.9
14405;23021;10;6;1;1;162;0;1618;1165;5.9
14406;23021;10;6;1;1;162;0;1618;1165;5.9
14407;18490;10564;6;1;1;164;0;1618;1165;5.9
14408;23021;50;6;1;1;162;0;1618;1279;5.9
14409;18490;10564;6;1;1;164;0;1618;1165;5.9
14410;18490;10564;6;1;1;164;0;1618;1165;5.9
14411;18490;10564;6;1;1;164;0;1618;1165;5.9
14412;18490;10564;6;1;1;164;0;1618;1165;5.9
14413;18490;10564;6;1;1;164;0;1618;1165;5.9
14414;18490;10564;6;1;1;164;0;1618;1165;5.9
14415;18490;10564;6;1;1;164;0;1618;1165;5.9
14416;18490;10564;6;1;1;164;0;1618;1165;5.9
14417;22300;5000;6;1;1;147;0;1618;1279;5.9
14418;22222;10;6;1;1;162;0;1618;1279;5.9
14419;18490;10564;6;1;1;164;0;1618;1165;5.9
14420;22500;26252;6;1;1;162;0;1618;1204;5.9
14421;22470;20;6;0;1;87;0;1197;1165;5.4
14422;21990;4828;6;1;1;66;0;1461;1180;3.5
14423;21990;9990;6;1;1;162;0;1618;1204;5.9
14424;22490;150;6;1;1;162;0;1618;1087;5.9
14425;21590;7500;6;1;1;147;0;1618;1279;5.9
14426;21900;18900;6;1;1;162;0;1618;1279;5.9
14427;21900;10600;6;1;1;162;0;1618;1279;5.9
14428;21000;30600;6;1;1;162;1;1618;1279;5.9
14429;21690;3821;6;1;1;147;0;1618;1087;5.9
14430;20999;19000;6;1;1;162;0;1618;1279;5.9
14431;20950;100;6;0;1;147;0;1618;1087;5.9
14432;20800;24000;6;1;1;87;0;1197;1170;5.4
14433;23021;10;6;1;1;162;0;1618;1165;5.9
14434;23021;10;6;1;1;162;0;1618;1165;5.9
14435;20730;8;6;0;1;66;0;1461;1205;3.9
14436;20680;99;6;0;1;66;1;1461;1395;3.3
14437;23021;10;6;1;1;162;0;1618;1165;5.9
14438;23021;10;6;1;1;162;0;1618;1165;5.9
14439;23021;10;6;1;1;162;0;1618;1165;5.9
14440;23021;10;6;1;1;162;0;1618;1165;5.9
14441;23021;10;6;1;1;162;0;1618;1165;5.9
14442;23021;10;6;1;1;162;0;1618;1165;5.9
14443;23021;100;6;1;1;162;0;1618;1279;5.9
14444;23021;10;6;1;1;162;0;1618;1165;5.9
14445;23021;10;6;1;1;162;0;1618;1165;5.9
14446;23000;18000;6;1;1;162;0;1618;1279;5.9
14447;23000;34500;6;1;1;162;0;1618;1279;5.9
14448;22990;10500;6;1;1;162;0;1618;1279;5.9
14449;22600;50;6;0;1;147;1;1618;1279;5.9
14450;22975;13948;6;1;1;162;0;1618;1087;5.9
14451;22950;100;6;0;1;162;0;1618;1087;5.9
14452;22800;6000;6;1;1;147;0;1461;1165;5
14453;22600;12000;6;1;1;162;0;1618;1204;5.9
14454;19999;150;6;1;1;147;0;1618;1087;5.9
14455;19990;23997;6;1;1;88;0;1200;1065;5.4
14456;19970;7405;6;1;1;88;0;1197;1065;5.4
14457;19900;29670;6;1;1;66;0;1461;1180;3.5
14458;19670;10;6;0;1;66;0;1461;1205;3.9
14459;19580;500;6;0;1;66;1;1461;1370;4
14460;19589;10;6;1;1;87;1;1197;1087;5.4
14461;19490;8;6;1;1;87;0;1197;1165;5.4
14462;19490;1647.362609;6;0;1;66;0;1461;1267;5
14463;19460;10;6;0;1;66;0;1461;1205;3.9
14464;19450;10;6;0;1;66;0;1461;1308;4.1
14465;19450;10;6;0;1;66;0;1461;1308;4.1
14466;19300;29000;6;1;1;147;0;1618;1279;5.9
14467;19300;10;6;0;1;66;0;1461;1280;4.1
14468;19190;50;6;0;1;87;0;1197;1087;5.4
14469;19490;3182;6;1;1;87;0;1197;1165;5.4
14470;18990;4280;6;1;1;87;0;1197;1165;5.3
14471;18990;1647.362609;6;0;1;87;0;1197;1087;5.4
14472;10190;16036;5;1;1;66;0;898;1092;4.7
14473;10190;14445;5;1;1;66;0;898;1092;4.7
14474;9999;100;5;1;2;55;0;1461;1280;3.3
14475;10490;750;5;1;1;56;0;898;1087;5
14476;10000;15932;5;1;1;54;0;1149;980;5.6
14477;10000;8000;5;1;1;54;0;1461;1134;5.6
14478;10000;41048;5;1;1;54;0;1149;1141;5.6
14479;10490;7500;5;1;1;54;0;1149;1052;5.6
14480;10499;16750;5;1;1;54;1;1149;1134;5.6
14481;10500;32000;5;1;1;55;0;1461;1162;4
14482;10495;9340;5;1;1;54;0;1149;1165;5
14483;10491;2585;5;1;1;56;0;1461;1209;3.45
14484;10564;10;5;0;1;56;0;1461;1119;5
14485;10530;1;5;0;1;66;0;898;1165;5
14486;10790;8086;5;1;1;54;1;1149;1087;5
14487;10790;34544;5;1;1;54;1;1149;1141;5.7
14488;10589;15;5;0;1;56;0;898;1100;5
14489;10589;15;5;0;1;56;0;898;1100;5
14490;10790;56832;5;1;1;55;0;1461;1165;3.3
14491;10790;50;5;0;1;55;0;898;1087;5
14492;10798;10;5;0;1;56;0;898;1165;5.2
14493;10798;5431;5;1;1;54;0;1149;1165;5.6
14494;10799;10;5;0;1;56;0;898;1087;5
14495;10799;10;5;0;1;56;0;898;1165;5
14496;10798;5000;5;1;1;56;0;898;1165;5
14497;10800;13000;5;1;1;66;0;898;1082;4.7
14498;10690;10;5;1;1;54;1;1149;1134;5.6
14499;10690;4;5;0;1;56;0;898;1087;5
14500;10690;1647.362609;5;0;1;55;0;898;1055;5
14501;10690;3000;5;0;1;56;0;898;1165;5
14502;10690;4341;5;1;1;54;1;1149;1087;5.6
14503;10798;3857;5;1;1;56;0;898;1165;5
14504;10798;10;5;1;1;55;0;1461;1209;3.45
14505;10798;3552;5;1;1;56;0;898;1165;5
14506;10798;3439;5;1;1;56;0;898;1165;5
14507;10798;5801;5;1;1;56;0;898;1165;5
14508;10798;2200;5;1;1;56;0;898;1165;5
14509;10798;2000;5;1;1;56;0;898;1165;5
14510;10790;1647.362609;5;0;1;56;0;898;1165;5
14511;10797;1;5;1;1;55;0;1461;1209;3.45
14512;10790;1647.362609;5;0;1;56;0;898;1165;5
14513;10798;5000;5;1;1;56;0;898;1276;5
14514;10790;1647.362609;5;0;1;56;0;898;1165;5
14515;10790;0;5;0;0;56;0;898;1165;5
14516;10690;2330;5;1;1;54;0;1149;1052;5.6
14517;10660;5500;5;1;1;54;0;1149;1059;5
14518;10690;1600;5;1;1;54;0;1149;1052;5.6
14519;10650;19;5;0;0;56;0;898;1087;5
14520;10690;1417;5;1;1;54;0;1149;1052;5.6
14521;10690;58480;5;1;1;55;0;1461;1165;3.3
14522;10644;10;5;0;1;54;0;1149;1087;5.6
14523;10640;1;5;0;1;56;0;898;1198;5
14524;10610;11;5;0;1;56;1;898;1087;5
14525;10601;10263;5;1;1;54;1;1149;1165;5.6
14526;10590;14;5;1;1;56;0;898;1087;5
14527;10590;63941;5;1;1;55;0;1461;1165;5
14528;10590;1;5;0;1;56;0;898;1090;5
14529;10790;10;5;1;1;56;0;1461;1165;5
14530;10590;16;5;0;1;56;0;898;1126;5
14531;10770;10;5;0;1;54;1;1149;1052;5.6
14532;10777;8338;5;0;1;56;1;898;1119;5
14533;10760;10;5;0;1;56;0;898;1165;5
14534;10750;19875;5;1;1;55;0;1149;1165;5
14535;10750;7;5;0;1;55;0;898;1087;5
14536;10770;10;5;0;1;54;1;1149;1052;5.6
14537;10750;6800;5;1;1;66;0;898;1157;4.7
14538;10750;12900;5;1;1;54;0;1149;1134;5.6
14539;10750;12900;5;1;1;54;0;1149;1165;5.6
14540;10700;1;5;0;1;55;0;1461;1234;4.2
14541;10700;14800;5;1;1;54;0;1149;1134;5.6
14542;10750;31571;5;1;1;66;0;1461;1119;3.3
14543;10750;12900;5;1;1;54;0;1149;1165;5.6
14544;10700;11611;5;1;1;54;0;1149;1052;5.6
14545;10700;8000;5;1;1;55;0;1461;1189;4.1
14546;10507;1;5;0;1;54;0;1149;1119;5.6
14547;10506;1;5;0;1;54;0;1149;1119;5.6
14548;10500;7500;5;1;1;66;0;898;1092;4.7
14549;10500;21112;5;1;1;66;0;898;1082;4.7
14550;10500;18700;5;1;1;66;0;898;1082;4.7
14551;10500;20187;5;1;1;66;0;898;1092;5
14552;10500;30000;5;1;1;55;0;1461;1214;3.3
14553;10500;19800;5;1;1;55;0;1461;1162;4
14554;10500;17000;5;1;1;66;0;898;1115;5
14555;10500;30384;5;1;1;66;0;1461;1119;3.3
14556;10500;14000;5;1;1;66;0;1461;1214;3.3
14557;10699;18784;5;1;1;55;0;1461;1162;4
14558;10389;15;5;0;1;56;0;898;1100;5
14559;10490;8358;5;1;1;55;0;1149;1566;5.6
14560;10490;8782;5;1;1;55;0;1149;1566;5.6
14561;10500;13705;5;1;1;66;0;1461;1119;5
14562;10389;15;5;0;1;56;0;898;1100;5
14563;10389;15;5;0;1;56;0;898;1100;5
14564;10500;29339;5;1;1;66;0;1461;1119;5
14565;10389;1000;5;0;1;56;0;898;1100;5
14566;10499;22000;5;1;1;55;0;1461;1162;4
14567;10499;19550;5;1;1;54;1;1149;1134;5.6
14568;10389;1000;5;0;1;55;0;898;1100;5
14569;10389;1000;5;0;1;56;0;898;1100;5
14570;10389;1000;5;0;1;56;0;898;1100;5
14571;10300;28000;5;1;2;54;1;1149;1052;5.6
14572;10370;1647.362609;5;0;1;55;0;898;1055;5
14573;10365;11;5;0;1;56;1;898;1087;5
14574;10300;1647.362609;5;0;0;55;0;1461;1071;3.6
14575;10300;1;5;0;1;55;0;1461;1071;3.6
14576;10300;18035.13007;5;1;2;55;0;1461;1216;4.2
14577;10300;14928;5;1;1;66;0;898;1092;5
14578;10300;14000;5;1;1;66;0;898;1092;5
14579;10300;19400;5;1;1;66;0;898;1092;5
14580;10290;1604;5;1;1;54;1;1149;1134;5.6
14581;10290;9;5;0;1;55;0;898;1087;5
14582;10490;14200;5;1;2;54;1;1149;1052;5.6
14583;10490;500;5;0;2;56;0;898;1165;5
14584;10490;36036;5;1;2;66;0;1461;1119;3.3
14585;10460;99;5;0;2;54;1;1149;1209;5.6
14586;10450;12281;5;1;1;54;0;1149;1087;5
14587;10450;9169;5;1;1;54;0;1149;1087;5
14588;10450;24886;5;1;1;54;0;1149;1087;5.6
14589;10450;113392;5;1;1;66;0;1461;1119;5
14590;10450;39500;5;1;1;66;0;1461;1119;3.3
14591;10450;39900;5;1;1;66;0;1461;1119;3.3
14592;10450;24500;5;1;1;66;0;1461;1119;3.3
14593;10450;29300;5;1;1;66;0;1461;1119;3.3
14594;10450;28800;5;1;1;66;0;1461;1119;3.3
14595;10450;28000;5;1;1;66;0;1461;1119;3.3
14596;10450;29200;5;1;1;66;0;1461;1119;3.3
14597;10450;27500;5;1;1;66;0;1461;1119;3.3
14598;10450;27500;5;1;1;66;0;1461;1119;3.3
14599;10450;28200;5;1;1;66;0;1461;1119;3.3
14600;10400;17000;5;1;1;66;0;898;1092;5
14601;10450;29300;5;1;1;66;0;1461;1119;3.3
14602;10490;22497;5;1;1;55;0;1461;1071;3.3
14603;10450;27500;5;1;1;66;0;1461;1119;3.3
14604;10450;28200;5;1;1;66;0;1461;1119;3.3
14605;10490;6;5;0;1;55;0;898;1087;5
14606;10490;17000;5;1;1;55;0;1461;1162;4
14607;10490;10;5;0;1;56;0;898;1165;5
14608;10490;27700;5;1;1;55;0;1461;1162;4
14609;10490;30980;5;1;1;54;1;1149;1052;5.6
14610;10200;100;5;0;1;55;0;1461;1216;4
14611;10490;14500;5;1;1;54;0;1149;1052;5.6
14612;10200;41508;5;1;1;54;0;1149;1141;5.6
14613;10200;83200;5;1;1;55;0;1461;1162;3.3
14614;10200;25787;5;1;1;54;0;1149;1134;5.6
14615;10200;36426;5;1;1;54;0;1149;1141;5.6
14616;10200;421;5;0;1;56;0;898;1087;5
14617;10200;13665;5;1;1;66;0;898;1092;4.7
14618;10200;29317;6;1;1;66;0;1461;1121;3.5
14619;10270;99;5;1;1;54;1;1149;1055;5.5
14620;10450;28900;5;1;1;66;0;1461;1119;3.3
14621;10450;28000;5;1;1;66;0;1461;1119;3.3
14622;10450;28200;5;1;1;66;0;1461;1119;3.3
14623;10450;28200;5;1;1;66;0;1461;1119;3.3
14624;10450;39500;5;1;1;66;0;1461;1119;3.3
14625;10450;29200;5;1;1;66;0;1461;1119;3.3
14626;10450;28900;5;1;1;66;0;1461;1119;3.3
14627;10450;24500;5;1;1;66;0;1461;1119;3.3
14628;10450;39900;5;1;1;66;0;1461;1119;3.3
14629;10450;29300;5;1;1;66;0;1461;1119;3.3
14630;10450;27500;5;1;1;66;0;1461;1119;3.3
14631;10450;28000;5;1;1;66;0;1461;1119;3.3
14632;10450;28800;5;1;1;66;0;1461;1119;3.3
14633;10450;39500;5;1;1;66;0;1461;1119;3.3
14634;10450;29200;5;1;1;66;0;1461;1119;3.3
14635;10450;28900;5;1;1;66;0;1461;1119;3.3
14636;10450;39900;5;1;1;66;0;1461;1119;3.3
14637;10450;24500;5;1;1;66;0;1461;1119;3.3
14638;10400;35000;5;1;1;66;0;898;1082;4.7
14639;10400;14450;5;1;1;66;0;898;1092;4.7
14640;10400;35000;5;1;1;66;0;898;1082;4.7
14641;10399;11300;5;1;1;54;0;1149;1141;5.6
14642;10390;1647.362609;5;0;1;56;0;898;1126;5
14643;10390;1;5;0;1;56;0;898;1126;5
14644;10390;10365;5;1;1;55;0;1149;1566;5.6
14645;10390;1233;5;0;1;56;0;898;1087;5
14646;10390;1;5;0;1;56;0;898;1126;5
14647;10390;1647.362609;5;0;1;56;0;1500;1165;5
14648;10390;12;5;0;1;56;0;898;1126;5
14649;10000;22740;5;1;1;66;0;1461;1260;3.3
14650;10000;16200;5;1;1;66;0;1461;1260;3.3
14651;10000;20279;5;1;1;54;0;1149;980;5.6
14652;10000;30600;5;1;1;66;0;898;1115;5
14653;10000;13000;5;1;1;55;0;1461;1162;4
14654;9999;100;5;1;1;55;0;1461;1280;3.3
14655;10390;1647.362609;5;0;1;74;0;1000;1165;5
14656;10450;29300;5;1;1;66;0;1461;1119;3.3
14657;10880;150;5;0;1;56;0;898;1087;5
14658;10880;50;5;0;1;56;0;898;1165;5
14659;11222;1647.362609;5;0;1;55;1;899;1087;4.2
14660;10880;150;5;0;1;56;0;898;1087;5
14661;11400;150;5;0;1;56;0;898;1087;5
14662;11410;1647.362609;5;0;1;56;1;1461;1091;5
14663;11150;20;5;0;1;56;0;898;1165;5
14664;10990;50;5;0;1;56;0;898;1165;5
14665;11410;1647.362609;5;0;1;56;1;1461;1091;5
14666;11410;1647.362609;5;0;1;56;1;1461;1091;5
14667;11410;1647.362609;5;0;1;56;1;1461;1091;5
14668;11490;15;5;0;1;56;0;898;1165;5
14669;11299;8;5;0;1;56;0;898;1087;5.6
14670;11490;10;5;0;1;56;0;898;1123;5
14671;11380;10;5;0;1;57;0;898;1087;5
14672;11380;10;5;0;1;57;0;898;1087;5
14673;11380;10;5;0;1;57;0;898;1087;5
14674;11380;10;5;0;1;57;0;898;1087;5
14675;11450;10;5;0;1;56;0;898;1198;5.2
14676;11400;150;5;0;1;56;0;898;1087;5
14677;11400;150;5;0;1;56;0;898;1087;5
14678;11400;150;5;0;1;56;0;898;1087;5
14679;11400;150;5;0;1;56;0;898;1087;5
14680;11480;50;5;0;1;56;1;898;1165;5
14681;11480;15;5;0;1;56;0;898;1087;5
14682;11486;7;5;0;1;55;0;898;1087;5
14683;11480;50;5;0;1;56;1;898;1165;5
14684;11470;1;5;0;1;56;0;898;1198;5
14685;11480;1;5;0;1;66;0;898;1165;5
14686;11464;10;5;0;1;56;0;1461;1119;5
14687;11462;1647.362609;5;0;1;66;0;898;1082;4
14688;11460;1647.362609;5;0;1;66;0;898;1084;5
14689;11460;1647.362609;5;0;1;55;1;899;1087;4.2
14690;11450;150;5;0;1;56;0;898;1087;5
14691;11450;10;5;0;1;56;0;898;1087;5
14692;11450;10;5;0;1;56;0;898;1087;5
14693;11450;10;5;0;1;56;0;898;1087;5
14694;11450;10;5;0;1;56;0;898;1198;5.2
14695;11450;10;5;0;1;56;0;898;1198;5.2
14696;11450;10;5;0;1;56;0;898;1198;5.2
14697;11450;10;5;0;1;56;0;898;1198;5.2
14698;11450;10;5;0;1;56;0;898;1198;5.2
14699;11400;150;5;0;1;56;0;898;1087;5
14700;11390;1647.362609;5;0;1;55;0;898;1055;5
14701;11390;1647.362609;5;0;1;56;0;898;1165;5
14702;11390;1647.362609;5;0;1;56;0;898;1165;5
14703;11390;1647.362609;5;0;1;56;1;898;1165;5
14704;11380;10;5;0;1;57;0;898;1087;5
14705;11371;1647.362609;5;0;1;56;0;898;1087;5
14706;11380;10;5;0;1;57;0;898;1087;5
14707;11380;10;5;0;1;57;0;898;1087;5
14708;11380;10;5;0;1;57;0;898;1087;5
14709;11350;1647.362609;5;0;1;55;0;898;1163;4.7
14710;11300;1;5;0;1;56;0;898;1165;5
14711;11299;10;5;0;1;56;0;898;1087;5
14712;11299;10;5;0;1;56;0;898;1087;5
14713;11299;10;5;0;1;56;0;898;1087;5
14714;11299;10;5;0;1;56;0;898;1087;5
14715;11299;10;5;0;1;56;0;898;1087;5
14716;11350;12000;5;0;1;66;0;898;1165;5.2
14717;11299;10;5;0;1;56;0;898;1087;5
14718;11299;10;5;0;1;56;0;898;1087;5
14719;11299;10;5;0;1;56;0;898;1087;5
14720;11299;10;5;0;1;56;0;898;1087;5
14721;11299;10;5;0;1;56;0;898;1087;5
14722;11299;10;5;0;1;56;0;898;1087;5
14723;11490;12;5;0;1;56;0;898;1123;5
14724;11299;10;5;0;1;56;0;898;1087;5
14725;11490;10;5;0;0;55;0;1197;1087;5
14726;11490;10;5;0;0;55;0;1197;1087;5
14727;11490;10;5;0;0;56;0;898;1090;5
14728;11490;50;5;0;1;56;0;898;1165;5
14729;11490;10;5;0;1;56;0;898;1090;5
14730;11490;10;5;0;1;56;0;898;1165;5
14731;11490;1;5;0;1;56;1;899;1087;5.2
14732;11490;10;5;0;1;56;0;898;1165;5
14733;11490;10;5;0;1;56;0;898;1165;5
14734;11490;10;5;0;1;56;0;898;1090;5
14735;11490;100;5;0;1;56;0;898;1165;5
14736;11490;10;5;0;1;56;0;898;1087;5
14737;11490;1647.362609;5;0;0;66;0;898;1165;5.2
14738;11410;1647.362609;5;0;0;56;1;1461;1091;5
14739;11410;1647.362609;5;0;0;56;1;1461;1091;5
14740;11400;1;5;0;0;66;0;1461;1119;5
14741;11400;1647.362609;5;0;0;55;0;1461;1234;4.2
14742;11400;5;5;0;0;55;0;1200;1165;5
14743;11400;5;5;0;0;55;0;1200;1165;5
14744;11400;150;5;0;1;56;0;898;1087;5
14745;11400;150;5;0;1;56;0;898;1087;5
14746;11400;150;5;0;1;56;0;898;1087;5
14747;11400;150;5;0;1;56;0;898;1087;5
14748;11400;150;5;0;1;56;0;898;1087;5
14749;11400;150;5;0;1;56;0;898;1087;5
14750;11400;150;5;0;1;56;0;898;1087;5
14751;11400;150;5;0;1;56;0;898;1087;5
14752;10990;1647.362609;5;0;0;56;0;898;1165;5
14753;10990;10;5;0;0;54;0;1149;1087;5.6
14754;11200;1;5;0;0;55;0;898;1165;5.1
14755;11220;1647.362609;5;0;0;55;0;899;1087;5
14756;11200;1647.362609;5;0;0;56;0;898;1165;5.2
14757;11222;1647.362609;5;0;0;55;1;899;1087;4.2
14758;10990;9;5;0;0;56;0;898;1090;5
14759;11200;10;5;0;1;56;0;898;1165;5.2
14760;11199;10;5;0;1;56;0;898;1087;5
14761;11199;4;5;0;1;55;1;898;1165;5
14762;11199;10;5;0;1;56;0;898;1087;5
14763;11190;10;5;0;1;56;0;898;1127;5
14764;11199;10;5;0;1;56;0;898;1087;5
14765;11190;1647.362609;5;0;0;56;0;898;1165;5
14766;11190;20;5;0;0;56;0;898;1165;5
14767;11180;9998;5;0;1;56;1;898;1165;5
14768;11170;10;5;0;1;56;1;898;1165;5
14769;11170;10;5;0;1;56;1;898;1165;5
14770;10990;9;5;0;1;56;0;898;1090;5
14771;11165;5;5;0;0;56;0;898;1165;5
14772;10990;10;5;0;0;55;0;1197;1087;5
14773;10990;10;5;0;0;55;0;1197;1087;5
14774;10990;10;5;0;0;55;0;1197;1087;5
14775;10990;1;5;0;0;55;0;898;1092;5
14776;10990;1;5;0;0;55;0;898;1092;5
14777;10990;1;5;0;0;55;0;898;1092;5
14778;10990;1;5;0;0;55;0;898;1092;5
14779;10990;1;5;0;0;55;0;898;1092;5
14780;10990;1;5;0;0;55;0;898;1092;5
14781;10990;1;5;0;0;55;0;898;1092;5
14782;10990;1;5;0;0;55;0;898;1092;5
14783;10990;1;5;0;0;55;0;898;1092;5
14784;11150;100;5;0;1;56;0;898;1087;5
14785;10990;1;5;0;1;55;0;898;1092;5
14786;10990;1;5;0;1;55;0;898;1092;5
14787;10990;1;5;0;1;55;0;898;1092;5
14788;10990;1;5;0;1;55;0;898;1092;5
14789;10990;1;5;0;1;55;0;898;1092;5
14790;10990;1;5;0;1;55;0;898;1092;5
14791;10990;1;5;0;1;55;0;898;1092;5
14792;10990;1647.362609;5;0;1;55;0;899;1087;4
14793;10990;38;5;0;1;56;0;898;1165;5.2
14794;10990;10;5;0;1;56;0;898;1090;5
14795;10990;10;5;0;1;56;0;898;1090;5
14796;10990;1647.362609;5;0;1;56;0;898;1165;5.2
14797;10990;10;5;0;1;57;0;898;1087;5
14798;10990;1647.362609;5;0;1;55;0;898;1165;5
14799;10990;13;5;0;1;55;0;898;1165;5
14800;11150;10;5;0;0;56;0;898;1092;5
14801;10990;1647.362609;5;0;0;56;0;898;1092;5
14802;10990;50;5;0;0;55;0;898;1090;5
14803;10990;10;5;0;1;56;0;898;1165;5
14804;10990;1647.362609;5;0;1;56;0;898;1198;5.2
14805;10990;20;5;0;0;56;1;898;1165;5
14806;10990;849;5;0;0;56;0;898;1087;5
14807;10990;4500;5;0;1;56;1;898;1087;4.7
14808;10985;15;5;0;2;56;0;898;1164;5
14809;10990;1647.362609;5;0;2;56;0;898;1165;5
14810;10985;95;5;0;2;56;0;898;1164;5
14811;10985;15;5;0;2;56;0;898;1164;5
14812;10985;15;5;0;2;56;0;898;1164;5
14813;10984;1647.362609;5;0;2;55;0;899;1087;4.2
14814;10980;6;5;0;1;56;0;898;1165;5
14815;10984;1647.362609;6;0;1;55;1;899;1087;4.2
14816;10980;20;5;0;1;56;0;898;1087;5
14817;10980;1;5;0;1;55;0;898;1087;5.6
14818;10980;20;5;0;1;56;0;898;1087;5
14819;10980;10;5;0;1;56;0;898;1165;5
14820;10970;10;5;0;1;54;1;1149;1052;5.6
14821;11150;10;5;0;1;56;0;898;1198;5.2
14822;11150;10;5;0;1;56;0;898;1198;5.2
14823;11100;1647.362609;5;0;1;56;0;898;1161;5.2
14824;11100;1;5;0;1;55;0;898;1092;5
14825;11111;50;5;0;1;56;0;898;1165;5
14826;11090;1647.362609;5;0;0;56;0;898;1165;5
14827;11100;1647.362609;5;0;0;55;0;1461;1119;5
14828;11050;1;5;0;0;66;0;898;1198;5
14829;11040;5;5;0;1;56;0;898;1165;5
14830;10999;10;5;0;1;56;0;898;1165;5
14831;10999;1;5;0;1;55;0;1461;1234;4.2
14832;10999;10;5;0;1;56;0;898;1165;5
14833;10999;3;5;0;1;55;1;898;1165;5
14834;10995;10;5;0;1;66;0;898;1165;5
14835;10999;5;5;0;1;55;0;899;1087;5
14836;11000;1;5;0;0;55;0;898;1165;5.1
14837;11290;100;5;0;1;56;0;898;1165;5
14838;10970;10;5;0;1;54;1;1149;1052;5.6
14839;11290;100;5;0;1;56;0;898;1165;5
14840;11290;100;5;0;1;56;0;898;1165;5
14841;11290;10;5;0;1;57;0;898;1087;5
14842;11290;5;5;0;1;56;1;898;1087;5
14843;11290;5;5;0;1;56;1;898;1087;5
14844;11290;5;5;0;1;56;1;898;1087;5
14845;11290;5;5;0;1;56;1;898;1087;5
14846;11290;50;5;0;1;56;0;898;1165;5
14847;11290;50;5;0;1;56;1;898;1165;5
14848;11290;32;5;0;1;54;0;1149;1052;5.6
14849;11290;10;5;0;1;66;0;898;1087;5
14850;11250;1647.362609;5;0;1;56;0;898;1092;5
14851;11250;5;5;0;0;56;0;898;1165;5
14852;10880;150;5;0;1;56;0;898;1087;5
14853;11270;1647.362609;5;0;1;55;0;898;1087;5
14854;11280;5;5;0;1;56;1;898;1165;5
14855;10880;150;5;0;1;56;0;898;1087;5
14856;11250;10;5;0;1;56;1;898;1276;5
14857;11222;1647.362609;5;0;1;55;1;899;1087;4.2
14858;10880;50;5;0;1;56;0;898;1263;5.1
14859;10880;10;5;0;1;55;0;898;1165;5
14860;10880;10;5;0;1;56;0;898;1165;5
14861;10860;99;5;0;1;56;1;898;1087;5
14862;10880;10;5;0;1;56;0;898;1165;5
14863;10880;10;5;0;1;56;0;898;1165;5
14864;10860;99;5;0;1;56;1;898;1087;5
14865;10880;10;5;0;1;56;0;898;1165;5
14866;10850;10;5;0;1;56;0;898;1165;5
14867;10850;10;5;0;1;56;0;898;1165;5
14868;10800;10;5;0;1;56;0;898;1165;5
14869;10800;5;5;0;1;56;0;898;1090;5
14870;10800;5;5;0;1;56;0;898;1090;5
14871;10800;5;5;0;1;56;0;898;1090;5
14872;10800;5;5;0;1;56;0;898;1090;5
14873;10800;5;5;0;1;56;0;898;1090;5
14874;10970;1;5;0;1;56;0;898;1165;5
14875;10946;1647.362609;5;0;1;55;1;899;1087;4.2
14876;10964;10;6;0;1;66;0;1461;1119;5
14877;10945;10;5;0;1;54;0;898;1165;5
14878;10945;10;5;0;1;54;0;898;1165;5
14879;10900;100;5;0;1;66;0;898;1165;5.2
14880;10900;1;5;0;1;56;0;898;1165;5.2
14881;10900;1647.362609;5;0;1;56;0;898;1245;5
14882;10890;1647.362609;5;0;1;66;0;898;1084;5
14883;10890;50;5;0;1;56;0;898;1165;5
14884;10900;1;5;0;1;56;0;898;1165;5.2
14885;10900;10;5;0;1;56;0;898;1165;5.2
14886;10890;1647.362609;5;0;1;55;0;898;1055;5
14887;10890;50;5;0;1;56;0;898;1165;5
14888;10880;150;5;0;1;56;0;898;1087;5
14889;10890;11;5;0;1;56;0;898;1127;5
14890;10880;150;5;0;1;56;0;898;1087;5
14891;13250;1647.362609;6;0;0;77;0;1998;1163;4.8
14892;16033;1647.362609;6;0;0;77;0;1998;1163;4.8
14893;16033;101;6;0;0;77;0;1998;1163;4.8
14894;16033;1647.362609;6;0;0;77;0;1998;1163;4.8
14895;16033;101;6;0;0;77;0;1998;1163;4.8
14896;13250;101;6;0;0;77;0;1998;1163;4.8
14897;13250;1647.362609;6;0;0;77;0;1998;1163;4.8
14898;13250;101;6;0;0;77;0;1998;1163;4.8
14899;10850;1647.362609;6;0;0;77;0;1598;1163;4.8
14900;14399;101;6;0;0;77;0;1598;1163;4.8
14901;14399;1647.362609;6;0;0;77;0;1598;1163;4.8
14902;13189;1647.362609;6;0;0;77;0;1598;1163;4.8
14903;14823;101;6;0;0;77;0;1598;1163;4.8
14904;14823;101;6;0;0;77;0;1598;1163;4.8
14905;14823;1647.362609;6;0;0;77;0;1598;1163;4.8
14906;14399;1647.362609;6;0;0;77;0;1598;1163;4.8
14907;14399;101;6;0;0;77;0;1598;1163;4.8
14908;14823;1647.362609;6;0;0;77;0;1598;1163;4.8
14909;13189;101;6;0;0;77;0;1598;1163;4.8
14910;13189;1647.362609;6;0;0;77;0;1598;1163;4.8
14911;13189;101;6;0;0;77;0;1598;1163;4.8
14912;12250;101;6;0;0;77;0;1598;1163;4.8
14913;12250;101;6;0;0;77;0;1598;1163;4.8
14914;12250;1647.362609;6;0;0;77;0;1598;1163;4.8
14915;12250;1647.362609;6;0;0;77;0;1598;1163;4.8
14916;11900;1647.362609;6;0;0;77;0;1598;1163;4.8
14917;11900;101;6;0;0;77;0;1598;1163;4.8
14918;12000;1647.362609;6;0;0;81;0;1600;1163;4.8
14919;11900;1647.362609;6;0;0;77;0;1598;1163;4.8
14920;11900;101;6;0;0;77;0;1598;1163;4.8
14921;10900;1647.362609;6;0;0;77;0;1598;1163;4.8
14922;10900;101;6;0;0;77;0;1598;1163;4.8
14923;10900;101;6;0;0;77;0;1598;1163;4.8
14924;10900;1647.362609;6;0;0;77;0;1598;1163;4.8
14925;17500;141000;6;3;1;118;0;1598;1734;4.6
14926;17950;99950;6;3;1;118;0;1598;1659;4.6
14927;17950;99950;6;3;1;118;0;1598;2353;4.7
14928;17990;109745;6;3;1;118;0;1598;1734;4.6
14929;22600;100000;6;3;1;118;0;1598;1734;4.7
14930;22500;84000;6;3;1;118;0;1598;1734;4.7
14931;22690;68021;6;3;1;119;0;1598;1734;4.7
14932;22500;32559;6;3;1;118;0;1598;1734;4.7
14933;22500;70000;6;2;1;118;0;1598;1734;4.7
14934;22990;76950;6;3;1;118;0;1598;1791;4.7
14935;23690;53447;6;2;1;118;0;1598;1734;4.7
14936;24900;19377;6;3;1;118;0;1598;2353;4.7
14937;24999;10613;6;1;1;118;0;1598;1734;4.6
14938;24999;10890;6;1;1;118;0;1598;1734;4.6
14939;24590;16163;6;2;1;118;0;1598;1734;4.7
14940;24999;18000;6;1;1;118;0;1598;1734;4.6
14941;25490;49606;6;2;2;147;0;1618;1734;6.8
14942;25490;49606;6;2;2;147;0;1618;1734;6.8
14943;24900;21790;6;3;1;118;0;1598;2353;4.7
14944;25490;49606;6;2;2;147;0;1618;1734;6.8
14945;26900;2748;6;1;1;118;0;1598;1734;4.7
14946;26895;50544;6;3;1;147;0;1618;1734;6.2
14947;26900;122518;6;3;1;118;0;1598;1734;4.7
14948;26900;18035.13007;6;1;1;118;0;1598;1734;4.7
14949;26890;7300;6;3;2;118;0;1598;1734;4.7
14950;25995;14478;6;1;1;118;0;1600;1685;5
14951;25990;34987;6;3;1;118;0;1598;1659;4.7
14952;25995;16247;6;1;1;118;0;1600;1685;5
14953;27790;22220;6;2;2;118;0;1598;1734;4.6
14954;27600;43000;6;3;1;118;0;1598;1659;4.6
14955;27590;26800;6;1;1;118;0;1598;1734;4.7
14956;27500;25836;6;3;1;118;0;1598;1635;4.6
14957;25990;15888;6;2;2;118;0;1598;1734;4.6
14958;25990;33500;7;3;1;147;0;1618;1684;6.2
14959;25990;45000;6;2;2;118;0;1598;1659;4
14960;25990;16613;6;2;2;118;0;1598;1734;4.7
14961;25990;64000;6;3;1;118;0;1598;1659;4.7
14962;25980;53000;7;3;1;147;0;1618;1684;5.3
14963;25950;55800;6;3;2;147;0;1618;1648;6.2
14964;25950;136863;6;3;2;118;0;1598;1635;4.6
14965;25900;41378;7;3;2;147;0;1618;1685;5
14966;25885;53745;6;3;2;118;1;1598;1734;4.7
14967;25750;28918;6;1;1;118;0;1598;1734;4.7
14968;25650;31221;6;2;2;118;0;1598;1734;4.7
14969;25500;47000;6;2;1;118;0;1598;1734;4.7
14970;25500;33837;6;3;2;118;0;1598;1734;4.7
14971;27500;31200;7;3;2;147;1;1618;1684;5.3
14972;25500;46000;6;2;1;118;0;1598;2471;4.7
14973;27500;24200;6;3;1;118;0;1598;1659;4.7
14974;27500;44000;7;2;1;147;0;1618;1684;5.3
14975;27490;35290;6;3;2;118;0;1598;1659;4.7
14976;27450;65373;6;3;2;118;0;1600;1635;4.6
14977;27400;57870;6;3;2;118;0;1598;1635;4.7
14978;27400;12000;6;2;1;118;0;1598;1734;4.7
14979;27199;18000;6;1;1;118;0;1598;1734;4.7
14980;27199;18000;6;1;1;118;0;1598;1734;4.7
14981;27090;36307;7;2;2;165;0;1798;1734;6.8
14982;27001;14651;6;1;1;118;0;1598;1685;4.7
14983;27289;47458;6;2;2;118;1;1598;1734;4.7
14984;27000;26000;6;2;2;118;0;1598;2353;4.7
14985;27000;41000;6;2;1;118;0;1598;1734;4.6
14986;26880;42000;6;3;2;117;0;1598;1734;4.7
14987;26800;332;7;1;1;165;0;1798;1734;6.8
14988;26700;58000;6;3;2;118;1;1598;1734;4.7
14989;26890;64895;6;3;2;118;0;1598;1734;4.7
14990;26890;10557;6;1;1;119;0;1598;1734;4.7
14991;26500;40000;6;3;3;118;0;1598;1734;4.7
14992;26490;41231;6;2;1;118;0;1598;1659;4.7
14993;26490;46752;6;3;3;118;0;1598;1634;4.6
14994;26300;26900;6;3;1;118;0;1598;1734;4.7
14995;26000;43000;6;3;2;118;0;1598;1659;4.7
14996;26500;48922;6;3;1;147;1;1618;1734;6.2
14997;26450;32853;6;1;1;118;0;1598;1734;4.6
14998;25999;34109;6;1;1;118;0;1598;1734;4.7
14999;25999;24433;6;2;1;118;0;1598;1659;4
15000;27000;47000;6;3;2;118;0;1598;1659;4.7
15001;27000;29220;6;3;1;118;0;1598;1659;4.7
15002;26995;40000;7;3;1;147;0;1618;1609;6.2
15003;26995;69530;6;3;1;118;0;1598;1635;4.6
15004;27000;46000;6;2;3;118;0;1598;1734;4.7
15005;26994;14478;6;1;1;118;0;1598;1734;4.7
15006;26990;4068;6;1;1;118;0;1598;1734;4.6
15007;26990;1923;6;1;1;118;0;1598;1734;4.6
15008;26990;5992;6;2;3;118;1;1598;1734;4.7
15009;26990;1935;6;1;1;118;0;1598;1734;4.6
15010;26990;5841;6;1;1;118;0;1598;1734;4.6
15011;26990;2751;6;1;1;118;0;1598;1734;4.6
15012;26970;19800;7;3;1;147;1;1618;1734;6.2
15013;25490;49606;6;2;2;147;0;1618;1734;6.8
15014;25490;49606;6;2;2;147;0;1618;1734;6.8
15015;25490;49606;6;2;2;147;0;1618;1734;6.8
15016;26950;19450;6;3;1;118;0;1598;1734;4.7
15017;25490;49606;6;2;2;147;0;1618;1734;6.8
15018;26990;16869;6;1;1;119;0;1598;1734;4.7
15019;26950;24700;7;3;1;147;0;1618;1615;6.2
15020;25490;49606;6;2;2;147;0;1618;1734;6.8
15021;25490;24053;6;1;1;118;0;1598;1685;5
15022;25490;20329;6;1;1;118;0;1598;1685;5
15023;25000;31000;6;2;2;118;0;1598;1659;4.7
15024;25211;32512;6;2;1;118;0;1598;1734;4.7
15025;25100;90000;6;3;1;118;0;1598;1659;4.7
15026;25490;17057;6;1;1;119;0;1598;1734;4.7
15027;25000;88000;6;3;1;118;0;1598;1734;4.6
15028;25300;49000;6;3;1;118;0;1598;1659;4.7
15029;25000;49785;6;2;1;118;0;1598;1659;4.6
15030;24999;5600;6;2;2;118;0;1598;1734;4.7
15031;26900;10000;6;3;1;118;0;1598;1734;4.7
15032;24900;16955;6;3;1;118;0;1598;2353;4.7
15033;25000;99000;6;3;1;118;0;1598;1734;4.5
15034;24900;86900;6;3;1;118;1;1598;1734;4.7
15035;24900;42700;6;2;1;118;0;1598;1734;4.7
15036;24899;112061;6;3;1;118;0;1598;1635;4.6
15037;24900;55290;6;3;1;118;0;1598;1659;4.7
15038;24900;34700;6;2;1;118;0;1598;1734;4.7
15039;24900;45908;6;2;1;118;0;1598;1659;4.7
15040;24850;98877;6;3;1;118;0;1598;1634;4.6
15041;24840;12182;6;2;1;118;0;1598;1734;4.7
15042;24790;48000;6;3;1;118;0;1598;1659;4.7
15043;24750;31620;6;1;1;118;0;1598;1734;4.6
15044;24790;15328;6;2;1;118;0;1598;1734;4.7
15045;24750;65000;6;3;1;118;0;1598;1734;4.6
15046;24600;35000;6;3;1;118;1;1598;1734;4.7
15047;24700;70139;6;2;1;118;0;1598;1734;4.7
15048;24700;58577;6;3;1;118;0;1598;1734;4.7
15049;24599;13350;6;1;1;118;0;1598;1734;4.6
15050;24999;16364;6;1;1;119;0;1598;1734;4.7
15051;24998;42710;6;3;1;118;0;1598;1734;4.7
15052;24990;47423;6;2;1;117;0;1598;1734;4.7
15053;24990;38002;6;3;1;118;0;1598;1734;4.6
15054;24990;105121;6;3;1;118;0;1598;1734;4.7
15055;24990;45000;6;2;1;118;0;1598;1734;4.6
15056;24990;45000;6;2;1;118;0;1598;1734;4.6
15057;24990;45000;6;2;1;118;0;1598;1734;4.6
15058;24990;48000;6;1;1;118;0;1598;1734;4.6
15059;24990;92887;6;2;1;118;0;1598;1659;4.7
15060;24950;73598;6;3;1;118;1;1598;1734;4.7
15061;24990;47499;6;3;1;118;1;1598;1734;4.7
15062;24950;84938;6;3;1;118;0;1598;1634;4.6
15063;24900;54549;6;2;1;118;0;1598;1734;4.6
15064;25490;66984;6;2;1;118;0;1598;1734;4.7
15065;25490;49606;6;2;2;147;0;1618;1734;6.8
15066;25490;49606;6;2;2;147;0;1618;1734;6.8
15067;25490;49606;6;2;2;147;0;1618;1734;6.8
15068;25490;49606;6;2;2;147;0;1618;1734;6.8
15069;25490;49606;6;2;2;147;0;1618;1734;6.8
15070;25490;49606;6;2;2;147;0;1618;1734;6.8
15071;25490;49606;6;2;2;147;0;1618;1734;6.8
15072;25490;49606;6;2;2;147;0;1618;1734;6.8
15073;25490;49606;6;2;2;147;0;1618;1734;6.8
15074;25490;49606;6;2;2;147;0;1618;1734;6.8
15075;25490;49606;6;2;2;147;0;1618;1734;6.8
15076;25490;49606;6;2;2;147;0;1618;1734;6.8
15077;25490;49606;6;2;2;147;0;1618;1734;6.8
15078;25490;49606;6;2;2;147;0;1618;1734;6.8
15079;25490;49606;6;2;2;147;0;1618;1734;6.8
15080;25490;49606;6;2;2;147;0;1618;1734;6.8
15081;25490;49606;6;2;2;147;0;1618;1734;6.8
15082;25490;49606;6;2;2;147;0;1618;1734;6.8
15083;25490;49606;6;2;2;147;0;1618;1734;6.8
15084;23599;16000;6;1;1;118;0;1598;1734;4.6
15085;23500;70000;7;3;2;147;0;1618;1615;6.2
15086;23500;59000;6;3;1;118;0;1598;1659;4.7
15087;23490;49616;6;3;1;118;0;1598;1734;4.6
15088;23490;60800;6;3;1;118;1;1598;1734;4.7
15089;23490;72118;6;3;2;118;0;1598;1734;4.7
15090;23490;50054;6;3;2;118;0;1598;1659;4.7
15091;23300;68632;6;3;1;118;1;1598;1734;4.7
15092;23299;13490;6;1;1;118;0;1598;1734;4.6
15093;23299;13185;6;1;1;118;0;1598;1734;4.6
15094;23290;38000;6;3;1;118;0;1598;1734;4.7
15095;23099;19510;6;1;1;118;0;1598;1734;4.6
15096;23000;63000;6;3;2;118;0;1598;1734;4.7
15097;23400;65000;7;2;1;147;1;1618;1684;5.3
15098;22995;60350;6;3;2;118;0;1598;1734;4.7
15099;22990;40321;6;3;1;118;0;1598;1734;4.7
15100;22990;108000;6;3;1;118;0;1598;1659;4.7
15101;22990;63440;6;3;1;118;1;1598;1734;4.7
15102;22990;82725;6;3;1;118;0;1598;1659;4.7
15103;22990;41147;6;3;2;118;1;1598;1734;4.7
15104;22990;56346;6;3;2;119;0;1598;1734;4.7
15105;22990;90663;6;3;2;118;0;1598;1734;4.6
15106;22990;47551;6;3;2;119;0;1598;1734;4.7
15107;22990;73300;6;3;2;119;0;1598;1734;4.7
15108;22980;41688;6;3;2;118;0;1598;1734;4.7
15109;22990;43426;6;3;2;118;0;1598;1734;4.7
15110;22910;57500;6;2;1;119;0;1598;1734;4.7
15111;22990;75951;6;3;2;119;0;1598;1734;4.7
15112;22990;22595;6;2;1;118;0;1598;1734;4.7
15113;22900;68000;7;3;1;147;0;1618;1609;6.2
15114;22900;34873;6;3;1;119;0;1598;1734;4.7
15115;22850;58751;6;3;1;118;1;1598;1734;4.7
15116;22790;27532;6;2;1;118;0;1598;1734;4.6
15117;24500;99292;6;3;1;118;0;1598;1659;4.7
15118;22990;47540;6;3;1;118;0;1598;1734;4.6
15119;24500;82000;6;3;1;118;0;1598;1659;4.7
15120;24500;40271;6;3;1;120;0;1596;1734;4.7
15121;24500;58078;6;3;1;118;0;1598;1734;4.6
15122;24499;16379;6;1;1;118;0;1598;1734;4.6
15123;24490;43747;6;3;1;118;0;1598;1734;4.7
15124;24490;33000;6;3;2;118;0;1598;1659;4.6
15125;24490;19939;6;2;1;118;0;1598;1734;4.7
15126;24490;18268;6;2;1;118;0;1598;1734;4.7
15127;24430;29311;7;3;2;147;0;1618;1609;6.2
15128;24430;20678;6;2;1;119;0;1598;1734;4.7
15129;24199;14470;6;1;1;118;0;1598;1734;4.6
15130;24400;11184;7;3;2;147;0;1618;2410;6.2
15131;23990;36682;6;2;1;119;0;1598;1621;6.2
15132;23990;52285;6;2;1;118;0;1598;1734;4.7
15133;24400;10208;7;3;2;147;0;1618;2410;6.2
15134;24299;19000;6;1;1;118;0;1598;1734;4.6
15135;24200;100;6;0;0;118;0;1598;1734;4.7
15136;23990;48600;6;2;1;118;0;1598;1734;4.7
15137;23990;47823;6;3;2;118;0;1598;1734;4.6
15138;23990;35632;6;3;1;118;0;1598;1734;4.7
15139;23990;27377;6;3;1;118;0;1598;1734;4.7
15140;23990;34773;7;3;1;147;0;1618;2410;6.2
15141;23990;29000;6;2;1;118;0;1598;1659;4.7
15142;23950;56000;6;3;1;118;0;1598;1659;4.6
15143;23950;56000;6;3;1;118;0;1598;1659;4.6
15144;23950;29991;6;2;1;118;0;1600;1734;4.7
15145;23900;67600;7;3;1;147;0;1618;1615;6.2
15146;23950;56000;6;3;1;118;0;1598;1659;4.6
15147;23900;75000;6;3;1;118;0;1598;1734;4.6
15148;23900;89639;6;3;1;117;0;1598;1734;4.7
15149;23900;110581;6;3;1;118;0;1598;1634;4.6
15150;23890;67388;6;3;1;147;1;1618;1734;6.2
15151;23890;48100;6;3;1;118;0;1598;1734;4.7
15152;23800;56340;6;2;1;118;0;1589;1685;5
15153;23800;69600;6;2;1;118;0;1589;1685;5
15154;22222;77700;6;3;1;118;0;1598;1734;4.6
15155;23800;30000;6;2;1;118;0;1598;1734;4.7
15156;22500;64200;6;3;1;118;0;1598;1734;4.7
15157;22390;52935;6;3;1;118;0;1598;1734;4.6
15158;21990;139628;6;3;1;118;0;1598;1659;4.6
15159;21990;97506;6;3;1;118;0;1598;1734;4.6
15160;21990;94600;6;3;1;118;1;1598;1734;4.7
15161;21990;98501;6;3;1;118;0;1598;1734;4.7
15162;21980;68900;6;3;1;117;0;1598;1734;4.7
15163;21950;79000;6;3;1;147;0;1618;1609;6.2
15164;21950;64000;6;3;1;118;0;1598;1659;4.6
15165;21990;66205;6;3;1;118;0;1598;1659;4.7
15166;21950;79000;6;3;1;147;0;1618;1609;6.2
15167;21950;79000;7;3;1;147;0;1618;2410;6.2
15168;21350;90550;6;3;1;118;0;1598;1734;4.6
15169;21950;64000;6;3;1;118;0;1598;2353;4.7
15170;21950;79000;6;3;1;147;0;1618;1609;6.2
15171;21400;106000;6;3;1;118;0;1598;1659;4
15172;21400;35000;6;3;1;118;0;1598;1734;4.6
15173;21950;64000;6;3;1;118;0;1598;1659;4.6
15174;21000;93768;6;3;1;118;0;1598;1659;4.7
15175;20999;49000;7;3;2;147;0;1618;1684;5.3
15176;20995;106000;6;3;2;115;0;1596;1734;4.7
15177;20990;42713;6;3;2;118;0;1598;1659;4.7
15178;20999;54000;6;3;2;118;0;1598;1734;4.6
15179;20990;69033;6;3;2;118;0;1598;1734;4.6
15180;20990;112500;6;3;1;118;1;1598;1734;4.7
15181;20990;92135;6;3;1;147;1;1618;1819;6.2
15182;20900;77931;6;2;1;118;0;1598;2471;4.7
15183;20900;99980;6;3;1;117;0;1598;1734;4.7
15184;20900;98000;6;3;1;118;0;1598;1734;4.7
15185;20900;89000;6;3;1;118;0;1598;1734;4.7
15186;21950;64000;6;3;1;118;0;1598;1659;4.6
15187;20900;66265;6;3;1;118;0;1598;1734;4.6
15188;20950;34772;6;2;1;118;0;1598;1734;4.7
15189;20900;66265;6;3;1;118;0;1598;1734;4.6
15190;21900;88000;6;3;1;118;0;1598;1734;4.7
15191;21900;62100;6;3;1;118;0;1598;1734;4.7
15192;21900;61352;6;3;1;118;0;1598;1734;4.7
15193;21900;32507;6;3;1;118;0;1598;1621;4.7
15194;21900;54349;6;2;1;117;0;2000;1734;4.7
15195;21890;98000;6;3;1;118;0;1598;1734;4.7
15196;21890;74490;6;3;1;147;1;1618;1734;5.3
15197;21800;80000;6;2;1;118;0;1598;1734;4.7
15198;21750;102000;6;3;1;118;0;1598;1734;4.6
15199;21600;78000;6;3;1;118;0;1598;1734;4.6
15200;21590;101000;6;3;1;118;0;1598;1734;4.7
15201;21500;133050;7;3;1;147;1;1618;1684;5.3
15202;21500;110247;6;2;1;118;0;1598;1734;4.7
15203;21490;29900;6;2;1;118;0;1598;1734;4.7
15204;21550;78058;6;3;1;118;1;1598;1734;4.7
15205;21450;71856;6;3;1;118;1;1598;1734;4.7
15206;20900;109000;6;3;1;118;0;1598;1734;4.7
15207;19999;55000;6;3;1;118;0;1598;1734;4.7
15208;19999;37500;6;3;1;118;0;1598;1734;4.6
15209;21450;72000;6;3;1;119;0;1598;1659;4.7
15210;19990;90000;6;3;1;118;0;1598;1734;4.6
15211;21400;144015;7;3;1;147;0;1600;1584;6.2
15212;19950;66000;6;3;1;118;0;1598;1659;4.6
15213;19950;98000;6;3;1;118;0;1598;1659;4.6
15214;19950;66000;6;3;1;118;0;1598;2353;4.7
15215;19950;66000;6;3;1;118;0;1598;1659;4.6
15216;19950;98000;6;3;1;118;0;1598;2353;4.7
15217;19950;98000;6;3;1;118;0;1598;1659;4.6
15218;19950;98000;6;3;1;118;0;1598;1659;4.6
15219;19900;85100;6;3;1;118;0;1600;1734;4.7
15220;19950;66000;6;3;1;118;0;1598;1659;4.6
15221;19900;99000;6;3;1;118;0;1598;1734;4.6
15222;19900;24536;6;3;1;118;0;1598;1734;4.7
15223;19850;126000;6;3;1;118;0;1598;1735;4.7
15224;19500;90000;6;3;1;118;0;1580;1734;4.7
15225;19500;95000;6;3;1;118;0;1598;1734;4.7
15226;19450;82000;6;2;1;118;0;1598;1659;4.6
15227;19450;82000;6;2;1;118;0;1598;2353;4.7
15228;20900;77931;6;2;1;118;0;1598;2471;4.7
15229;20745;125739;6;3;1;118;0;1598;1634;6.2
15230;20455;68570;6;3;1;118;0;1598;1659;4.6
15231;20455;68570;6;3;1;118;0;1598;1659;4.6
15232;20455;68570;6;3;1;118;0;1598;1659;4.6
15233;20455;68570;6;3;1;118;0;1598;1659;4.6
15234;20455;68570;6;3;1;118;0;1598;1659;4.6
15235;20455;68570;6;3;1;118;0;1598;1659;4.6
15236;20455;68570;6;3;1;118;0;1598;1659;4.6
15237;20455;68570;6;3;1;118;0;1598;1659;4.6
15238;20450;86000;6;3;1;118;0;1598;2353;4.7
15239;20455;68570;6;3;1;118;0;1598;1659;4.6
15240;20455;68570;6;3;1;118;0;1598;1659;4.6
15241;20455;68570;6;3;1;118;0;1598;1659;4.6
15242;20039;136701;6;3;1;118;0;1598;1734;4.7
15243;20000;116000;6;3;1;118;0;1598;1734;4.7
15244;19450;82000;6;2;1;118;0;1598;1659;4.6
15245;19250;141000;6;3;1;118;0;1598;1659;4.7
15246;19013;93258;6;3;1;118;0;1598;1736;4.7
15247;20400;66000;6;3;1;118;0;1598;1734;4.7
15248;20000;75000;6;2;1;118;0;1598;1659;4.6
15249;19450;82000;6;2;1;118;0;1598;1659;4.6
15250;18538;114300;6;3;1;118;0;1598;1736;4.7
15251;19013;93258;6;3;1;118;0;1598;1736;4.7
15252;18538;114300;6;3;1;118;0;1598;1736;4.7
15253;19000;57000;7;3;4;147;0;1618;1684;5.3
15254;19000;87397;6;3;1;118;0;1598;1659;4.6
15255;18500;151927;6;3;1;118;0;1598;1734;4.7
15256;18900;127246;6;3;1;118;0;1598;1734;4.7
15257;18790;87445;6;3;1;118;0;1598;1734;4.6
15258;17990;83425;6;3;1;118;0;1598;1734;4.6
15259;18500;78440;6;3;1;118;0;1598;1659;4.7
15260;18480;112300;6;3;1;147;0;1618;1734;6.2
15261;18440;91193;6;3;1;118;1;1598;1734;4.7
15262;18390;138200;6;3;1;118;1;1598;1734;4.7
15263;18390;138200;6;3;1;118;1;1598;1734;4.7
15264;17999;149750;6;3;1;118;1;1598;1734;4.7
15265;17950;99950;6;3;1;118;0;1598;1659;4.6
15266;17500;141000;6;3;1;118;0;1598;1734;4.6
15267;17499;90000;6;3;1;118;0;1598;1734;4.7
15268;17950;99950;6;3;1;118;0;1598;1659;4.6
15269;17480;113100;6;2;1;118;0;1598;1734;4.6
15270;17900;148000;6;3;2;118;0;1598;1734;4.7
15271;17900;72200;7;3;2;147;0;1618;1621;6.2
15272;17500;141000;6;3;2;118;0;1598;1734;4.6
15273;17500;118596;6;3;2;118;0;1598;1734;4.7
15274;14600;240000;6;2;1;118;0;1598;1659;4.6
15275;12990;180000;6;3;1;118;1;1997;1734;5.1
15276;16900;98000;6;3;1;118;0;1598;1734;4.7
15277;17400;110000;6;3;1;118;0;1598;2471;4.7
15278;17000;100000;6;3;1;118;0;1598;1734;4.7
15279;13500;152736;6;3;1;118;0;1598;1659;4.7
15280;12990;197414;6;3;1;118;0;1598;1734;4.7
15281;14900;141522;6;3;1;118;0;1598;1734;4.7
15282;28465;11;6;0;0;118;1;1598;1734;5.1
15283;28850;10000;6;1;1;96;0;1598;1734;4.5
15284;18000;92100;6;3;1;96;0;1598;1734;4.5
15285;27999;10;6;1;1;96;0;1598;1697;4.5
15286;28140;10;6;0;0;96;0;1598;1734;4.4
15287;28465;11;6;0;0;118;1;1598;1734;5.1
15288;16950;76000;6;3;1;96;0;1598;1615;4.4
15289;16950;75000;6;2;1;96;0;1598;1615;4.4
15290;17950;84000;6;3;1;96;0;1598;1622;4.4
15291;17950;84000;6;3;1;96;0;1598;2353;4.5
15292;17950;84000;6;3;1;96;0;1598;1622;4.4
15293;17950;84000;6;3;1;96;0;1598;1622;4.4
15294;29500;1647.362609;6;0;0;96;0;1598;1697;4.5
15295;47990;10;6;0;0;146;0;1997;1765;5.3
15296;46895;1647.362609;6;0;0;147;0;1997;2044;5.4
15297;43080;2000;6;0;0;165;1;1798;1734;7.4
15298;37290;1647.362609;6;0;0;146;0;1997;1804;5.4
15299;42681;14900;6;0;1;165;1;1798;1734;7.4
15300;32900;19600;6;3;1;118;0;1598;1734;4.7
15301;32900;18035.13007;6;1;1;118;0;1598;1734;4.7
15302;36590;5000;7;1;1;165;0;1798;1685;6.8
15303;31800;50;6;1;2;96;0;1598;1734;4.4
15304;31000;10;6;0;1;96;0;1598;1734;4.4
15305;30980;32000;7;2;1;147;0;1618;1659;6.2
15306;17900;58350;6;3;1;96;0;1598;1697;4.5
15307;17900;101817;6;3;1;96;0;1598;1540;4.5
15308;17750;95688;6;3;1;96;0;1598;1540;4.5
15309;17450;90405;6;3;1;96;0;1598;1615;4.4
15310;16990;78000;6;3;1;96;1;1598;1734;4.5
15311;15500;169068;6;3;1;96;0;1598;1615;4.4
15312;16950;76000;6;3;1;96;0;1598;1615;4.4
15313;13000;132673;6;3;1;96;0;1598;1615;4.4
15314;16900;39000;6;3;1;96;0;1598;1697;4.5
15315;16480;85500;6;3;1;96;0;1598;1734;4.4
15316;14999;101000;6;3;1;96;0;1598;1697;4.5
15317;12614;197323;6;3;1;96;1;1598;1734;4.4
15318;24900;72726;6;3;1;96;0;1598;1635;4.4
15319;24800;17700;6;1;1;96;0;1598;1540;4.5
15320;23990;29900;6;2;1;96;1;1598;1685;4.4
15321;24950;56262;6;3;1;96;0;1598;1515;4.4
15322;23900;26200;6;2;1;96;0;1598;1540;4
15323;24900;20000;6;1;1;96;0;1598;1540;4
15324;23750;48403;6;1;1;96;0;1598;1615;4.4
15325;22995;3532;6;3;1;96;0;1598;1615;4.5
15326;22300;74645;6;3;1;96;0;1598;1540;4.5
15327;22990;15564;6;2;1;96;0;1598;2353;4.4
15328;21995;75249;6;3;1;96;0;1598;1635;4.4
15329;21975;68436;6;3;1;118;1;1598;1734;4.7
15330;21800;89000;6;3;1;96;0;1598;1615;4.4
15331;21495;65000;6;3;1;96;0;1598;1734;4.7
15332;21900;34461;6;3;1;96;1;1598;1734;4.7
15333;21490;38156;6;3;1;96;0;1598;1615;4.4
15334;27990;16000;7;2;1;118;0;1598;1734;4.7
15335;27990;7000;6;2;1;118;0;1598;1734;4.7
15336;27990;38765;6;1;1;119;0;1598;1734;4.7
15337;27990;27987;6;2;1;149;0;1618;1734;4.7
15338;27990;34133;6;1;1;119;0;1598;1734;4.7
15339;27950;67158;6;2;1;118;0;1598;1635;4.6
15340;27950;54000;6;2;1;118;0;1598;1734;4.6
15341;27950;40000;7;2;2;118;0;1598;1734;4.7
15342;27900;153;6;2;2;118;0;1598;1734;4.7
15343;27900;41508;7;3;1;147;0;1618;1621;6.2
15344;27900;13002;6;2;2;118;0;1598;1734;4.6
15345;27900;19532;6;1;1;118;0;1598;1659;4.7
15346;27900;26450;6;3;2;118;0;1598;1734;4.7
15347;27850;32400;5;1;1;118;1;1600;1734;4.7
15348;27900;67470;6;3;1;118;0;1598;1778;4.7
15349;21000;46000;6;3;1;96;0;1598;1615;4.4
15350;27900;76591;6;2;2;118;0;1598;1635;4.6
15351;27888;112237;6;2;2;118;0;1598;1635;4.6
15352;27850;32400;5;1;1;118;0;1600;1734;4.7
15353;20990;48400;6;3;2;96;1;1598;1734;4.4
15354;20500;7455;6;3;2;96;0;1598;2353;4.5
15355;20900;49900;6;3;2;96;0;1598;1615;4.5
15356;20500;16995;6;3;2;96;0;1598;2353;4.5
15357;20500;6119;6;3;2;96;0;1598;2353;4.5
15358;19990;65700;6;3;2;96;0;1598;1615;4.4
15359;19900;75000;6;3;1;96;0;1598;1615;4.4
15360;19490;97261;6;3;1;96;0;1598;1540;4.7
15361;19500;71980;6;3;2;96;0;1598;1735;4
15362;19490;61000;6;3;2;96;0;1598;1540;4.5
15363;19450;38000;6;2;2;96;0;1598;1615;4.4
15364;18999;55000;6;3;1;96;0;1598;1685;5
15365;18999;81120;6;3;1;118;0;1600;1734;4.7
15366;18990;85159;6;3;1;96;0;1598;1540;4.7
15367;18950;85010;6;3;1;96;0;1598;1515;4.4
15368;18450;46126;6;3;1;96;1;1598;1615;4.4
15369;27890;21978;6;2;2;96;0;1598;1622;4.7
15370;18800;75000;6;3;1;96;0;1598;1615;4.4
15371;27440;25069;6;3;1;96;0;1598;1635;4.4
15372;26990;10400;6;2;1;96;0;1598;1734;4.5
15373;25990;28000;6;1;1;98;0;1598;1734;4.7
15374;25900;55600;6;3;1;118;1;1598;1734;4.7
15375;26450;10;6;0;1;96;0;1598;1734;4.4
15376;25980;10585;6;1;1;96;0;1598;1761;4.4
15377;25700;21850;6;2;1;118;0;1598;1734;4.7
15378;25499;20862;6;2;1;96;0;1598;1540;4.5
15379;25490;19422;6;1;1;98;0;1598;1734;4.7
15380;25200;56100;6;3;1;118;0;1598;1734;4.6
15381;24980;19083;6;2;1;98;0;1598;1734;4.7
15382;23900;35276;6;2;1;118;0;1598;1734;4.7
15383;16900;122000;6;3;1;118;0;1598;1734;4.7
15384;35000;19311;6;1;1;118;0;1598;1734;4.7
15385;32990;13550;6;1;1;165;0;1798;1685;6.8
15386;30500;19000;6;1;1;118;0;1598;1734;4.7
15387;30000;11000;6;1;1;118;0;1598;1734;4.7
15388;30000;57500;6;3;1;118;0;1598;1734;4.7
15389;56950;11;6;0;1;146;0;1997;1779;5.4
15390;29500;17900;6;1;1;118;0;1598;1734;4.7
15391;39990;11000;6;1;1;118;0;1598;1659;4.7
15392;38290;4500;6;1;1;118;0;1598;1734;4.7
15393;23000;50000;6;3;1;118;0;1598;1734;4.7
15394;22900;50200;6;3;2;147;0;1618;1734;6.2
15395;21000;80000;6;2;1;118;0;1598;1734;4.7
15396;23000;55000;6;3;1;118;0;1598;1734;4.7
15397;21000;80000;6;2;1;118;0;1598;1734;4.7
15398;28300;38000;6;2;1;118;0;1598;1734;4.7
15399;27990;6700;6;1;1;118;0;1598;1734;4.7
15400;27000;8500;6;2;1;118;0;1598;1734;4.7
15401;25000;49000;6;2;1;118;0;1598;1734;4.7
15402;26000;43700;6;3;1;118;0;1598;1734;4.7
15403;26000;50200;6;2;1;118;0;1598;1734;4.7
15404;25990;53896;6;3;1;118;1;1598;1734;4.7
15405;24900;91883;6;3;0;118;0;1598;1734;4.7
15406;20500;82572;6;3;1;118;0;1598;1734;4.7
15407;24200;65000;6;3;2;118;0;1598;1734;4.7
15408;19999;65000;6;2;1;118;0;1598;1734;4.7
15409;19900;130000;6;3;1;118;0;1598;1734;4.7
15410;20900;140000;6;3;1;118;0;1598;1734;4.7
15411;19900;88000;6;3;1;118;0;1598;1734;4.7
15412;19900;102765;7;3;1;118;0;1598;1734;4.7
15413;19800;130000;6;3;1;118;0;1598;1734;4.7
15414;19100;112000;6;3;1;118;0;1598;1734;4.7
15415;19000;95000;6;3;1;118;0;1598;1734;4.7
15416;18850;110000;6;3;1;118;0;1598;1734;4.7
15417;17500;120000;6;3;1;118;0;1598;1734;4.7
15418;17500;93000;6;3;1;118;0;1598;1734;4.7
15419;19000;85000;6;3;1;118;0;1598;1734;4.7
15420;17300;79000;6;3;1;118;0;1598;1734;4.7
15421;28500;20900;6;1;1;118;0;1598;1659;4.7
15422;28500;18000;6;1;1;118;0;1598;1659;4.7
15423;28500;26862;6;1;1;118;0;1598;1734;4.7
15424;29200;26059;6;2;1;118;0;1598;1734;4.7
15425;31360;10;6;0;1;118;1;1997;1615;5.6
15426;28500;27000;7;2;1;147;0;1618;1609;6.2
15427;30900;18035.13007;6;1;1;118;0;1600;1685;5
15428;29990;7809;6;1;1;118;0;1598;1734;4.6
15429;29990;40150;6;2;1;119;0;1598;1734;4.7
15430;29990;9332;6;1;1;118;0;1598;1734;4.6
15431;31890;1647.362609;7;0;1;165;0;1798;1685;7.4
15432;29990;17025;6;2;1;118;0;1598;1734;4.6
15433;31975;15;6;0;1;118;1;1997;1734;5.1
15434;33000;18035.13007;6;1;1;118;0;1598;1734;4.7
15435;32990;13495;6;1;1;118;0;1598;1734;4.6
15436;32990;16571;6;1;1;118;0;1598;1734;4.6
15437;33900;43;6;1;1;118;0;1598;1734;4.7
15438;32975;15;6;0;1;146;1;1997;1734;5.3
15439;33900;21000;7;2;1;147;1;1618;1684;5.3
15440;32975;15;6;0;1;118;1;1997;1734;5.1
15441;33800;10;6;0;1;165;0;1798;1734;7.4
15442;33750;62093;7;2;1;147;0;1618;1621;6.2
15443;33500;18035.13007;6;1;1;118;0;1598;1734;4.7
15444;33800;41736;7;2;1;147;0;1618;1621;6.2
15445;33500;24835;6;2;1;118;0;1600;1635;4.6
15446;33781;99;6;0;1;165;1;1798;1843;7.4
15447;33500;11000;7;2;1;165;0;1798;1685;6.8
15448;33500;1000;6;1;1;118;0;1598;1659;4.7
15449;33300;10;6;0;1;118;0;1598;1734;4.6
15450;33300;18035.13007;6;1;1;118;0;1598;1734;4.7
15451;33495;150;7;0;1;165;0;1798;1734;7.4
15452;33500;100;6;0;1;118;0;1598;1621;6.2
15453;33400;886;6;1;1;118;0;1598;1734;4.6
15454;33400;454;6;1;1;118;0;1598;1734;4.6
15455;33285;16840;6;2;2;165;0;1798;1734;6.8
15456;33070;10;6;0;1;165;1;1798;1708;7.4
15457;32990;5000;7;0;1;165;0;1798;1734;6.8
15458;32990;19000;6;1;1;118;0;1598;1734;4.6
15459;32990;25102;6;2;2;118;0;1598;1734;4.6
15460;32900;1;6;0;1;118;0;1598;1734;4.7
15461;32900;1;6;0;1;118;0;1598;1734;4.7
15462;33070;10;6;0;1;165;1;1798;1708;7.4
15463;32990;23548;6;2;2;165;0;1798;1734;6.8
15464;32900;1;6;0;1;118;0;1598;1734;4.7
15465;32900;15824;6;1;1;118;0;1598;1734;4.6
15466;32900;9712;7;1;1;165;0;1798;1685;6.8
15467;32975;15;6;0;1;146;1;1997;1734;5.3
15468;32950;9900;6;1;1;165;0;1798;1685;6.8
15469;32935;9350;6;1;1;118;0;1598;1734;4.7
15470;32975;15;6;0;1;146;1;1997;1734;5.3
15471;32930;1510;6;0;1;165;1;1798;1734;4.7
15472;32900;1;6;0;1;118;0;1598;1734;4.7
15473;32930;1510;6;0;1;165;1;1798;1734;4.7
15474;32900;1;6;2;2;118;0;1598;1734;4.7
15475;32900;1;6;0;1;118;0;1598;1734;4.7
15476;32900;16800;6;2;2;118;0;1598;1734;4.7
15477;32900;48901;6;2;2;118;0;1598;1735;4.7
15478;32750;18035.13007;6;1;1;118;0;1598;1734;4.7
15479;32750;10;7;0;1;165;0;1798;1633;7.4
15480;32750;10;7;0;1;165;0;1798;1633;7.4
15481;32750;42491;6;2;2;118;0;1600;1635;4.6
15482;32800;30000;6;1;1;118;0;1598;1685;5
15483;32700;10600;6;1;1;165;0;1798;1685;6.8
15484;32700;10;6;0;1;118;0;1997;1758;5.1
15485;32600;10;7;0;1;165;0;1798;1734;4.7
15486;32576;10100;6;1;1;118;0;1598;1734;4.6
15487;32570;10;6;0;1;118;1;1997;1734;5.6
15488;32576;10100;6;1;1;118;0;1598;1734;4.6
15489;32685;17153;7;1;1;165;0;1798;1685;6.8
15490;32550;1647.362609;6;0;1;118;0;1997;1659;5
15491;32570;10;6;0;1;118;1;1997;1734;5.6
15492;32900;1;6;0;1;118;0;1598;1734;4.7
15493;32310;16660;6;1;1;118;0;1598;1734;4.7
15494;32500;14000;6;2;2;118;0;1598;1635;4.7
15495;32500;1510;6;0;1;165;1;1798;1734;4.7
15496;32200;10;7;0;1;165;0;1798;1734;4.7
15497;32000;7000;6;1;1;118;0;1598;1735;4.7
15498;32500;19500;6;1;1;118;0;1598;1734;4.7
15499;32000;16615;6;2;2;118;0;1598;1734;4.7
15500;32498;18035.13007;6;1;1;118;0;1598;1734;4.7
15501;31990;9535;6;1;1;165;0;1798;1734;6.8
15502;31990;27678;6;1;1;119;0;1598;1734;4.7
15503;31990;26585;6;1;1;165;1;1798;1685;6.8
15504;31990;2748;6;1;1;118;0;1598;1734;4.7
15505;31980;23049;7;1;1;165;1;1798;1734;6.8
15506;31980;21377;6;1;1;119;0;1598;1734;4.7
15507;31990;11990;6;1;1;165;1;1798;1734;6.8
15508;31990;7959;6;1;1;119;0;1598;1734;4.7
15509;31975;15;6;0;1;118;1;1997;1734;5.1
15510;31890;1647.362609;7;0;1;165;0;1798;1685;7.4
15511;31850;22200;6;1;1;165;1;1798;1734;6.8
15512;31800;24650;7;1;1;165;1;1798;1734;6.8
15513;31780;11600;7;1;1;165;1;1798;1724;6.8
15514;31850;1;6;0;1;118;0;1997;1758;5.1
15515;31800;20;6;1;1;118;0;1598;1734;4.7
15516;31975;15;6;0;1;118;1;1997;1734;5.1
15517;31570;10;6;0;1;118;1;1997;1833;5.1
15518;31560;10;6;0;1;165;1;1798;1685;6.8
15519;31560;10;6;0;1;165;1;1798;1685;6.8
15520;31570;10;6;0;1;118;1;1997;1833;5.1
15521;31775;18853;6;2;1;165;0;1798;1734;4.7
15522;31600;1;6;1;1;118;0;1598;1734;4.7
15523;31650;31771;6;1;1;118;0;1598;1734;4.7
15524;31500;13000;6;1;1;118;0;1598;1659;4.7
15525;31500;18035.13007;6;1;1;118;0;1598;1734;4.7
15526;31490;39990;6;2;1;118;0;1598;1659;4.7
15527;29990;25000;6;2;1;119;0;1598;1734;4.7
15528;31490;39990;6;2;1;118;0;1600;1734;4.6
15529;29975;15;7;0;1;165;1;1798;1734;7.4
15530;29975;15;7;0;1;165;1;1798;1734;7.4
15531;31500;10100;6;1;1;118;0;1598;1734;4.6
15532;29975;19800;6;1;1;118;1;1598;1685;4.7
15533;29900;14600;7;1;1;165;0;1798;1685;6.8
15534;29950;31501;6;2;1;118;0;1598;1659;4.7
15535;29900;36147;6;2;1;118;0;1598;1734;4.7
15536;29900;11107;6;1;1;118;0;1598;1734;4.7
15537;29900;25317;6;1;1;118;0;1598;1734;4.7
15538;29900;17500;6;2;2;118;0;1598;1734;4.7
15539;29900;28000;6;1;1;118;0;1598;1734;4.6
15540;29799;9000;6;1;1;118;0;1598;1734;4.7
15541;29750;10;7;0;1;165;0;1798;1734;4.7
15542;30900;18035.13007;6;1;1;118;0;1600;1685;5
15543;30900;850;6;1;1;118;0;1598;1734;6.8
15544;29900;19946;6;1;1;165;1;1798;1734;6.8
15545;30880;14900;7;2;1;147;0;1618;1684;5.3
15546;29900;27942;6;1;1;165;1;1798;1734;6.8
15547;31975;15;6;0;1;146;1;1997;1734;5.3
15548;30480;10279;6;1;1;119;0;1598;1734;4.7
15549;31960;1510;6;0;1;165;1;1798;1734;4.7
15550;31950;44355;6;2;1;118;0;1598;1635;4.7
15551;31900;24000;7;1;1;165;1;1798;1685;6.8
15552;30590;23290;6;1;1;165;1;1798;1820;6.8
15553;30160;10;6;0;1;118;0;1598;1734;4.6
15554;30650;11700;6;2;1;118;0;1600;1734;4.7
15555;29999;8000;6;1;1;118;0;1598;1734;4.7
15556;29999;20880;6;2;1;118;0;1598;1659;4.7
15557;29990;21678;7;1;1;165;1;1798;1685;6.8
15558;29990;9293;6;1;1;119;0;1598;1734;4.7
15559;29990;21709;6;2;1;118;0;1598;1734;4.6
15560;29990;26000;6;2;1;118;1;1598;1734;4.7
15561;29990;28684;6;1;1;118;0;1598;1734;4.7
15562;29990;20495;6;1;1;165;1;1798;1685;6.8
15563;29990;27893;6;1;1;118;1;1598;1734;4.7
15564;31900;33949;6;1;1;118;0;1598;1659;4.7
15565;31900;18035.13007;6;1;1;118;0;1598;1659;4.7
15566;29990;39000;6;1;1;118;0;1598;1659;4.7
15567;31900;47;6;1;1;118;0;1598;1734;4.7
15568;31900;47;6;1;1;118;0;1598;1734;4.7
15569;31900;29728;6;1;1;118;0;1598;1659;4.7
15570;31900;22000;6;1;1;118;0;1598;1734;4.7
15571;31900;1;6;0;1;118;0;1598;1734;4.7
15572;31900;1;6;0;1;118;0;1598;1734;4.7
15573;31900;1;6;0;1;118;0;1598;1734;4.7
15574;31900;1;6;0;1;118;0;1598;1734;4.7
15575;31900;1;6;0;1;118;0;1598;1734;4.7
15576;31900;1;6;0;1;118;0;1598;1734;4.7
15577;31900;23825;7;1;1;165;0;1798;1610;6.8
15578;31900;21304;6;1;1;119;0;1598;1734;4.7
15579;31265;10;6;0;1;165;1;1798;1685;6.8
15580;31265;10;6;0;1;165;1;1798;1685;6.8
15581;31890;1647.362609;7;0;1;165;0;1798;1685;7.4
15582;31899;18099;7;1;1;165;1;1798;1734;6.2
15583;31360;10;6;0;1;118;1;1997;1615;5.6
15584;31200;12000;6;1;1;118;0;1598;1734;4.7
15585;31150;18035.13007;6;1;1;118;0;1598;1659;4.7
15586;31000;18035.13007;6;1;1;118;0;1598;1734;4.7
15587;30990;27150;6;1;1;165;1;1798;1734;6.8
15588;30990;24080;6;1;1;165;1;1798;1685;6.8
15589;30980;13534;7;1;1;165;0;1798;1685;6.8
15590;31000;18500;6;2;2;118;0;1598;1659;4.7
15591;30975;15;6;0;1;118;1;1997;1734;5.1
15592;31000;31000;6;1;1;118;0;1598;1734;4.7
15593;30975;15;7;0;1;165;1;1798;1734;7.4
15594;30975;15;7;0;1;165;1;1798;1734;7.4
15595;28990;29400;7;1;1;165;1;1798;1685;6.8
15596;28990;34175;6;1;1;119;0;1598;1734;4.7
15597;30965;11;7;0;1;165;1;1798;1734;7.4
15598;30965;11;7;0;1;165;1;1798;1734;7.4
15599;30950;1;6;0;1;118;0;1997;1758;5.1
15600;30950;27000;7;1;2;165;0;1798;1685;6.8
15601;30900;33000;6;1;1;118;0;1598;1659;4.7
15602;28990;24689;6;2;2;119;0;1598;1734;4.7
15603;28990;5992;6;2;2;118;0;1598;1734;4.7
15604;28975;78000;6;2;1;118;0;1598;1891;4.7
15605;28975;15;7;0;1;165;1;1798;1734;7.4
15606;28900;18800;6;2;1;118;0;1598;1734;4.7
15607;28990;27896;6;1;1;118;1;1598;1685;4.7
15608;28950;15200;6;2;1;118;0;1598;1702;4.7
15609;28940;31000;6;1;1;118;0;1598;1734;4.7
15610;28900;28976;6;2;1;147;0;1618;1684;6.2
15611;28890;50;6;0;1;118;1;1997;1833;5.1
15612;28900;40000;6;1;1;118;0;1598;1659;4.7
15613;28900;29500;6;2;1;118;0;1598;1734;4.7
15614;28890;500;6;0;1;118;1;1997;1833;5.1
15615;28890;50;6;0;1;118;1;1997;1833;5.1
15616;28650;1647.362609;6;0;1;118;0;1997;1833;5.1
15617;28599;16000;6;1;1;118;0;1598;1734;4.6
15618;29700;6900;7;1;1;165;0;1798;1685;6.8
15619;29700;1;6;0;1;118;0;1598;1734;4.7
15620;28500;22801;6;2;1;118;0;1598;1734;4.6
15621;29611;6250;7;1;1;165;1;1798;1685;6.8
15622;29500;16500;6;1;1;118;0;1598;1734;4.7
15623;29500;31686;6;2;1;118;0;1598;1734;4.7
15624;29500;5500;6;1;1;118;0;1598;1734;4.7
15625;29499;15000;6;1;1;118;0;1598;1734;4.7
15626;29499;19000;6;1;1;118;0;1598;1734;4.7
15627;29490;22100;7;1;2;165;0;1798;1685;6.8
15628;29385;21123;6;1;1;165;0;1798;1685;6.8
15629;29385;21123;6;1;1;165;1;1798;1685;6.8
15630;29385;32001;6;1;1;165;0;1798;1685;6.8
15631;29385;21123;6;1;1;165;1;1798;1685;6.8
15632;29385;21123;6;1;1;165;1;1798;1685;6.8
15633;29385;32001;6;1;1;165;1;1798;1685;6.8
15634;28490;18988;6;2;1;118;0;1598;1660;4.6
15635;29330;9350;7;1;1;165;0;1798;1685;6.8
15636;29385;21123;6;1;1;165;1;1798;1685;6.8
15637;28490;102001;6;2;1;118;0;1598;1635;4.6
15638;29300;56585;6;2;1;118;0;1598;1734;4.6
15639;28500;31000;6;2;1;118;0;1598;1734;4.7
15640;28465;10;6;0;1;118;1;1997;1615;5.6
15641;28465;10;6;0;1;118;1;1997;1615;5.6
15642;28000;21000;6;2;1;118;0;1598;1659;4.7
15643;28250;10950;6;1;1;118;0;1598;1685;5
15644;28490;51776;6;2;1;118;0;1598;1734;4.6
15645;28200;41300;6;2;1;118;0;1598;1734;4.7
15646;35690;8000;6;1;1;119;0;1598;1734;4.7
15647;36330;10;7;1;1;118;0;1598;1734;4.7
15648;36312;1647.362609;7;0;1;165;0;1798;1609;6
15649;36000;150;6;1;1;165;0;1798;1659;6.8
15650;34989;10290;7;1;1;165;1;1798;1685;6.8
15651;35146;1647.362609;6;0;1;118;0;1997;1659;5
15652;36400;131;6;1;1;118;0;1598;1809;4
15653;36950;24327;7;1;1;165;0;1798;1624;6.8
15654;34985;120;6;1;1;118;0;1598;1734;4.7
15655;35100;5250;6;1;1;118;0;1600;1734;6
15656;35580;99;6;0;1;165;1;1798;1843;7.4
15657;36975;15;6;0;1;146;1;1997;1734;5.3
15658;36950;20;7;1;1;165;1;1798;1708;7.4
15659;36900;9895;7;1;1;165;0;1798;1685;5
15660;36890;1647.362609;6;0;1;147;0;1997;1659;5
15661;37989;10767;7;1;1;118;1;1598;1734;4.7
15662;38700;10;6;0;1;165;0;1798;1685;6.8
15663;36900;1;6;0;1;118;0;1598;1659;4.7
15664;38690;100;6;1;1;165;0;1798;1734;6.8
15665;39290;0;6;0;0;118;0;1598;1734;4.7
15666;38880;5259;6;1;1;165;1;1798;1734;7.4
15667;39485;4490;6;0;1;147;0;1997;1734;5.7
15668;38875;15;6;0;1;146;1;1997;1734;5.3
15669;39280;14900;6;0;1;165;1;1798;1734;7.6
15670;39089;50;6;0;1;165;0;1798;1734;7.4
15671;38875;15;6;0;1;146;1;1997;1734;5.3
15672;38700;10;6;0;1;165;0;1798;1685;6.8
15673;39070;10;6;0;1;147;1;1997;1734;5.7
15674;39070;10;6;0;1;147;1;1997;1734;5.7
15675;38990;13625;6;1;1;118;0;1598;2471;4.7
15676;38990;190;7;1;1;165;0;1798;1633;7.4
15677;38990;20;6;1;1;118;1;1598;1734;4.7
15678;38990;15400;7;0;1;165;0;1798;1734;7.6
15679;38980;200;7;1;1;165;0;1618;1734;6.8
15680;38950;15000;6;0;1;147;0;1997;1734;5.3
15681;38900;3000;6;0;1;118;0;1598;1734;7.4
15682;38960;15101;6;1;1;118;0;1598;1659;4.7
15683;38890;16800;6;1;1;165;0;1598;1734;6.8
15684;38890;350;6;1;1;165;0;1798;1734;7.4
15685;38650;1200;6;0;1;168;0;1798;1734;4.7
15686;38888;15;7;1;1;165;1;1798;1685;6.8
15687;38290;10;7;1;1;165;0;1798;1708;7.4
15688;38580;17900;6;1;1;165;1;1798;1734;7.4
15689;38490;1;6;1;1;118;0;1598;1734;4.7
15690;38490;24459;7;1;1;165;0;1798;1624;6.8
15691;38080;1900;6;0;1;165;0;1798;1734;7.4
15692;38200;10020;6;1;1;118;0;1598;1659;4.7
15693;38200;1;6;0;1;118;0;1598;1734;4.7
15694;37990;190;7;0;1;165;0;1798;1633;7.4
15695;37990;190;7;0;1;165;0;1798;1633;7.4
15696;37990;12982;6;1;1;118;0;1598;1734;4.7
15697;37990;1;6;1;1;118;0;1598;1659;4.7
15698;38888;15851;6;1;1;165;1;1798;1685;6.8
15699;37900;100;6;0;1;118;1;1598;1734;4.7
15700;37875;15;6;0;1;146;1;1997;1734;5.3
15701;37870;100;7;0;1;165;0;1798;1734;7.4
15702;37900;14712;6;1;1;118;0;1598;1734;4.7
15703;37600;10;6;1;1;118;0;1598;1734;4.7
15704;37950;4584;7;0;1;165;0;1798;1708;7.4
15705;37550;2500;6;0;1;118;0;1997;1780;4.7
15706;37490;1150;6;1;1;165;0;1798;1685;6.8
15707;37475;15;7;0;1;165;1;1798;1734;7.4
15708;37450;62860;6;1;1;165;0;1798;1624;6.8
15709;37100;1;6;0;1;118;0;1598;1734;4.7
15710;37000;14400;7;1;1;118;0;1598;1734;4.7
15711;36990;13714;6;1;1;118;1;1598;1734;4.7
15712;36990;8000;6;0;1;119;0;1598;1734;4.7
15713;36781;14900;6;0;1;165;1;1798;1734;7.4
15714;36699;5000;6;1;1;118;0;1598;1734;4.6
15715;36590;11034;6;0;1;168;0;1798;1734;4.7
15716;36989;16900;7;1;1;165;0;1798;1685;6.8
15717;36500;31;6;0;1;118;0;1598;1734;4.7
15718;36490;9900;6;1;1;119;0;1598;1734;4.7
15719;36475;15;7;0;1;165;1;1798;1734;7.4
15720;36500;1647.362609;6;0;1;118;0;1598;1734;4.7
15721;36498;10;6;1;1;118;0;1598;1734;4.7
15722;36498;15;6;1;1;118;0;1598;1734;4.7
15723;36475;15;7;0;1;165;1;1798;1734;7.4
15724;36498;10;6;1;1;118;0;1598;1734;4.7
15725;36470;10;6;0;1;165;1;1798;1685;6.8
15726;36470;10;6;0;1;165;1;1798;1685;6.8
15727;35580;3500;6;1;1;165;1;1798;1734;6.8
15728;35540;10;6;0;1;118;0;1997;1797;5.1
15729;35500;9900;6;1;1;165;0;1598;1734;4.7
15730;35500;10;6;0;1;118;0;1598;1734;4.7
15731;35475;15;7;0;1;165;1;1798;1734;7.4
15732;35425;11;6;0;1;118;1;1997;1734;5.1
15733;35448;10;7;0;1;165;0;1798;1734;4.7
15734;35300;17761;6;1;1;118;1;1598;1734;4.7
15735;35300;2350;7;1;1;118;0;1600;1734;4.7
15736;34990;16600;6;1;1;118;0;1598;1734;4.7
15737;34990;12611;7;1;1;118;0;1598;1734;4.7
15738;34990;8990;6;1;1;119;0;1598;1734;4.7
15739;34990;18000;6;1;1;118;0;1598;1734;4.7
15740;34990;7900;6;1;1;165;0;1598;1734;4.7
15741;34990;2001;6;1;1;165;1;1798;1685;6.8
15742;34950;7800;6;1;1;165;0;1798;1734;6.8
15743;34980;11;6;0;1;118;1;1598;1734;4.7
15744;34975;15;7;0;1;165;1;1798;1734;7.4
15745;34975;15;6;0;1;146;1;1997;1734;5.3
15746;34975;15;7;0;1;165;1;1798;1734;7.4
15747;34900;18500;6;1;1;118;0;1598;1734;4.7
15748;34900;10;6;0;1;118;0;1598;1734;4.7
15749;34890;15042;6;1;1;118;1;1598;1734;4.7
15750;34798;18035.13007;6;1;1;165;0;1798;1880;6.8
15751;34750;18035.13007;6;1;1;118;0;1598;1734;4.7
15752;34750;5550;7;1;1;165;1;1798;1685;6.8
15753;34500;4300;6;1;1;118;0;1598;1659;4.7
15754;34495;17500;6;1;1;118;0;1598;1734;4.7
15755;34200;1;6;1;1;118;0;1598;1734;4.7
15756;34490;1;6;1;1;118;0;1598;1734;4.7
15757;34200;1;6;1;1;118;0;1598;1734;4.7
15758;34200;1;6;1;1;118;0;1598;1734;4.7
15759;34200;1;6;1;1;118;0;1598;1734;4.7
15760;35995;500;7;1;1;165;0;1798;1734;6.8
15761;35990;22987;6;1;1;165;0;1798;1734;6.8
15762;35990;16500;6;1;1;118;1;1598;1734;4.7
15763;35990;1000;7;0;2;165;0;1798;1734;6.8
15764;35990;14328;6;1;1;167;0;1798;1734;4.7
15765;35989;100;6;1;1;165;0;1618;1685;6.8
15766;35975;15;6;0;1;146;1;1997;1734;5.3
15767;35930;10;6;0;1;118;0;1598;1734;4.6
15768;35880;99;6;0;1;165;1;1798;1843;7.4
15769;35798;18035.13007;6;1;1;165;0;1798;1685;6.8
15770;35798;10;7;1;1;165;0;1798;1685;6.8
15771;35900;1647.362609;6;0;1;147;0;1997;1758;5.3
15772;35798;100;6;1;1;165;0;1798;1685;6.8
15773;35798;18035.13007;6;1;1;165;0;1798;1685;6.8
15774;35780;4000;6;0;1;165;1;1798;1843;7.4
15775;34200;1;6;1;1;118;0;1598;1734;4.7
15776;35750;13200;6;1;1;165;0;1798;1685;6.8
15777;34200;1;6;1;1;118;0;1598;1659;4.7
15778;34170;10;6;0;1;118;1;1997;1833;5.6
15779;34150;18035.13007;6;1;1;118;0;1598;1659;4.7
15780;34180;100;6;0;1;165;0;1798;1734;7.4
15781;34170;10;6;0;1;118;1;1997;1833;5.6
15782;34140;10;6;0;1;165;0;1598;1734;4.7
15783;34070;10;6;0;1;165;1;1798;1685;7.4
15784;34070;10;6;0;1;165;1;1798;1685;7.4
15785;34000;15000;6;1;1;118;0;1598;1809;4.7
15786;34000;15000;6;1;1;118;0;1598;1809;4.7
15787;33990;50;6;1;1;118;0;1598;1734;4.7
15788;33990;10803;6;1;1;118;0;1598;1734;4.6
15789;33975;15;7;0;1;165;1;1798;1734;7.4
15790;33990;1;6;1;1;118;0;1598;1734;4.7
15791;33975;15;6;0;1;146;1;1997;1734;5.3
15792;34200;1;6;1;1;118;0;1598;1734;4.7
15793;39675;250;7;0;1;165;0;1798;1734;7.4
15794;39700;10;6;0;1;147;0;1997;1758;5.3
15795;40970;10;6;0;1;165;1;1798;1708;7.4
15796;39550;1647.362609;6;0;1;147;0;1997;1758;5.3
15797;44580;14900;6;0;1;165;1;1798;1734;7.4
15798;44500;10;6;0;1;165;0;1798;1734;7.4
15799;44990;200;6;0;1;165;0;1798;1685;6.8
15800;47600;10227;6;0;1;165;0;1798;1633;7.6
15801;44500;9000;6;0;1;147;0;1598;1734;4.7
15802;43000;1000;6;0;1;147;0;1598;1621;6.2
15803;40999;1647.362609;6;0;1;165;1;1798;1685;6.8
15804;57990;5000;7;0;1;165;0;1798;1647;7.6
15805;58950;1136;6;0;1;165;0;1798;1624;6.8
15806;57800;1000;7;0;1;165;0;1798;1624;6.8
15807;55800;1000;7;0;1;165;0;1798;1624;6.8
15808;55285;12;7;0;1;165;0;1798;1624;6.8
15809;54982;11;6;0;1;165;0;1798;1647;7.6
15810;54500;2839;6;0;1;165;0;1798;1647;7.4
15811;54982;11;6;0;1;165;0;1798;1647;7.6
15812;54925;14178;7;0;1;165;0;1798;1647;7.6
15813;54205;1;6;0;1;147;0;1997;1708;5.3
15814;54204;11;6;0;1;146;0;1997;1779;5.4
15815;54120;200;7;0;1;165;1;1798;1939;7.4
15816;53935;1;7;0;1;165;0;1798;1708;7.4
15817;52990;1550;6;0;1;147;0;1997;1840;5.3
15818;50950;1647.362609;6;0;1;147;0;1997;1840;5.7
15819;50950;11;6;0;1;165;0;1798;1647;7.6
15820;50950;11;6;0;1;165;0;1798;1647;7.6
15821;52711;11;6;0;1;165;0;1798;1608;7.4
15822;51750;2503;7;0;1;165;0;1798;1647;7.6
15823;68320;4307;7;0;1;118;0;1598;1734;6.5
15824;52711;11;6;0;1;165;0;1798;1608;7.4
15825;64332;1;6;0;1;165;0;1798;1647;7.6
15826;50170;1647.362609;6;0;1;147;1;1997;1840;5.7
15827;49900;10720;6;0;1;165;0;1798;1624;6.8
15828;64298;15;6;0;1;165;0;1798;1647;7.6
15829;44170;99;6;0;1;147;1;1997;1734;5.7
15830;63477;8;7;0;1;147;0;1618;1621;4.7
15831;50750;1927;6;0;1;165;0;1800;1647;7.6
15832;47590;6000;6;0;1;147;0;1997;1840;5.3
15833;47580;2000;6;0;1;147;1;1997;1975;5.7
15834;47450;1647.362609;6;0;1;118;0;1598;1734;4.7
15835;46990;6500;6;0;1;147;0;1997;1840;5.7
15836;46760;1;6;0;1;118;0;1997;1708;5.1
15837;46990;3500;6;0;1;147;0;1997;1840;5.3
15838;46890;20;7;0;1;147;0;1997;1734;4.7
15839;46680;19900;6;0;1;147;1;1997;1734;5.3
15840;46890;20;6;0;1;147;0;1997;1734;4.7
15841;46666;1647.362609;6;0;1;147;1;1997;1840;5.7
15842;46660;11;6;0;1;118;0;1997;1733;5.1
15843;46490;1000;6;0;1;165;0;1798;1734;7.6
15844;45990;500;6;0;1;147;0;1997;1875;5.3
15845;46130;5;7;0;1;147;0;1997;1765;5.3
15846;45990;500;7;0;1;147;1;1997;1765;5.3
15847;45890;500;6;0;1;147;0;1997;1765;5.4
15848;45490;2000;6;0;1;147;0;1997;1659;5.3
15849;44999;50;6;0;1;147;0;1997;1734;5.3
15850;43950;100;6;0;0;147;0;1997;1840;5.3
15851;43911;1647.362609;6;0;0;147;0;1997;1659;5
15852;43899;4899;7;0;1;165;0;1798;1734;6.8
15853;43890;20;6;0;1;165;0;1798;1734;6.8
15854;43990;13;6;0;1;147;0;1997;1765;4.7
15855;43800;100;6;0;1;147;0;1997;1840;5.7
15856;43790;3990;7;0;1;165;0;1798;1685;6.8
15857;43545;10;6;0;0;150;0;1598;1734;4.7
15858;43490;4252;6;0;0;165;0;1798;1624;6.8
15859;43490;5;6;0;1;165;1;1798;1708;7.4
15860;43490;150;6;0;1;147;0;1997;1734;5.4
15861;43315;1647.362609;7;0;1;165;0;1798;1609;6
15862;43490;1001;6;0;1;147;0;1997;1840;5.3
15863;43080;100;6;0;1;118;1;1598;1734;4.7
15864;49490;3353;6;0;1;165;0;1798;1585;6.8
15865;49690;1647.362609;6;0;1;147;0;1997;1734;5.3
15866;49100;11;6;0;1;146;0;1997;1740;5.3
15867;48990;2860;7;0;1;165;0;1798;1685;6.8
15868;48990;5;6;0;1;147;0;1997;1734;5.7
15869;49390;2864;6;0;1;165;0;1798;1633;7.4
15870;48900;12;7;0;1;165;0;1798;1585;6.8
15871;43500;5;7;0;1;147;0;1997;1734;5.7
15872;48800;15;6;0;1;147;0;1997;1734;5.3
15873;48765;11;6;0;1;165;0;1798;1608;7.4
15874;48720;1506;6;0;1;147;0;1997;1734;5.7
15875;48490;5;6;0;1;147;1;1997;1734;5.3
15876;47990;1647.362609;7;0;1;165;0;1798;1685;6.8
15877;48498;3000;6;0;1;147;0;1997;1685;5.3
15878;47990;1647.362609;7;0;1;165;0;1798;1685;6.8
15879;40970;10;6;0;1;165;1;1798;1708;7.4
15880;47950;57;7;0;1;147;0;1997;1847;4.7
15881;42990;1647.362609;6;0;1;165;0;1798;1659;7.4
15882;47950;10;6;0;1;147;1;1997;2037;5.3
15883;42990;10;7;0;1;165;1;1798;1880;6.8
15884;42680;4000;7;0;1;165;0;1798;1685;6.8
15885;47990;1647.362609;7;0;1;165;0;1798;1685;6.8
15886;42560;4100;7;0;1;165;1;1798;1708;7.4
15887;42490;1647.362609;6;0;1;147;0;1997;1840;5.7
15888;42500;10;6;0;1;147;0;1997;1758;5.1
15889;41800;2;6;0;1;118;0;1598;1659;4.7
15890;42500;10;6;0;1;147;0;1997;1758;5.1
15891;41899;4899;6;0;1;118;0;1598;1734;4.7
15892;42490;16500;6;0;1;147;1;1997;1840;5.3
15893;41900;5000;6;0;1;118;1;1598;1734;4.7
15894;41790;10;7;0;1;165;1;1798;1685;6.8
15895;41400;10;6;0;1;118;0;1997;1758;5.1
15896;41395;5000;6;0;1;147;0;1997;1840;5.3
15897;41480;8500;6;0;1;165;1;1798;1843;7.4
15898;41400;10;6;0;1;118;0;1997;1758;5.1
15899;41043;1647.362609;6;0;1;147;0;1997;1685;5.3
15900;39990;10;6;0;1;168;0;1798;1734;4.7
15901;41390;50;6;0;1;118;0;1997;1833;5.3
15902;39990;500;6;0;1;165;0;1798;1760;6.8
15903;39990;10;6;0;1;118;0;1598;1734;7.4
15904;39990;50;7;0;1;165;0;1798;1708;7.4
15905;39990;10;6;0;1;167;0;1798;1734;4.7
15906;39990;3500;7;0;1;147;0;1997;1779;4.7
15907;39980;8500;7;0;1;165;0;1798;1734;6
15908;39980;100;6;0;1;118;0;1598;1734;4.7
15909;39950;1647.362609;6;0;1;147;0;1997;1758;5.3
15910;39950;1000;6;0;1;165;0;1798;1734;6.8
15911;39950;1647.362609;6;0;1;147;0;1997;1758;5.3
15912;39885;9900;7;0;1;165;0;1798;1708;7.4
15913;39875;15;6;0;1;146;1;1997;1734;5.3
15914;39700;10;6;0;1;147;0;1997;1758;5.3
15915;40999;1647.362609;6;0;1;165;1;1798;1685;6.8
